"","id","session","age","gender","statements","statement_type","responses","confidence"
"1",1,1,26,0,"Delphine schwimmen höchstens 54 Kilometer pro Stunde.",1,0,3
"2",1,1,26,0,"Der Ladogasee ist der größte See Europas.",0,1,6
"3",1,1,26,0,"Der Erfinder des Bikinis war ursprünglich Schuhdesigner.",0,0,2
"4",1,1,26,0,"Alexander Graham Bell erfand das Tragflügelboot.",0,0,4
"5",1,1,26,0,"Der griechische Gott Apollon ist der Schutzherr der Küste.",1,0,6
"6",1,1,26,0,"Eine Bienenkönigin legt durchschnittlich 500 Eier am Tag.",0,0,3
"7",1,1,26,0,"Das Jojo war ursprünglich eine philippinische Jagdwaffe.",1,1,2
"8",1,1,26,0,"Das Lieblingsgetränk von Benedikt XVI. ist Fanta.",1,1,3
"9",1,1,26,0,"French Fries' wurden in England erfunden.",1,1,3
"10",1,1,26,0,"Bolivien ist der kleinste Binnenstaat Südamerikas.",1,1,5
"11",1,1,26,0,"Der höchste nordamerikanische Berg liegt in Wyoming.",1,0,6
"12",1,1,26,0,"Die Insel Ösel gehört zu Dänemark.",1,1,4
"13",1,1,26,0,"Seoul bedeutet auf koreanisch 'Die Hauptstadt'.",0,0,5
"14",1,1,26,0,"Die Angst vor dem Küssen nennt man Philemaphobie.",1,1,3
"15",1,1,26,0,"Der Goliathfrosch kann sogar kleine Krokodile verspeisen.",0,0,3
"16",1,1,26,0,"Manama ist die Hauptstadt Bahrains.",1,1,6
"17",1,1,26,0,"Der Basenji ist der einzige Hund, der nicht bellt.",1,1,3
"18",1,1,26,0,"Für Descartes wies Schielen bei Frauen auf Frigidität hin.",0,0,2
"19",1,1,26,0,"Erdbeeren enthalten mehr Vitamin C als Orangen.",0,0,4
"20",1,1,26,0,"Magnesiummangel kann zu Hautproblemen führen.",0,1,4
"21",1,1,26,0,"Das Finn-Dingi ist ein Einmannboot beim Sportsegeln.",0,1,2
"22",1,1,26,0,"Die Norfolkinseln im Pazifik gehören zu Neuseeland.",1,1,3
"23",1,1,26,0,"Der Allradantrieb wurde 1938 in England erfunden.",0,0,3
"24",1,1,26,0,"Die Schwarzerle zählt zu den Buchengewächsen.",1,1,3
"25",1,1,26,0,"Der nicht sichtbare Teil des Eisbergs heißt Eisbergkiel.",1,0,5
"26",1,1,26,0,"In Uganda ist die Amtssprache englisch.",0,1,5
"27",1,1,26,0,"Der Mond passt vierzigmal in die Erdkugel.",1,1,4
"28",1,1,26,0,"Das Zwerghörnchen ist das kleinste Säugetier Europas.",0,0,2
"29",1,1,26,0,"Die Azoren gehören zu Spanien.",1,0,6
"30",1,1,26,0,"Einen kastrierten Esel nennt man auch Macker oder Knilch.",0,0,2
"31",1,1,26,0,"Tequila wird aus dem Herzen der roten Agave gewonnen.",0,1,4
"32",1,1,26,0,"Die Augen eines Straußes sind größer als sein Gehirn.",1,1,5
"33",1,1,26,0,"Sheryl Crow war Hürdenläuferin.",0,0,1
"34",1,1,26,0,"Patagonien ist ein Landschaftsabschnitt in Asien.",1,0,6
"35",1,1,26,0,"Winston Churchill erhielt den Nobelpreis für Literatur.",0,0,6
"36",1,1,26,0,"Die Slowakei gehört nicht zu den NATO-Staaten.",1,0,5
"37",1,1,26,0,"Lybien ist das einzige Land mit einer einfarbigen Flagge.",1,0,6
"38",1,1,26,0,"Die längsten Opern stammen von Gioacchino Rossini.",0,1,3
"39",1,1,26,0,"Nur Menschen und Affen besitzen einen Bauchnabel.",0,0,5
"40",1,1,26,0,"In den USA gibt es die meisten Milliardäre auf der Welt.",0,1,3
"41",1,1,26,0,"Wenn Nilpferde sich aufregen, färbt sich ihr Schweiß grün.",1,0,2
"42",1,1,26,0,"Unsere Atmosphäre enthält rund 0,00025 % Ozon.",1,1,4
"43",1,1,26,0,"Die kanadische Sängerin Celine Dion hat acht Geschwister.",0,0,2
"44",1,1,26,0,"Austern wechseln je nach Jahreszeit ihr Geschlecht.",1,1,6
"45",1,1,26,0,"Albany ist die Hauptstadt des US-Bundesstaates New Jersey.",0,0,6
"46",1,1,26,0,"Der Speisesaal eines Klosters wird Refektorium genannt.",0,1,2
"47",1,1,26,0,"Der Maler Marc Chagall wurde 1887 in Russland geboren.",1,1,6
"48",1,1,26,0,"Freddie Mercurys richtiger Name lautete Farrokh Bulsara.",1,1,6
"49",1,1,26,0,"Brad Pitt heißt eigentlich 'Henry Bradley Pitt'.",1,1,5
"50",1,1,26,0,"Morpheus ist der griechische Gott der Träume.",1,1,5
"51",1,1,26,0,"Es gibt 56 verschiedene Arten eine Krawatte zu binden.",1,1,3
"52",1,1,26,0,"Island ist geologisch das jüngste Inselland der Welt.",0,1,5
"53",1,1,26,0,"Bob Dylan arbeitet nebenberuflich als Winzer.",0,1,3
"54",1,1,26,0,"Auf indischen Rupienscheinen sind 12 verschiedene Schriften.",0,1,5
"55",1,1,26,0,"Schlangen sind taub, da kein Außenohr vorhanden ist.",1,1,4
"56",1,1,26,0,"Die erste elektronische Mail wurde im Jahr 1973 versendet.",0,0,4
"57",1,1,26,0,"Schären sind Talgletscher in Skandinavien.",0,0,2
"58",1,1,26,0,"Die Nachfolger Mohammeds bezeichnet man als Kalifen.",1,1,5
"59",1,1,26,0,"Die Küstenseeschwalbe fliegt jedes Jahr fast 40000 km.",0,1,4
"60",1,2,26,0,"Der Bereich zwischen den Augenbrauen heißt Glabella.",0,1,6
"61",1,2,26,0,"Tennis wurde in englischen Klöstern erfunden.",1,1,4
"62",1,2,26,0,"Ein Menschenfloh kann 20cm hoch springen.",0,1,4
"63",1,2,26,0,"Die Wüste Dahna liegt in Saudi-Arabien.",1,1,4
"64",1,2,26,0,"Tom Cruise ist Legastheniker.",0,0,2
"65",1,2,26,0,"Der Name 'Wowereit' heißt auf Litauisch Eichhörnchen.",1,0,3
"66",1,2,26,0,"Ein Schwan trägt ca. 50.000 Federn am Körper.",0,0,5
"67",1,2,26,0,"Die Erde wird in 340 Längenkreise unterteilt.",0,1,4
"68",1,2,26,0,"Jean-Jaques Rousseau war alleinerziehender Vater.",1,1,4
"69",1,2,26,0,"Goethe schrieb genau 64 Jahre lang an seinem 'Faust'.",1,0,5
"70",1,2,26,0,"Die Sektsteuer wurde von Friedrich Ebert eingeführt.",0,1,4
"71",1,2,26,0,"Ein Nilpferd wiegt bei seiner Geburt ca. 150kg.",1,1,4
"72",1,2,26,0,"Der Javagraben ist die tiefste Meerestiefe der Welt.",0,0,6
"73",1,2,26,0,"Robbie Williams heißt mit Zweitnamen 'Maximilian'.",0,1,2
"74",1,2,26,0,"Der Wassergehalt bei Beeren beträgt 90%.",1,1,4
"75",1,2,26,0,"Keime sterben auf Holz schneller ab als auf Plastik.",1,0,3
"76",1,2,26,0,"In Angola ist Spanisch die offizielle Amtssprache.",1,0,6
"77",1,2,26,0,"Das türkische Bad wurde in Griechenland erfunden.",0,1,5
"78",1,2,26,0,"Die Wüste Gobi ist eine Felswüste.",0,0,5
"79",1,2,26,0,"Balsaholz ist die schwerste aller Holzarten.",1,1,2
"80",1,2,26,0,"Kleinohrigel haben keine Stacheln.",1,0,2
"81",1,2,26,0,"Kokosnüsse haben einen höheren Fettanteil als Pistazien.",1,1,4
"82",1,2,26,0,"Weibliche Taranteln töten circa 99% ihrer Nachkommen.",1,1,5
"83",1,2,26,0,"Minerva ist die römische Göttin der Weisheit.",0,1,6
"84",1,2,26,0,"Spanholz besteht hauptsächlich aus Birkenholz.",1,1,4
"85",1,2,26,0,"Hernando Cortéz eroberte Mexiko.",1,1,6
"86",1,2,26,0,"Zuckerwatte wurde von einem Flugzeugpiloten erfunden.",1,0,1
"87",1,2,26,0,"Das Capybara ist das größte aller Beuteltiere.",0,0,1
"88",1,2,26,0,"Der Reißverschluss wurde in Norwegen erfunden.",1,1,5
"89",1,2,26,0,"Die Luftpumpe ist eine französische Erfindung.",0,1,4
"90",1,2,26,0,"Das meiste Gold wird derzeit in Südafrika gefördert.",0,1,5
"91",1,2,26,0,"Der Nacktmull ist das schmerzempfindlichste Tier der Welt.",0,1,4
"92",1,2,26,0,"Nicole Kidman hat panische Angst vor Schmetterlingen.",0,0,1
"93",1,2,26,0,"Ein neugeborenes Panda-Baby ist kleiner als eine Maus.",1,0,2
"94",1,2,26,0,"In USA wird kein Teletext ausgestrahlt.",1,0,2
"95",1,2,26,0,"Seepferdchen gehören zur Gattung der Fische.",0,0,4
"96",1,2,26,0,"Volleyball wurde in Florida erfunden.",0,1,3
"97",1,2,26,0,"Wladimir Putin wurde in Murmansk geboren.",1,0,6
"98",1,2,26,0,"Giséle Bündchen hat einen Zwillingsbruder.",0,0,6
"99",1,2,26,0,"Bei den italienischen Wahlen 2008 traten 62 Parteien an.",0,1,4
"100",1,2,26,0,"Ein Biber kann in einem Jahr über 200 Bäume fällen.",0,1,4
"101",1,2,26,0,"Die Insektenkunde wird auch Entomologie genannt.",0,1,4
"102",1,2,26,0,"Beim Rugby gibt es 30 Spieler.",1,1,3
"103",1,2,26,0,"Spanien ist ein Gründungsmitglied der UNO.",0,1,5
"104",1,2,26,0,"Die Tochter von Sydney Poitier heißt Sydney Poitier.",0,0,1
"105",1,2,26,0,"Frauen bekommen häufiger einen Schluckauf als Männer.",1,1,3
"106",1,2,26,0,"Das Domino-Spiel besteht aus 28 Steinen.",0,1,3
"107",1,2,26,0,"Die Ostgoten zählten zum Stamm der Normannen.",1,1,5
"108",1,2,26,0,"Blaue Augen werden im Alter immer heller.",1,1,5
"109",1,2,26,0,"Der mitteleuropäische Feldschwirl ist kein Zugvogel.",1,0,2
"110",1,2,26,0,"Der Film 'Pretty Woman' gewann keinen Oscar.",0,1,3
"111",1,2,26,0,"Alle Uhren im Film 'Pulp Fiction' stehen auf 4.10 Uhr.",0,1,2
"112",1,2,26,0,"Die Volksrepublik China wurde 1947 gegründet.",1,0,6
"113",1,2,26,0,"Frauen blinzeln fast doppelt so viel wie Männer.",0,0,4
"114",1,2,26,0,"Schweine können keinen Sonnenbrand bekommen.",0,1,4
"115",1,2,26,0,"Lachse können bis zu 20 Jahre alt werden.",1,1,4
"116",2,1,23,1,"Tequila wird aus dem Herzen der roten Agave gewonnen.",0,0,3
"117",2,1,23,1,"Winston Churchill erhielt den Nobelpreis für Literatur.",0,1,6
"118",2,1,23,1,"Der Basenji ist der einzige Hund, der nicht bellt.",1,1,2
"119",2,1,23,1,"Brad Pitt heißt eigentlich 'Henry Bradley Pitt'.",1,1,4
"120",2,1,23,1,"Der griechische Gott Apollon ist der Schutzherr der Küste.",1,0,4
"121",2,1,23,1,"Manama ist die Hauptstadt Bahrains.",1,0,2
"122",2,1,23,1,"In den USA gibt es die meisten Milliardäre auf der Welt.",0,0,3
"123",2,1,23,1,"Nur Menschen und Affen besitzen einen Bauchnabel.",0,0,1
"124",2,1,23,1,"Der Schwertwal gehört zur Gattung der Delfine.",0,0,3
"125",2,1,23,1,"Die Angst vor dem Küssen nennt man Philemaphobie.",1,1,3
"126",2,1,23,1,"Das Finn-Dingi ist ein Einmannboot beim Sportsegeln.",0,1,4
"127",2,1,23,1,"Das Zwerghörnchen ist das kleinste Säugetier Europas.",0,1,2
"128",2,1,23,1,"Der Goliathfrosch kann sogar kleine Krokodile verspeisen.",0,1,5
"129",2,1,23,1,"Bob Dylan arbeitet nebenberuflich als Winzer.",0,0,2
"130",2,1,23,1,"Island ist geologisch das jüngste Inselland der Welt.",0,1,1
"131",2,1,23,1,"Bolivien ist der kleinste Binnenstaat Südamerikas.",1,0,4
"132",2,1,23,1,"Es gibt 56 verschiedene Arten eine Krawatte zu binden.",1,1,5
"133",2,2,23,1,"Robbie Williams heißt mit Zweitnamen 'Maximilian'.",1,1,2
"134",2,2,23,1,"Die Tochter von Sydney Poitier heißt Sydney Poitier.",1,1,1
"135",2,2,23,1,"Die Luftpumpe ist eine französische Erfindung.",1,1,2
"136",2,2,23,1,"Giséle Bündchen hat einen Zwillingsbruder.",1,1,1
"137",2,2,23,1,"Frauen bekommen häufiger einen Schluckauf als Männer.",0,1,2
"138",2,2,23,1,"Die Erde wird in 340 Längenkreise unterteilt.",1,0,2
"139",2,2,23,1,"Spanien ist ein Gründungsmitglied der UNO.",1,1,1
"140",2,2,23,1,"Jean-Jaques Rousseau war alleinerziehender Vater.",0,0,2
"141",2,2,23,1,"Ein Menschenfloh kann 20cm hoch springen.",1,1,1
"142",2,2,23,1,"Frauen blinzeln fast doppelt so viel wie Männer.",1,1,2
"143",2,2,23,1,"Kleinohrigel haben keine Stacheln.",0,1,1
"144",2,2,23,1,"Weibliche Taranteln töten circa 99% ihrer Nachkommen.",0,1,3
"145",2,2,23,1,"Balsaholz ist die schwerste aller Holzarten.",0,0,2
"146",2,2,23,1,"Ein Schwan trägt ca. 50.000 Federn am Körper.",1,1,3
"147",2,2,23,1,"Das Capybara ist das größte aller Beuteltiere.",1,1,1
"148",2,2,23,1,"Der Bereich zwischen den Augenbrauen heißt Glabella.",1,1,2
"149",2,2,23,1,"Tennis wurde in englischen Klöstern erfunden.",0,1,2
"150",2,2,23,1,"Beim Rugby gibt es 30 Spieler.",0,0,1
"151",2,2,23,1,"In Angola ist Spanisch die offizielle Amtssprache.",0,0,2
"152",2,2,23,1,"Wladimir Putin wurde in Murmansk geboren.",0,1,1
"153",2,2,23,1,"Die Sektsteuer wurde von Friedrich Ebert eingeführt.",1,1,3
"154",2,2,23,1,"Ein Biber kann in einem Jahr über 200 Bäume fällen.",1,1,2
"155",2,2,23,1,"Lachse können bis zu 20 Jahre alt werden.",0,0,2
"156",2,2,23,1,"Alle Uhren im Film 'Pulp Fiction' stehen auf 4.10 Uhr.",1,1,3
"157",2,2,23,1,"Sumatra ist die viertgrößte Insel der Welt.",1,0,2
"158",2,2,23,1,"Der Reißverschluss wurde in Norwegen erfunden.",0,1,1
"159",2,2,23,1,"Minerva ist die römische Göttin der Weisheit.",1,1,3
"160",2,2,23,1,"Hernando Cortéz eroberte Mexiko.",0,0,2
"161",2,2,23,1,"Ein Nilpferd wiegt bei seiner Geburt ca. 150kg.",0,1,2
"162",2,2,23,1,"Der Name 'Wowereit' heißt auf Litauisch Eichhörnchen.",0,0,1
"163",2,1,23,1,"Die erste elektronische Mail wurde im Jahr 1973 versendet.",0,1,3
"164",2,1,23,1,"Magnesiummangel kann zu Hautproblemen führen.",0,1,3
"165",2,1,23,1,"Sheryl Crow war Hürdenläuferin.",0,1,1
"166",2,1,23,1,"Patagonien ist ein Landschaftsabschnitt in Asien.",1,0,3
"167",2,1,23,1,"Für Descartes wies Schielen bei Frauen auf Frigidität hin.",0,1,3
"168",2,1,23,1,"Die Augen eines Straußes sind größer als sein Gehirn.",1,1,4
"169",2,1,23,1,"Delphine schwimmen höchstens 54 Kilometer pro Stunde.",1,0,2
"170",2,2,23,1,"Nauru ist die kleinste souveräne Republik der Erde.",0,1,1
"171",2,2,23,1,"Sambia hieß früher Nordrhodesien.",0,0,2
"172",2,2,23,1,"Spanholz besteht hauptsächlich aus Birkenholz.",0,1,3
"173",2,2,23,1,"Die Insektenkunde wird auch Entomologie genannt.",1,1,1
"174",2,2,23,1,"Die Wüste Gobi ist eine Felswüste.",1,1,2
"175",2,2,23,1,"Die Volksrepublik China wurde 1947 gegründet.",0,0,1
"176",2,2,23,1,"Ein menschliches Haar wächst jährlich ca. 85 mm.",0,0,3
"177",2,2,23,1,"Ein neugeborenes Panda-Baby ist kleiner als eine Maus.",0,0,1
"178",2,2,23,1,"Das türkische Bad wurde in Griechenland erfunden.",1,1,2
"179",2,2,23,1,"Volleyball wurde in Florida erfunden.",1,1,1
"180",2,2,23,1,"Der mitteleuropäische Feldschwirl ist kein Zugvogel.",0,0,2
"181",2,2,23,1,"Zuckerwatte wurde von einem Flugzeugpiloten erfunden.",0,1,1
"182",2,2,23,1,"Der Film 'Pretty Woman' gewann keinen Oscar.",1,0,2
"183",2,1,23,1,"Der Allradantrieb wurde 1938 in England erfunden.",0,1,1
"184",2,1,23,1,"Die Küstenseeschwalbe fliegt jedes Jahr fast 40000 km.",0,1,1
"185",2,1,23,1,"Der Mond passt vierzigmal in die Erdkugel.",1,0,2
"186",2,1,23,1,"In Uganda ist die Amtssprache englisch.",0,1,3
"187",2,1,23,1,"Der Ladogasee ist der größte See Europas.",0,0,1
"188",2,1,23,1,"Der Erfinder des Bikinis war ursprünglich Schuhdesigner.",0,1,3
"189",2,1,23,1,"Die Insel Ösel gehört zu Dänemark.",1,1,1
"190",2,1,23,1,"Die Schwarzerle zählt zu den Buchengewächsen.",1,1,3
"191",2,1,23,1,"Die kanadische Sängerin Celine Dion hat acht Geschwister.",0,0,1
"192",2,1,23,1,"Die Nachfolger Mohammeds bezeichnet man als Kalifen.",1,1,6
"193",2,1,23,1,"Der nicht sichtbare Teil des Eisbergs heißt Eisbergkiel.",1,1,5
"194",2,1,23,1,"Auf indischen Rupienscheinen sind 12 verschiedene Schriften.",0,1,2
"195",2,1,23,1,"Der Speisesaal eines Klosters wird Refektorium genannt.",0,0,2
"196",2,1,23,1,"Das Lieblingsgetränk von Benedikt XVI. ist Fanta.",1,1,3
"197",2,1,23,1,"Erdbeeren enthalten mehr Vitamin C als Orangen.",0,0,2
"198",2,1,23,1,"Wenn Nilpferde sich aufregen, färbt sich ihr Schweiß grün.",1,1,3
"199",2,1,23,1,"Lybien ist das einzige Land mit einer einfarbigen Flagge.",1,1,3
"200",2,1,23,1,"Der Maler Marc Chagall wurde 1887 in Russland geboren.",1,1,2
"201",2,1,23,1,"Schlangen sind taub, da kein Außenohr vorhanden ist.",1,0,3
"202",2,1,23,1,"Einen kastrierten Esel nennt man auch Macker oder Knilch.",0,0,1
"203",2,1,23,1,"Die Azoren gehören zu Spanien.",1,1,2
"204",2,1,23,1,"Die längsten Opern stammen von Gioacchino Rossini.",0,1,2
"205",2,1,23,1,"Morpheus ist der griechische Gott der Träume.",1,1,4
"206",2,1,23,1,"Unsere Atmosphäre enthält rund 0,00025 % Ozon.",1,1,2
"207",2,1,23,1,"French Fries' wurden in England erfunden.",1,1,4
"208",2,1,23,1,"Seoul bedeutet auf koreanisch 'Die Hauptstadt'.",0,0,1
"209",2,1,23,1,"Die Norfolkinseln im Pazifik gehören zu Neuseeland.",1,1,4
"210",2,1,23,1,"Schären sind Talgletscher in Skandinavien.",0,1,2
"211",2,1,23,1,"Eine Bienenkönigin legt durchschnittlich 500 Eier am Tag.",0,1,3
"212",2,1,23,1,"Albany ist die Hauptstadt des US-Bundesstaates New Jersey.",0,0,2
"213",2,1,23,1,"Das Jojo war ursprünglich eine philippinische Jagdwaffe.",1,1,3
"214",2,1,23,1,"Der höchste nordamerikanische Berg liegt in Wyoming.",1,1,2
"215",2,1,23,1,"Die Slowakei gehört nicht zu den NATO-Staaten.",1,1,4
"216",2,2,23,1,"Goethe schrieb genau 64 Jahre lang an seinem 'Faust'.",0,0,3
"217",2,2,23,1,"Tom Cruise ist Legastheniker.",1,1,2
"218",2,2,23,1,"Der Nacktmull ist das schmerzempfindlichste Tier der Welt.",1,1,2
"219",2,2,23,1,"Das meiste Gold wird derzeit in Südafrika gefördert.",1,1,2
"220",2,2,23,1,"Der Wassergehalt bei Beeren beträgt 90%.",0,1,3
"221",2,2,23,1,"Keime sterben auf Holz schneller ab als auf Plastik.",0,0,3
"222",2,2,23,1,"Nicole Kidman hat panische Angst vor Schmetterlingen.",1,1,2
"223",2,1,23,1,"Austern wechseln je nach Jahreszeit ihr Geschlecht.",1,1,4
"224",2,1,23,1,"Alexander Graham Bell erfand das Tragflügelboot.",0,0,3
"225",2,1,23,1,"Freddie Mercurys richtiger Name lautete Farrokh Bulsara.",1,0,2
"226",2,2,23,1,"Blaue Augen werden im Alter immer heller.",0,1,2
"227",2,2,23,1,"Die Wüste Dahna liegt in Saudi-Arabien.",0,1,1
"228",2,2,23,1,"Das Domino-Spiel besteht aus 28 Steinen.",1,0,3
"229",2,2,23,1,"Seepferdchen gehören zur Gattung der Fische.",1,1,1
"230",2,2,23,1,"Bei den italienischen Wahlen 2008 traten 62 Parteien an.",1,0,2
"231",2,2,23,1,"In USA wird kein Teletext ausgestrahlt.",0,0,1
"232",2,2,23,1,"Schweine können keinen Sonnenbrand bekommen.",1,0,1
"233",2,2,23,1,"Die Ostgoten zählten zum Stamm der Normannen.",0,1,2
"234",2,2,23,1,"Der Javagraben ist die tiefste Meerestiefe der Welt.",1,1,1
"235",2,2,23,1,"Kokosnüsse haben einen höheren Fettanteil als Pistazien.",0,1,3
"236",4,1,19,0,"Keime sterben auf Holz schneller ab als auf Plastik.",0,0,1
"237",4,1,19,0,"Austern wechseln je nach Jahreszeit ihr Geschlecht.",1,1,6
"238",4,1,19,0,"Die Angst vor dem Küssen nennt man Philemaphobie.",1,1,6
"239",4,1,19,0,"Kokosnüsse haben einen höheren Fettanteil als Pistazien.",0,0,3
"240",4,1,19,0,"Blaue Augen werden im Alter immer heller.",0,0,1
"241",4,1,19,0,"Die Ostgoten zählten zum Stamm der Normannen.",0,1,2
"242",4,1,19,0,"Die Slowakei gehört nicht zu den NATO-Staaten.",1,0,2
"243",4,1,19,0,"Die Augen eines Straußes sind größer als sein Gehirn.",1,1,6
"244",4,1,19,0,"Sambia hieß früher Nordrhodesien.",0,0,3
"245",4,1,19,0,"Die Nachfolger Mohammeds bezeichnet man als Kalifen.",1,1,6
"246",4,1,19,0,"Ein menschliches Haar wächst jährlich ca. 85 mm.",0,0,3
"247",4,1,19,0,"Nauru ist die kleinste souveräne Republik der Erde.",0,1,2
"248",4,1,19,0,"Hernando Cortéz eroberte Mexiko.",0,0,2
"249",4,1,19,0,"Die Wüste Dahna liegt in Saudi-Arabien.",0,1,4
"250",4,1,19,0,"Lachse können bis zu 20 Jahre alt werden.",0,1,5
"251",4,1,19,0,"Unsere Atmosphäre enthält rund 0,00025 % Ozon.",1,1,6
"252",4,1,19,0,"Ein neugeborenes Panda-Baby ist kleiner als eine Maus.",0,1,3
"253",4,1,19,0,"Brad Pitt heißt eigentlich 'Henry Bradley Pitt'.",1,1,6
"254",4,1,19,0,"French Fries' wurden in England erfunden.",1,1,4
"255",4,1,19,0,"Morpheus ist der griechische Gott der Träume.",1,1,6
"256",4,1,19,0,"Spanholz besteht hauptsächlich aus Birkenholz.",0,0,4
"257",4,1,19,0,"Die Schwarzerle zählt zu den Buchengewächsen.",1,1,5
"258",4,1,19,0,"Die Volksrepublik China wurde 1947 gegründet.",0,0,3
"259",4,1,19,0,"Der höchste nordamerikanische Berg liegt in Wyoming.",1,1,5
"260",4,1,19,0,"Goethe schrieb genau 64 Jahre lang an seinem 'Faust'.",0,0,4
"261",4,1,19,0,"Der Maler Marc Chagall wurde 1887 in Russland geboren.",1,1,4
"262",4,1,19,0,"Es gibt 56 verschiedene Arten eine Krawatte zu binden.",1,1,3
"263",4,1,19,0,"Der Name 'Wowereit' heißt auf Litauisch Eichhörnchen.",0,0,1
"264",4,1,19,0,"Der griechische Gott Apollon ist der Schutzherr der Küste.",1,1,4
"265",4,1,19,0,"Die Norfolkinseln im Pazifik gehören zu Neuseeland.",1,1,6
"266",4,1,19,0,"Der mitteleuropäische Feldschwirl ist kein Zugvogel.",0,1,1
"267",4,1,19,0,"Manama ist die Hauptstadt Bahrains.",1,1,5
"268",4,1,19,0,"In Angola ist Spanisch die offizielle Amtssprache.",0,1,5
"269",4,1,19,0,"Delphine schwimmen höchstens 54 Kilometer pro Stunde.",1,1,6
"270",4,1,19,0,"Jean-Jaques Rousseau war alleinerziehender Vater.",0,1,1
"271",4,1,19,0,"Bolivien ist der kleinste Binnenstaat Südamerikas.",1,1,2
"272",4,1,19,0,"Kleinohrigel haben keine Stacheln.",0,0,3
"273",4,1,19,0,"Wenn Nilpferde sich aufregen, färbt sich ihr Schweiß grün.",1,1,6
"274",4,1,19,0,"In USA wird kein Teletext ausgestrahlt.",0,0,3
"275",4,1,19,0,"Balsaholz ist die schwerste aller Holzarten.",0,0,2
"276",4,1,19,0,"Wladimir Putin wurde in Murmansk geboren.",0,1,1
"277",4,1,19,0,"Die Azoren gehören zu Spanien.",1,1,4
"278",4,1,19,0,"Schlangen sind taub, da kein Außenohr vorhanden ist.",1,1,6
"279",4,1,19,0,"Patagonien ist ein Landschaftsabschnitt in Asien.",1,0,4
"280",4,1,19,0,"Beim Rugby gibt es 30 Spieler.",0,1,1
"281",4,1,19,0,"Der Reißverschluss wurde in Norwegen erfunden.",0,0,3
"282",4,1,19,0,"Das Jojo war ursprünglich eine philippinische Jagdwaffe.",1,1,6
"283",4,1,19,0,"Der Wassergehalt bei Beeren beträgt 90%.",0,0,3
"284",4,1,19,0,"Frauen bekommen häufiger einen Schluckauf als Männer.",0,0,3
"285",4,1,19,0,"Das Lieblingsgetränk von Benedikt XVI. ist Fanta.",1,1,6
"286",4,2,19,0,"Der Allradantrieb wurde 1938 in England erfunden.",0,0,2
"287",4,2,19,0,"Seepferdchen gehören zur Gattung der Fische.",1,0,4
"288",4,2,19,0,"Der Javagraben ist die tiefste Meerestiefe der Welt.",1,0,5
"289",4,2,19,0,"Island ist geologisch das jüngste Inselland der Welt.",0,1,3
"290",4,2,19,0,"Schären sind Talgletscher in Skandinavien.",0,1,5
"291",4,1,19,0,"Ein Nilpferd wiegt bei seiner Geburt ca. 150kg.",0,1,5
"292",4,1,19,0,"Lybien ist das einzige Land mit einer einfarbigen Flagge.",1,1,6
"293",4,1,19,0,"Freddie Mercurys richtiger Name lautete Farrokh Bulsara.",1,1,6
"294",4,1,19,0,"Der Mond passt vierzigmal in die Erdkugel.",1,1,3
"295",4,1,19,0,"Der nicht sichtbare Teil des Eisbergs heißt Eisbergkiel.",1,1,6
"296",4,1,19,0,"Zuckerwatte wurde von einem Flugzeugpiloten erfunden.",0,0,1
"297",4,1,19,0,"Tennis wurde in englischen Klöstern erfunden.",0,1,3
"298",4,1,19,0,"Die Insel Ösel gehört zu Dänemark.",1,1,5
"299",4,1,19,0,"Der Basenji ist der einzige Hund, der nicht bellt.",1,1,6
"300",4,1,19,0,"Weibliche Taranteln töten circa 99% ihrer Nachkommen.",0,0,2
"301",4,2,19,0,"Tom Cruise ist Legastheniker.",1,1,3
"302",4,2,19,0,"Die Erde wird in 340 Längenkreise unterteilt.",1,0,4
"303",4,2,19,0,"Volleyball wurde in Florida erfunden.",1,1,4
"304",4,2,19,0,"Der Goliathfrosch kann sogar kleine Krokodile verspeisen.",0,1,5
"305",4,2,19,0,"Das Finn-Dingi ist ein Einmannboot beim Sportsegeln.",0,0,1
"306",4,2,19,0,"Der Film 'Pretty Woman' gewann keinen Oscar.",1,1,3
"307",4,2,19,0,"Ein Menschenfloh kann 20cm hoch springen.",1,0,5
"308",4,2,19,0,"Frauen blinzeln fast doppelt so viel wie Männer.",1,1,4
"309",4,2,19,0,"Ein Biber kann in einem Jahr über 200 Bäume fällen.",1,1,2
"310",4,2,19,0,"Bob Dylan arbeitet nebenberuflich als Winzer.",0,0,1
"311",4,2,19,0,"Nicole Kidman hat panische Angst vor Schmetterlingen.",1,1,1
"312",4,2,19,0,"Eine Bienenkönigin legt durchschnittlich 500 Eier am Tag.",0,1,3
"313",4,2,19,0,"Auf indischen Rupienscheinen sind 12 verschiedene Schriften.",0,1,3
"314",4,2,19,0,"Die Luftpumpe ist eine französische Erfindung.",1,1,5
"315",4,2,19,0,"Schweine können keinen Sonnenbrand bekommen.",1,0,2
"316",4,2,19,0,"Giséle Bündchen hat einen Zwillingsbruder.",1,1,1
"317",4,2,19,0,"Das Capybara ist das größte aller Beuteltiere.",1,1,5
"318",4,2,19,0,"Einen kastrierten Esel nennt man auch Macker oder Knilch.",0,1,4
"319",4,2,19,0,"Spanien ist ein Gründungsmitglied der UNO.",1,0,4
"320",4,2,19,0,"Bei den italienischen Wahlen 2008 traten 62 Parteien an.",1,1,5
"321",4,2,19,0,"Ein Schwan trägt ca. 50.000 Federn am Körper.",1,0,3
"322",4,2,19,0,"Der Nacktmull ist das schmerzempfindlichste Tier der Welt.",1,1,5
"323",4,2,19,0,"Albany ist die Hauptstadt des US-Bundesstaates New Jersey.",0,0,3
"324",4,2,19,0,"Die erste elektronische Mail wurde im Jahr 1973 versendet.",0,1,5
"325",4,2,19,0,"Die Tochter von Sydney Poitier heißt Sydney Poitier.",1,1,5
"326",4,2,19,0,"Die Wüste Gobi ist eine Felswüste.",1,0,4
"327",4,2,19,0,"Das Zwerghörnchen ist das kleinste Säugetier Europas.",0,1,2
"328",4,2,19,0,"Minerva ist die römische Göttin der Weisheit.",1,1,5
"329",4,2,19,0,"In Uganda ist die Amtssprache englisch.",0,1,2
"330",4,2,19,0,"Der Erfinder des Bikinis war ursprünglich Schuhdesigner.",0,1,5
"331",4,2,19,0,"Das türkische Bad wurde in Griechenland erfunden.",1,1,6
"332",4,2,19,0,"Die längsten Opern stammen von Gioacchino Rossini.",0,0,1
"333",4,2,19,0,"Der Speisesaal eines Klosters wird Refektorium genannt.",0,1,1
"334",4,2,19,0,"Magnesiummangel kann zu Hautproblemen führen.",0,1,4
"335",4,2,19,0,"Die Küstenseeschwalbe fliegt jedes Jahr fast 40000 km.",0,1,4
"336",4,2,19,0,"Sheryl Crow war Hürdenläuferin.",0,0,1
"337",4,2,19,0,"Der Bereich zwischen den Augenbrauen heißt Glabella.",1,1,2
"338",4,2,19,0,"In den USA gibt es die meisten Milliardäre auf der Welt.",0,0,1
"339",4,2,19,0,"Tequila wird aus dem Herzen der roten Agave gewonnen.",0,1,1
"340",4,2,19,0,"Alle Uhren im Film 'Pulp Fiction' stehen auf 4.10 Uhr.",1,1,6
"341",4,2,19,0,"Der Ladogasee ist der größte See Europas.",0,1,5
"342",4,2,19,0,"Alexander Graham Bell erfand das Tragflügelboot.",0,1,1
"343",4,2,19,0,"Seoul bedeutet auf koreanisch 'Die Hauptstadt'.",0,0,2
"344",4,2,19,0,"Winston Churchill erhielt den Nobelpreis für Literatur.",0,0,3
"345",4,2,19,0,"Erdbeeren enthalten mehr Vitamin C als Orangen.",0,1,5
"346",4,2,19,0,"Die Insektenkunde wird auch Entomologie genannt.",1,0,4
"347",4,2,19,0,"Nur Menschen und Affen besitzen einen Bauchnabel.",0,0,2
"348",4,2,19,0,"Das Domino-Spiel besteht aus 28 Steinen.",1,1,4
"349",4,2,19,0,"Die Sektsteuer wurde von Friedrich Ebert eingeführt.",1,1,6
"350",4,2,19,0,"Die kanadische Sängerin Celine Dion hat acht Geschwister.",0,0,2
"351",4,2,19,0,"Der Schwertwal gehört zur Gattung der Delfine.",0,1,5
"352",4,2,19,0,"Sumatra ist die viertgrößte Insel der Welt.",1,1,1
"353",4,2,19,0,"Robbie Williams heißt mit Zweitnamen 'Maximilian'.",1,0,1
"354",4,2,19,0,"Das meiste Gold wird derzeit in Südafrika gefördert.",1,1,3
"355",5,1,22,1,"Bei den italienischen Wahlen 2008 traten 62 Parteien an.",0,1,4
"356",5,1,22,1,"Der Javagraben ist die tiefste Meerestiefe der Welt.",0,0,6
"357",5,1,22,1,"Ein Schwan trägt ca. 50.000 Federn am Körper.",0,1,2
"358",5,1,22,1,"Die Azoren gehören zu Spanien.",1,0,1
"359",5,1,22,1,"Das Capybara ist das größte aller Beuteltiere.",0,1,1
"360",5,1,22,1,"Patagonien ist ein Landschaftsabschnitt in Asien.",1,0,2
"361",5,1,22,1,"Es gibt 56 verschiedene Arten eine Krawatte zu binden.",1,1,4
"362",5,1,22,1,"Das türkische Bad wurde in Griechenland erfunden.",0,1,3
"363",5,1,22,1,"Der Maler Marc Chagall wurde 1887 in Russland geboren.",1,1,2
"364",5,1,22,1,"Das meiste Gold wird derzeit in Südafrika gefördert.",0,1,4
"365",5,1,22,1,"Wenn Nilpferde sich aufregen, färbt sich ihr Schweiß grün.",1,1,1
"366",5,1,22,1,"Das Lieblingsgetränk von Benedikt XVI. ist Fanta.",1,1,5
"367",5,1,22,1,"Manama ist die Hauptstadt Bahrains.",1,0,2
"368",5,1,22,1,"Die Tochter von Sydney Poitier heißt Sydney Poitier.",0,1,1
"369",5,1,22,1,"Ein Menschenfloh kann 20cm hoch springen.",0,1,5
"370",5,2,22,1,"Winston Churchill erhielt den Nobelpreis für Literatur.",1,1,4
"371",5,2,22,1,"Die Volksrepublik China wurde 1947 gegründet.",0,1,4
"372",5,1,22,1,"Die Insel Ösel gehört zu Dänemark.",1,1,2
"373",5,1,22,1,"Die Insektenkunde wird auch Entomologie genannt.",0,0,1
"374",5,2,22,1,"In Angola ist Spanisch die offizielle Amtssprache.",0,1,3
"375",5,2,22,1,"Die längsten Opern stammen von Gioacchino Rossini.",1,0,2
"376",5,2,22,1,"Tennis wurde in englischen Klöstern erfunden.",0,1,4
"377",5,2,22,1,"Die Ostgoten zählten zum Stamm der Normannen.",0,1,4
"378",5,2,22,1,"Schären sind Talgletscher in Skandinavien.",1,1,5
"379",5,2,22,1,"Blaue Augen werden im Alter immer heller.",0,0,5
"380",5,2,22,1,"Frauen bekommen häufiger einen Schluckauf als Männer.",0,1,4
"381",5,2,22,1,"Hernando Cortéz eroberte Mexiko.",0,1,4
"382",5,2,22,1,"Nur Menschen und Affen besitzen einen Bauchnabel.",1,0,5
"383",5,1,22,1,"Robbie Williams heißt mit Zweitnamen 'Maximilian'.",0,0,3
"384",5,2,22,1,"In USA wird kein Teletext ausgestrahlt.",0,0,2
"385",5,2,22,1,"Nauru ist die kleinste souveräne Republik der Erde.",0,0,2
"386",5,2,22,1,"Weibliche Taranteln töten circa 99% ihrer Nachkommen.",0,1,2
"387",5,2,22,1,"Sambia hieß früher Nordrhodesien.",0,1,4
"388",5,2,22,1,"Die Küstenseeschwalbe fliegt jedes Jahr fast 40000 km.",1,1,4
"389",5,2,22,1,"Kleinohrigel haben keine Stacheln.",0,1,1
"390",5,2,22,1,"Spanholz besteht hauptsächlich aus Birkenholz.",0,1,4
"391",5,2,22,1,"Seoul bedeutet auf koreanisch 'Die Hauptstadt'.",1,1,3
"392",5,2,22,1,"Sheryl Crow war Hürdenläuferin.",1,1,3
"393",5,2,22,1,"Ein Nilpferd wiegt bei seiner Geburt ca. 150kg.",0,0,1
"394",5,2,22,1,"Der Allradantrieb wurde 1938 in England erfunden.",1,0,2
"395",5,2,22,1,"Tequila wird aus dem Herzen der roten Agave gewonnen.",1,1,6
"396",5,2,22,1,"Für Descartes wies Schielen bei Frauen auf Frigidität hin.",1,1,4
"397",5,2,22,1,"Bob Dylan arbeitet nebenberuflich als Winzer.",1,1,2
"398",5,2,22,1,"Der Wassergehalt bei Beeren beträgt 90%.",0,1,5
"399",5,2,22,1,"Die Wüste Dahna liegt in Saudi-Arabien.",0,1,2
"400",5,2,22,1,"Das Finn-Dingi ist ein Einmannboot beim Sportsegeln.",1,1,6
"401",5,2,22,1,"Erdbeeren enthalten mehr Vitamin C als Orangen.",1,0,4
"402",5,2,22,1,"Zuckerwatte wurde von einem Flugzeugpiloten erfunden.",0,0,1
"403",5,1,22,1,"Spanien ist ein Gründungsmitglied der UNO.",0,0,2
"404",5,1,22,1,"Frauen blinzeln fast doppelt so viel wie Männer.",0,1,5
"405",5,1,22,1,"Brad Pitt heißt eigentlich 'Henry Bradley Pitt'.",1,1,5
"406",5,1,22,1,"Minerva ist die römische Göttin der Weisheit.",0,1,6
"407",5,1,22,1,"Die Luftpumpe ist eine französische Erfindung.",0,1,5
"408",5,1,22,1,"Schlangen sind taub, da kein Außenohr vorhanden ist.",1,1,4
"409",5,1,22,1,"Die Schwarzerle zählt zu den Buchengewächsen.",1,1,4
"410",5,1,22,1,"Die Norfolkinseln im Pazifik gehören zu Neuseeland.",1,1,5
"411",5,1,22,1,"French Fries' wurden in England erfunden.",1,1,6
"412",5,2,22,1,"Wladimir Putin wurde in Murmansk geboren.",0,0,5
"413",5,2,22,1,"Ein menschliches Haar wächst jährlich ca. 85 mm.",0,1,5
"414",5,2,22,1,"Ein neugeborenes Panda-Baby ist kleiner als eine Maus.",0,1,4
"415",5,2,22,1,"Der Speisesaal eines Klosters wird Refektorium genannt.",1,1,5
"416",5,2,22,1,"Der mitteleuropäische Feldschwirl ist kein Zugvogel.",0,0,3
"417",5,2,22,1,"Einen kastrierten Esel nennt man auch Macker oder Knilch.",1,1,4
"418",5,2,22,1,"Der Reißverschluss wurde in Norwegen erfunden.",0,0,2
"419",5,2,22,1,"Die erste elektronische Mail wurde im Jahr 1973 versendet.",1,1,5
"420",5,2,22,1,"Keime sterben auf Holz schneller ab als auf Plastik.",0,0,4
"421",5,2,22,1,"Balsaholz ist die schwerste aller Holzarten.",0,1,1
"422",5,2,22,1,"Jean-Jaques Rousseau war alleinerziehender Vater.",0,0,1
"423",5,2,22,1,"In den USA gibt es die meisten Milliardäre auf der Welt.",1,0,6
"424",5,1,22,1,"Das Domino-Spiel besteht aus 28 Steinen.",0,1,3
"425",5,1,22,1,"Der Bereich zwischen den Augenbrauen heißt Glabella.",0,1,4
"426",5,1,22,1,"Das Jojo war ursprünglich eine philippinische Jagdwaffe.",1,1,3
"427",5,1,22,1,"Der Nacktmull ist das schmerzempfindlichste Tier der Welt.",0,1,2
"428",5,1,22,1,"Austern wechseln je nach Jahreszeit ihr Geschlecht.",1,1,3
"429",5,1,22,1,"Die Wüste Gobi ist eine Felswüste.",0,1,4
"430",5,1,22,1,"Der Mond passt vierzigmal in die Erdkugel.",1,1,3
"431",5,1,22,1,"Bolivien ist der kleinste Binnenstaat Südamerikas.",1,1,4
"432",5,1,22,1,"Der Film 'Pretty Woman' gewann keinen Oscar.",0,1,2
"433",5,1,22,1,"Tom Cruise ist Legastheniker.",0,1,3
"434",5,1,22,1,"Giséle Bündchen hat einen Zwillingsbruder.",0,1,4
"435",5,1,22,1,"Die Nachfolger Mohammeds bezeichnet man als Kalifen.",1,1,5
"436",5,1,22,1,"Seepferdchen gehören zur Gattung der Fische.",0,1,4
"437",5,1,22,1,"Der nicht sichtbare Teil des Eisbergs heißt Eisbergkiel.",1,1,5
"438",5,1,22,1,"Lybien ist das einzige Land mit einer einfarbigen Flagge.",1,1,5
"439",5,1,22,1,"Der höchste nordamerikanische Berg liegt in Wyoming.",1,1,5
"440",5,1,22,1,"Die Sektsteuer wurde von Friedrich Ebert eingeführt.",0,0,4
"441",5,1,22,1,"Ein Biber kann in einem Jahr über 200 Bäume fällen.",0,1,5
"442",5,1,22,1,"Die Augen eines Straußes sind größer als sein Gehirn.",1,1,5
"443",5,2,22,1,"Der Erfinder des Bikinis war ursprünglich Schuhdesigner.",1,1,5
"444",5,1,22,1,"Schweine können keinen Sonnenbrand bekommen.",0,0,2
"445",5,1,22,1,"Unsere Atmosphäre enthält rund 0,00025 % Ozon.",1,1,5
"446",5,1,22,1,"Der Basenji ist der einzige Hund, der nicht bellt.",1,0,2
"447",5,1,22,1,"Volleyball wurde in Florida erfunden.",0,1,4
"448",5,1,22,1,"Die Slowakei gehört nicht zu den NATO-Staaten.",1,1,4
"449",5,1,22,1,"Sumatra ist die viertgrößte Insel der Welt.",0,1,3
"450",5,1,22,1,"Freddie Mercurys richtiger Name lautete Farrokh Bulsara.",1,1,5
"451",5,1,22,1,"Nicole Kidman hat panische Angst vor Schmetterlingen.",0,1,5
"452",5,1,22,1,"Alle Uhren im Film 'Pulp Fiction' stehen auf 4.10 Uhr.",0,1,4
"453",5,1,22,1,"Der griechische Gott Apollon ist der Schutzherr der Küste.",1,1,6
"454",5,1,22,1,"Die Angst vor dem Küssen nennt man Philemaphobie.",1,1,4
"455",5,1,22,1,"Delphine schwimmen höchstens 54 Kilometer pro Stunde.",1,1,3
"456",5,1,22,1,"Morpheus ist der griechische Gott der Träume.",1,1,6
"457",5,2,22,1,"In Uganda ist die Amtssprache englisch.",1,1,4
"458",5,2,22,1,"Der Ladogasee ist der größte See Europas.",1,1,5
"459",5,2,22,1,"Magnesiummangel kann zu Hautproblemen führen.",1,1,4
"460",5,2,22,1,"Beim Rugby gibt es 30 Spieler.",0,1,3
"461",5,2,22,1,"Der Schwertwal gehört zur Gattung der Delfine.",1,1,4
"462",5,2,22,1,"Der Goliathfrosch kann sogar kleine Krokodile verspeisen.",1,1,4
"463",5,2,22,1,"Island ist geologisch das jüngste Inselland der Welt.",1,1,4
"464",5,2,22,1,"Das Zwerghörnchen ist das kleinste Säugetier Europas.",1,1,3
"465",5,1,22,1,"Die Erde wird in 340 Längenkreise unterteilt.",0,0,3
"466",5,2,22,1,"Albany ist die Hauptstadt des US-Bundesstaates New Jersey.",1,0,4
"467",5,2,22,1,"Auf indischen Rupienscheinen sind 12 verschiedene Schriften.",1,1,3
"468",5,2,22,1,"Goethe schrieb genau 64 Jahre lang an seinem 'Faust'.",0,0,3
"469",5,2,22,1,"Der Name 'Wowereit' heißt auf Litauisch Eichhörnchen.",0,1,3
"470",5,2,22,1,"Alexander Graham Bell erfand das Tragflügelboot.",1,1,3
"471",5,2,22,1,"Die kanadische Sängerin Celine Dion hat acht Geschwister.",1,1,2
"472",5,2,22,1,"Kokosnüsse haben einen höheren Fettanteil als Pistazien.",0,1,1
"473",5,2,22,1,"Lachse können bis zu 20 Jahre alt werden.",0,1,3
"474",5,2,22,1,"Eine Bienenkönigin legt durchschnittlich 500 Eier am Tag.",1,1,4
"475",6,1,21,1,"Die Schwarzerle zählt zu den Buchengewächsen.",1,1,2
"476",6,1,21,1,"Morpheus ist der griechische Gott der Träume.",1,0,3
"477",6,1,21,1,"Minerva ist die römische Göttin der Weisheit.",0,1,4
"478",6,1,21,1,"Schweine können keinen Sonnenbrand bekommen.",0,0,1
"479",6,1,21,1,"Brad Pitt heißt eigentlich 'Henry Bradley Pitt'.",1,1,2
"480",6,1,21,1,"French Fries' wurden in England erfunden.",1,1,3
"481",6,1,21,1,"Die Wüste Gobi ist eine Felswüste.",0,1,1
"482",6,1,21,1,"Ein Schwan trägt ca. 50.000 Federn am Körper.",0,1,3
"483",6,1,21,1,"Sumatra ist die viertgrößte Insel der Welt.",0,1,1
"484",6,1,21,1,"Der Bereich zwischen den Augenbrauen heißt Glabella.",0,1,1
"485",6,1,21,1,"Alle Uhren im Film 'Pulp Fiction' stehen auf 4.10 Uhr.",0,0,1
"486",6,1,21,1,"Robbie Williams heißt mit Zweitnamen 'Maximilian'.",0,0,2
"487",6,1,21,1,"Die Angst vor dem Küssen nennt man Philemaphobie.",1,1,3
"488",6,1,21,1,"Die Sektsteuer wurde von Friedrich Ebert eingeführt.",0,0,1
"489",6,1,21,1,"Tom Cruise ist Legastheniker.",0,0,2
"490",6,1,21,1,"Delphine schwimmen höchstens 54 Kilometer pro Stunde.",1,1,4
"491",6,1,21,1,"Bei den italienischen Wahlen 2008 traten 62 Parteien an.",0,0,3
"492",6,1,21,1,"Volleyball wurde in Florida erfunden.",0,1,2
"493",6,1,21,1,"Nicole Kidman hat panische Angst vor Schmetterlingen.",0,0,2
"494",6,1,21,1,"Die Azoren gehören zu Spanien.",1,1,3
"495",6,1,21,1,"Die Nachfolger Mohammeds bezeichnet man als Kalifen.",1,1,4
"496",6,1,21,1,"Es gibt 56 verschiedene Arten eine Krawatte zu binden.",1,1,3
"497",6,1,21,1,"Die Erde wird in 340 Längenkreise unterteilt.",0,1,1
"498",6,1,21,1,"Das Lieblingsgetränk von Benedikt XVI. ist Fanta.",1,0,1
"499",6,1,21,1,"Die Insel Ösel gehört zu Dänemark.",1,0,1
"500",6,1,21,1,"Der griechische Gott Apollon ist der Schutzherr der Küste.",1,0,4
"501",6,1,21,1,"Der nicht sichtbare Teil des Eisbergs heißt Eisbergkiel.",1,1,3
"502",6,1,21,1,"Die Norfolkinseln im Pazifik gehören zu Neuseeland.",1,1,2
"503",6,1,21,1,"Manama ist die Hauptstadt Bahrains.",1,1,2
"504",6,1,21,1,"Der Mond passt vierzigmal in die Erdkugel.",1,1,3
"505",6,1,21,1,"Das Capybara ist das größte aller Beuteltiere.",0,1,1
"506",6,1,21,1,"Wenn Nilpferde sich aufregen, färbt sich ihr Schweiß grün.",1,1,2
"507",6,1,21,1,"Der Film 'Pretty Woman' gewann keinen Oscar.",0,0,3
"508",6,1,21,1,"Das Domino-Spiel besteht aus 28 Steinen.",0,0,1
"509",6,1,21,1,"Ein Menschenfloh kann 20cm hoch springen.",0,1,1
"510",6,1,21,1,"Seepferdchen gehören zur Gattung der Fische.",0,1,4
"511",6,1,21,1,"Unsere Atmosphäre enthält rund 0,00025 % Ozon.",1,1,3
"512",6,1,21,1,"Das meiste Gold wird derzeit in Südafrika gefördert.",0,0,3
"513",6,1,21,1,"Patagonien ist ein Landschaftsabschnitt in Asien.",1,1,2
"514",6,1,21,1,"Die Luftpumpe ist eine französische Erfindung.",0,0,1
"515",6,1,21,1,"Das türkische Bad wurde in Griechenland erfunden.",0,0,1
"516",6,1,21,1,"Die Augen eines Straußes sind größer als sein Gehirn.",1,1,3
"517",6,1,21,1,"Giséle Bündchen hat einen Zwillingsbruder.",0,1,1
"518",6,1,21,1,"Ein Biber kann in einem Jahr über 200 Bäume fällen.",0,1,1
"519",6,1,21,1,"Der Javagraben ist die tiefste Meerestiefe der Welt.",0,0,1
"520",6,1,21,1,"Lybien ist das einzige Land mit einer einfarbigen Flagge.",1,1,3
"521",6,1,21,1,"Das Jojo war ursprünglich eine philippinische Jagdwaffe.",1,1,2
"522",6,1,21,1,"Die Insektenkunde wird auch Entomologie genannt.",0,0,4
"523",6,1,21,1,"Schlangen sind taub, da kein Außenohr vorhanden ist.",1,1,4
"524",6,1,21,1,"Bolivien ist der kleinste Binnenstaat Südamerikas.",1,1,2
"525",6,1,21,1,"Der höchste nordamerikanische Berg liegt in Wyoming.",1,1,2
"526",6,2,21,1,"In USA wird kein Teletext ausgestrahlt.",1,1,2
"527",6,2,21,1,"Wladimir Putin wurde in Murmansk geboren.",1,0,1
"528",6,2,21,1,"Ein menschliches Haar wächst jährlich ca. 85 mm.",1,1,3
"529",6,2,21,1,"Die Volksrepublik China wurde 1947 gegründet.",1,0,1
"530",6,2,21,1,"Balsaholz ist die schwerste aller Holzarten.",1,0,1
"531",6,2,21,1,"Nauru ist die kleinste souveräne Republik der Erde.",1,1,1
"532",6,2,21,1,"Lachse können bis zu 20 Jahre alt werden.",1,0,1
"533",6,1,21,1,"Der Maler Marc Chagall wurde 1887 in Russland geboren.",1,0,1
"534",6,1,21,1,"Der Basenji ist der einzige Hund, der nicht bellt.",1,1,3
"535",6,1,21,1,"Die Slowakei gehört nicht zu den NATO-Staaten.",1,1,1
"536",6,2,21,1,"Erdbeeren enthalten mehr Vitamin C als Orangen.",0,0,3
"537",6,2,21,1,"In Angola ist Spanisch die offizielle Amtssprache.",1,0,2
"538",6,2,21,1,"Für Descartes wies Schielen bei Frauen auf Frigidität hin.",0,0,1
"539",6,2,21,1,"Der Speisesaal eines Klosters wird Refektorium genannt.",0,1,1
"540",6,2,21,1,"Blaue Augen werden im Alter immer heller.",1,0,3
"541",6,2,21,1,"Magnesiummangel kann zu Hautproblemen führen.",0,1,1
"542",6,2,21,1,"Bob Dylan arbeitet nebenberuflich als Winzer.",0,0,1
"543",6,2,21,1,"In Uganda ist die Amtssprache englisch.",0,0,2
"544",6,2,21,1,"Der Wassergehalt bei Beeren beträgt 90%.",1,1,2
"545",6,2,21,1,"Weibliche Taranteln töten circa 99% ihrer Nachkommen.",1,1,1
"546",6,2,21,1,"Tequila wird aus dem Herzen der roten Agave gewonnen.",0,0,1
"547",6,2,21,1,"Winston Churchill erhielt den Nobelpreis für Literatur.",0,0,1
"548",6,2,21,1,"Der Goliathfrosch kann sogar kleine Krokodile verspeisen.",0,0,1
"549",6,2,21,1,"Keime sterben auf Holz schneller ab als auf Plastik.",1,1,1
"550",6,2,21,1,"Nur Menschen und Affen besitzen einen Bauchnabel.",0,1,2
"551",6,2,21,1,"Auf indischen Rupienscheinen sind 12 verschiedene Schriften.",0,1,1
"552",6,2,21,1,"Der mitteleuropäische Feldschwirl ist kein Zugvogel.",1,0,1
"553",6,2,21,1,"Island ist geologisch das jüngste Inselland der Welt.",0,0,1
"554",6,2,21,1,"Alexander Graham Bell erfand das Tragflügelboot.",0,1,2
"555",6,2,21,1,"Der Reißverschluss wurde in Norwegen erfunden.",1,1,1
"556",6,2,21,1,"Einen kastrierten Esel nennt man auch Macker oder Knilch.",0,0,1
"557",6,2,21,1,"Der Erfinder des Bikinis war ursprünglich Schuhdesigner.",0,1,1
"558",6,2,21,1,"Die Küstenseeschwalbe fliegt jedes Jahr fast 40000 km.",0,1,1
"559",6,2,21,1,"Kokosnüsse haben einen höheren Fettanteil als Pistazien.",1,0,1
"560",6,2,21,1,"Schären sind Talgletscher in Skandinavien.",0,0,1
"561",6,2,21,1,"Ein Nilpferd wiegt bei seiner Geburt ca. 150kg.",1,1,1
"562",6,2,21,1,"Jean-Jaques Rousseau war alleinerziehender Vater.",1,0,1
"563",6,2,21,1,"Zuckerwatte wurde von einem Flugzeugpiloten erfunden.",1,0,1
"564",6,2,21,1,"Der Schwertwal gehört zur Gattung der Delfine.",0,0,2
"565",6,2,21,1,"Albany ist die Hauptstadt des US-Bundesstaates New Jersey.",0,0,1
"566",6,2,21,1,"Die Wüste Dahna liegt in Saudi-Arabien.",1,1,1
"567",6,2,21,1,"Seoul bedeutet auf koreanisch 'Die Hauptstadt'.",0,0,1
"568",6,2,21,1,"Eine Bienenkönigin legt durchschnittlich 500 Eier am Tag.",0,1,1
"569",6,2,21,1,"Ein neugeborenes Panda-Baby ist kleiner als eine Maus.",1,1,1
"570",6,2,21,1,"Die erste elektronische Mail wurde im Jahr 1973 versendet.",0,1,1
"571",6,2,21,1,"Die kanadische Sängerin Celine Dion hat acht Geschwister.",0,0,1
"572",6,2,21,1,"In den USA gibt es die meisten Milliardäre auf der Welt.",0,1,2
"573",6,2,21,1,"Frauen bekommen häufiger einen Schluckauf als Männer.",1,0,1
"574",6,2,21,1,"Hernando Cortéz eroberte Mexiko.",1,0,1
"575",6,2,21,1,"Spanholz besteht hauptsächlich aus Birkenholz.",1,0,1
"576",6,2,21,1,"Die längsten Opern stammen von Gioacchino Rossini.",0,0,1
"577",6,2,21,1,"Die Ostgoten zählten zum Stamm der Normannen.",1,1,1
"578",6,2,21,1,"Der Name 'Wowereit' heißt auf Litauisch Eichhörnchen.",1,0,1
"579",6,2,21,1,"Das Zwerghörnchen ist das kleinste Säugetier Europas.",0,1,1
"580",6,2,21,1,"Sambia hieß früher Nordrhodesien.",1,1,1
"581",6,2,21,1,"Beim Rugby gibt es 30 Spieler.",1,1,3
"582",6,2,21,1,"Kleinohrigel haben keine Stacheln.",1,0,1
"583",6,2,21,1,"Sheryl Crow war Hürdenläuferin.",0,1,1
"584",6,2,21,1,"Der Allradantrieb wurde 1938 in England erfunden.",0,1,1
"585",6,2,21,1,"Goethe schrieb genau 64 Jahre lang an seinem 'Faust'.",1,0,2
"586",7,1,31,0,"In den USA gibt es die meisten Milliardäre auf der Welt.",1,1,6
"587",7,1,31,0,"Schären sind Talgletscher in Skandinavien.",1,1,4
"588",7,1,31,0,"Erdbeeren enthalten mehr Vitamin C als Orangen.",1,0,5
"589",7,1,31,0,"Bolivien ist der kleinste Binnenstaat Südamerikas.",0,1,5
"590",7,1,31,0,"Unsere Atmosphäre enthält rund 0,00025 % Ozon.",0,1,5
"591",7,1,31,0,"Die Norfolkinseln im Pazifik gehören zu Neuseeland.",0,1,3
"592",7,1,31,0,"Nur Menschen und Affen besitzen einen Bauchnabel.",1,0,5
"593",7,1,31,0,"Die Küstenseeschwalbe fliegt jedes Jahr fast 40000 km.",1,1,4
"594",7,1,31,0,"Das Zwerghörnchen ist das kleinste Säugetier Europas.",1,1,4
"595",7,2,31,0,"Sumatra ist die viertgrößte Insel der Welt.",0,1,4
"596",7,2,31,0,"Die Wüste Dahna liegt in Saudi-Arabien.",1,0,2
"597",7,2,31,0,"Der mitteleuropäische Feldschwirl ist kein Zugvogel.",1,0,2
"598",7,2,31,0,"Zuckerwatte wurde von einem Flugzeugpiloten erfunden.",1,0,1
"599",7,2,31,0,"Der Wassergehalt bei Beeren beträgt 90%.",1,1,5
"600",7,2,31,0,"Das Capybara ist das größte aller Beuteltiere.",0,0,5
"601",7,1,31,0,"Die kanadische Sängerin Celine Dion hat acht Geschwister.",1,1,4
"602",7,1,31,0,"Die Insel Ösel gehört zu Dänemark.",0,1,4
"603",7,1,31,0,"Der Basenji ist der einzige Hund, der nicht bellt.",0,0,2
"604",7,1,31,0,"Die erste elektronische Mail wurde im Jahr 1973 versendet.",1,1,4
"605",7,1,31,0,"Der Mond passt vierzigmal in die Erdkugel.",0,1,5
"606",7,2,31,0,"Die Tochter von Sydney Poitier heißt Sydney Poitier.",0,0,2
"607",7,2,31,0,"Das Domino-Spiel besteht aus 28 Steinen.",0,1,3
"608",7,2,31,0,"Hernando Cortéz eroberte Mexiko.",1,0,6
"609",7,2,31,0,"Weibliche Taranteln töten circa 99% ihrer Nachkommen.",1,0,1
"610",7,2,31,0,"Wladimir Putin wurde in Murmansk geboren.",1,1,6
"611",7,2,31,0,"Goethe schrieb genau 64 Jahre lang an seinem 'Faust'.",1,1,5
"612",7,2,31,0,"Ein Nilpferd wiegt bei seiner Geburt ca. 150kg.",1,1,4
"613",7,2,31,0,"Lachse können bis zu 20 Jahre alt werden.",1,1,5
"614",7,2,31,0,"Alle Uhren im Film 'Pulp Fiction' stehen auf 4.10 Uhr.",0,1,2
"615",7,2,31,0,"Robbie Williams heißt mit Zweitnamen 'Maximilian'.",0,1,2
"616",7,2,31,0,"Spanien ist ein Gründungsmitglied der UNO.",0,1,3
"617",7,2,31,0,"Der Bereich zwischen den Augenbrauen heißt Glabella.",0,0,2
"618",7,2,31,0,"Kokosnüsse haben einen höheren Fettanteil als Pistazien.",1,1,3
"619",7,2,31,0,"Das meiste Gold wird derzeit in Südafrika gefördert.",0,1,5
"620",7,2,31,0,"Das türkische Bad wurde in Griechenland erfunden.",0,0,2
"621",7,2,31,0,"Spanholz besteht hauptsächlich aus Birkenholz.",1,1,4
"622",7,2,31,0,"Der Nacktmull ist das schmerzempfindlichste Tier der Welt.",0,1,3
"623",7,2,31,0,"Ein menschliches Haar wächst jährlich ca. 85 mm.",1,0,5
"624",7,2,31,0,"Nauru ist die kleinste souveräne Republik der Erde.",1,1,4
"625",7,2,31,0,"Schweine können keinen Sonnenbrand bekommen.",0,0,5
"626",7,2,31,0,"Volleyball wurde in Florida erfunden.",0,1,3
"627",7,2,31,0,"Ein Biber kann in einem Jahr über 200 Bäume fällen.",0,1,6
"628",7,2,31,0,"Tennis wurde in englischen Klöstern erfunden.",1,1,5
"629",7,2,31,0,"Ein Schwan trägt ca. 50.000 Federn am Körper.",0,1,4
"630",7,2,31,0,"Frauen blinzeln fast doppelt so viel wie Männer.",0,0,3
"631",7,2,31,0,"Balsaholz ist die schwerste aller Holzarten.",1,1,4
"632",7,2,31,0,"Die Sektsteuer wurde von Friedrich Ebert eingeführt.",0,0,6
"633",7,2,31,0,"Blaue Augen werden im Alter immer heller.",1,0,3
"634",7,2,31,0,"Minerva ist die römische Göttin der Weisheit.",0,1,4
"635",7,2,31,0,"Ein neugeborenes Panda-Baby ist kleiner als eine Maus.",1,1,5
"636",7,2,31,0,"Die Wüste Gobi ist eine Felswüste.",0,1,5
"637",7,2,31,0,"Giséle Bündchen hat einen Zwillingsbruder.",0,0,2
"638",7,2,31,0,"Sambia hieß früher Nordrhodesien.",1,1,6
"639",7,2,31,0,"Die Volksrepublik China wurde 1947 gegründet.",1,0,5
"640",7,1,31,0,"Die längsten Opern stammen von Gioacchino Rossini.",1,0,5
"641",7,1,31,0,"Der Allradantrieb wurde 1938 in England erfunden.",1,0,3
"642",7,1,31,0,"Albany ist die Hauptstadt des US-Bundesstaates New Jersey.",1,0,6
"643",7,1,31,0,"Bob Dylan arbeitet nebenberuflich als Winzer.",1,1,4
"644",7,1,31,0,"Seoul bedeutet auf koreanisch 'Die Hauptstadt'.",1,0,5
"645",7,1,31,0,"Magnesiummangel kann zu Hautproblemen führen.",1,1,5
"646",7,1,31,0,"Das Jojo war ursprünglich eine philippinische Jagdwaffe.",0,0,3
"647",7,1,31,0,"Auf indischen Rupienscheinen sind 12 verschiedene Schriften.",1,1,4
"648",7,1,31,0,"Einen kastrierten Esel nennt man auch Macker oder Knilch.",1,1,4
"649",7,1,31,0,"Island ist geologisch das jüngste Inselland der Welt.",1,0,6
"650",7,1,31,0,"Winston Churchill erhielt den Nobelpreis für Literatur.",1,1,6
"651",7,1,31,0,"Sheryl Crow war Hürdenläuferin.",1,1,3
"652",7,1,31,0,"Die Augen eines Straußes sind größer als sein Gehirn.",0,1,4
"653",7,1,31,0,"Wenn Nilpferde sich aufregen, färbt sich ihr Schweiß grün.",0,0,5
"654",7,2,31,0,"Nicole Kidman hat panische Angst vor Schmetterlingen.",0,0,3
"655",7,2,31,0,"Kleinohrigel haben keine Stacheln.",1,1,2
"656",7,2,31,0,"In USA wird kein Teletext ausgestrahlt.",1,1,4
"657",7,2,31,0,"Die Insektenkunde wird auch Entomologie genannt.",0,1,5
"658",7,2,31,0,"Der Reißverschluss wurde in Norwegen erfunden.",1,0,3
"659",7,1,31,0,"Brad Pitt heißt eigentlich 'Henry Bradley Pitt'.",0,0,1
"660",7,1,31,0,"Manama ist die Hauptstadt Bahrains.",0,0,3
"661",7,1,31,0,"Der Maler Marc Chagall wurde 1887 in Russland geboren.",0,1,5
"662",7,1,31,0,"Die Azoren gehören zu Spanien.",0,0,6
"663",7,1,31,0,"Der nicht sichtbare Teil des Eisbergs heißt Eisbergkiel.",0,0,6
"664",7,1,31,0,"French Fries' wurden in England erfunden.",0,0,2
"665",7,1,31,0,"Die Nachfolger Mohammeds bezeichnet man als Kalifen.",0,1,6
"666",7,1,31,0,"In Uganda ist die Amtssprache englisch.",1,1,6
"667",7,1,31,0,"Tequila wird aus dem Herzen der roten Agave gewonnen.",1,0,6
"668",7,1,31,0,"Alexander Graham Bell erfand das Tragflügelboot.",1,0,6
"669",7,1,31,0,"Der Schwertwal gehört zur Gattung der Delfine.",1,0,6
"670",7,1,31,0,"Lybien ist das einzige Land mit einer einfarbigen Flagge.",0,0,6
"671",7,1,31,0,"Das Finn-Dingi ist ein Einmannboot beim Sportsegeln.",1,1,3
"672",7,1,31,0,"Delphine schwimmen höchstens 54 Kilometer pro Stunde.",0,1,4
"673",7,1,31,0,"Der Ladogasee ist der größte See Europas.",1,1,6
"674",7,1,31,0,"Für Descartes wies Schielen bei Frauen auf Frigidität hin.",1,0,2
"675",7,1,31,0,"Es gibt 56 verschiedene Arten eine Krawatte zu binden.",0,1,4
"676",7,1,31,0,"Patagonien ist ein Landschaftsabschnitt in Asien.",0,0,6
"677",7,1,31,0,"Der Goliathfrosch kann sogar kleine Krokodile verspeisen.",1,1,5
"678",7,1,31,0,"Austern wechseln je nach Jahreszeit ihr Geschlecht.",0,1,3
"679",7,1,31,0,"Die Schwarzerle zählt zu den Buchengewächsen.",0,1,4
"680",7,2,31,0,"Der Name 'Wowereit' heißt auf Litauisch Eichhörnchen.",1,0,4
"681",7,1,31,0,"Der höchste nordamerikanische Berg liegt in Wyoming.",0,0,6
"682",7,1,31,0,"Freddie Mercurys richtiger Name lautete Farrokh Bulsara.",0,1,4
"683",7,1,31,0,"Das Lieblingsgetränk von Benedikt XVI. ist Fanta.",0,0,2
"684",7,1,31,0,"Die Angst vor dem Küssen nennt man Philemaphobie.",0,1,4
"685",7,1,31,0,"Der Speisesaal eines Klosters wird Refektorium genannt.",1,1,5
"686",7,1,31,0,"Schlangen sind taub, da kein Außenohr vorhanden ist.",0,0,2
"687",7,1,31,0,"Eine Bienenkönigin legt durchschnittlich 500 Eier am Tag.",1,0,3
"688",7,1,31,0,"Der Erfinder des Bikinis war ursprünglich Schuhdesigner.",1,1,4
"689",7,1,31,0,"Die Slowakei gehört nicht zu den NATO-Staaten.",0,0,5
"690",7,1,31,0,"Morpheus ist der griechische Gott der Träume.",0,1,5
"691",7,2,31,0,"Frauen bekommen häufiger einen Schluckauf als Männer.",1,1,2
"692",7,2,31,0,"Seepferdchen gehören zur Gattung der Fische.",0,0,5
"693",7,2,31,0,"Tom Cruise ist Legastheniker.",0,1,2
"694",7,2,31,0,"Der Film 'Pretty Woman' gewann keinen Oscar.",0,0,5
"695",7,2,31,0,"Bei den italienischen Wahlen 2008 traten 62 Parteien an.",0,1,3
"696",7,2,31,0,"Jean-Jaques Rousseau war alleinerziehender Vater.",1,0,2
"697",7,2,31,0,"Keime sterben auf Holz schneller ab als auf Plastik.",1,0,6
"698",7,2,31,0,"Die Erde wird in 340 Längenkreise unterteilt.",0,0,6
"699",7,2,31,0,"Beim Rugby gibt es 30 Spieler.",1,0,4
"700",7,2,31,0,"Ein Menschenfloh kann 20cm hoch springen.",0,1,4
"701",7,2,31,0,"In Angola ist Spanisch die offizielle Amtssprache.",1,0,6
"702",7,2,31,0,"Die Ostgoten zählten zum Stamm der Normannen.",1,0,5
"703",7,2,31,0,"Die Luftpumpe ist eine französische Erfindung.",0,1,5
"704",9,1,24,0,"Seoul bedeutet auf koreanisch 'Die Hauptstadt'.",1,0,2
"705",9,1,24,0,"Sheryl Crow war Hürdenläuferin.",1,1,4
"706",9,1,24,0,"Der mitteleuropäische Feldschwirl ist kein Zugvogel.",0,1,2
"707",9,1,24,0,"Albany ist die Hauptstadt des US-Bundesstaates New Jersey.",1,1,4
"708",9,1,24,0,"Winston Churchill erhielt den Nobelpreis für Literatur.",1,1,4
"709",9,1,24,0,"Die Wüste Dahna liegt in Saudi-Arabien.",0,1,2
"710",9,1,24,0,"Lachse können bis zu 20 Jahre alt werden.",0,1,1
"711",9,1,24,0,"Der Reißverschluss wurde in Norwegen erfunden.",0,0,3
"712",9,1,24,0,"Hernando Cortéz eroberte Mexiko.",0,0,5
"713",9,1,24,0,"Blaue Augen werden im Alter immer heller.",0,1,2
"714",9,1,24,0,"Die längsten Opern stammen von Gioacchino Rossini.",1,1,1
"715",9,1,24,0,"Schären sind Talgletscher in Skandinavien.",1,1,2
"716",9,1,24,0,"Der Schwertwal gehört zur Gattung der Delfine.",1,1,4
"717",9,1,24,0,"Der Wassergehalt bei Beeren beträgt 90%.",0,1,5
"718",9,1,24,0,"Zuckerwatte wurde von einem Flugzeugpiloten erfunden.",0,0,5
"719",9,1,24,0,"Nauru ist die kleinste souveräne Republik der Erde.",0,0,6
"720",9,1,24,0,"Keime sterben auf Holz schneller ab als auf Plastik.",0,1,2
"721",9,1,24,0,"Eine Bienenkönigin legt durchschnittlich 500 Eier am Tag.",1,0,3
"722",9,1,24,0,"Ein neugeborenes Panda-Baby ist kleiner als eine Maus.",0,0,2
"723",9,1,24,0,"Jean-Jaques Rousseau war alleinerziehender Vater.",0,0,1
"724",9,1,24,0,"Beim Rugby gibt es 30 Spieler.",0,1,2
"725",9,1,24,0,"Die kanadische Sängerin Celine Dion hat acht Geschwister.",1,0,1
"726",9,1,24,0,"Weibliche Taranteln töten circa 99% ihrer Nachkommen.",0,1,5
"727",9,1,24,0,"Einen kastrierten Esel nennt man auch Macker oder Knilch.",1,1,6
"728",9,1,24,0,"Spanholz besteht hauptsächlich aus Birkenholz.",0,0,2
"729",9,1,24,0,"Der Name 'Wowereit' heißt auf Litauisch Eichhörnchen.",0,1,1
"730",9,1,24,0,"Ein Nilpferd wiegt bei seiner Geburt ca. 150kg.",0,1,2
"731",9,1,24,0,"In Uganda ist die Amtssprache englisch.",1,0,2
"732",9,1,24,0,"Bob Dylan arbeitet nebenberuflich als Winzer.",1,0,2
"733",9,1,24,0,"Island ist geologisch das jüngste Inselland der Welt.",1,1,4
"734",9,1,24,0,"Balsaholz ist die schwerste aller Holzarten.",0,0,2
"735",9,1,24,0,"Das Zwerghörnchen ist das kleinste Säugetier Europas.",1,0,4
"736",9,1,24,0,"Tennis wurde in englischen Klöstern erfunden.",0,0,5
"737",9,1,24,0,"Der Allradantrieb wurde 1938 in England erfunden.",1,1,4
"738",9,1,24,0,"Goethe schrieb genau 64 Jahre lang an seinem 'Faust'.",0,0,2
"739",9,1,24,0,"Das Finn-Dingi ist ein Einmannboot beim Sportsegeln.",1,1,1
"740",9,1,24,0,"Der Speisesaal eines Klosters wird Refektorium genannt.",1,1,5
"741",9,1,24,0,"In den USA gibt es die meisten Milliardäre auf der Welt.",1,0,4
"742",9,1,24,0,"Alexander Graham Bell erfand das Tragflügelboot.",1,1,4
"743",9,1,24,0,"Für Descartes wies Schielen bei Frauen auf Frigidität hin.",1,1,2
"744",9,1,24,0,"Der Ladogasee ist der größte See Europas.",1,1,2
"745",9,1,24,0,"Kleinohrigel haben keine Stacheln.",0,0,1
"746",9,1,24,0,"In Angola ist Spanisch die offizielle Amtssprache.",0,1,6
"747",9,1,24,0,"Die Volksrepublik China wurde 1947 gegründet.",0,0,1
"748",9,1,24,0,"Frauen bekommen häufiger einen Schluckauf als Männer.",0,0,2
"749",9,1,24,0,"Der Goliathfrosch kann sogar kleine Krokodile verspeisen.",1,0,2
"750",9,1,24,0,"Die erste elektronische Mail wurde im Jahr 1973 versendet.",1,1,3
"751",9,1,24,0,"Ein menschliches Haar wächst jährlich ca. 85 mm.",0,1,2
"752",9,1,24,0,"Kokosnüsse haben einen höheren Fettanteil als Pistazien.",0,1,2
"753",9,1,24,0,"Tequila wird aus dem Herzen der roten Agave gewonnen.",1,1,5
"754",9,1,24,0,"Nur Menschen und Affen besitzen einen Bauchnabel.",1,1,5
"755",9,1,24,0,"Die Ostgoten zählten zum Stamm der Normannen.",0,1,2
"756",9,1,24,0,"Sambia hieß früher Nordrhodesien.",0,1,2
"757",9,1,24,0,"Magnesiummangel kann zu Hautproblemen führen.",1,1,4
"758",9,1,24,0,"In USA wird kein Teletext ausgestrahlt.",0,0,2
"759",9,1,24,0,"Auf indischen Rupienscheinen sind 12 verschiedene Schriften.",1,0,1
"760",9,1,24,0,"Die Küstenseeschwalbe fliegt jedes Jahr fast 40000 km.",1,1,2
"761",9,1,24,0,"Der Erfinder des Bikinis war ursprünglich Schuhdesigner.",1,0,2
"762",9,1,24,0,"Erdbeeren enthalten mehr Vitamin C als Orangen.",1,0,6
"763",9,2,24,0,"Giséle Bündchen hat einen Zwillingsbruder.",0,1,1
"764",9,2,24,0,"Frauen blinzeln fast doppelt so viel wie Männer.",0,0,4
"765",9,2,24,0,"Austern wechseln je nach Jahreszeit ihr Geschlecht.",1,1,6
"766",9,2,24,0,"Unsere Atmosphäre enthält rund 0,00025 % Ozon.",1,0,1
"767",9,2,24,0,"Der nicht sichtbare Teil des Eisbergs heißt Eisbergkiel.",1,0,4
"768",9,2,24,0,"Brad Pitt heißt eigentlich 'Henry Bradley Pitt'.",1,1,4
"769",9,2,24,0,"Minerva ist die römische Göttin der Weisheit.",0,1,6
"770",9,2,24,0,"Seepferdchen gehören zur Gattung der Fische.",0,1,1
"771",9,2,24,0,"Delphine schwimmen höchstens 54 Kilometer pro Stunde.",1,0,2
"772",9,2,24,0,"Tom Cruise ist Legastheniker.",0,1,5
"773",9,2,24,0,"Der höchste nordamerikanische Berg liegt in Wyoming.",1,0,1
"774",9,2,24,0,"Wenn Nilpferde sich aufregen, färbt sich ihr Schweiß grün.",1,0,2
"775",9,2,24,0,"Der Film 'Pretty Woman' gewann keinen Oscar.",0,0,4
"776",9,1,24,0,"Wladimir Putin wurde in Murmansk geboren.",0,0,2
"777",9,2,24,0,"Ein Biber kann in einem Jahr über 200 Bäume fällen.",0,1,3
"778",9,2,24,0,"Das türkische Bad wurde in Griechenland erfunden.",0,0,2
"779",9,2,24,0,"Die Slowakei gehört nicht zu den NATO-Staaten.",1,1,3
"780",9,2,24,0,"Der Bereich zwischen den Augenbrauen heißt Glabella.",0,1,2
"781",9,2,24,0,"Das Jojo war ursprünglich eine philippinische Jagdwaffe.",1,0,1
"782",9,2,24,0,"Es gibt 56 verschiedene Arten eine Krawatte zu binden.",1,1,3
"783",9,2,24,0,"Das Lieblingsgetränk von Benedikt XVI. ist Fanta.",1,0,2
"784",9,2,24,0,"Die Erde wird in 340 Längenkreise unterteilt.",0,1,3
"785",9,2,24,0,"Die Wüste Gobi ist eine Felswüste.",0,1,5
"786",9,2,24,0,"Die Norfolkinseln im Pazifik gehören zu Neuseeland.",1,1,4
"787",9,2,24,0,"Bei den italienischen Wahlen 2008 traten 62 Parteien an.",0,1,2
"788",9,2,24,0,"Das meiste Gold wird derzeit in Südafrika gefördert.",0,1,4
"789",9,2,24,0,"Die Schwarzerle zählt zu den Buchengewächsen.",1,1,2
"790",9,2,24,0,"French Fries' wurden in England erfunden.",1,1,3
"791",9,2,24,0,"Die Angst vor dem Küssen nennt man Philemaphobie.",1,1,2
"792",9,2,24,0,"Bolivien ist der kleinste Binnenstaat Südamerikas.",1,0,4
"793",9,2,24,0,"Der griechische Gott Apollon ist der Schutzherr der Küste.",1,1,5
"794",9,2,24,0,"Schweine können keinen Sonnenbrand bekommen.",0,0,2
"795",9,2,24,0,"Ein Menschenfloh kann 20cm hoch springen.",0,0,3
"796",9,2,24,0,"Ein Schwan trägt ca. 50.000 Federn am Körper.",0,0,1
"797",9,2,24,0,"Der Basenji ist der einzige Hund, der nicht bellt.",1,0,2
"798",9,2,24,0,"Die Luftpumpe ist eine französische Erfindung.",0,0,3
"799",9,2,24,0,"Der Mond passt vierzigmal in die Erdkugel.",1,1,4
"800",9,2,24,0,"Manama ist die Hauptstadt Bahrains.",1,1,2
"801",9,2,24,0,"Freddie Mercurys richtiger Name lautete Farrokh Bulsara.",1,1,3
"802",9,2,24,0,"Spanien ist ein Gründungsmitglied der UNO.",0,0,2
"803",9,2,24,0,"Lybien ist das einzige Land mit einer einfarbigen Flagge.",1,0,5
"804",9,2,24,0,"Nicole Kidman hat panische Angst vor Schmetterlingen.",0,1,3
"805",9,2,24,0,"Das Domino-Spiel besteht aus 28 Steinen.",0,1,4
"806",9,2,24,0,"Der Maler Marc Chagall wurde 1887 in Russland geboren.",1,0,2
"807",9,2,24,0,"Die Tochter von Sydney Poitier heißt Sydney Poitier.",0,0,2
"808",9,2,24,0,"Die Nachfolger Mohammeds bezeichnet man als Kalifen.",1,1,3
"809",9,2,24,0,"Volleyball wurde in Florida erfunden.",0,1,3
"810",9,2,24,0,"Sumatra ist die viertgrößte Insel der Welt.",0,0,3
"811",9,2,24,0,"Robbie Williams heißt mit Zweitnamen 'Maximilian'.",0,0,2
"812",9,2,24,0,"Die Insektenkunde wird auch Entomologie genannt.",0,1,2
"813",9,2,24,0,"Der Javagraben ist die tiefste Meerestiefe der Welt.",0,1,1
"814",9,2,24,0,"Alle Uhren im Film 'Pulp Fiction' stehen auf 4.10 Uhr.",0,1,3
"815",9,2,24,0,"Schlangen sind taub, da kein Außenohr vorhanden ist.",1,1,2
"816",9,2,24,0,"Morpheus ist der griechische Gott der Träume.",1,1,5
"817",9,2,24,0,"Die Augen eines Straußes sind größer als sein Gehirn.",1,1,5
"818",9,2,24,0,"Die Insel Ösel gehört zu Dänemark.",1,1,2
"819",9,2,24,0,"Die Azoren gehören zu Spanien.",1,1,5
"820",9,2,24,0,"Der Nacktmull ist das schmerzempfindlichste Tier der Welt.",0,0,2
"821",9,2,24,0,"Patagonien ist ein Landschaftsabschnitt in Asien.",1,1,1
"822",9,2,24,0,"Die Sektsteuer wurde von Friedrich Ebert eingeführt.",0,1,2
"823",9,2,24,0,"Das Capybara ist das größte aller Beuteltiere.",0,1,2
"824",11,1,24,1,"Ein Schwan trägt ca. 50.000 Federn am Körper.",0,1,1
"825",11,1,24,1,"Winston Churchill erhielt den Nobelpreis für Literatur.",1,0,1
"826",11,1,24,1,"Der Film 'Pretty Woman' gewann keinen Oscar.",0,0,4
"827",11,1,24,1,"Einen kastrierten Esel nennt man auch Macker oder Knilch.",1,1,2
"828",11,1,24,1,"Die erste elektronische Mail wurde im Jahr 1973 versendet.",1,1,3
"829",11,1,24,1,"In den USA gibt es die meisten Milliardäre auf der Welt.",1,1,3
"830",11,1,24,1,"Der Speisesaal eines Klosters wird Refektorium genannt.",1,0,1
"831",11,1,24,1,"Die Erde wird in 340 Längenkreise unterteilt.",0,0,1
"832",11,1,24,1,"Die Insektenkunde wird auch Entomologie genannt.",0,1,1
"833",11,1,24,1,"Der Bereich zwischen den Augenbrauen heißt Glabella.",0,1,1
"834",11,1,24,1,"Der Ladogasee ist der größte See Europas.",1,1,1
"835",11,1,24,1,"Volleyball wurde in Florida erfunden.",0,1,1
"836",11,1,24,1,"Ein Menschenfloh kann 20cm hoch springen.",0,0,1
"837",11,2,24,1,"Die Nachfolger Mohammeds bezeichnet man als Kalifen.",1,1,4
"838",11,2,24,1,"Nauru ist die kleinste souveräne Republik der Erde.",0,1,2
"839",11,2,24,1,"Die Norfolkinseln im Pazifik gehören zu Neuseeland.",1,1,2
"840",11,2,24,1,"Das Lieblingsgetränk von Benedikt XVI. ist Fanta.",1,1,1
"841",11,2,24,1,"Die Ostgoten zählten zum Stamm der Normannen.",0,1,2
"842",11,2,24,1,"In Angola ist Spanisch die offizielle Amtssprache.",0,0,5
"843",11,2,24,1,"Wenn Nilpferde sich aufregen, färbt sich ihr Schweiß grün.",1,0,1
"844",11,2,24,1,"Die Slowakei gehört nicht zu den NATO-Staaten.",1,1,2
"845",11,1,24,1,"Alle Uhren im Film 'Pulp Fiction' stehen auf 4.10 Uhr.",0,1,3
"846",11,1,24,1,"Die Luftpumpe ist eine französische Erfindung.",0,1,1
"847",11,2,24,1,"Die Angst vor dem Küssen nennt man Philemaphobie.",1,1,2
"848",11,2,24,1,"Delphine schwimmen höchstens 54 Kilometer pro Stunde.",1,1,2
"849",11,2,24,1,"Lybien ist das einzige Land mit einer einfarbigen Flagge.",1,0,5
"850",11,2,24,1,"Schlangen sind taub, da kein Außenohr vorhanden ist.",1,1,4
"851",11,2,24,1,"Beim Rugby gibt es 30 Spieler.",0,0,3
"852",11,2,24,1,"Spanholz besteht hauptsächlich aus Birkenholz.",0,0,2
"853",11,2,24,1,"Kleinohrigel haben keine Stacheln.",0,1,1
"854",11,2,24,1,"Jean-Jaques Rousseau war alleinerziehender Vater.",0,0,6
"855",11,2,24,1,"Sambia hieß früher Nordrhodesien.",0,0,1
"856",11,2,24,1,"Bolivien ist der kleinste Binnenstaat Südamerikas.",1,1,5
"857",11,2,24,1,"Balsaholz ist die schwerste aller Holzarten.",0,1,2
"858",11,2,24,1,"Der Mond passt vierzigmal in die Erdkugel.",1,1,4
"859",11,2,24,1,"Die Wüste Dahna liegt in Saudi-Arabien.",0,0,1
"860",11,2,24,1,"Der Name 'Wowereit' heißt auf Litauisch Eichhörnchen.",0,1,6
"861",11,2,24,1,"Wladimir Putin wurde in Murmansk geboren.",0,0,3
"862",11,2,24,1,"Der Reißverschluss wurde in Norwegen erfunden.",0,1,2
"863",11,2,24,1,"Weibliche Taranteln töten circa 99% ihrer Nachkommen.",0,1,3
"864",11,2,24,1,"Der griechische Gott Apollon ist der Schutzherr der Küste.",1,1,2
"865",11,2,24,1,"Keime sterben auf Holz schneller ab als auf Plastik.",0,1,4
"866",11,2,24,1,"Die Augen eines Straußes sind größer als sein Gehirn.",1,1,4
"867",11,2,24,1,"French Fries' wurden in England erfunden.",1,0,6
"868",11,2,24,1,"Die Schwarzerle zählt zu den Buchengewächsen.",1,1,1
"869",11,2,24,1,"Freddie Mercurys richtiger Name lautete Farrokh Bulsara.",1,1,3
"870",11,2,24,1,"Morpheus ist der griechische Gott der Träume.",1,0,6
"871",11,2,24,1,"Ein neugeborenes Panda-Baby ist kleiner als eine Maus.",0,1,6
"872",11,2,24,1,"Ein menschliches Haar wächst jährlich ca. 85 mm.",0,1,4
"873",11,2,24,1,"Das Jojo war ursprünglich eine philippinische Jagdwaffe.",1,1,3
"874",11,2,24,1,"Es gibt 56 verschiedene Arten eine Krawatte zu binden.",1,1,4
"875",11,2,24,1,"Der höchste nordamerikanische Berg liegt in Wyoming.",1,0,1
"876",11,2,24,1,"Unsere Atmosphäre enthält rund 0,00025 % Ozon.",1,1,1
"877",11,2,24,1,"Lachse können bis zu 20 Jahre alt werden.",0,1,2
"878",11,2,24,1,"Frauen bekommen häufiger einen Schluckauf als Männer.",0,1,1
"879",11,2,24,1,"Ein Nilpferd wiegt bei seiner Geburt ca. 150kg.",0,0,1
"880",11,2,24,1,"Die Volksrepublik China wurde 1947 gegründet.",0,0,2
"881",11,2,24,1,"Manama ist die Hauptstadt Bahrains.",1,1,1
"882",11,1,24,1,"Bei den italienischen Wahlen 2008 traten 62 Parteien an.",0,1,1
"883",11,1,24,1,"Eine Bienenkönigin legt durchschnittlich 500 Eier am Tag.",1,1,2
"884",11,1,24,1,"Erdbeeren enthalten mehr Vitamin C als Orangen.",1,1,6
"885",11,1,24,1,"Das Finn-Dingi ist ein Einmannboot beim Sportsegeln.",1,1,5
"886",11,1,24,1,"Die Küstenseeschwalbe fliegt jedes Jahr fast 40000 km.",1,1,3
"887",11,1,24,1,"Nicole Kidman hat panische Angst vor Schmetterlingen.",0,1,1
"888",11,1,24,1,"Seepferdchen gehören zur Gattung der Fische.",0,0,5
"889",11,1,24,1,"Die kanadische Sängerin Celine Dion hat acht Geschwister.",1,1,4
"890",11,1,24,1,"Die Tochter von Sydney Poitier heißt Sydney Poitier.",0,1,2
"891",11,1,24,1,"Sumatra ist die viertgrößte Insel der Welt.",0,1,4
"892",11,1,24,1,"Alexander Graham Bell erfand das Tragflügelboot.",1,1,1
"893",11,1,24,1,"Ein Biber kann in einem Jahr über 200 Bäume fällen.",0,1,6
"894",11,1,24,1,"Bob Dylan arbeitet nebenberuflich als Winzer.",1,1,5
"895",11,1,24,1,"Sheryl Crow war Hürdenläuferin.",1,0,1
"896",11,1,24,1,"Schären sind Talgletscher in Skandinavien.",1,1,1
"897",11,1,24,1,"Tequila wird aus dem Herzen der roten Agave gewonnen.",1,0,1
"898",11,2,24,1,"Tennis wurde in englischen Klöstern erfunden.",0,0,1
"899",11,2,24,1,"Der nicht sichtbare Teil des Eisbergs heißt Eisbergkiel.",1,0,1
"900",11,1,24,1,"Robbie Williams heißt mit Zweitnamen 'Maximilian'.",0,1,1
"901",11,1,24,1,"Der Javagraben ist die tiefste Meerestiefe der Welt.",0,0,6
"902",11,1,24,1,"Das Zwerghörnchen ist das kleinste Säugetier Europas.",1,1,1
"903",11,1,24,1,"Spanien ist ein Gründungsmitglied der UNO.",0,1,4
"904",11,1,24,1,"Auf indischen Rupienscheinen sind 12 verschiedene Schriften.",1,1,1
"905",11,1,24,1,"Seoul bedeutet auf koreanisch 'Die Hauptstadt'.",1,1,6
"906",11,1,24,1,"Die Wüste Gobi ist eine Felswüste.",0,0,3
"907",11,1,24,1,"Nur Menschen und Affen besitzen einen Bauchnabel.",1,1,3
"908",11,1,24,1,"Albany ist die Hauptstadt des US-Bundesstaates New Jersey.",1,1,3
"909",11,1,24,1,"Minerva ist die römische Göttin der Weisheit.",0,1,4
"910",11,1,24,1,"Der Schwertwal gehört zur Gattung der Delfine.",1,1,6
"911",11,1,24,1,"Tom Cruise ist Legastheniker.",0,1,5
"912",11,1,24,1,"Der Goliathfrosch kann sogar kleine Krokodile verspeisen.",1,1,3
"913",11,1,24,1,"Die Sektsteuer wurde von Friedrich Ebert eingeführt.",0,1,2
"914",11,1,24,1,"Das Capybara ist das größte aller Beuteltiere.",0,1,5
"915",11,1,24,1,"Der Erfinder des Bikinis war ursprünglich Schuhdesigner.",1,1,3
"916",11,1,24,1,"Für Descartes wies Schielen bei Frauen auf Frigidität hin.",1,1,4
"917",11,1,24,1,"Island ist geologisch das jüngste Inselland der Welt.",1,1,5
"918",11,1,24,1,"Giséle Bündchen hat einen Zwillingsbruder.",0,1,1
"919",11,1,24,1,"Das meiste Gold wird derzeit in Südafrika gefördert.",0,1,1
"920",11,1,24,1,"Das Domino-Spiel besteht aus 28 Steinen.",0,1,4
"921",11,1,24,1,"Magnesiummangel kann zu Hautproblemen führen.",1,1,6
"922",11,2,24,1,"Die Insel Ösel gehört zu Dänemark.",1,1,1
"923",11,2,24,1,"Zuckerwatte wurde von einem Flugzeugpiloten erfunden.",0,0,1
"924",11,2,24,1,"Austern wechseln je nach Jahreszeit ihr Geschlecht.",1,1,1
"925",11,1,24,1,"Frauen blinzeln fast doppelt so viel wie Männer.",0,1,2
"926",11,1,24,1,"Schweine können keinen Sonnenbrand bekommen.",0,0,6
"927",11,1,24,1,"Das türkische Bad wurde in Griechenland erfunden.",0,1,2
"928",11,1,24,1,"In Uganda ist die Amtssprache englisch.",1,1,4
"929",11,1,24,1,"Der Nacktmull ist das schmerzempfindlichste Tier der Welt.",0,1,2
"930",11,1,24,1,"Der Allradantrieb wurde 1938 in England erfunden.",1,1,3
"931",11,1,24,1,"Die längsten Opern stammen von Gioacchino Rossini.",1,0,1
"932",11,2,24,1,"Der Wassergehalt bei Beeren beträgt 90%.",0,1,5
"933",11,2,24,1,"Brad Pitt heißt eigentlich 'Henry Bradley Pitt'.",1,1,2
"934",11,2,24,1,"Blaue Augen werden im Alter immer heller.",0,1,1
"935",11,2,24,1,"Der Maler Marc Chagall wurde 1887 in Russland geboren.",1,0,1
"936",11,2,24,1,"Patagonien ist ein Landschaftsabschnitt in Asien.",1,0,6
"937",11,2,24,1,"Goethe schrieb genau 64 Jahre lang an seinem 'Faust'.",0,0,1
"938",11,2,24,1,"Hernando Cortéz eroberte Mexiko.",0,0,6
"939",11,2,24,1,"Der Basenji ist der einzige Hund, der nicht bellt.",1,1,2
"940",11,2,24,1,"In USA wird kein Teletext ausgestrahlt.",0,1,3
"941",11,2,24,1,"Die Azoren gehören zu Spanien.",1,0,6
"942",11,2,24,1,"Kokosnüsse haben einen höheren Fettanteil als Pistazien.",0,1,6
"943",11,2,24,1,"Der mitteleuropäische Feldschwirl ist kein Zugvogel.",0,1,1
"944",12,1,21,1,"Das türkische Bad wurde in Griechenland erfunden.",0,1,2
"945",12,1,21,1,"Spanien ist ein Gründungsmitglied der UNO.",0,1,6
"946",12,1,21,1,"Seoul bedeutet auf koreanisch 'Die Hauptstadt'.",1,1,6
"947",12,1,21,1,"Der Film 'Pretty Woman' gewann keinen Oscar.",0,1,1
"948",12,1,21,1,"Giséle Bündchen hat einen Zwillingsbruder.",0,0,1
"949",12,1,21,1,"Alle Uhren im Film 'Pulp Fiction' stehen auf 4.10 Uhr.",0,0,1
"950",12,2,21,1,"Die Ostgoten zählten zum Stamm der Normannen.",1,1,2
"951",12,1,21,1,"Das Finn-Dingi ist ein Einmannboot beim Sportsegeln.",1,1,6
"952",12,1,21,1,"Island ist geologisch das jüngste Inselland der Welt.",1,0,1
"953",12,1,21,1,"Nicole Kidman hat panische Angst vor Schmetterlingen.",0,1,2
"954",12,1,21,1,"In Uganda ist die Amtssprache englisch.",1,0,6
"955",12,1,21,1,"Die kanadische Sängerin Celine Dion hat acht Geschwister.",1,1,2
"956",12,1,21,1,"Nur Menschen und Affen besitzen einen Bauchnabel.",1,1,6
"957",12,1,21,1,"Die Sektsteuer wurde von Friedrich Ebert eingeführt.",0,1,1
"958",12,1,21,1,"Der Ladogasee ist der größte See Europas.",1,1,6
"959",12,1,21,1,"Der Erfinder des Bikinis war ursprünglich Schuhdesigner.",1,1,6
"960",12,1,21,1,"Bei den italienischen Wahlen 2008 traten 62 Parteien an.",0,0,2
"961",12,1,21,1,"Erdbeeren enthalten mehr Vitamin C als Orangen.",1,0,6
"962",12,1,21,1,"Minerva ist die römische Göttin der Weisheit.",0,0,3
"963",12,1,21,1,"Die Küstenseeschwalbe fliegt jedes Jahr fast 40000 km.",1,1,6
"964",12,1,21,1,"Tom Cruise ist Legastheniker.",0,0,6
"965",12,1,21,1,"Albany ist die Hauptstadt des US-Bundesstaates New Jersey.",1,0,4
"966",12,1,21,1,"Sheryl Crow war Hürdenläuferin.",1,1,3
"967",12,1,21,1,"Das meiste Gold wird derzeit in Südafrika gefördert.",0,1,5
"968",12,1,21,1,"Volleyball wurde in Florida erfunden.",0,1,3
"969",12,1,21,1,"Das Capybara ist das größte aller Beuteltiere.",0,1,2
"970",12,1,21,1,"Der Javagraben ist die tiefste Meerestiefe der Welt.",0,0,5
"971",12,1,21,1,"Schären sind Talgletscher in Skandinavien.",1,0,1
"972",12,1,21,1,"Der Bereich zwischen den Augenbrauen heißt Glabella.",0,0,1
"973",12,1,21,1,"Magnesiummangel kann zu Hautproblemen führen.",1,1,6
"974",12,1,21,1,"Seepferdchen gehören zur Gattung der Fische.",0,0,6
"975",12,1,21,1,"Tequila wird aus dem Herzen der roten Agave gewonnen.",1,1,6
"976",12,1,21,1,"Der Allradantrieb wurde 1938 in England erfunden.",1,0,6
"977",12,1,21,1,"Robbie Williams heißt mit Zweitnamen 'Maximilian'.",0,1,1
"978",12,1,21,1,"Schweine können keinen Sonnenbrand bekommen.",0,1,4
"979",12,1,21,1,"Ein Menschenfloh kann 20cm hoch springen.",0,0,2
"980",12,1,21,1,"Die Erde wird in 340 Längenkreise unterteilt.",0,0,6
"981",12,1,21,1,"In den USA gibt es die meisten Milliardäre auf der Welt.",1,1,6
"982",12,1,21,1,"Eine Bienenkönigin legt durchschnittlich 500 Eier am Tag.",1,0,6
"983",12,1,21,1,"Die erste elektronische Mail wurde im Jahr 1973 versendet.",1,1,6
"984",12,1,21,1,"Für Descartes wies Schielen bei Frauen auf Frigidität hin.",1,1,6
"985",12,1,21,1,"Die Luftpumpe ist eine französische Erfindung.",0,1,2
"986",12,1,21,1,"Die Insektenkunde wird auch Entomologie genannt.",0,1,2
"987",12,1,21,1,"Auf indischen Rupienscheinen sind 12 verschiedene Schriften.",1,1,4
"988",12,1,21,1,"Der Nacktmull ist das schmerzempfindlichste Tier der Welt.",0,1,2
"989",12,1,21,1,"Der Goliathfrosch kann sogar kleine Krokodile verspeisen.",1,1,6
"990",12,1,21,1,"Der Schwertwal gehört zur Gattung der Delfine.",1,1,6
"991",12,1,21,1,"Der Speisesaal eines Klosters wird Refektorium genannt.",1,1,1
"992",12,1,21,1,"Ein Biber kann in einem Jahr über 200 Bäume fällen.",0,1,4
"993",12,1,21,1,"Das Zwerghörnchen ist das kleinste Säugetier Europas.",1,0,1
"994",12,1,21,1,"Einen kastrierten Esel nennt man auch Macker oder Knilch.",1,1,6
"995",12,1,21,1,"Frauen blinzeln fast doppelt so viel wie Männer.",0,1,2
"996",12,1,21,1,"Die Tochter von Sydney Poitier heißt Sydney Poitier.",0,1,2
"997",12,1,21,1,"Die längsten Opern stammen von Gioacchino Rossini.",1,1,6
"998",12,1,21,1,"Alexander Graham Bell erfand das Tragflügelboot.",1,0,1
"999",12,1,21,1,"Bob Dylan arbeitet nebenberuflich als Winzer.",1,1,6
"1000",12,1,21,1,"Sumatra ist die viertgrößte Insel der Welt.",0,0,2
"1001",12,1,21,1,"Winston Churchill erhielt den Nobelpreis für Literatur.",1,1,6
"1002",12,1,21,1,"Das Domino-Spiel besteht aus 28 Steinen.",0,1,2
"1003",12,1,21,1,"Die Wüste Gobi ist eine Felswüste.",0,1,5
"1004",12,1,21,1,"Ein Schwan trägt ca. 50.000 Federn am Körper.",0,1,2
"1005",12,2,21,1,"Hernando Cortéz eroberte Mexiko.",1,1,6
"1006",12,2,21,1,"Blaue Augen werden im Alter immer heller.",1,0,2
"1007",12,2,21,1,"Ein neugeborenes Panda-Baby ist kleiner als eine Maus.",1,0,5
"1008",12,2,21,1,"Frauen bekommen häufiger einen Schluckauf als Männer.",1,1,6
"1009",12,2,21,1,"Der Mond passt vierzigmal in die Erdkugel.",0,1,6
"1010",12,2,21,1,"Der Maler Marc Chagall wurde 1887 in Russland geboren.",0,1,2
"1011",12,2,21,1,"Der Wassergehalt bei Beeren beträgt 90%.",1,0,3
"1012",12,2,21,1,"Kokosnüsse haben einen höheren Fettanteil als Pistazien.",1,1,6
"1013",12,2,21,1,"Der Name 'Wowereit' heißt auf Litauisch Eichhörnchen.",1,1,3
"1014",12,2,21,1,"Die Nachfolger Mohammeds bezeichnet man als Kalifen.",0,1,6
"1015",12,2,21,1,"Jean-Jaques Rousseau war alleinerziehender Vater.",1,0,1
"1016",12,2,21,1,"Das Jojo war ursprünglich eine philippinische Jagdwaffe.",0,1,6
"1017",12,2,21,1,"Unsere Atmosphäre enthält rund 0,00025 % Ozon.",0,1,6
"1018",12,2,21,1,"Nauru ist die kleinste souveräne Republik der Erde.",1,1,6
"1019",12,2,21,1,"Schlangen sind taub, da kein Außenohr vorhanden ist.",0,1,3
"1020",12,2,21,1,"Die Wüste Dahna liegt in Saudi-Arabien.",1,1,1
"1021",12,2,21,1,"Beim Rugby gibt es 30 Spieler.",1,1,2
"1022",12,2,21,1,"Sambia hieß früher Nordrhodesien.",1,1,1
"1023",12,2,21,1,"Tennis wurde in englischen Klöstern erfunden.",1,1,2
"1024",12,2,21,1,"French Fries' wurden in England erfunden.",0,0,5
"1025",12,2,21,1,"Delphine schwimmen höchstens 54 Kilometer pro Stunde.",0,0,2
"1026",12,2,21,1,"Lybien ist das einzige Land mit einer einfarbigen Flagge.",0,0,6
"1027",12,2,21,1,"Die Slowakei gehört nicht zu den NATO-Staaten.",0,1,2
"1028",12,2,21,1,"Goethe schrieb genau 64 Jahre lang an seinem 'Faust'.",1,1,6
"1029",12,2,21,1,"Die Volksrepublik China wurde 1947 gegründet.",1,1,2
"1030",12,2,21,1,"Bolivien ist der kleinste Binnenstaat Südamerikas.",0,1,3
"1031",12,2,21,1,"Der höchste nordamerikanische Berg liegt in Wyoming.",0,1,4
"1032",12,2,21,1,"Keime sterben auf Holz schneller ab als auf Plastik.",1,1,6
"1033",12,2,21,1,"Spanholz besteht hauptsächlich aus Birkenholz.",1,1,2
"1034",12,2,21,1,"Ein Nilpferd wiegt bei seiner Geburt ca. 150kg.",1,0,2
"1035",12,2,21,1,"Brad Pitt heißt eigentlich 'Henry Bradley Pitt'.",0,1,2
"1036",12,2,21,1,"Weibliche Taranteln töten circa 99% ihrer Nachkommen.",1,1,6
"1037",12,2,21,1,"Es gibt 56 verschiedene Arten eine Krawatte zu binden.",0,0,3
"1038",12,2,21,1,"Der Reißverschluss wurde in Norwegen erfunden.",1,1,1
"1039",12,2,21,1,"Die Azoren gehören zu Spanien.",0,1,4
"1040",12,2,21,1,"Die Norfolkinseln im Pazifik gehören zu Neuseeland.",0,0,1
"1041",12,2,21,1,"In Angola ist Spanisch die offizielle Amtssprache.",1,1,6
"1042",12,2,21,1,"Zuckerwatte wurde von einem Flugzeugpiloten erfunden.",1,1,2
"1043",12,2,21,1,"Der mitteleuropäische Feldschwirl ist kein Zugvogel.",1,1,2
"1044",12,2,21,1,"Der Basenji ist der einzige Hund, der nicht bellt.",0,1,6
"1045",12,2,21,1,"Balsaholz ist die schwerste aller Holzarten.",1,1,6
"1046",12,2,21,1,"Der nicht sichtbare Teil des Eisbergs heißt Eisbergkiel.",0,1,5
"1047",12,2,21,1,"In USA wird kein Teletext ausgestrahlt.",1,1,4
"1048",12,2,21,1,"Die Augen eines Straußes sind größer als sein Gehirn.",0,1,5
"1049",12,2,21,1,"Das Lieblingsgetränk von Benedikt XVI. ist Fanta.",0,1,2
"1050",12,2,21,1,"Manama ist die Hauptstadt Bahrains.",0,1,1
"1051",12,2,21,1,"Patagonien ist ein Landschaftsabschnitt in Asien.",0,1,1
"1052",12,2,21,1,"Morpheus ist der griechische Gott der Träume.",0,1,5
"1053",12,2,21,1,"Lachse können bis zu 20 Jahre alt werden.",1,0,1
"1054",12,2,21,1,"Kleinohrigel haben keine Stacheln.",1,0,1
"1055",12,2,21,1,"Wenn Nilpferde sich aufregen, färbt sich ihr Schweiß grün.",0,1,1
"1056",12,2,21,1,"Die Angst vor dem Küssen nennt man Philemaphobie.",0,1,2
"1057",12,2,21,1,"Die Insel Ösel gehört zu Dänemark.",0,1,5
"1058",12,2,21,1,"Austern wechseln je nach Jahreszeit ihr Geschlecht.",0,0,5
"1059",12,2,21,1,"Der griechische Gott Apollon ist der Schutzherr der Küste.",0,1,2
"1060",12,2,21,1,"Die Schwarzerle zählt zu den Buchengewächsen.",0,1,6
"1061",12,2,21,1,"Freddie Mercurys richtiger Name lautete Farrokh Bulsara.",0,1,6
"1062",12,2,21,1,"Ein menschliches Haar wächst jährlich ca. 85 mm.",1,1,5
"1063",12,2,21,1,"Wladimir Putin wurde in Murmansk geboren.",1,1,2
"1064",13,1,20,1,"Frauen bekommen häufiger einen Schluckauf als Männer.",1,1,2
"1065",13,1,20,1,"Es gibt 56 verschiedene Arten eine Krawatte zu binden.",0,1,2
"1066",13,1,20,1,"Austern wechseln je nach Jahreszeit ihr Geschlecht.",0,0,1
"1067",13,1,20,1,"Lachse können bis zu 20 Jahre alt werden.",1,1,3
"1068",13,1,20,1,"Die Schwarzerle zählt zu den Buchengewächsen.",0,1,2
"1069",13,1,20,1,"Hernando Cortéz eroberte Mexiko.",1,1,3
"1070",13,1,20,1,"Die Nachfolger Mohammeds bezeichnet man als Kalifen.",0,1,2
"1071",13,1,20,1,"Der Wassergehalt bei Beeren beträgt 90%.",1,0,3
"1072",13,1,20,1,"Goethe schrieb genau 64 Jahre lang an seinem 'Faust'.",1,1,2
"1073",13,1,20,1,"Der Maler Marc Chagall wurde 1887 in Russland geboren.",0,0,1
"1074",13,1,20,1,"Die Wüste Dahna liegt in Saudi-Arabien.",1,1,1
"1075",13,1,20,1,"In USA wird kein Teletext ausgestrahlt.",1,1,2
"1076",13,1,20,1,"Der höchste nordamerikanische Berg liegt in Wyoming.",0,0,1
"1077",13,1,20,1,"Brad Pitt heißt eigentlich 'Henry Bradley Pitt'.",0,1,1
"1078",13,2,20,1,"Das Capybara ist das größte aller Beuteltiere.",0,1,1
"1079",13,2,20,1,"Der Speisesaal eines Klosters wird Refektorium genannt.",1,1,2
"1080",13,2,20,1,"Frauen blinzeln fast doppelt so viel wie Männer.",0,1,2
"1081",13,2,20,1,"Auf indischen Rupienscheinen sind 12 verschiedene Schriften.",1,0,2
"1082",13,2,20,1,"Die kanadische Sängerin Celine Dion hat acht Geschwister.",1,1,2
"1083",13,2,20,1,"Der Javagraben ist die tiefste Meerestiefe der Welt.",0,0,1
"1084",13,2,20,1,"In den USA gibt es die meisten Milliardäre auf der Welt.",1,1,3
"1085",13,2,20,1,"Alexander Graham Bell erfand das Tragflügelboot.",1,1,1
"1086",13,2,20,1,"Ein Menschenfloh kann 20cm hoch springen.",0,1,2
"1087",13,1,20,1,"Das Jojo war ursprünglich eine philippinische Jagdwaffe.",0,0,2
"1088",13,2,20,1,"Seoul bedeutet auf koreanisch 'Die Hauptstadt'.",1,1,2
"1089",13,2,20,1,"Nur Menschen und Affen besitzen einen Bauchnabel.",1,1,2
"1090",13,2,20,1,"Schweine können keinen Sonnenbrand bekommen.",0,1,3
"1091",13,2,20,1,"Die Insektenkunde wird auch Entomologie genannt.",0,1,2
"1092",13,2,20,1,"In Uganda ist die Amtssprache englisch.",1,1,3
"1093",13,2,20,1,"Bob Dylan arbeitet nebenberuflich als Winzer.",1,0,2
"1094",13,2,20,1,"Ein Schwan trägt ca. 50.000 Federn am Körper.",0,1,1
"1095",13,2,20,1,"Erdbeeren enthalten mehr Vitamin C als Orangen.",1,0,3
"1096",13,2,20,1,"Das Zwerghörnchen ist das kleinste Säugetier Europas.",1,0,2
"1097",13,2,20,1,"Die Wüste Gobi ist eine Felswüste.",0,1,2
"1098",13,2,20,1,"Der Erfinder des Bikinis war ursprünglich Schuhdesigner.",1,1,2
"1099",13,2,20,1,"Der Bereich zwischen den Augenbrauen heißt Glabella.",0,1,1
"1100",13,2,20,1,"Der Film 'Pretty Woman' gewann keinen Oscar.",0,0,2
"1101",13,2,20,1,"Spanien ist ein Gründungsmitglied der UNO.",0,1,1
"1102",13,2,20,1,"Winston Churchill erhielt den Nobelpreis für Literatur.",1,0,2
"1103",13,2,20,1,"Das türkische Bad wurde in Griechenland erfunden.",0,1,3
"1104",13,2,20,1,"Magnesiummangel kann zu Hautproblemen führen.",1,1,3
"1105",13,2,20,1,"Die Luftpumpe ist eine französische Erfindung.",0,1,1
"1106",13,2,20,1,"Tequila wird aus dem Herzen der roten Agave gewonnen.",1,1,2
"1107",13,2,20,1,"Der Nacktmull ist das schmerzempfindlichste Tier der Welt.",0,1,1
"1108",13,2,20,1,"Albany ist die Hauptstadt des US-Bundesstaates New Jersey.",1,0,1
"1109",13,2,20,1,"Tom Cruise ist Legastheniker.",0,1,1
"1110",13,2,20,1,"Die Sektsteuer wurde von Friedrich Ebert eingeführt.",0,0,1
"1111",13,2,20,1,"Robbie Williams heißt mit Zweitnamen 'Maximilian'.",0,1,1
"1112",13,2,20,1,"Der Allradantrieb wurde 1938 in England erfunden.",1,0,1
"1113",13,2,20,1,"Seepferdchen gehören zur Gattung der Fische.",0,1,1
"1114",13,2,20,1,"Der Ladogasee ist der größte See Europas.",1,0,3
"1115",13,2,20,1,"Die Küstenseeschwalbe fliegt jedes Jahr fast 40000 km.",1,1,2
"1116",13,2,20,1,"Die längsten Opern stammen von Gioacchino Rossini.",1,1,2
"1117",13,2,20,1,"Der Goliathfrosch kann sogar kleine Krokodile verspeisen.",1,0,1
"1118",13,2,20,1,"Das meiste Gold wird derzeit in Südafrika gefördert.",0,1,2
"1119",13,2,20,1,"Die Tochter von Sydney Poitier heißt Sydney Poitier.",0,1,1
"1120",13,2,20,1,"Sumatra ist die viertgrößte Insel der Welt.",0,0,2
"1121",13,2,20,1,"Minerva ist die römische Göttin der Weisheit.",0,1,3
"1122",13,2,20,1,"Die erste elektronische Mail wurde im Jahr 1973 versendet.",1,1,3
"1123",13,1,20,1,"Der Mond passt vierzigmal in die Erdkugel.",0,0,1
"1124",13,1,20,1,"Der Name 'Wowereit' heißt auf Litauisch Eichhörnchen.",1,1,1
"1125",13,1,20,1,"Blaue Augen werden im Alter immer heller.",1,1,4
"1126",13,1,20,1,"Wladimir Putin wurde in Murmansk geboren.",1,1,2
"1127",13,1,20,1,"Morpheus ist der griechische Gott der Träume.",0,0,1
"1128",13,1,20,1,"Ein menschliches Haar wächst jährlich ca. 85 mm.",1,1,4
"1129",13,1,20,1,"Balsaholz ist die schwerste aller Holzarten.",1,1,3
"1130",13,1,20,1,"Schlangen sind taub, da kein Außenohr vorhanden ist.",0,0,1
"1131",13,1,20,1,"Die Insel Ösel gehört zu Dänemark.",0,1,2
"1132",13,1,20,1,"In Angola ist Spanisch die offizielle Amtssprache.",1,1,3
"1133",13,1,20,1,"Zuckerwatte wurde von einem Flugzeugpiloten erfunden.",1,0,1
"1134",13,1,20,1,"Unsere Atmosphäre enthält rund 0,00025 % Ozon.",0,0,2
"1135",13,1,20,1,"Patagonien ist ein Landschaftsabschnitt in Asien.",0,1,2
"1136",13,1,20,1,"Die Slowakei gehört nicht zu den NATO-Staaten.",0,1,1
"1137",13,1,20,1,"Sambia hieß früher Nordrhodesien.",1,0,1
"1138",13,1,20,1,"Manama ist die Hauptstadt Bahrains.",0,0,1
"1139",13,1,20,1,"Ein Nilpferd wiegt bei seiner Geburt ca. 150kg.",1,1,1
"1140",13,2,20,1,"Die Erde wird in 340 Längenkreise unterteilt.",0,1,1
"1141",13,1,20,1,"Der Basenji ist der einzige Hund, der nicht bellt.",0,0,1
"1142",13,1,20,1,"Nauru ist die kleinste souveräne Republik der Erde.",1,1,1
"1143",13,1,20,1,"Jean-Jaques Rousseau war alleinerziehender Vater.",1,1,1
"1144",13,1,20,1,"Delphine schwimmen höchstens 54 Kilometer pro Stunde.",0,0,1
"1145",13,1,20,1,"Der mitteleuropäische Feldschwirl ist kein Zugvogel.",1,1,1
"1146",13,1,20,1,"Freddie Mercurys richtiger Name lautete Farrokh Bulsara.",0,0,1
"1147",13,1,20,1,"Der Reißverschluss wurde in Norwegen erfunden.",1,1,2
"1148",13,1,20,1,"Lybien ist das einzige Land mit einer einfarbigen Flagge.",0,0,1
"1149",13,1,20,1,"Bolivien ist der kleinste Binnenstaat Südamerikas.",0,0,1
"1150",13,1,20,1,"Beim Rugby gibt es 30 Spieler.",1,1,1
"1151",13,1,20,1,"Spanholz besteht hauptsächlich aus Birkenholz.",1,1,2
"1152",13,1,20,1,"Die Augen eines Straußes sind größer als sein Gehirn.",0,1,2
"1153",13,1,20,1,"Die Azoren gehören zu Spanien.",0,1,3
"1154",13,1,20,1,"Die Angst vor dem Küssen nennt man Philemaphobie.",0,1,2
"1155",13,1,20,1,"Das Lieblingsgetränk von Benedikt XVI. ist Fanta.",0,0,3
"1156",13,1,20,1,"Kokosnüsse haben einen höheren Fettanteil als Pistazien.",1,1,4
"1157",13,1,20,1,"Wenn Nilpferde sich aufregen, färbt sich ihr Schweiß grün.",0,0,1
"1158",13,1,20,1,"Der nicht sichtbare Teil des Eisbergs heißt Eisbergkiel.",0,1,3
"1159",13,1,20,1,"Die Ostgoten zählten zum Stamm der Normannen.",1,1,3
"1160",13,1,20,1,"Tennis wurde in englischen Klöstern erfunden.",1,1,2
"1161",13,1,20,1,"Der griechische Gott Apollon ist der Schutzherr der Küste.",0,0,4
"1162",13,1,20,1,"Die Volksrepublik China wurde 1947 gegründet.",1,0,3
"1163",13,2,20,1,"Das Domino-Spiel besteht aus 28 Steinen.",0,1,2
"1164",13,2,20,1,"Der Schwertwal gehört zur Gattung der Delfine.",1,0,1
"1165",13,2,20,1,"Nicole Kidman hat panische Angst vor Schmetterlingen.",0,0,1
"1166",13,2,20,1,"Das Finn-Dingi ist ein Einmannboot beim Sportsegeln.",1,0,1
"1167",13,1,20,1,"Ein neugeborenes Panda-Baby ist kleiner als eine Maus.",1,0,1
"1168",13,1,20,1,"Weibliche Taranteln töten circa 99% ihrer Nachkommen.",1,1,3
"1169",13,1,20,1,"Die Norfolkinseln im Pazifik gehören zu Neuseeland.",0,1,2
"1170",13,1,20,1,"French Fries' wurden in England erfunden.",0,1,3
"1171",13,1,20,1,"Keime sterben auf Holz schneller ab als auf Plastik.",1,1,3
"1172",13,1,20,1,"Kleinohrigel haben keine Stacheln.",1,1,2
"1173",13,2,20,1,"Eine Bienenkönigin legt durchschnittlich 500 Eier am Tag.",1,0,2
"1174",13,2,20,1,"Einen kastrierten Esel nennt man auch Macker oder Knilch.",1,0,2
"1175",13,2,20,1,"Volleyball wurde in Florida erfunden.",0,1,1
"1176",13,2,20,1,"Sheryl Crow war Hürdenläuferin.",1,1,1
"1177",13,2,20,1,"Für Descartes wies Schielen bei Frauen auf Frigidität hin.",1,1,2
"1178",13,2,20,1,"Alle Uhren im Film 'Pulp Fiction' stehen auf 4.10 Uhr.",0,1,2
"1179",13,2,20,1,"Bei den italienischen Wahlen 2008 traten 62 Parteien an.",0,1,2
"1180",13,2,20,1,"Ein Biber kann in einem Jahr über 200 Bäume fällen.",0,1,1
"1181",13,2,20,1,"Giséle Bündchen hat einen Zwillingsbruder.",0,1,1
"1182",13,2,20,1,"Schären sind Talgletscher in Skandinavien.",1,0,2
"1183",13,2,20,1,"Island ist geologisch das jüngste Inselland der Welt.",1,1,2
"1184",14,1,21,1,"Spanholz besteht hauptsächlich aus Birkenholz.",1,0,5
"1185",14,1,21,1,"Ein Nilpferd wiegt bei seiner Geburt ca. 150kg.",1,1,4
"1186",14,1,21,1,"Jean-Jaques Rousseau war alleinerziehender Vater.",1,1,4
"1187",14,1,21,1,"Blaue Augen werden im Alter immer heller.",1,1,6
"1188",14,2,21,1,"Das Finn-Dingi ist ein Einmannboot beim Sportsegeln.",0,0,2
"1189",14,2,21,1,"Der Bereich zwischen den Augenbrauen heißt Glabella.",1,1,3
"1190",14,2,21,1,"Winston Churchill erhielt den Nobelpreis für Literatur.",0,0,4
"1191",14,2,21,1,"Auf indischen Rupienscheinen sind 12 verschiedene Schriften.",0,1,3
"1192",14,2,21,1,"Die Sektsteuer wurde von Friedrich Ebert eingeführt.",1,1,2
"1193",14,1,21,1,"Weibliche Taranteln töten circa 99% ihrer Nachkommen.",1,1,4
"1194",14,1,21,1,"Die Insel Ösel gehört zu Dänemark.",0,1,3
"1195",14,1,21,1,"Kleinohrigel haben keine Stacheln.",1,0,2
"1196",14,1,21,1,"Das Jojo war ursprünglich eine philippinische Jagdwaffe.",0,0,3
"1197",14,1,21,1,"Nauru ist die kleinste souveräne Republik der Erde.",1,1,3
"1198",14,2,21,1,"Seepferdchen gehören zur Gattung der Fische.",1,0,6
"1199",14,2,21,1,"Der Film 'Pretty Woman' gewann keinen Oscar.",1,0,4
"1200",14,2,21,1,"Frauen blinzeln fast doppelt so viel wie Männer.",1,0,3
"1201",14,1,21,1,"Die Norfolkinseln im Pazifik gehören zu Neuseeland.",0,0,4
"1202",14,1,21,1,"Unsere Atmosphäre enthält rund 0,00025 % Ozon.",0,0,4
"1203",14,1,21,1,"Der Mond passt vierzigmal in die Erdkugel.",0,1,3
"1204",14,1,21,1,"In USA wird kein Teletext ausgestrahlt.",1,1,4
"1205",14,1,21,1,"Der höchste nordamerikanische Berg liegt in Wyoming.",0,1,3
"1206",14,1,21,1,"French Fries' wurden in England erfunden.",0,0,2
"1207",14,1,21,1,"Schlangen sind taub, da kein Außenohr vorhanden ist.",0,1,3
"1208",14,1,21,1,"Die Augen eines Straußes sind größer als sein Gehirn.",0,1,4
"1209",14,1,21,1,"Manama ist die Hauptstadt Bahrains.",0,1,3
"1210",14,1,21,1,"Hernando Cortéz eroberte Mexiko.",1,1,4
"1211",14,1,21,1,"Der mitteleuropäische Feldschwirl ist kein Zugvogel.",1,1,4
"1212",14,1,21,1,"Es gibt 56 verschiedene Arten eine Krawatte zu binden.",0,1,3
"1213",14,1,21,1,"Die Ostgoten zählten zum Stamm der Normannen.",1,1,4
"1214",14,1,21,1,"Goethe schrieb genau 64 Jahre lang an seinem 'Faust'.",1,1,3
"1215",14,1,21,1,"Austern wechseln je nach Jahreszeit ihr Geschlecht.",0,1,3
"1216",14,1,21,1,"Morpheus ist der griechische Gott der Träume.",0,0,3
"1217",14,1,21,1,"Wenn Nilpferde sich aufregen, färbt sich ihr Schweiß grün.",0,1,2
"1218",14,1,21,1,"Das Lieblingsgetränk von Benedikt XVI. ist Fanta.",0,1,3
"1219",14,1,21,1,"Die Wüste Dahna liegt in Saudi-Arabien.",1,1,2
"1220",14,1,21,1,"Der Wassergehalt bei Beeren beträgt 90%.",1,1,4
"1221",14,1,21,1,"Der nicht sichtbare Teil des Eisbergs heißt Eisbergkiel.",0,1,3
"1222",14,1,21,1,"Lybien ist das einzige Land mit einer einfarbigen Flagge.",0,0,5
"1223",14,1,21,1,"Ein neugeborenes Panda-Baby ist kleiner als eine Maus.",1,0,4
"1224",14,1,21,1,"Kokosnüsse haben einen höheren Fettanteil als Pistazien.",1,1,4
"1225",14,1,21,1,"Tennis wurde in englischen Klöstern erfunden.",1,1,3
"1226",14,1,21,1,"Der griechische Gott Apollon ist der Schutzherr der Küste.",0,1,3
"1227",14,1,21,1,"Wladimir Putin wurde in Murmansk geboren.",1,1,2
"1228",14,1,21,1,"Der Name 'Wowereit' heißt auf Litauisch Eichhörnchen.",1,1,3
"1229",14,1,21,1,"Der Reißverschluss wurde in Norwegen erfunden.",1,0,4
"1230",14,1,21,1,"Die Azoren gehören zu Spanien.",0,1,3
"1231",14,1,21,1,"Patagonien ist ein Landschaftsabschnitt in Asien.",0,1,2
"1232",14,1,21,1,"Keime sterben auf Holz schneller ab als auf Plastik.",1,0,5
"1233",14,1,21,1,"Der Maler Marc Chagall wurde 1887 in Russland geboren.",0,1,3
"1234",14,1,21,1,"Lachse können bis zu 20 Jahre alt werden.",1,1,3
"1235",14,1,21,1,"Delphine schwimmen höchstens 54 Kilometer pro Stunde.",0,1,4
"1236",14,1,21,1,"Die Volksrepublik China wurde 1947 gegründet.",1,0,6
"1237",14,1,21,1,"Zuckerwatte wurde von einem Flugzeugpiloten erfunden.",1,1,3
"1238",14,1,21,1,"Brad Pitt heißt eigentlich 'Henry Bradley Pitt'.",0,1,3
"1239",14,1,21,1,"Ein menschliches Haar wächst jährlich ca. 85 mm.",1,0,4
"1240",14,1,21,1,"Die Schwarzerle zählt zu den Buchengewächsen.",0,1,3
"1241",14,1,21,1,"Beim Rugby gibt es 30 Spieler.",1,1,1
"1242",14,1,21,1,"Die Angst vor dem Küssen nennt man Philemaphobie.",0,1,3
"1243",14,1,21,1,"Balsaholz ist die schwerste aller Holzarten.",1,1,2
"1244",14,1,21,1,"Der Basenji ist der einzige Hund, der nicht bellt.",0,0,4
"1245",14,1,21,1,"Sambia hieß früher Nordrhodesien.",1,1,4
"1246",14,2,21,1,"Tom Cruise ist Legastheniker.",1,1,3
"1247",14,2,21,1,"Der Erfinder des Bikinis war ursprünglich Schuhdesigner.",0,1,3
"1248",14,2,21,1,"Die Erde wird in 340 Längenkreise unterteilt.",1,1,2
"1249",14,2,21,1,"Das Capybara ist das größte aller Beuteltiere.",1,1,4
"1250",14,2,21,1,"Ein Biber kann in einem Jahr über 200 Bäume fällen.",1,1,5
"1251",14,2,21,1,"Für Descartes wies Schielen bei Frauen auf Frigidität hin.",0,0,2
"1252",14,2,21,1,"Spanien ist ein Gründungsmitglied der UNO.",1,1,4
"1253",14,2,21,1,"Seoul bedeutet auf koreanisch 'Die Hauptstadt'.",0,1,3
"1254",14,2,21,1,"Minerva ist die römische Göttin der Weisheit.",1,1,3
"1255",14,2,21,1,"Volleyball wurde in Florida erfunden.",1,1,3
"1256",14,2,21,1,"Der Speisesaal eines Klosters wird Refektorium genannt.",0,1,4
"1257",14,2,21,1,"In den USA gibt es die meisten Milliardäre auf der Welt.",0,1,5
"1258",14,2,21,1,"Ein Menschenfloh kann 20cm hoch springen.",1,0,3
"1259",14,2,21,1,"In Uganda ist die Amtssprache englisch.",0,1,3
"1260",14,2,21,1,"Robbie Williams heißt mit Zweitnamen 'Maximilian'.",1,1,3
"1261",14,2,21,1,"Die Küstenseeschwalbe fliegt jedes Jahr fast 40000 km.",0,1,4
"1262",14,2,21,1,"Die erste elektronische Mail wurde im Jahr 1973 versendet.",0,1,3
"1263",14,2,21,1,"Giséle Bündchen hat einen Zwillingsbruder.",1,0,2
"1264",14,2,21,1,"Die kanadische Sängerin Celine Dion hat acht Geschwister.",0,0,2
"1265",14,2,21,1,"Der Schwertwal gehört zur Gattung der Delfine.",0,1,3
"1266",14,2,21,1,"Die Luftpumpe ist eine französische Erfindung.",1,1,3
"1267",14,2,21,1,"Das meiste Gold wird derzeit in Südafrika gefördert.",1,1,4
"1268",14,2,21,1,"Der Javagraben ist die tiefste Meerestiefe der Welt.",1,0,5
"1269",14,2,21,1,"Magnesiummangel kann zu Hautproblemen führen.",0,1,5
"1270",14,2,21,1,"Bei den italienischen Wahlen 2008 traten 62 Parteien an.",1,1,3
"1271",14,2,21,1,"Island ist geologisch das jüngste Inselland der Welt.",0,1,3
"1272",14,2,21,1,"Die Tochter von Sydney Poitier heißt Sydney Poitier.",1,1,4
"1273",14,2,21,1,"Eine Bienenkönigin legt durchschnittlich 500 Eier am Tag.",0,1,5
"1274",14,2,21,1,"Die Wüste Gobi ist eine Felswüste.",1,0,2
"1275",14,2,21,1,"Die Insektenkunde wird auch Entomologie genannt.",1,1,3
"1276",14,2,21,1,"Das Domino-Spiel besteht aus 28 Steinen.",1,1,5
"1277",14,2,21,1,"Nicole Kidman hat panische Angst vor Schmetterlingen.",1,0,3
"1278",14,2,21,1,"Nur Menschen und Affen besitzen einen Bauchnabel.",0,0,6
"1279",14,2,21,1,"Der Goliathfrosch kann sogar kleine Krokodile verspeisen.",0,0,5
"1280",14,2,21,1,"Tequila wird aus dem Herzen der roten Agave gewonnen.",0,0,4
"1281",14,2,21,1,"Alle Uhren im Film 'Pulp Fiction' stehen auf 4.10 Uhr.",1,1,3
"1282",14,2,21,1,"Das Zwerghörnchen ist das kleinste Säugetier Europas.",0,0,6
"1283",14,2,21,1,"Ein Schwan trägt ca. 50.000 Federn am Körper.",1,1,4
"1284",14,2,21,1,"Alexander Graham Bell erfand das Tragflügelboot.",0,0,3
"1285",14,2,21,1,"Schären sind Talgletscher in Skandinavien.",0,1,2
"1286",14,2,21,1,"Der Ladogasee ist der größte See Europas.",0,1,4
"1287",14,2,21,1,"Das türkische Bad wurde in Griechenland erfunden.",1,1,3
"1288",14,2,21,1,"Sheryl Crow war Hürdenläuferin.",0,1,3
"1289",14,2,21,1,"Albany ist die Hauptstadt des US-Bundesstaates New Jersey.",0,0,4
"1290",14,2,21,1,"Bob Dylan arbeitet nebenberuflich als Winzer.",0,1,3
"1291",14,2,21,1,"Einen kastrierten Esel nennt man auch Macker oder Knilch.",0,0,5
"1292",14,2,21,1,"Erdbeeren enthalten mehr Vitamin C als Orangen.",0,0,3
"1293",14,2,21,1,"Der Allradantrieb wurde 1938 in England erfunden.",0,0,4
"1294",14,2,21,1,"Der Nacktmull ist das schmerzempfindlichste Tier der Welt.",1,1,4
"1295",14,2,21,1,"Schweine können keinen Sonnenbrand bekommen.",1,0,5
"1296",14,2,21,1,"Die längsten Opern stammen von Gioacchino Rossini.",0,1,2
"1297",14,2,21,1,"Sumatra ist die viertgrößte Insel der Welt.",1,0,3
"1298",15,1,20,1,"In Angola ist Spanisch die offizielle Amtssprache.",1,1,1
"1299",15,1,20,1,"Der Reißverschluss wurde in Norwegen erfunden.",1,1,1
"1300",15,1,20,1,"Ein neugeborenes Panda-Baby ist kleiner als eine Maus.",1,0,3
"1301",15,1,20,1,"Kokosnüsse haben einen höheren Fettanteil als Pistazien.",1,0,2
"1302",15,1,20,1,"Winston Churchill erhielt den Nobelpreis für Literatur.",0,0,1
"1303",15,1,20,1,"Der Speisesaal eines Klosters wird Refektorium genannt.",0,1,1
"1304",15,2,20,1,"Der Nacktmull ist das schmerzempfindlichste Tier der Welt.",0,1,1
"1305",15,2,20,1,"Das meiste Gold wird derzeit in Südafrika gefördert.",0,1,3
"1306",15,2,20,1,"Freddie Mercurys richtiger Name lautete Farrokh Bulsara.",1,0,1
"1307",15,2,20,1,"Die Angst vor dem Küssen nennt man Philemaphobie.",1,1,1
"1308",15,2,20,1,"Austern wechseln je nach Jahreszeit ihr Geschlecht.",1,0,1
"1309",15,2,20,1,"Die Nachfolger Mohammeds bezeichnet man als Kalifen.",1,1,1
"1310",15,2,20,1,"Giséle Bündchen hat einen Zwillingsbruder.",0,1,1
"1311",15,2,20,1,"Nicole Kidman hat panische Angst vor Schmetterlingen.",0,0,1
"1312",15,2,20,1,"Schlangen sind taub, da kein Außenohr vorhanden ist.",1,1,1
"1313",15,2,20,1,"Der höchste nordamerikanische Berg liegt in Wyoming.",1,1,2
"1314",15,2,20,1,"Patagonien ist ein Landschaftsabschnitt in Asien.",1,0,1
"1315",15,2,20,1,"Ein Menschenfloh kann 20cm hoch springen.",0,1,1
"1316",15,2,20,1,"Ein Schwan trägt ca. 50.000 Federn am Körper.",0,1,3
"1317",15,2,20,1,"Das Lieblingsgetränk von Benedikt XVI. ist Fanta.",1,0,1
"1318",15,2,20,1,"Der Basenji ist der einzige Hund, der nicht bellt.",1,1,1
"1319",15,2,20,1,"Die Insel Ösel gehört zu Dänemark.",1,1,3
"1320",15,2,20,1,"Die Erde wird in 340 Längenkreise unterteilt.",0,1,1
"1321",15,2,20,1,"Bei den italienischen Wahlen 2008 traten 62 Parteien an.",0,0,2
"1322",15,2,20,1,"Ein Biber kann in einem Jahr über 200 Bäume fällen.",0,1,1
"1323",15,2,20,1,"Wenn Nilpferde sich aufregen, färbt sich ihr Schweiß grün.",1,0,1
"1324",15,2,20,1,"Minerva ist die römische Göttin der Weisheit.",0,0,3
"1325",15,2,20,1,"Brad Pitt heißt eigentlich 'Henry Bradley Pitt'.",1,1,2
"1326",15,2,20,1,"Die Schwarzerle zählt zu den Buchengewächsen.",1,1,2
"1327",15,2,20,1,"Das Capybara ist das größte aller Beuteltiere.",0,1,3
"1328",15,2,20,1,"Die Augen eines Straußes sind größer als sein Gehirn.",1,1,5
"1329",15,2,20,1,"Schweine können keinen Sonnenbrand bekommen.",0,1,2
"1330",15,2,20,1,"Volleyball wurde in Florida erfunden.",0,0,3
"1331",15,2,20,1,"Die Tochter von Sydney Poitier heißt Sydney Poitier.",0,1,1
"1332",15,2,20,1,"Der Film 'Pretty Woman' gewann keinen Oscar.",0,0,2
"1333",15,2,20,1,"Das türkische Bad wurde in Griechenland erfunden.",0,0,1
"1334",15,2,20,1,"Der Bereich zwischen den Augenbrauen heißt Glabella.",0,0,3
"1335",15,2,20,1,"French Fries' wurden in England erfunden.",1,1,2
"1336",15,2,20,1,"Seepferdchen gehören zur Gattung der Fische.",0,1,1
"1337",15,2,20,1,"Die Sektsteuer wurde von Friedrich Ebert eingeführt.",0,1,1
"1338",15,2,20,1,"Der Mond passt vierzigmal in die Erdkugel.",1,1,2
"1339",15,2,20,1,"Die Azoren gehören zu Spanien.",1,0,2
"1340",15,2,20,1,"Bolivien ist der kleinste Binnenstaat Südamerikas.",1,1,1
"1341",15,2,20,1,"Alle Uhren im Film 'Pulp Fiction' stehen auf 4.10 Uhr.",0,1,1
"1342",15,2,20,1,"Der nicht sichtbare Teil des Eisbergs heißt Eisbergkiel.",1,1,1
"1343",15,2,20,1,"Die Luftpumpe ist eine französische Erfindung.",0,0,1
"1344",15,2,20,1,"Unsere Atmosphäre enthält rund 0,00025 % Ozon.",1,0,1
"1345",15,2,20,1,"Manama ist die Hauptstadt Bahrains.",1,1,1
"1346",15,2,20,1,"Es gibt 56 verschiedene Arten eine Krawatte zu binden.",1,1,1
"1347",15,2,20,1,"Die Insektenkunde wird auch Entomologie genannt.",0,0,3
"1348",15,2,20,1,"Die Norfolkinseln im Pazifik gehören zu Neuseeland.",1,1,2
"1349",15,2,20,1,"Tom Cruise ist Legastheniker.",0,0,1
"1350",15,2,20,1,"Lybien ist das einzige Land mit einer einfarbigen Flagge.",1,0,2
"1351",15,2,20,1,"Sumatra ist die viertgrößte Insel der Welt.",0,0,2
"1352",15,2,20,1,"Der Javagraben ist die tiefste Meerestiefe der Welt.",0,1,3
"1353",15,2,20,1,"Das Jojo war ursprünglich eine philippinische Jagdwaffe.",1,1,3
"1354",15,2,20,1,"Robbie Williams heißt mit Zweitnamen 'Maximilian'.",0,0,1
"1355",15,2,20,1,"Spanien ist ein Gründungsmitglied der UNO.",0,0,1
"1356",15,2,20,1,"Frauen blinzeln fast doppelt so viel wie Männer.",0,0,4
"1357",15,2,20,1,"Der Maler Marc Chagall wurde 1887 in Russland geboren.",1,0,3
"1358",15,1,20,1,"Eine Bienenkönigin legt durchschnittlich 500 Eier am Tag.",0,0,3
"1359",15,1,20,1,"Der Schwertwal gehört zur Gattung der Delfine.",0,0,2
"1360",15,1,20,1,"Nauru ist die kleinste souveräne Republik der Erde.",1,1,3
"1361",15,1,20,1,"Beim Rugby gibt es 30 Spieler.",1,1,2
"1362",15,1,20,1,"Die erste elektronische Mail wurde im Jahr 1973 versendet.",0,0,2
"1363",15,1,20,1,"Balsaholz ist die schwerste aller Holzarten.",1,1,2
"1364",15,1,20,1,"Der Erfinder des Bikinis war ursprünglich Schuhdesigner.",0,0,2
"1365",15,1,20,1,"Der Wassergehalt bei Beeren beträgt 90%.",1,1,1
"1366",15,1,20,1,"Island ist geologisch das jüngste Inselland der Welt.",0,0,1
"1367",15,1,20,1,"Der Name 'Wowereit' heißt auf Litauisch Eichhörnchen.",1,1,1
"1368",15,1,20,1,"Der Allradantrieb wurde 1938 in England erfunden.",0,1,2
"1369",15,1,20,1,"In USA wird kein Teletext ausgestrahlt.",1,0,2
"1370",15,1,20,1,"Die Küstenseeschwalbe fliegt jedes Jahr fast 40000 km.",0,1,2
"1371",15,1,20,1,"Einen kastrierten Esel nennt man auch Macker oder Knilch.",0,0,2
"1372",15,1,20,1,"Ein menschliches Haar wächst jährlich ca. 85 mm.",1,1,1
"1373",15,1,20,1,"Zuckerwatte wurde von einem Flugzeugpiloten erfunden.",1,0,3
"1374",15,1,20,1,"Die kanadische Sängerin Celine Dion hat acht Geschwister.",0,1,3
"1375",15,1,20,1,"Frauen bekommen häufiger einen Schluckauf als Männer.",1,1,2
"1376",15,1,20,1,"Magnesiummangel kann zu Hautproblemen führen.",0,1,5
"1377",15,1,20,1,"Bob Dylan arbeitet nebenberuflich als Winzer.",0,0,3
"1378",15,1,20,1,"Für Descartes wies Schielen bei Frauen auf Frigidität hin.",0,1,3
"1379",15,1,20,1,"In Uganda ist die Amtssprache englisch.",0,1,4
"1380",15,1,20,1,"Kleinohrigel haben keine Stacheln.",1,0,2
"1381",15,1,20,1,"Seoul bedeutet auf koreanisch 'Die Hauptstadt'.",0,1,1
"1382",15,1,20,1,"Die Volksrepublik China wurde 1947 gegründet.",1,1,2
"1383",15,1,20,1,"Keime sterben auf Holz schneller ab als auf Plastik.",1,0,2
"1384",15,1,20,1,"Der Ladogasee ist der größte See Europas.",0,0,1
"1385",15,1,20,1,"Die längsten Opern stammen von Gioacchino Rossini.",0,1,1
"1386",15,1,20,1,"Sambia hieß früher Nordrhodesien.",1,1,1
"1387",15,1,20,1,"Lachse können bis zu 20 Jahre alt werden.",1,1,3
"1388",15,1,20,1,"Erdbeeren enthalten mehr Vitamin C als Orangen.",0,0,2
"1389",15,1,20,1,"Sheryl Crow war Hürdenläuferin.",0,1,2
"1390",15,1,20,1,"Der Goliathfrosch kann sogar kleine Krokodile verspeisen.",0,0,4
"1391",15,1,20,1,"Tequila wird aus dem Herzen der roten Agave gewonnen.",0,0,1
"1392",15,1,20,1,"Nur Menschen und Affen besitzen einen Bauchnabel.",0,0,1
"1393",15,1,20,1,"Wladimir Putin wurde in Murmansk geboren.",1,0,1
"1394",15,1,20,1,"Ein Nilpferd wiegt bei seiner Geburt ca. 150kg.",1,1,2
"1395",15,1,20,1,"Die Ostgoten zählten zum Stamm der Normannen.",1,1,2
"1396",15,1,20,1,"Hernando Cortéz eroberte Mexiko.",1,1,1
"1397",15,1,20,1,"Das Zwerghörnchen ist das kleinste Säugetier Europas.",0,1,2
"1398",15,1,20,1,"Jean-Jaques Rousseau war alleinerziehender Vater.",1,0,4
"1399",15,1,20,1,"Goethe schrieb genau 64 Jahre lang an seinem 'Faust'.",1,1,3
"1400",15,1,20,1,"Blaue Augen werden im Alter immer heller.",1,1,2
"1401",16,1,22,1,"Spanholz besteht hauptsächlich aus Birkenholz.",1,1,2
"1402",16,1,22,1,"Blaue Augen werden im Alter immer heller.",1,1,4
"1403",16,2,22,1,"Tom Cruise ist Legastheniker.",1,1,3
"1404",16,2,22,1,"Das Jojo war ursprünglich eine philippinische Jagdwaffe.",0,1,4
"1405",16,1,22,1,"Der Erfinder des Bikinis war ursprünglich Schuhdesigner.",0,1,1
"1406",16,2,22,1,"Unsere Atmosphäre enthält rund 0,00025 % Ozon.",0,0,2
"1407",16,2,22,1,"Sumatra ist die viertgrößte Insel der Welt.",1,0,2
"1408",16,2,22,1,"Der griechische Gott Apollon ist der Schutzherr der Küste.",0,1,4
"1409",16,2,22,1,"Die Azoren gehören zu Spanien.",0,1,2
"1410",16,2,22,1,"Frauen blinzeln fast doppelt so viel wie Männer.",1,1,4
"1411",16,1,22,1,"Nur Menschen und Affen besitzen einen Bauchnabel.",0,1,5
"1412",16,2,22,1,"Die Schwarzerle zählt zu den Buchengewächsen.",0,1,2
"1413",16,2,22,1,"Der Javagraben ist die tiefste Meerestiefe der Welt.",1,1,4
"1414",16,2,22,1,"Nicole Kidman hat panische Angst vor Schmetterlingen.",1,0,2
"1415",16,2,22,1,"Bolivien ist der kleinste Binnenstaat Südamerikas.",0,0,3
"1416",16,2,22,1,"Das Capybara ist das größte aller Beuteltiere.",1,0,2
"1417",16,2,22,1,"Giséle Bündchen hat einen Zwillingsbruder.",1,1,4
"1418",16,2,22,1,"Morpheus ist der griechische Gott der Träume.",0,1,2
"1419",16,2,22,1,"Die Luftpumpe ist eine französische Erfindung.",1,0,2
"1420",16,2,22,1,"French Fries' wurden in England erfunden.",0,1,4
"1421",16,2,22,1,"Die Slowakei gehört nicht zu den NATO-Staaten.",0,0,4
"1422",16,2,22,1,"Die Sektsteuer wurde von Friedrich Ebert eingeführt.",1,1,3
"1423",16,2,22,1,"Delphine schwimmen höchstens 54 Kilometer pro Stunde.",0,0,3
"1424",16,2,22,1,"Der höchste nordamerikanische Berg liegt in Wyoming.",0,0,4
"1425",16,1,22,1,"Der Speisesaal eines Klosters wird Refektorium genannt.",0,1,3
"1426",16,1,22,1,"Ein menschliches Haar wächst jährlich ca. 85 mm.",1,1,4
"1427",16,1,22,1,"Kleinohrigel haben keine Stacheln.",1,1,4
"1428",16,1,22,1,"Hernando Cortéz eroberte Mexiko.",1,1,3
"1429",16,1,22,1,"In den USA gibt es die meisten Milliardäre auf der Welt.",0,1,5
"1430",16,1,22,1,"Die Küstenseeschwalbe fliegt jedes Jahr fast 40000 km.",0,0,2
"1431",16,1,22,1,"Nauru ist die kleinste souveräne Republik der Erde.",1,1,3
"1432",16,1,22,1,"Erdbeeren enthalten mehr Vitamin C als Orangen.",0,0,4
"1433",16,1,22,1,"Albany ist die Hauptstadt des US-Bundesstaates New Jersey.",0,0,2
"1434",16,1,22,1,"Ein Nilpferd wiegt bei seiner Geburt ca. 150kg.",1,1,3
"1435",16,1,22,1,"Der Allradantrieb wurde 1938 in England erfunden.",0,1,2
"1436",16,1,22,1,"Alexander Graham Bell erfand das Tragflügelboot.",0,1,2
"1437",16,1,22,1,"Keime sterben auf Holz schneller ab als auf Plastik.",1,1,3
"1438",16,1,22,1,"Der Goliathfrosch kann sogar kleine Krokodile verspeisen.",0,1,3
"1439",16,1,22,1,"Balsaholz ist die schwerste aller Holzarten.",1,0,2
"1440",16,1,22,1,"Auf indischen Rupienscheinen sind 12 verschiedene Schriften.",0,0,3
"1441",16,1,22,1,"Wladimir Putin wurde in Murmansk geboren.",1,1,2
"1442",16,1,22,1,"Für Descartes wies Schielen bei Frauen auf Frigidität hin.",0,1,3
"1443",16,1,22,1,"In Uganda ist die Amtssprache englisch.",0,1,4
"1444",16,1,22,1,"In USA wird kein Teletext ausgestrahlt.",1,1,3
"1445",16,1,22,1,"Seoul bedeutet auf koreanisch 'Die Hauptstadt'.",0,1,4
"1446",16,1,22,1,"Das Finn-Dingi ist ein Einmannboot beim Sportsegeln.",0,0,1
"1447",16,1,22,1,"Die längsten Opern stammen von Gioacchino Rossini.",0,1,2
"1448",16,1,22,1,"Die kanadische Sängerin Celine Dion hat acht Geschwister.",0,1,4
"1449",16,1,22,1,"Schären sind Talgletscher in Skandinavien.",0,0,2
"1450",16,1,22,1,"Die Volksrepublik China wurde 1947 gegründet.",1,1,4
"1451",16,1,22,1,"In Angola ist Spanisch die offizielle Amtssprache.",1,1,3
"1452",16,1,22,1,"Der Wassergehalt bei Beeren beträgt 90%.",1,1,5
"1453",16,1,22,1,"Das Zwerghörnchen ist das kleinste Säugetier Europas.",0,0,3
"1454",16,1,22,1,"Die erste elektronische Mail wurde im Jahr 1973 versendet.",0,1,3
"1455",16,1,22,1,"Eine Bienenkönigin legt durchschnittlich 500 Eier am Tag.",0,1,2
"1456",16,1,22,1,"Weibliche Taranteln töten circa 99% ihrer Nachkommen.",1,1,4
"1457",16,1,22,1,"Ein neugeborenes Panda-Baby ist kleiner als eine Maus.",1,1,3
"1458",16,1,22,1,"Der Name 'Wowereit' heißt auf Litauisch Eichhörnchen.",1,1,3
"1459",16,1,22,1,"Der Reißverschluss wurde in Norwegen erfunden.",1,1,4
"1460",16,1,22,1,"Tennis wurde in englischen Klöstern erfunden.",1,1,4
"1461",16,1,22,1,"Jean-Jaques Rousseau war alleinerziehender Vater.",1,0,2
"1462",16,1,22,1,"Beim Rugby gibt es 30 Spieler.",1,1,4
"1463",16,1,22,1,"Lachse können bis zu 20 Jahre alt werden.",1,0,3
"1464",16,1,22,1,"Einen kastrierten Esel nennt man auch Macker oder Knilch.",0,1,3
"1465",16,1,22,1,"Der mitteleuropäische Feldschwirl ist kein Zugvogel.",1,1,3
"1466",16,1,22,1,"Sambia hieß früher Nordrhodesien.",1,0,2
"1467",16,1,22,1,"Die Ostgoten zählten zum Stamm der Normannen.",1,1,3
"1468",16,1,22,1,"Bob Dylan arbeitet nebenberuflich als Winzer.",0,0,3
"1469",16,1,22,1,"Goethe schrieb genau 64 Jahre lang an seinem 'Faust'.",1,1,4
"1470",16,1,22,1,"Zuckerwatte wurde von einem Flugzeugpiloten erfunden.",1,1,4
"1471",16,1,22,1,"Tequila wird aus dem Herzen der roten Agave gewonnen.",0,0,2
"1472",16,1,22,1,"Kokosnüsse haben einen höheren Fettanteil als Pistazien.",1,1,3
"1473",16,1,22,1,"Der Schwertwal gehört zur Gattung der Delfine.",0,1,3
"1474",16,1,22,1,"Frauen bekommen häufiger einen Schluckauf als Männer.",1,1,5
"1475",16,1,22,1,"Sheryl Crow war Hürdenläuferin.",0,0,2
"1476",16,1,22,1,"Magnesiummangel kann zu Hautproblemen führen.",0,1,4
"1477",16,1,22,1,"Der Ladogasee ist der größte See Europas.",0,0,2
"1478",16,1,22,1,"Island ist geologisch das jüngste Inselland der Welt.",0,1,2
"1479",16,1,22,1,"Die Wüste Dahna liegt in Saudi-Arabien.",1,1,4
"1480",16,1,22,1,"Winston Churchill erhielt den Nobelpreis für Literatur.",0,1,2
"1481",16,2,22,1,"Volleyball wurde in Florida erfunden.",1,1,3
"1482",16,2,22,1,"Die Tochter von Sydney Poitier heißt Sydney Poitier.",1,1,4
"1483",16,2,22,1,"Die Angst vor dem Küssen nennt man Philemaphobie.",0,0,2
"1484",16,2,22,1,"Der Nacktmull ist das schmerzempfindlichste Tier der Welt.",1,1,4
"1485",16,2,22,1,"Die Wüste Gobi ist eine Felswüste.",1,1,3
"1486",16,2,22,1,"Austern wechseln je nach Jahreszeit ihr Geschlecht.",0,1,5
"1487",16,2,22,1,"Das Domino-Spiel besteht aus 28 Steinen.",1,1,5
"1488",16,2,22,1,"Das meiste Gold wird derzeit in Südafrika gefördert.",1,0,2
"1489",16,2,22,1,"Die Insektenkunde wird auch Entomologie genannt.",1,0,2
"1490",16,2,22,1,"Ein Menschenfloh kann 20cm hoch springen.",1,1,3
"1491",16,2,22,1,"Ein Schwan trägt ca. 50.000 Federn am Körper.",1,1,3
"1492",16,2,22,1,"Bei den italienischen Wahlen 2008 traten 62 Parteien an.",1,0,2
"1493",16,2,22,1,"Das Lieblingsgetränk von Benedikt XVI. ist Fanta.",0,1,3
"1494",16,2,22,1,"Lybien ist das einzige Land mit einer einfarbigen Flagge.",0,1,5
"1495",16,2,22,1,"Seepferdchen gehören zur Gattung der Fische.",1,0,4
"1496",16,2,22,1,"Der Bereich zwischen den Augenbrauen heißt Glabella.",1,1,3
"1497",16,2,22,1,"Freddie Mercurys richtiger Name lautete Farrokh Bulsara.",0,0,2
"1498",16,2,22,1,"Robbie Williams heißt mit Zweitnamen 'Maximilian'.",1,1,2
"1499",16,2,22,1,"Manama ist die Hauptstadt Bahrains.",0,0,2
"1500",16,2,22,1,"Die Augen eines Straußes sind größer als sein Gehirn.",0,1,2
"1501",16,2,22,1,"Patagonien ist ein Landschaftsabschnitt in Asien.",0,0,2
"1502",16,2,22,1,"Die Erde wird in 340 Längenkreise unterteilt.",1,1,4
"1503",16,2,22,1,"Der Maler Marc Chagall wurde 1887 in Russland geboren.",0,0,2
"1504",16,2,22,1,"Alle Uhren im Film 'Pulp Fiction' stehen auf 4.10 Uhr.",1,1,4
"1505",16,2,22,1,"Das türkische Bad wurde in Griechenland erfunden.",1,1,4
"1506",16,2,22,1,"Es gibt 56 verschiedene Arten eine Krawatte zu binden.",0,0,2
"1507",16,2,22,1,"Brad Pitt heißt eigentlich 'Henry Bradley Pitt'.",0,1,3
"1508",16,2,22,1,"Die Insel Ösel gehört zu Dänemark.",0,1,2
"1509",16,2,22,1,"Schweine können keinen Sonnenbrand bekommen.",1,1,4
"1510",16,2,22,1,"Schlangen sind taub, da kein Außenohr vorhanden ist.",0,0,3
"1511",16,2,22,1,"Spanien ist ein Gründungsmitglied der UNO.",1,1,4
"1512",16,2,22,1,"Der nicht sichtbare Teil des Eisbergs heißt Eisbergkiel.",0,1,3
"1513",16,2,22,1,"Die Norfolkinseln im Pazifik gehören zu Neuseeland.",0,1,3
"1514",16,2,22,1,"Der Film 'Pretty Woman' gewann keinen Oscar.",1,0,3
"1515",16,2,22,1,"Ein Biber kann in einem Jahr über 200 Bäume fällen.",1,1,3
"1516",16,2,22,1,"Die Nachfolger Mohammeds bezeichnet man als Kalifen.",0,1,3
"1517",16,2,22,1,"Der Basenji ist der einzige Hund, der nicht bellt.",0,1,2
"1518",16,2,22,1,"Wenn Nilpferde sich aufregen, färbt sich ihr Schweiß grün.",0,0,2
"1519",16,2,22,1,"Minerva ist die römische Göttin der Weisheit.",1,1,5
"1520",16,2,22,1,"Der Mond passt vierzigmal in die Erdkugel.",0,1,3
"1521",17,1,21,1,"Lachse können bis zu 20 Jahre alt werden.",1,1,4
"1522",17,1,21,1,"Kleinohrigel haben keine Stacheln.",1,1,3
"1523",17,1,21,1,"Der Name 'Wowereit' heißt auf Litauisch Eichhörnchen.",1,1,2
"1524",17,1,21,1,"Kokosnüsse haben einen höheren Fettanteil als Pistazien.",1,1,5
"1525",17,1,21,1,"Hernando Cortéz eroberte Mexiko.",1,1,4
"1526",17,1,21,1,"In USA wird kein Teletext ausgestrahlt.",1,0,3
"1527",17,1,21,1,"Balsaholz ist die schwerste aller Holzarten.",1,1,2
"1528",17,1,21,1,"Volleyball wurde in Florida erfunden.",0,1,1
"1529",17,1,21,1,"Goethe schrieb genau 64 Jahre lang an seinem 'Faust'.",1,1,5
"1530",17,1,21,1,"Nicole Kidman hat panische Angst vor Schmetterlingen.",0,0,2
"1531",17,1,21,1,"Sumatra ist die viertgrößte Insel der Welt.",0,1,2
"1532",17,1,21,1,"Spanien ist ein Gründungsmitglied der UNO.",0,1,3
"1533",17,1,21,1,"Das türkische Bad wurde in Griechenland erfunden.",0,0,2
"1534",17,1,21,1,"Nauru ist die kleinste souveräne Republik der Erde.",1,1,3
"1535",17,1,21,1,"Seepferdchen gehören zur Gattung der Fische.",0,1,3
"1536",17,1,21,1,"Die Wüste Gobi ist eine Felswüste.",0,1,2
"1537",17,1,21,1,"Ein Nilpferd wiegt bei seiner Geburt ca. 150kg.",1,1,3
"1538",17,1,21,1,"Blaue Augen werden im Alter immer heller.",1,1,4
"1539",17,1,21,1,"Jean-Jaques Rousseau war alleinerziehender Vater.",1,1,3
"1540",17,1,21,1,"Das Domino-Spiel besteht aus 28 Steinen.",0,1,4
"1541",17,1,21,1,"Der Javagraben ist die tiefste Meerestiefe der Welt.",0,0,2
"1542",17,1,21,1,"Minerva ist die römische Göttin der Weisheit.",0,1,2
"1543",17,1,21,1,"Ein neugeborenes Panda-Baby ist kleiner als eine Maus.",1,0,2
"1544",17,2,21,1,"Der Mond passt vierzigmal in die Erdkugel.",1,1,2
"1545",17,2,21,1,"Der Erfinder des Bikinis war ursprünglich Schuhdesigner.",0,0,2
"1546",17,2,21,1,"Der nicht sichtbare Teil des Eisbergs heißt Eisbergkiel.",1,1,1
"1547",17,2,21,1,"Der Goliathfrosch kann sogar kleine Krokodile verspeisen.",0,0,3
"1548",17,2,21,1,"Der griechische Gott Apollon ist der Schutzherr der Küste.",1,0,4
"1549",17,2,21,1,"Die Slowakei gehört nicht zu den NATO-Staaten.",1,1,1
"1550",17,2,21,1,"Unsere Atmosphäre enthält rund 0,00025 % Ozon.",1,0,3
"1551",17,2,21,1,"Die längsten Opern stammen von Gioacchino Rossini.",0,1,2
"1552",17,2,21,1,"In Uganda ist die Amtssprache englisch.",0,1,6
"1553",17,2,21,1,"Der Speisesaal eines Klosters wird Refektorium genannt.",0,1,3
"1554",17,2,21,1,"Manama ist die Hauptstadt Bahrains.",1,1,2
"1555",17,2,21,1,"Wenn Nilpferde sich aufregen, färbt sich ihr Schweiß grün.",1,1,3
"1556",17,2,21,1,"Magnesiummangel kann zu Hautproblemen führen.",0,1,5
"1557",17,2,21,1,"Die Augen eines Straußes sind größer als sein Gehirn.",1,0,2
"1558",17,2,21,1,"Die erste elektronische Mail wurde im Jahr 1973 versendet.",0,1,2
"1559",17,2,21,1,"Bob Dylan arbeitet nebenberuflich als Winzer.",0,1,3
"1560",17,2,21,1,"Delphine schwimmen höchstens 54 Kilometer pro Stunde.",1,1,3
"1561",17,2,21,1,"Auf indischen Rupienscheinen sind 12 verschiedene Schriften.",0,1,2
"1562",17,2,21,1,"Brad Pitt heißt eigentlich 'Henry Bradley Pitt'.",1,1,4
"1563",17,2,21,1,"Die Norfolkinseln im Pazifik gehören zu Neuseeland.",1,1,4
"1564",17,2,21,1,"Das Zwerghörnchen ist das kleinste Säugetier Europas.",0,1,2
"1565",17,2,21,1,"Erdbeeren enthalten mehr Vitamin C als Orangen.",0,0,2
"1566",17,2,21,1,"Die Küstenseeschwalbe fliegt jedes Jahr fast 40000 km.",0,1,4
"1567",17,2,21,1,"In den USA gibt es die meisten Milliardäre auf der Welt.",0,0,2
"1568",17,2,21,1,"Austern wechseln je nach Jahreszeit ihr Geschlecht.",1,1,2
"1569",17,2,21,1,"Schlangen sind taub, da kein Außenohr vorhanden ist.",1,1,4
"1570",17,2,21,1,"Das Lieblingsgetränk von Benedikt XVI. ist Fanta.",1,0,3
"1571",17,2,21,1,"Die Insel Ösel gehört zu Dänemark.",1,1,2
"1572",17,2,21,1,"Seoul bedeutet auf koreanisch 'Die Hauptstadt'.",0,1,3
"1573",17,2,21,1,"Es gibt 56 verschiedene Arten eine Krawatte zu binden.",1,1,3
"1574",17,2,21,1,"Albany ist die Hauptstadt des US-Bundesstaates New Jersey.",0,1,2
"1575",17,2,21,1,"Nur Menschen und Affen besitzen einen Bauchnabel.",0,0,3
"1576",17,2,21,1,"Der Maler Marc Chagall wurde 1887 in Russland geboren.",1,1,2
"1577",17,2,21,1,"Einen kastrierten Esel nennt man auch Macker oder Knilch.",0,0,3
"1578",17,2,21,1,"Der Basenji ist der einzige Hund, der nicht bellt.",1,1,3
"1579",17,2,21,1,"Lybien ist das einzige Land mit einer einfarbigen Flagge.",1,1,1
"1580",17,2,21,1,"Der höchste nordamerikanische Berg liegt in Wyoming.",1,0,2
"1581",17,2,21,1,"Das Finn-Dingi ist ein Einmannboot beim Sportsegeln.",0,1,2
"1582",17,2,21,1,"Der Ladogasee ist der größte See Europas.",0,0,2
"1583",17,2,21,1,"Alexander Graham Bell erfand das Tragflügelboot.",0,1,2
"1584",17,2,21,1,"Morpheus ist der griechische Gott der Träume.",1,0,2
"1585",17,2,21,1,"Bolivien ist der kleinste Binnenstaat Südamerikas.",1,1,4
"1586",17,2,21,1,"Schären sind Talgletscher in Skandinavien.",0,1,3
"1587",17,2,21,1,"Patagonien ist ein Landschaftsabschnitt in Asien.",1,0,4
"1588",17,2,21,1,"Eine Bienenkönigin legt durchschnittlich 500 Eier am Tag.",0,1,3
"1589",17,2,21,1,"Der Schwertwal gehört zur Gattung der Delfine.",0,1,3
"1590",17,2,21,1,"Für Descartes wies Schielen bei Frauen auf Frigidität hin.",0,0,2
"1591",17,2,21,1,"French Fries' wurden in England erfunden.",1,0,3
"1592",17,2,21,1,"Freddie Mercurys richtiger Name lautete Farrokh Bulsara.",1,1,2
"1593",17,2,21,1,"Die Angst vor dem Küssen nennt man Philemaphobie.",1,1,3
"1594",17,2,21,1,"Tequila wird aus dem Herzen der roten Agave gewonnen.",0,0,2
"1595",17,2,21,1,"Die kanadische Sängerin Celine Dion hat acht Geschwister.",0,1,4
"1596",17,2,21,1,"Winston Churchill erhielt den Nobelpreis für Literatur.",0,1,1
"1597",17,2,21,1,"Island ist geologisch das jüngste Inselland der Welt.",0,1,2
"1598",17,2,21,1,"Der Allradantrieb wurde 1938 in England erfunden.",0,1,3
"1599",17,2,21,1,"Das Jojo war ursprünglich eine philippinische Jagdwaffe.",1,0,3
"1600",17,1,21,1,"Der Film 'Pretty Woman' gewann keinen Oscar.",0,1,3
"1601",17,1,21,1,"Die Erde wird in 340 Längenkreise unterteilt.",0,1,2
"1602",17,1,21,1,"Tom Cruise ist Legastheniker.",0,0,2
"1603",17,1,21,1,"Der Nacktmull ist das schmerzempfindlichste Tier der Welt.",0,1,2
"1604",17,1,21,1,"Frauen blinzeln fast doppelt so viel wie Männer.",0,0,2
"1605",17,1,21,1,"Ein Biber kann in einem Jahr über 200 Bäume fällen.",0,1,4
"1606",17,1,21,1,"Der Wassergehalt bei Beeren beträgt 90%.",1,1,4
"1607",17,1,21,1,"Die Wüste Dahna liegt in Saudi-Arabien.",1,1,5
"1608",17,1,21,1,"Die Ostgoten zählten zum Stamm der Normannen.",1,1,4
"1609",17,1,21,1,"Die Volksrepublik China wurde 1947 gegründet.",1,1,1
"1610",17,1,21,1,"Das Capybara ist das größte aller Beuteltiere.",0,1,2
"1611",17,1,21,1,"Alle Uhren im Film 'Pulp Fiction' stehen auf 4.10 Uhr.",0,1,5
"1612",17,1,21,1,"Bei den italienischen Wahlen 2008 traten 62 Parteien an.",0,0,2
"1613",17,1,21,1,"Keime sterben auf Holz schneller ab als auf Plastik.",1,1,4
"1614",17,1,21,1,"Der Reißverschluss wurde in Norwegen erfunden.",1,1,3
"1615",17,1,21,1,"Die Sektsteuer wurde von Friedrich Ebert eingeführt.",0,1,3
"1616",17,1,21,1,"Der mitteleuropäische Feldschwirl ist kein Zugvogel.",1,1,3
"1617",17,1,21,1,"Schweine können keinen Sonnenbrand bekommen.",0,0,6
"1618",17,1,21,1,"Spanholz besteht hauptsächlich aus Birkenholz.",1,1,4
"1619",17,1,21,1,"Ein menschliches Haar wächst jährlich ca. 85 mm.",1,1,3
"1620",17,1,21,1,"In Angola ist Spanisch die offizielle Amtssprache.",1,1,5
"1621",17,1,21,1,"Beim Rugby gibt es 30 Spieler.",1,1,2
"1622",17,1,21,1,"Wladimir Putin wurde in Murmansk geboren.",1,1,3
"1623",17,2,21,1,"Sheryl Crow war Hürdenläuferin.",0,1,2
"1624",17,2,21,1,"Die Azoren gehören zu Spanien.",1,1,4
"1625",17,2,21,1,"Die Schwarzerle zählt zu den Buchengewächsen.",1,1,2
"1626",17,1,21,1,"Tennis wurde in englischen Klöstern erfunden.",1,0,2
"1627",17,1,21,1,"Die Tochter von Sydney Poitier heißt Sydney Poitier.",0,1,2
"1628",17,1,21,1,"Sambia hieß früher Nordrhodesien.",1,1,2
"1629",17,1,21,1,"Giséle Bündchen hat einen Zwillingsbruder.",0,1,1
"1630",17,1,21,1,"Die Insektenkunde wird auch Entomologie genannt.",0,1,2
"1631",17,1,21,1,"Das meiste Gold wird derzeit in Südafrika gefördert.",0,1,2
"1632",17,1,21,1,"Robbie Williams heißt mit Zweitnamen 'Maximilian'.",0,0,2
"1633",17,1,21,1,"Der Bereich zwischen den Augenbrauen heißt Glabella.",0,0,1
"1634",17,1,21,1,"Ein Schwan trägt ca. 50.000 Federn am Körper.",0,1,2
"1635",17,1,21,1,"Frauen bekommen häufiger einen Schluckauf als Männer.",1,1,5
"1636",17,1,21,1,"Weibliche Taranteln töten circa 99% ihrer Nachkommen.",1,1,4
"1637",17,1,21,1,"Ein Menschenfloh kann 20cm hoch springen.",0,1,3
"1638",17,1,21,1,"Zuckerwatte wurde von einem Flugzeugpiloten erfunden.",1,0,2
"1639",17,1,21,1,"Die Luftpumpe ist eine französische Erfindung.",0,1,2
"1640",17,2,21,1,"Die Nachfolger Mohammeds bezeichnet man als Kalifen.",1,1,2
"1641",18,1,23,0,"Keime sterben auf Holz schneller ab als auf Plastik.",1,0,6
"1642",18,1,23,0,"Spanien ist ein Gründungsmitglied der UNO.",0,1,2
"1643",18,2,23,0,"Einen kastrierten Esel nennt man auch Macker oder Knilch.",1,1,4
"1644",18,2,23,0,"Der höchste nordamerikanische Berg liegt in Wyoming.",0,0,2
"1645",18,2,23,0,"Bob Dylan arbeitet nebenberuflich als Winzer.",1,0,5
"1646",18,2,23,0,"Der Maler Marc Chagall wurde 1887 in Russland geboren.",0,0,1
"1647",18,2,23,0,"Schären sind Talgletscher in Skandinavien.",1,1,3
"1648",18,2,23,0,"Patagonien ist ein Landschaftsabschnitt in Asien.",0,0,5
"1649",18,2,23,0,"Winston Churchill erhielt den Nobelpreis für Literatur.",1,1,4
"1650",18,2,23,0,"Alexander Graham Bell erfand das Tragflügelboot.",1,0,1
"1651",18,2,23,0,"Der Goliathfrosch kann sogar kleine Krokodile verspeisen.",1,0,4
"1652",18,2,23,0,"Die Nachfolger Mohammeds bezeichnet man als Kalifen.",0,1,6
"1653",18,1,23,0,"Spanholz besteht hauptsächlich aus Birkenholz.",1,0,5
"1654",18,2,23,0,"Der Allradantrieb wurde 1938 in England erfunden.",1,0,3
"1655",18,2,23,0,"In Uganda ist die Amtssprache englisch.",1,1,2
"1656",18,2,23,0,"Das Lieblingsgetränk von Benedikt XVI. ist Fanta.",0,0,1
"1657",18,2,23,0,"Die Küstenseeschwalbe fliegt jedes Jahr fast 40000 km.",1,1,3
"1658",18,2,23,0,"Die längsten Opern stammen von Gioacchino Rossini.",1,0,1
"1659",18,2,23,0,"Das Finn-Dingi ist ein Einmannboot beim Sportsegeln.",1,1,6
"1660",18,2,23,0,"Die Augen eines Straußes sind größer als sein Gehirn.",0,0,2
"1661",18,2,23,0,"French Fries' wurden in England erfunden.",0,0,3
"1662",18,2,23,0,"Die kanadische Sängerin Celine Dion hat acht Geschwister.",1,0,1
"1663",18,2,23,0,"Der Basenji ist der einzige Hund, der nicht bellt.",0,0,1
"1664",18,2,23,0,"Für Descartes wies Schielen bei Frauen auf Frigidität hin.",1,1,3
"1665",18,2,23,0,"Nur Menschen und Affen besitzen einen Bauchnabel.",1,1,3
"1666",18,2,23,0,"Eine Bienenkönigin legt durchschnittlich 500 Eier am Tag.",1,0,4
"1667",18,1,23,0,"Das Capybara ist das größte aller Beuteltiere.",0,0,6
"1668",18,1,23,0,"Die Luftpumpe ist eine französische Erfindung.",0,1,2
"1669",18,1,23,0,"Die Insektenkunde wird auch Entomologie genannt.",0,1,1
"1670",18,1,23,0,"Nauru ist die kleinste souveräne Republik der Erde.",1,1,1
"1671",18,1,23,0,"Das meiste Gold wird derzeit in Südafrika gefördert.",0,1,4
"1672",18,1,23,0,"Ein Biber kann in einem Jahr über 200 Bäume fällen.",0,0,5
"1673",18,1,23,0,"Nicole Kidman hat panische Angst vor Schmetterlingen.",0,1,1
"1674",18,1,23,0,"Goethe schrieb genau 64 Jahre lang an seinem 'Faust'.",1,0,3
"1675",18,1,23,0,"Ein Schwan trägt ca. 50.000 Federn am Körper.",0,1,3
"1676",18,1,23,0,"Jean-Jaques Rousseau war alleinerziehender Vater.",1,0,1
"1677",18,1,23,0,"Frauen bekommen häufiger einen Schluckauf als Männer.",1,1,6
"1678",18,1,23,0,"Ein Nilpferd wiegt bei seiner Geburt ca. 150kg.",1,0,2
"1679",18,1,23,0,"Die Tochter von Sydney Poitier heißt Sydney Poitier.",0,1,1
"1680",18,1,23,0,"Tom Cruise ist Legastheniker.",0,0,2
"1681",18,1,23,0,"Weibliche Taranteln töten circa 99% ihrer Nachkommen.",1,1,3
"1682",18,1,23,0,"Schweine können keinen Sonnenbrand bekommen.",0,0,5
"1683",18,1,23,0,"Die Wüste Dahna liegt in Saudi-Arabien.",1,1,3
"1684",18,1,23,0,"Der Nacktmull ist das schmerzempfindlichste Tier der Welt.",0,0,2
"1685",18,1,23,0,"Das Domino-Spiel besteht aus 28 Steinen.",0,0,4
"1686",18,1,23,0,"Der Film 'Pretty Woman' gewann keinen Oscar.",0,0,2
"1687",18,1,23,0,"Hernando Cortéz eroberte Mexiko.",1,0,2
"1688",18,1,23,0,"Beim Rugby gibt es 30 Spieler.",1,1,4
"1689",18,1,23,0,"Die Ostgoten zählten zum Stamm der Normannen.",1,0,1
"1690",18,1,23,0,"Zuckerwatte wurde von einem Flugzeugpiloten erfunden.",1,0,3
"1691",18,1,23,0,"Die Erde wird in 340 Längenkreise unterteilt.",0,0,5
"1692",18,1,23,0,"Lachse können bis zu 20 Jahre alt werden.",1,1,2
"1693",18,1,23,0,"Alle Uhren im Film 'Pulp Fiction' stehen auf 4.10 Uhr.",0,1,4
"1694",18,1,23,0,"Ein neugeborenes Panda-Baby ist kleiner als eine Maus.",1,0,5
"1695",18,1,23,0,"Sambia hieß früher Nordrhodesien.",1,0,1
"1696",18,1,23,0,"Ein Menschenfloh kann 20cm hoch springen.",0,1,3
"1697",18,1,23,0,"Giséle Bündchen hat einen Zwillingsbruder.",0,0,4
"1698",18,1,23,0,"Der Javagraben ist die tiefste Meerestiefe der Welt.",0,0,6
"1699",18,1,23,0,"Der mitteleuropäische Feldschwirl ist kein Zugvogel.",1,0,1
"1700",18,1,23,0,"Seepferdchen gehören zur Gattung der Fische.",0,0,4
"1701",18,1,23,0,"Blaue Augen werden im Alter immer heller.",1,0,5
"1702",18,1,23,0,"Kleinohrigel haben keine Stacheln.",1,1,2
"1703",18,1,23,0,"Der Wassergehalt bei Beeren beträgt 90%.",1,1,4
"1704",18,1,23,0,"Sumatra ist die viertgrößte Insel der Welt.",0,0,3
"1705",18,1,23,0,"Wladimir Putin wurde in Murmansk geboren.",1,0,4
"1706",18,1,23,0,"In USA wird kein Teletext ausgestrahlt.",1,0,2
"1707",18,1,23,0,"Die Wüste Gobi ist eine Felswüste.",0,0,6
"1708",18,1,23,0,"Die Sektsteuer wurde von Friedrich Ebert eingeführt.",0,0,1
"1709",18,1,23,0,"Bei den italienischen Wahlen 2008 traten 62 Parteien an.",0,0,2
"1710",18,1,23,0,"Der Reißverschluss wurde in Norwegen erfunden.",1,1,2
"1711",18,1,23,0,"Robbie Williams heißt mit Zweitnamen 'Maximilian'.",0,0,1
"1712",18,1,23,0,"Frauen blinzeln fast doppelt so viel wie Männer.",0,0,5
"1713",18,1,23,0,"Das türkische Bad wurde in Griechenland erfunden.",0,1,1
"1714",18,1,23,0,"Die Volksrepublik China wurde 1947 gegründet.",1,1,6
"1715",18,1,23,0,"Minerva ist die römische Göttin der Weisheit.",0,1,6
"1716",18,1,23,0,"In Angola ist Spanisch die offizielle Amtssprache.",1,1,5
"1717",18,1,23,0,"Balsaholz ist die schwerste aller Holzarten.",1,0,1
"1718",18,1,23,0,"Der Bereich zwischen den Augenbrauen heißt Glabella.",0,1,2
"1719",18,1,23,0,"Tennis wurde in englischen Klöstern erfunden.",1,1,2
"1720",18,1,23,0,"Kokosnüsse haben einen höheren Fettanteil als Pistazien.",1,1,3
"1721",18,1,23,0,"Volleyball wurde in Florida erfunden.",0,1,3
"1722",18,1,23,0,"Der Name 'Wowereit' heißt auf Litauisch Eichhörnchen.",1,0,2
"1723",18,2,23,0,"Austern wechseln je nach Jahreszeit ihr Geschlecht.",0,0,5
"1724",18,2,23,0,"Die Slowakei gehört nicht zu den NATO-Staaten.",0,1,2
"1725",18,2,23,0,"Die Angst vor dem Küssen nennt man Philemaphobie.",0,0,3
"1726",18,2,23,0,"Der Mond passt vierzigmal in die Erdkugel.",0,0,3
"1727",18,2,23,0,"Der Speisesaal eines Klosters wird Refektorium genannt.",1,0,1
"1728",18,2,23,0,"Tequila wird aus dem Herzen der roten Agave gewonnen.",1,0,1
"1729",18,2,23,0,"Erdbeeren enthalten mehr Vitamin C als Orangen.",1,0,4
"1730",18,2,23,0,"Magnesiummangel kann zu Hautproblemen führen.",1,0,2
"1731",18,2,23,0,"In den USA gibt es die meisten Milliardäre auf der Welt.",1,1,6
"1732",18,2,23,0,"Die Norfolkinseln im Pazifik gehören zu Neuseeland.",0,0,5
"1733",18,2,23,0,"Island ist geologisch das jüngste Inselland der Welt.",1,0,5
"1734",18,2,23,0,"Lybien ist das einzige Land mit einer einfarbigen Flagge.",0,0,6
"1735",18,2,23,0,"Manama ist die Hauptstadt Bahrains.",0,0,1
"1736",18,2,23,0,"Albany ist die Hauptstadt des US-Bundesstaates New Jersey.",1,0,5
"1737",18,2,23,0,"Unsere Atmosphäre enthält rund 0,00025 % Ozon.",0,1,3
"1738",18,2,23,0,"Der Ladogasee ist der größte See Europas.",1,0,3
"1739",18,2,23,0,"Seoul bedeutet auf koreanisch 'Die Hauptstadt'.",1,1,5
"1740",18,2,23,0,"Die Schwarzerle zählt zu den Buchengewächsen.",0,1,1
"1741",18,2,23,0,"Freddie Mercurys richtiger Name lautete Farrokh Bulsara.",0,0,1
"1742",18,2,23,0,"Schlangen sind taub, da kein Außenohr vorhanden ist.",0,1,3
"1743",18,2,23,0,"Das Jojo war ursprünglich eine philippinische Jagdwaffe.",0,1,4
"1744",18,2,23,0,"Auf indischen Rupienscheinen sind 12 verschiedene Schriften.",1,0,3
"1745",18,2,23,0,"Der griechische Gott Apollon ist der Schutzherr der Küste.",0,0,2
"1746",18,2,23,0,"Der Erfinder des Bikinis war ursprünglich Schuhdesigner.",1,1,2
"1747",18,2,23,0,"Die Insel Ösel gehört zu Dänemark.",0,0,2
"1748",18,2,23,0,"Morpheus ist der griechische Gott der Träume.",0,0,3
"1749",18,2,23,0,"Das Zwerghörnchen ist das kleinste Säugetier Europas.",1,0,4
"1750",18,2,23,0,"Die erste elektronische Mail wurde im Jahr 1973 versendet.",1,0,5
"1751",18,2,23,0,"Delphine schwimmen höchstens 54 Kilometer pro Stunde.",0,1,3
"1752",18,2,23,0,"Brad Pitt heißt eigentlich 'Henry Bradley Pitt'.",0,0,1
"1753",18,2,23,0,"Es gibt 56 verschiedene Arten eine Krawatte zu binden.",0,1,5
"1754",18,2,23,0,"Der Schwertwal gehört zur Gattung der Delfine.",1,1,6
"1755",18,2,23,0,"Der nicht sichtbare Teil des Eisbergs heißt Eisbergkiel.",0,1,3
"1756",18,2,23,0,"Wenn Nilpferde sich aufregen, färbt sich ihr Schweiß grün.",0,0,1
"1757",18,2,23,0,"Die Azoren gehören zu Spanien.",0,1,2
"1758",18,2,23,0,"Sheryl Crow war Hürdenläuferin.",1,0,1
"1759",19,1,22,1,"Freddie Mercurys richtiger Name lautete Farrokh Bulsara.",0,0,1
"1760",19,1,22,1,"Das Domino-Spiel besteht aus 28 Steinen.",1,0,1
"1761",19,1,22,1,"Tom Cruise ist Legastheniker.",1,1,2
"1762",19,1,22,1,"Brad Pitt heißt eigentlich 'Henry Bradley Pitt'.",0,0,1
"1763",19,1,22,1,"Die Azoren gehören zu Spanien.",0,0,3
"1764",19,1,22,1,"Frauen blinzeln fast doppelt so viel wie Männer.",1,1,3
"1765",19,1,22,1,"Ein Menschenfloh kann 20cm hoch springen.",1,1,3
"1766",19,1,22,1,"Austern wechseln je nach Jahreszeit ihr Geschlecht.",0,1,4
"1767",19,1,22,1,"Morpheus ist der griechische Gott der Träume.",0,1,5
"1768",19,1,22,1,"Schweine können keinen Sonnenbrand bekommen.",1,1,3
"1769",19,1,22,1,"Der Nacktmull ist das schmerzempfindlichste Tier der Welt.",1,0,4
"1770",19,1,22,1,"Die Norfolkinseln im Pazifik gehören zu Neuseeland.",0,0,4
"1771",19,1,22,1,"Die Angst vor dem Küssen nennt man Philemaphobie.",0,1,5
"1772",19,1,22,1,"Bei den italienischen Wahlen 2008 traten 62 Parteien an.",1,0,5
"1773",19,1,22,1,"Der griechische Gott Apollon ist der Schutzherr der Küste.",0,1,6
"1774",19,1,22,1,"Ein Schwan trägt ca. 50.000 Federn am Körper.",1,0,2
"1775",19,1,22,1,"Die Sektsteuer wurde von Friedrich Ebert eingeführt.",1,0,4
"1776",19,1,22,1,"Das türkische Bad wurde in Griechenland erfunden.",1,1,3
"1777",19,1,22,1,"Patagonien ist ein Landschaftsabschnitt in Asien.",0,1,3
"1778",19,1,22,1,"Der Bereich zwischen den Augenbrauen heißt Glabella.",1,1,4
"1779",19,1,22,1,"Manama ist die Hauptstadt Bahrains.",0,0,2
"1780",19,1,22,1,"Volleyball wurde in Florida erfunden.",1,1,2
"1781",19,1,22,1,"Robbie Williams heißt mit Zweitnamen 'Maximilian'.",1,1,1
"1782",19,1,22,1,"Der Film 'Pretty Woman' gewann keinen Oscar.",1,1,1
"1783",19,1,22,1,"Minerva ist die römische Göttin der Weisheit.",1,1,6
"1784",19,2,22,1,"Lachse können bis zu 20 Jahre alt werden.",0,0,6
"1785",19,2,22,1,"Ein neugeborenes Panda-Baby ist kleiner als eine Maus.",0,1,6
"1786",19,2,22,1,"Hernando Cortéz eroberte Mexiko.",0,1,5
"1787",19,2,22,1,"Blaue Augen werden im Alter immer heller.",0,1,3
"1788",19,2,22,1,"Frauen bekommen häufiger einen Schluckauf als Männer.",0,1,4
"1789",19,2,22,1,"Der Goliathfrosch kann sogar kleine Krokodile verspeisen.",1,1,5
"1790",19,2,22,1,"Der Schwertwal gehört zur Gattung der Delfine.",1,1,5
"1791",19,2,22,1,"Seoul bedeutet auf koreanisch 'Die Hauptstadt'.",1,1,3
"1792",19,2,22,1,"Keime sterben auf Holz schneller ab als auf Plastik.",0,0,2
"1793",19,2,22,1,"Die kanadische Sängerin Celine Dion hat acht Geschwister.",1,0,1
"1794",19,2,22,1,"Der Ladogasee ist der größte See Europas.",1,0,2
"1795",19,2,22,1,"Der Name 'Wowereit' heißt auf Litauisch Eichhörnchen.",0,1,2
"1796",19,2,22,1,"Bob Dylan arbeitet nebenberuflich als Winzer.",1,1,2
"1797",19,2,22,1,"In Uganda ist die Amtssprache englisch.",1,1,5
"1798",19,2,22,1,"Albany ist die Hauptstadt des US-Bundesstaates New Jersey.",1,0,2
"1799",19,2,22,1,"In USA wird kein Teletext ausgestrahlt.",0,0,1
"1800",19,2,22,1,"Nur Menschen und Affen besitzen einen Bauchnabel.",1,0,6
"1801",19,2,22,1,"In Angola ist Spanisch die offizielle Amtssprache.",0,0,3
"1802",19,2,22,1,"Jean-Jaques Rousseau war alleinerziehender Vater.",0,0,1
"1803",19,2,22,1,"Eine Bienenkönigin legt durchschnittlich 500 Eier am Tag.",1,1,3
"1804",19,2,22,1,"Die Ostgoten zählten zum Stamm der Normannen.",0,0,1
"1805",19,2,22,1,"Alexander Graham Bell erfand das Tragflügelboot.",1,0,5
"1806",19,2,22,1,"Sheryl Crow war Hürdenläuferin.",1,1,2
"1807",19,2,22,1,"Einen kastrierten Esel nennt man auch Macker oder Knilch.",1,0,2
"1808",19,2,22,1,"Die erste elektronische Mail wurde im Jahr 1973 versendet.",1,1,3
"1809",19,2,22,1,"Der Allradantrieb wurde 1938 in England erfunden.",1,1,3
"1810",19,2,22,1,"Der Reißverschluss wurde in Norwegen erfunden.",0,0,2
"1811",19,2,22,1,"Goethe schrieb genau 64 Jahre lang an seinem 'Faust'.",0,0,1
"1812",19,2,22,1,"Wladimir Putin wurde in Murmansk geboren.",0,1,4
"1813",19,2,22,1,"Magnesiummangel kann zu Hautproblemen führen.",1,1,5
"1814",19,2,22,1,"Winston Churchill erhielt den Nobelpreis für Literatur.",1,0,1
"1815",19,2,22,1,"Beim Rugby gibt es 30 Spieler.",0,0,1
"1816",19,2,22,1,"Das Zwerghörnchen ist das kleinste Säugetier Europas.",1,0,1
"1817",19,2,22,1,"Die Küstenseeschwalbe fliegt jedes Jahr fast 40000 km.",1,1,6
"1818",19,2,22,1,"Der Wassergehalt bei Beeren beträgt 90%.",0,1,5
"1819",19,2,22,1,"In den USA gibt es die meisten Milliardäre auf der Welt.",1,0,1
"1820",19,2,22,1,"Kleinohrigel haben keine Stacheln.",0,0,1
"1821",19,2,22,1,"Spanholz besteht hauptsächlich aus Birkenholz.",0,0,1
"1822",19,2,22,1,"Schären sind Talgletscher in Skandinavien.",1,1,4
"1823",19,2,22,1,"Der Speisesaal eines Klosters wird Refektorium genannt.",1,0,1
"1824",19,2,22,1,"Die längsten Opern stammen von Gioacchino Rossini.",1,1,2
"1825",19,2,22,1,"Sambia hieß früher Nordrhodesien.",0,0,1
"1826",19,2,22,1,"Zuckerwatte wurde von einem Flugzeugpiloten erfunden.",0,0,1
"1827",19,2,22,1,"Tequila wird aus dem Herzen der roten Agave gewonnen.",1,1,4
"1828",19,2,22,1,"Die Volksrepublik China wurde 1947 gegründet.",0,0,1
"1829",19,2,22,1,"Erdbeeren enthalten mehr Vitamin C als Orangen.",1,1,4
"1830",19,2,22,1,"Auf indischen Rupienscheinen sind 12 verschiedene Schriften.",1,1,4
"1831",19,2,22,1,"Das Finn-Dingi ist ein Einmannboot beim Sportsegeln.",1,1,5
"1832",19,2,22,1,"Der mitteleuropäische Feldschwirl ist kein Zugvogel.",0,1,3
"1833",19,2,22,1,"Ein menschliches Haar wächst jährlich ca. 85 mm.",0,1,5
"1834",19,2,22,1,"Die Wüste Dahna liegt in Saudi-Arabien.",0,1,2
"1835",19,2,22,1,"Kokosnüsse haben einen höheren Fettanteil als Pistazien.",0,0,3
"1836",19,2,22,1,"Der Erfinder des Bikinis war ursprünglich Schuhdesigner.",1,1,2
"1837",19,2,22,1,"Nauru ist die kleinste souveräne Republik der Erde.",0,0,1
"1838",19,2,22,1,"Tennis wurde in englischen Klöstern erfunden.",0,1,2
"1839",19,2,22,1,"Weibliche Taranteln töten circa 99% ihrer Nachkommen.",0,1,1
"1840",19,1,22,1,"Die Insel Ösel gehört zu Dänemark.",0,1,3
"1841",19,1,22,1,"Die Schwarzerle zählt zu den Buchengewächsen.",0,1,3
"1842",19,1,22,1,"Spanien ist ein Gründungsmitglied der UNO.",1,0,3
"1843",19,1,22,1,"Der Mond passt vierzigmal in die Erdkugel.",0,0,6
"1844",19,1,22,1,"Seepferdchen gehören zur Gattung der Fische.",1,1,6
"1845",19,1,22,1,"Der Basenji ist der einzige Hund, der nicht bellt.",0,0,1
"1846",19,1,22,1,"Die Wüste Gobi ist eine Felswüste.",1,0,4
"1847",19,1,22,1,"Der Javagraben ist die tiefste Meerestiefe der Welt.",1,1,6
"1848",19,1,22,1,"Das Capybara ist das größte aller Beuteltiere.",1,0,6
"1849",19,1,22,1,"Die Tochter von Sydney Poitier heißt Sydney Poitier.",1,1,1
"1850",19,1,22,1,"Die Slowakei gehört nicht zu den NATO-Staaten.",0,0,5
"1851",19,1,22,1,"Unsere Atmosphäre enthält rund 0,00025 % Ozon.",0,0,1
"1852",19,1,22,1,"Nicole Kidman hat panische Angst vor Schmetterlingen.",1,0,1
"1853",19,1,22,1,"Giséle Bündchen hat einen Zwillingsbruder.",1,0,1
"1854",19,1,22,1,"Die Erde wird in 340 Längenkreise unterteilt.",1,0,1
"1855",19,1,22,1,"Ein Biber kann in einem Jahr über 200 Bäume fällen.",1,1,3
"1856",19,1,22,1,"Die Augen eines Straußes sind größer als sein Gehirn.",0,1,4
"1857",19,1,22,1,"Sumatra ist die viertgrößte Insel der Welt.",1,1,5
"1858",19,1,22,1,"Alle Uhren im Film 'Pulp Fiction' stehen auf 4.10 Uhr.",1,1,3
"1859",19,1,22,1,"Delphine schwimmen höchstens 54 Kilometer pro Stunde.",0,0,2
"1860",19,1,22,1,"Das meiste Gold wird derzeit in Südafrika gefördert.",1,1,2
"1861",19,1,22,1,"Es gibt 56 verschiedene Arten eine Krawatte zu binden.",0,1,2
"1862",19,1,22,1,"Lybien ist das einzige Land mit einer einfarbigen Flagge.",0,0,2
"1863",19,2,22,1,"Balsaholz ist die schwerste aller Holzarten.",0,0,1
"1864",19,2,22,1,"Island ist geologisch das jüngste Inselland der Welt.",1,1,4
"1865",19,2,22,1,"Ein Nilpferd wiegt bei seiner Geburt ca. 150kg.",0,1,3
"1866",19,2,22,1,"Für Descartes wies Schielen bei Frauen auf Frigidität hin.",1,1,4
"1867",19,1,22,1,"Das Jojo war ursprünglich eine philippinische Jagdwaffe.",0,0,1
"1868",19,1,22,1,"Das Lieblingsgetränk von Benedikt XVI. ist Fanta.",0,0,1
"1869",19,1,22,1,"Die Luftpumpe ist eine französische Erfindung.",1,0,1
"1870",19,1,22,1,"Die Nachfolger Mohammeds bezeichnet man als Kalifen.",0,1,5
"1871",19,1,22,1,"Wenn Nilpferde sich aufregen, färbt sich ihr Schweiß grün.",0,0,3
"1872",19,1,22,1,"Die Insektenkunde wird auch Entomologie genannt.",1,1,3
"1873",19,1,22,1,"Der nicht sichtbare Teil des Eisbergs heißt Eisbergkiel.",0,1,1
"1874",19,1,22,1,"Der Maler Marc Chagall wurde 1887 in Russland geboren.",0,1,2
"1875",19,1,22,1,"French Fries' wurden in England erfunden.",0,1,2
"1876",19,1,22,1,"Schlangen sind taub, da kein Außenohr vorhanden ist.",0,0,6
"1877",19,1,22,1,"Der höchste nordamerikanische Berg liegt in Wyoming.",0,0,2
"1878",19,1,22,1,"Bolivien ist der kleinste Binnenstaat Südamerikas.",0,1,4
"1879",20,2,24,1,"Jean-Jaques Rousseau war alleinerziehender Vater.",1,0,1
"1880",20,1,24,1,"Der Maler Marc Chagall wurde 1887 in Russland geboren.",0,0,1
"1881",20,1,24,1,"Es gibt 56 verschiedene Arten eine Krawatte zu binden.",0,1,1
"1882",20,1,24,1,"Das Domino-Spiel besteht aus 28 Steinen.",1,1,1
"1883",20,1,24,1,"Brad Pitt heißt eigentlich 'Henry Bradley Pitt'.",0,1,1
"1884",20,2,24,1,"In Angola ist Spanisch die offizielle Amtssprache.",1,1,1
"1885",20,2,24,1,"Ein menschliches Haar wächst jährlich ca. 85 mm.",1,0,1
"1886",20,2,24,1,"Der Schwertwal gehört zur Gattung der Delfine.",0,1,1
"1887",20,2,24,1,"Der Speisesaal eines Klosters wird Refektorium genannt.",0,0,1
"1888",20,2,24,1,"Spanholz besteht hauptsächlich aus Birkenholz.",1,0,1
"1889",20,2,24,1,"Tequila wird aus dem Herzen der roten Agave gewonnen.",0,0,1
"1890",20,2,24,1,"Goethe schrieb genau 64 Jahre lang an seinem 'Faust'.",1,1,1
"1891",20,2,24,1,"Die Volksrepublik China wurde 1947 gegründet.",1,0,1
"1892",20,2,24,1,"Die Ostgoten zählten zum Stamm der Normannen.",1,1,1
"1893",20,2,24,1,"Nur Menschen und Affen besitzen einen Bauchnabel.",0,1,1
"1894",20,2,24,1,"Der Erfinder des Bikinis war ursprünglich Schuhdesigner.",0,1,1
"1895",20,2,24,1,"Hernando Cortéz eroberte Mexiko.",1,1,1
"1896",20,2,24,1,"Einen kastrierten Esel nennt man auch Macker oder Knilch.",0,0,1
"1897",20,2,24,1,"Seoul bedeutet auf koreanisch 'Die Hauptstadt'.",0,1,1
"1898",20,2,24,1,"Die Küstenseeschwalbe fliegt jedes Jahr fast 40000 km.",0,1,1
"1899",20,2,24,1,"Zuckerwatte wurde von einem Flugzeugpiloten erfunden.",1,1,1
"1900",20,2,24,1,"Weibliche Taranteln töten circa 99% ihrer Nachkommen.",1,1,1
"1901",20,2,24,1,"Die längsten Opern stammen von Gioacchino Rossini.",0,0,1
"1902",20,2,24,1,"Wladimir Putin wurde in Murmansk geboren.",1,1,1
"1903",20,2,24,1,"In Uganda ist die Amtssprache englisch.",0,1,1
"1904",20,2,24,1,"Beim Rugby gibt es 30 Spieler.",1,0,1
"1905",20,2,24,1,"Albany ist die Hauptstadt des US-Bundesstaates New Jersey.",0,0,1
"1906",20,2,24,1,"Magnesiummangel kann zu Hautproblemen führen.",0,1,1
"1907",20,1,24,1,"Ein Schwan trägt ca. 50.000 Federn am Körper.",1,1,1
"1908",20,1,24,1,"Giséle Bündchen hat einen Zwillingsbruder.",1,1,1
"1909",20,1,24,1,"Die Angst vor dem Küssen nennt man Philemaphobie.",0,0,1
"1910",20,1,24,1,"Das Capybara ist das größte aller Beuteltiere.",1,0,1
"1911",20,1,24,1,"Die Sektsteuer wurde von Friedrich Ebert eingeführt.",1,0,2
"1912",20,1,24,1,"Die Norfolkinseln im Pazifik gehören zu Neuseeland.",0,0,2
"1913",20,1,24,1,"Bolivien ist der kleinste Binnenstaat Südamerikas.",0,0,2
"1914",20,1,24,1,"Das Jojo war ursprünglich eine philippinische Jagdwaffe.",0,0,1
"1915",20,1,24,1,"Die Luftpumpe ist eine französische Erfindung.",1,1,1
"1916",20,1,24,1,"Der nicht sichtbare Teil des Eisbergs heißt Eisbergkiel.",0,1,1
"1917",20,1,24,1,"Die Insel Ösel gehört zu Dänemark.",0,0,1
"1918",20,1,24,1,"Robbie Williams heißt mit Zweitnamen 'Maximilian'.",1,1,1
"1919",20,1,24,1,"Frauen blinzeln fast doppelt so viel wie Männer.",1,0,1
"1920",20,1,24,1,"Sumatra ist die viertgrößte Insel der Welt.",1,0,1
"1921",20,1,24,1,"Die Augen eines Straußes sind größer als sein Gehirn.",0,1,1
"1922",20,1,24,1,"Das meiste Gold wird derzeit in Südafrika gefördert.",1,1,2
"1923",20,1,24,1,"Die Slowakei gehört nicht zu den NATO-Staaten.",0,0,1
"1924",20,1,24,1,"Delphine schwimmen höchstens 54 Kilometer pro Stunde.",0,0,1
"1925",20,1,24,1,"Austern wechseln je nach Jahreszeit ihr Geschlecht.",0,1,1
"1926",20,1,24,1,"Spanien ist ein Gründungsmitglied der UNO.",1,1,1
"1927",20,1,24,1,"Unsere Atmosphäre enthält rund 0,00025 % Ozon.",0,0,1
"1928",20,1,24,1,"Die Wüste Gobi ist eine Felswüste.",1,1,1
"1929",20,1,24,1,"Die Tochter von Sydney Poitier heißt Sydney Poitier.",1,1,1
"1930",20,1,24,1,"Die Nachfolger Mohammeds bezeichnet man als Kalifen.",0,0,1
"1931",20,1,24,1,"Tom Cruise ist Legastheniker.",1,1,2
"1932",20,1,24,1,"Der Basenji ist der einzige Hund, der nicht bellt.",0,0,1
"1933",20,1,24,1,"Ein Biber kann in einem Jahr über 200 Bäume fällen.",1,1,1
"1934",20,1,24,1,"Der Film 'Pretty Woman' gewann keinen Oscar.",1,1,2
"1935",20,1,24,1,"Der Javagraben ist die tiefste Meerestiefe der Welt.",1,1,3
"1936",20,1,24,1,"Der Mond passt vierzigmal in die Erdkugel.",0,1,1
"1937",20,1,24,1,"Freddie Mercurys richtiger Name lautete Farrokh Bulsara.",0,0,1
"1938",20,1,24,1,"Minerva ist die römische Göttin der Weisheit.",1,1,1
"1939",20,1,24,1,"Wenn Nilpferde sich aufregen, färbt sich ihr Schweiß grün.",0,0,1
"1940",20,1,24,1,"Ein Menschenfloh kann 20cm hoch springen.",1,0,3
"1941",20,1,24,1,"Bei den italienischen Wahlen 2008 traten 62 Parteien an.",1,0,1
"1942",20,1,24,1,"Der Bereich zwischen den Augenbrauen heißt Glabella.",1,1,1
"1943",20,1,24,1,"Der Nacktmull ist das schmerzempfindlichste Tier der Welt.",1,1,1
"1944",20,1,24,1,"Die Azoren gehören zu Spanien.",0,0,1
"1945",20,1,24,1,"Der höchste nordamerikanische Berg liegt in Wyoming.",0,1,1
"1946",20,1,24,1,"Schweine können keinen Sonnenbrand bekommen.",1,1,1
"1947",20,1,24,1,"Schlangen sind taub, da kein Außenohr vorhanden ist.",0,1,1
"1948",20,1,24,1,"Morpheus ist der griechische Gott der Träume.",0,1,1
"1949",20,1,24,1,"Das Lieblingsgetränk von Benedikt XVI. ist Fanta.",0,0,2
"1950",20,1,24,1,"Die Schwarzerle zählt zu den Buchengewächsen.",0,1,1
"1951",20,1,24,1,"Die Erde wird in 340 Längenkreise unterteilt.",1,0,1
"1952",20,1,24,1,"Patagonien ist ein Landschaftsabschnitt in Asien.",0,0,3
"1953",20,1,24,1,"Der griechische Gott Apollon ist der Schutzherr der Küste.",0,0,2
"1954",20,1,24,1,"French Fries' wurden in England erfunden.",0,0,1
"1955",20,1,24,1,"Alle Uhren im Film 'Pulp Fiction' stehen auf 4.10 Uhr.",1,1,3
"1956",20,1,24,1,"Nicole Kidman hat panische Angst vor Schmetterlingen.",1,1,2
"1957",20,1,24,1,"Das türkische Bad wurde in Griechenland erfunden.",1,1,2
"1958",20,1,24,1,"Lybien ist das einzige Land mit einer einfarbigen Flagge.",0,0,1
"1959",20,1,24,1,"Seepferdchen gehören zur Gattung der Fische.",1,1,1
"1960",20,1,24,1,"Die Insektenkunde wird auch Entomologie genannt.",1,1,1
"1961",20,1,24,1,"Manama ist die Hauptstadt Bahrains.",0,1,1
"1962",20,1,24,1,"Volleyball wurde in Florida erfunden.",1,1,1
"1963",20,2,24,1,"Das Zwerghörnchen ist das kleinste Säugetier Europas.",0,1,1
"1964",20,2,24,1,"Auf indischen Rupienscheinen sind 12 verschiedene Schriften.",0,0,1
"1965",20,2,24,1,"Ein neugeborenes Panda-Baby ist kleiner als eine Maus.",1,1,4
"1966",20,2,24,1,"Balsaholz ist die schwerste aller Holzarten.",1,0,1
"1967",20,2,24,1,"Blaue Augen werden im Alter immer heller.",1,1,1
"1968",20,2,24,1,"Der Goliathfrosch kann sogar kleine Krokodile verspeisen.",0,0,1
"1969",20,2,24,1,"Der Reißverschluss wurde in Norwegen erfunden.",1,1,1
"1970",20,2,24,1,"Eine Bienenkönigin legt durchschnittlich 500 Eier am Tag.",0,1,1
"1971",20,2,24,1,"Der Name 'Wowereit' heißt auf Litauisch Eichhörnchen.",1,0,1
"1972",20,2,24,1,"In den USA gibt es die meisten Milliardäre auf der Welt.",0,0,1
"1973",20,2,24,1,"Die Wüste Dahna liegt in Saudi-Arabien.",1,1,1
"1974",20,2,24,1,"Island ist geologisch das jüngste Inselland der Welt.",0,0,1
"1975",20,2,24,1,"Sheryl Crow war Hürdenläuferin.",0,1,1
"1976",20,2,24,1,"Tennis wurde in englischen Klöstern erfunden.",1,1,1
"1977",20,2,24,1,"Kleinohrigel haben keine Stacheln.",1,1,1
"1978",20,2,24,1,"Der Ladogasee ist der größte See Europas.",0,0,1
"1979",20,2,24,1,"Schären sind Talgletscher in Skandinavien.",0,0,1
"1980",20,2,24,1,"Die erste elektronische Mail wurde im Jahr 1973 versendet.",0,1,1
"1981",20,2,24,1,"Frauen bekommen häufiger einen Schluckauf als Männer.",1,1,1
"1982",20,2,24,1,"Lachse können bis zu 20 Jahre alt werden.",1,1,1
"1983",20,2,24,1,"Keime sterben auf Holz schneller ab als auf Plastik.",1,0,1
"1984",20,2,24,1,"Für Descartes wies Schielen bei Frauen auf Frigidität hin.",0,1,1
"1985",20,2,24,1,"Bob Dylan arbeitet nebenberuflich als Winzer.",0,0,1
"1986",20,2,24,1,"Winston Churchill erhielt den Nobelpreis für Literatur.",0,1,1
"1987",20,2,24,1,"Kokosnüsse haben einen höheren Fettanteil als Pistazien.",1,0,1
"1988",20,2,24,1,"Alexander Graham Bell erfand das Tragflügelboot.",0,0,1
"1989",20,2,24,1,"Die kanadische Sängerin Celine Dion hat acht Geschwister.",0,1,1
"1990",20,2,24,1,"Der mitteleuropäische Feldschwirl ist kein Zugvogel.",1,1,1
"1991",20,2,24,1,"Das Finn-Dingi ist ein Einmannboot beim Sportsegeln.",0,0,1
"1992",20,2,24,1,"Der Wassergehalt bei Beeren beträgt 90%.",1,1,1
"1993",20,2,24,1,"Sambia hieß früher Nordrhodesien.",1,0,1
"1994",20,2,24,1,"Der Allradantrieb wurde 1938 in England erfunden.",0,1,1
"1995",20,2,24,1,"Nauru ist die kleinste souveräne Republik der Erde.",1,1,1
"1996",20,2,24,1,"Erdbeeren enthalten mehr Vitamin C als Orangen.",0,1,1
"1997",20,2,24,1,"Ein Nilpferd wiegt bei seiner Geburt ca. 150kg.",1,1,1
"1998",20,2,24,1,"In USA wird kein Teletext ausgestrahlt.",1,1,1
"1999",21,1,21,1,"Albany ist die Hauptstadt des US-Bundesstaates New Jersey.",0,0,5
"2000",21,1,21,1,"Volleyball wurde in Florida erfunden.",1,1,1
"2001",21,1,21,1,"Der Film 'Pretty Woman' gewann keinen Oscar.",1,0,1
"2002",21,1,21,1,"Der Speisesaal eines Klosters wird Refektorium genannt.",0,1,1
"2003",21,1,21,1,"Das Finn-Dingi ist ein Einmannboot beim Sportsegeln.",0,1,1
"2004",21,1,21,1,"Das Capybara ist das größte aller Beuteltiere.",1,1,1
"2005",21,1,21,1,"Seoul bedeutet auf koreanisch 'Die Hauptstadt'.",0,1,1
"2006",21,1,21,1,"Die Luftpumpe ist eine französische Erfindung.",1,1,1
"2007",21,1,21,1,"Der Javagraben ist die tiefste Meerestiefe der Welt.",1,0,2
"2008",21,1,21,1,"Bob Dylan arbeitet nebenberuflich als Winzer.",0,0,1
"2009",21,1,21,1,"Robbie Williams heißt mit Zweitnamen 'Maximilian'.",1,1,2
"2010",21,1,21,1,"Sumatra ist die viertgrößte Insel der Welt.",1,0,1
"2011",21,1,21,1,"Spanien ist ein Gründungsmitglied der UNO.",1,1,4
"2012",21,1,21,1,"Die Küstenseeschwalbe fliegt jedes Jahr fast 40000 km.",0,0,1
"2013",21,1,21,1,"Die Erde wird in 340 Längenkreise unterteilt.",1,0,3
"2014",21,1,21,1,"Das türkische Bad wurde in Griechenland erfunden.",1,1,4
"2015",21,1,21,1,"Die Sektsteuer wurde von Friedrich Ebert eingeführt.",1,1,6
"2016",21,1,21,1,"Erdbeeren enthalten mehr Vitamin C als Orangen.",0,0,2
"2017",21,1,21,1,"Tom Cruise ist Legastheniker.",1,1,1
"2018",21,1,21,1,"Der Bereich zwischen den Augenbrauen heißt Glabella.",1,1,4
"2019",21,1,21,1,"Bei den italienischen Wahlen 2008 traten 62 Parteien an.",1,1,2
"2020",21,1,21,1,"Die erste elektronische Mail wurde im Jahr 1973 versendet.",0,0,1
"2021",21,1,21,1,"Das Zwerghörnchen ist das kleinste Säugetier Europas.",0,1,1
"2022",21,1,21,1,"Die längsten Opern stammen von Gioacchino Rossini.",0,0,1
"2023",21,1,21,1,"Giséle Bündchen hat einen Zwillingsbruder.",1,1,2
"2024",21,1,21,1,"Tequila wird aus dem Herzen der roten Agave gewonnen.",0,0,1
"2025",21,2,21,1,"In USA wird kein Teletext ausgestrahlt.",0,1,3
"2026",21,2,21,1,"Der höchste nordamerikanische Berg liegt in Wyoming.",1,1,2
"2027",21,2,21,1,"Kokosnüsse haben einen höheren Fettanteil als Pistazien.",0,1,2
"2028",21,2,21,1,"Der Reißverschluss wurde in Norwegen erfunden.",0,0,1
"2029",21,2,21,1,"Es gibt 56 verschiedene Arten eine Krawatte zu binden.",1,1,2
"2030",21,2,21,1,"Ein neugeborenes Panda-Baby ist kleiner als eine Maus.",0,0,1
"2031",21,2,21,1,"Wladimir Putin wurde in Murmansk geboren.",0,1,1
"2032",21,2,21,1,"Die Slowakei gehört nicht zu den NATO-Staaten.",1,1,1
"2033",21,2,21,1,"Die Insel Ösel gehört zu Dänemark.",1,1,1
"2034",21,2,21,1,"Der Mond passt vierzigmal in die Erdkugel.",1,1,2
"2035",21,2,21,1,"Lybien ist das einzige Land mit einer einfarbigen Flagge.",1,0,1
"2036",21,2,21,1,"Goethe schrieb genau 64 Jahre lang an seinem 'Faust'.",0,1,2
"2037",21,2,21,1,"Ein menschliches Haar wächst jährlich ca. 85 mm.",0,0,4
"2038",21,2,21,1,"Die Azoren gehören zu Spanien.",1,1,1
"2039",21,2,21,1,"Der griechische Gott Apollon ist der Schutzherr der Küste.",1,1,1
"2040",21,2,21,1,"Blaue Augen werden im Alter immer heller.",0,0,3
"2041",21,2,21,1,"Tennis wurde in englischen Klöstern erfunden.",0,0,2
"2042",21,2,21,1,"Der Name 'Wowereit' heißt auf Litauisch Eichhörnchen.",0,1,1
"2043",21,2,21,1,"Die Schwarzerle zählt zu den Buchengewächsen.",1,1,1
"2044",21,2,21,1,"French Fries' wurden in England erfunden.",1,1,4
"2045",21,2,21,1,"Der mitteleuropäische Feldschwirl ist kein Zugvogel.",0,1,1
"2046",21,2,21,1,"Kleinohrigel haben keine Stacheln.",0,0,1
"2047",21,2,21,1,"Freddie Mercurys richtiger Name lautete Farrokh Bulsara.",1,1,3
"2048",21,2,21,1,"Nauru ist die kleinste souveräne Republik der Erde.",0,0,1
"2049",21,2,21,1,"Schlangen sind taub, da kein Außenohr vorhanden ist.",1,0,1
"2050",21,2,21,1,"Bolivien ist der kleinste Binnenstaat Südamerikas.",1,1,2
"2051",21,2,21,1,"Das Lieblingsgetränk von Benedikt XVI. ist Fanta.",1,0,3
"2052",21,2,21,1,"Sambia hieß früher Nordrhodesien.",0,0,1
"2053",21,2,21,1,"Lachse können bis zu 20 Jahre alt werden.",0,1,1
"2054",21,2,21,1,"Brad Pitt heißt eigentlich 'Henry Bradley Pitt'.",1,0,1
"2055",21,2,21,1,"Die Wüste Dahna liegt in Saudi-Arabien.",0,1,1
"2056",21,2,21,1,"Manama ist die Hauptstadt Bahrains.",1,1,1
"2057",21,2,21,1,"Das Jojo war ursprünglich eine philippinische Jagdwaffe.",1,0,1
"2058",21,2,21,1,"Weibliche Taranteln töten circa 99% ihrer Nachkommen.",0,1,1
"2059",21,2,21,1,"Die Augen eines Straußes sind größer als sein Gehirn.",1,1,1
"2060",21,2,21,1,"Der Wassergehalt bei Beeren beträgt 90%.",0,0,1
"2061",21,2,21,1,"Die Volksrepublik China wurde 1947 gegründet.",0,0,1
"2062",21,2,21,1,"Frauen bekommen häufiger einen Schluckauf als Männer.",0,1,1
"2063",21,2,21,1,"Wenn Nilpferde sich aufregen, färbt sich ihr Schweiß grün.",1,1,1
"2064",21,2,21,1,"Morpheus ist der griechische Gott der Träume.",1,0,1
"2065",21,2,21,1,"Patagonien ist ein Landschaftsabschnitt in Asien.",1,1,3
"2066",21,2,21,1,"Unsere Atmosphäre enthält rund 0,00025 % Ozon.",1,1,1
"2067",21,2,21,1,"Die Norfolkinseln im Pazifik gehören zu Neuseeland.",1,0,1
"2068",21,2,21,1,"Hernando Cortéz eroberte Mexiko.",0,0,1
"2069",21,2,21,1,"Die Ostgoten zählten zum Stamm der Normannen.",0,1,1
"2070",21,2,21,1,"Balsaholz ist die schwerste aller Holzarten.",0,1,1
"2071",21,2,21,1,"Die Angst vor dem Küssen nennt man Philemaphobie.",1,0,1
"2072",21,2,21,1,"Zuckerwatte wurde von einem Flugzeugpiloten erfunden.",0,1,1
"2073",21,2,21,1,"Der nicht sichtbare Teil des Eisbergs heißt Eisbergkiel.",1,1,1
"2074",21,2,21,1,"Jean-Jaques Rousseau war alleinerziehender Vater.",0,0,1
"2075",21,2,21,1,"Beim Rugby gibt es 30 Spieler.",0,1,1
"2076",21,2,21,1,"Der Basenji ist der einzige Hund, der nicht bellt.",1,1,2
"2077",21,2,21,1,"Ein Nilpferd wiegt bei seiner Geburt ca. 150kg.",0,1,2
"2078",21,2,21,1,"Spanholz besteht hauptsächlich aus Birkenholz.",0,0,1
"2079",21,2,21,1,"Austern wechseln je nach Jahreszeit ihr Geschlecht.",1,1,1
"2080",21,1,21,1,"Der Nacktmull ist das schmerzempfindlichste Tier der Welt.",1,1,1
"2081",21,1,21,1,"Die Insektenkunde wird auch Entomologie genannt.",1,1,4
"2082",21,1,21,1,"Das Domino-Spiel besteht aus 28 Steinen.",1,1,4
"2083",21,1,21,1,"Ein Biber kann in einem Jahr über 200 Bäume fällen.",1,1,4
"2084",21,1,21,1,"Die Wüste Gobi ist eine Felswüste.",1,0,1
"2085",21,1,21,1,"In den USA gibt es die meisten Milliardäre auf der Welt.",0,1,2
"2086",21,1,21,1,"Magnesiummangel kann zu Hautproblemen führen.",0,0,1
"2087",21,1,21,1,"Sheryl Crow war Hürdenläuferin.",0,1,1
"2088",21,1,21,1,"Alle Uhren im Film 'Pulp Fiction' stehen auf 4.10 Uhr.",1,1,6
"2089",21,1,21,1,"Nur Menschen und Affen besitzen einen Bauchnabel.",0,0,1
"2090",21,1,21,1,"Ein Menschenfloh kann 20cm hoch springen.",1,1,2
"2091",21,1,21,1,"Das meiste Gold wird derzeit in Südafrika gefördert.",1,1,2
"2092",21,1,21,1,"Island ist geologisch das jüngste Inselland der Welt.",0,1,1
"2093",21,1,21,1,"Minerva ist die römische Göttin der Weisheit.",1,1,2
"2094",21,1,21,1,"Der Schwertwal gehört zur Gattung der Delfine.",0,0,1
"2095",21,1,21,1,"Der Allradantrieb wurde 1938 in England erfunden.",0,1,1
"2096",21,1,21,1,"Die kanadische Sängerin Celine Dion hat acht Geschwister.",0,0,1
"2097",21,1,21,1,"Seepferdchen gehören zur Gattung der Fische.",1,1,2
"2098",21,1,21,1,"Nicole Kidman hat panische Angst vor Schmetterlingen.",1,1,2
"2099",21,1,21,1,"Alexander Graham Bell erfand das Tragflügelboot.",0,0,1
"2100",21,1,21,1,"Die Tochter von Sydney Poitier heißt Sydney Poitier.",1,1,6
"2101",21,1,21,1,"Der Goliathfrosch kann sogar kleine Krokodile verspeisen.",0,0,1
"2102",21,1,21,1,"Frauen blinzeln fast doppelt so viel wie Männer.",1,1,1
"2103",21,1,21,1,"Ein Schwan trägt ca. 50.000 Federn am Körper.",1,1,1
"2104",21,2,21,1,"Delphine schwimmen höchstens 54 Kilometer pro Stunde.",1,0,1
"2105",21,2,21,1,"Der Maler Marc Chagall wurde 1887 in Russland geboren.",1,1,1
"2106",21,2,21,1,"Die Nachfolger Mohammeds bezeichnet man als Kalifen.",1,1,2
"2107",21,2,21,1,"Keime sterben auf Holz schneller ab als auf Plastik.",0,1,1
"2108",21,1,21,1,"In Uganda ist die Amtssprache englisch.",0,0,1
"2109",21,1,21,1,"Schären sind Talgletscher in Skandinavien.",0,1,1
"2110",21,1,21,1,"Der Erfinder des Bikinis war ursprünglich Schuhdesigner.",0,0,1
"2111",21,1,21,1,"Eine Bienenkönigin legt durchschnittlich 500 Eier am Tag.",0,0,1
"2112",21,1,21,1,"Auf indischen Rupienscheinen sind 12 verschiedene Schriften.",0,1,2
"2113",21,1,21,1,"Einen kastrierten Esel nennt man auch Macker oder Knilch.",0,1,1
"2114",21,1,21,1,"Winston Churchill erhielt den Nobelpreis für Literatur.",0,0,1
"2115",21,1,21,1,"Der Ladogasee ist der größte See Europas.",0,0,1
"2116",21,1,21,1,"Schweine können keinen Sonnenbrand bekommen.",1,1,6
"2117",21,1,21,1,"Für Descartes wies Schielen bei Frauen auf Frigidität hin.",0,1,1
"2118",22,2,24,1,"Freddie Mercurys richtiger Name lautete Farrokh Bulsara.",0,1,6
"2119",22,2,24,1,"Der Wassergehalt bei Beeren beträgt 90%.",1,1,6
"2120",22,1,24,1,"Das Finn-Dingi ist ein Einmannboot beim Sportsegeln.",0,0,2
"2121",22,1,24,1,"Auf indischen Rupienscheinen sind 12 verschiedene Schriften.",0,0,4
"2122",22,1,24,1,"Die Erde wird in 340 Längenkreise unterteilt.",1,1,6
"2123",22,1,24,1,"Seoul bedeutet auf koreanisch 'Die Hauptstadt'.",0,1,6
"2124",22,1,24,1,"Der Ladogasee ist der größte See Europas.",0,0,2
"2125",22,2,24,1,"In Angola ist Spanisch die offizielle Amtssprache.",1,1,6
"2126",22,2,24,1,"Zuckerwatte wurde von einem Flugzeugpiloten erfunden.",1,0,1
"2127",22,2,24,1,"Die Slowakei gehört nicht zu den NATO-Staaten.",0,0,1
"2128",22,2,24,1,"Schlangen sind taub, da kein Außenohr vorhanden ist.",0,0,1
"2129",22,2,24,1,"Bolivien ist der kleinste Binnenstaat Südamerikas.",0,1,1
"2130",22,2,24,1,"Die Angst vor dem Küssen nennt man Philemaphobie.",0,1,1
"2131",22,2,24,1,"Spanholz besteht hauptsächlich aus Birkenholz.",1,1,6
"2132",22,2,24,1,"Frauen bekommen häufiger einen Schluckauf als Männer.",1,0,1
"2133",22,2,24,1,"Der griechische Gott Apollon ist der Schutzherr der Küste.",0,0,6
"2134",22,2,24,1,"Balsaholz ist die schwerste aller Holzarten.",1,0,1
"2135",22,2,24,1,"Der Reißverschluss wurde in Norwegen erfunden.",1,0,1
"2136",22,2,24,1,"Die Augen eines Straußes sind größer als sein Gehirn.",0,1,1
"2137",22,2,24,1,"Delphine schwimmen höchstens 54 Kilometer pro Stunde.",0,0,1
"2138",22,2,24,1,"Der mitteleuropäische Feldschwirl ist kein Zugvogel.",1,0,1
"2139",22,2,24,1,"Lachse können bis zu 20 Jahre alt werden.",1,1,1
"2140",22,2,24,1,"Die Nachfolger Mohammeds bezeichnet man als Kalifen.",0,1,6
"2141",22,2,24,1,"Nauru ist die kleinste souveräne Republik der Erde.",1,1,1
"2142",22,2,24,1,"Wladimir Putin wurde in Murmansk geboren.",1,1,1
"2143",22,2,24,1,"Goethe schrieb genau 64 Jahre lang an seinem 'Faust'.",1,1,1
"2144",22,2,24,1,"Blaue Augen werden im Alter immer heller.",1,1,4
"2145",22,2,24,1,"Sambia hieß früher Nordrhodesien.",1,0,1
"2146",22,2,24,1,"Der Mond passt vierzigmal in die Erdkugel.",0,1,3
"2147",22,2,24,1,"French Fries' wurden in England erfunden.",0,1,6
"2148",22,1,24,1,"Für Descartes wies Schielen bei Frauen auf Frigidität hin.",0,0,1
"2149",22,1,24,1,"Das türkische Bad wurde in Griechenland erfunden.",1,1,6
"2150",22,1,24,1,"Volleyball wurde in Florida erfunden.",1,1,6
"2151",22,1,24,1,"Die Tochter von Sydney Poitier heißt Sydney Poitier.",1,1,6
"2152",22,1,24,1,"Tequila wird aus dem Herzen der roten Agave gewonnen.",0,0,1
"2153",22,1,24,1,"Schweine können keinen Sonnenbrand bekommen.",1,1,6
"2154",22,1,24,1,"Alle Uhren im Film 'Pulp Fiction' stehen auf 4.10 Uhr.",1,1,6
"2155",22,1,24,1,"Erdbeeren enthalten mehr Vitamin C als Orangen.",0,0,5
"2156",22,1,24,1,"Der Javagraben ist die tiefste Meerestiefe der Welt.",1,1,6
"2157",22,1,24,1,"In Uganda ist die Amtssprache englisch.",0,0,6
"2158",22,1,24,1,"Frauen blinzeln fast doppelt so viel wie Männer.",1,1,6
"2159",22,1,24,1,"Schären sind Talgletscher in Skandinavien.",0,0,4
"2160",22,1,24,1,"Der Nacktmull ist das schmerzempfindlichste Tier der Welt.",1,1,6
"2161",22,1,24,1,"Das Capybara ist das größte aller Beuteltiere.",1,1,6
"2162",22,1,24,1,"Tom Cruise ist Legastheniker.",1,1,6
"2163",22,1,24,1,"Nur Menschen und Affen besitzen einen Bauchnabel.",0,0,4
"2164",22,1,24,1,"Die Wüste Gobi ist eine Felswüste.",1,1,3
"2165",22,1,24,1,"Giséle Bündchen hat einen Zwillingsbruder.",1,1,5
"2166",22,1,24,1,"Winston Churchill erhielt den Nobelpreis für Literatur.",0,1,1
"2167",22,1,24,1,"Die längsten Opern stammen von Gioacchino Rossini.",0,0,1
"2168",22,1,24,1,"Robbie Williams heißt mit Zweitnamen 'Maximilian'.",1,1,6
"2169",22,1,24,1,"Ein Schwan trägt ca. 50.000 Federn am Körper.",1,1,6
"2170",22,1,24,1,"Die erste elektronische Mail wurde im Jahr 1973 versendet.",0,0,3
"2171",22,1,24,1,"Magnesiummangel kann zu Hautproblemen führen.",0,1,3
"2172",22,1,24,1,"Der Goliathfrosch kann sogar kleine Krokodile verspeisen.",0,0,1
"2173",22,1,24,1,"Sumatra ist die viertgrößte Insel der Welt.",1,1,5
"2174",22,1,24,1,"Seepferdchen gehören zur Gattung der Fische.",1,1,6
"2175",22,1,24,1,"Bob Dylan arbeitet nebenberuflich als Winzer.",0,0,4
"2176",22,1,24,1,"Der Erfinder des Bikinis war ursprünglich Schuhdesigner.",0,0,1
"2177",22,1,24,1,"In den USA gibt es die meisten Milliardäre auf der Welt.",0,0,5
"2178",22,1,24,1,"Der Speisesaal eines Klosters wird Refektorium genannt.",0,0,1
"2179",22,1,24,1,"Der Allradantrieb wurde 1938 in England erfunden.",0,0,3
"2180",22,1,24,1,"Bei den italienischen Wahlen 2008 traten 62 Parteien an.",1,1,6
"2181",22,1,24,1,"Das Domino-Spiel besteht aus 28 Steinen.",1,1,6
"2182",22,1,24,1,"Ein Biber kann in einem Jahr über 200 Bäume fällen.",1,1,6
"2183",22,1,24,1,"Nicole Kidman hat panische Angst vor Schmetterlingen.",1,1,6
"2184",22,1,24,1,"Ein Menschenfloh kann 20cm hoch springen.",1,1,6
"2185",22,1,24,1,"Die Luftpumpe ist eine französische Erfindung.",1,1,6
"2186",22,1,24,1,"Die Sektsteuer wurde von Friedrich Ebert eingeführt.",1,0,4
"2187",22,1,24,1,"Sheryl Crow war Hürdenläuferin.",0,0,2
"2188",22,1,24,1,"Minerva ist die römische Göttin der Weisheit.",1,1,6
"2189",22,1,24,1,"Der Bereich zwischen den Augenbrauen heißt Glabella.",1,1,6
"2190",22,1,24,1,"Die Insektenkunde wird auch Entomologie genannt.",1,1,6
"2191",22,1,24,1,"Alexander Graham Bell erfand das Tragflügelboot.",0,1,4
"2192",22,1,24,1,"Island ist geologisch das jüngste Inselland der Welt.",0,1,6
"2193",22,1,24,1,"Der Film 'Pretty Woman' gewann keinen Oscar.",1,1,6
"2194",22,1,24,1,"Albany ist die Hauptstadt des US-Bundesstaates New Jersey.",0,1,6
"2195",22,1,24,1,"Der Schwertwal gehört zur Gattung der Delfine.",0,1,6
"2196",22,1,24,1,"Spanien ist ein Gründungsmitglied der UNO.",1,1,6
"2197",22,1,24,1,"Eine Bienenkönigin legt durchschnittlich 500 Eier am Tag.",0,1,5
"2198",22,1,24,1,"Einen kastrierten Esel nennt man auch Macker oder Knilch.",0,1,3
"2199",22,1,24,1,"Das Zwerghörnchen ist das kleinste Säugetier Europas.",0,1,3
"2200",22,1,24,1,"Die Küstenseeschwalbe fliegt jedes Jahr fast 40000 km.",0,0,2
"2201",22,1,24,1,"Das meiste Gold wird derzeit in Südafrika gefördert.",1,0,3
"2202",22,1,24,1,"Die kanadische Sängerin Celine Dion hat acht Geschwister.",0,0,3
"2203",22,2,24,1,"Unsere Atmosphäre enthält rund 0,00025 % Ozon.",0,1,1
"2204",22,2,24,1,"Die Norfolkinseln im Pazifik gehören zu Neuseeland.",0,1,6
"2205",22,2,24,1,"Die Azoren gehören zu Spanien.",0,1,6
"2206",22,2,24,1,"Der Maler Marc Chagall wurde 1887 in Russland geboren.",0,0,1
"2207",22,2,24,1,"Keime sterben auf Holz schneller ab als auf Plastik.",1,1,6
"2208",22,2,24,1,"In USA wird kein Teletext ausgestrahlt.",1,1,5
"2209",22,2,24,1,"Hernando Cortéz eroberte Mexiko.",1,1,2
"2210",22,2,24,1,"Es gibt 56 verschiedene Arten eine Krawatte zu binden.",0,0,2
"2211",22,2,24,1,"Die Insel Ösel gehört zu Dänemark.",0,1,4
"2212",22,2,24,1,"Austern wechseln je nach Jahreszeit ihr Geschlecht.",0,1,4
"2213",22,2,24,1,"Ein menschliches Haar wächst jährlich ca. 85 mm.",1,1,2
"2214",22,2,24,1,"Wenn Nilpferde sich aufregen, färbt sich ihr Schweiß grün.",0,0,2
"2215",22,2,24,1,"Patagonien ist ein Landschaftsabschnitt in Asien.",0,1,2
"2216",22,2,24,1,"Der Basenji ist der einzige Hund, der nicht bellt.",0,0,1
"2217",22,2,24,1,"Die Ostgoten zählten zum Stamm der Normannen.",1,1,4
"2218",22,2,24,1,"Der höchste nordamerikanische Berg liegt in Wyoming.",0,1,3
"2219",22,2,24,1,"Beim Rugby gibt es 30 Spieler.",1,1,2
"2220",22,2,24,1,"Das Lieblingsgetränk von Benedikt XVI. ist Fanta.",0,1,3
"2221",22,2,24,1,"Lybien ist das einzige Land mit einer einfarbigen Flagge.",0,1,3
"2222",22,2,24,1,"Ein neugeborenes Panda-Baby ist kleiner als eine Maus.",1,0,5
"2223",22,2,24,1,"Kleinohrigel haben keine Stacheln.",1,0,1
"2224",22,2,24,1,"Die Volksrepublik China wurde 1947 gegründet.",1,1,4
"2225",22,2,24,1,"Die Schwarzerle zählt zu den Buchengewächsen.",0,1,1
"2226",22,2,24,1,"Ein Nilpferd wiegt bei seiner Geburt ca. 150kg.",1,1,4
"2227",22,2,24,1,"Weibliche Taranteln töten circa 99% ihrer Nachkommen.",1,1,5
"2228",22,2,24,1,"Tennis wurde in englischen Klöstern erfunden.",1,0,1
"2229",22,2,24,1,"Kokosnüsse haben einen höheren Fettanteil als Pistazien.",1,1,4
"2230",22,2,24,1,"Der Name 'Wowereit' heißt auf Litauisch Eichhörnchen.",1,1,3
"2231",22,2,24,1,"Jean-Jaques Rousseau war alleinerziehender Vater.",1,1,2
"2232",22,2,24,1,"Brad Pitt heißt eigentlich 'Henry Bradley Pitt'.",0,1,3
"2233",22,2,24,1,"Morpheus ist der griechische Gott der Träume.",0,1,4
"2234",22,2,24,1,"Die Wüste Dahna liegt in Saudi-Arabien.",1,1,4
"2235",22,2,24,1,"Manama ist die Hauptstadt Bahrains.",0,0,1
"2236",22,2,24,1,"Das Jojo war ursprünglich eine philippinische Jagdwaffe.",0,1,2
"2237",22,2,24,1,"Der nicht sichtbare Teil des Eisbergs heißt Eisbergkiel.",0,1,2
"2238",23,1,19,1,"Nicole Kidman hat panische Angst vor Schmetterlingen.",1,1,3
"2239",23,1,19,1,"Die Wüste Gobi ist eine Felswüste.",1,1,3
"2240",23,1,19,1,"Die Sektsteuer wurde von Friedrich Ebert eingeführt.",1,1,3
"2241",23,1,19,1,"Die Tochter von Sydney Poitier heißt Sydney Poitier.",1,1,4
"2242",23,1,19,1,"In Angola ist Spanisch die offizielle Amtssprache.",0,1,5
"2243",23,1,19,1,"Giséle Bündchen hat einen Zwillingsbruder.",1,1,3
"2244",23,1,19,1,"Ein Menschenfloh kann 20cm hoch springen.",1,1,3
"2245",23,1,19,1,"Alle Uhren im Film 'Pulp Fiction' stehen auf 4.10 Uhr.",1,1,3
"2246",23,1,19,1,"Lachse können bis zu 20 Jahre alt werden.",0,0,3
"2247",23,1,19,1,"Blaue Augen werden im Alter immer heller.",0,1,2
"2248",23,1,19,1,"Das Domino-Spiel besteht aus 28 Steinen.",1,1,3
"2249",23,1,19,1,"Nauru ist die kleinste souveräne Republik der Erde.",0,0,3
"2250",23,1,19,1,"Spanholz besteht hauptsächlich aus Birkenholz.",0,1,3
"2251",23,1,19,1,"Wladimir Putin wurde in Murmansk geboren.",0,1,2
"2252",23,1,19,1,"Bei den italienischen Wahlen 2008 traten 62 Parteien an.",1,0,2
"2253",23,1,19,1,"Die Volksrepublik China wurde 1947 gegründet.",0,1,4
"2254",23,1,19,1,"Das meiste Gold wird derzeit in Südafrika gefördert.",1,1,2
"2255",23,1,19,1,"Keime sterben auf Holz schneller ab als auf Plastik.",0,0,3
"2256",23,1,19,1,"Der Film 'Pretty Woman' gewann keinen Oscar.",1,1,3
"2257",23,1,19,1,"Sambia hieß früher Nordrhodesien.",0,0,3
"2258",23,1,19,1,"Der Wassergehalt bei Beeren beträgt 90%.",0,1,4
"2259",23,1,19,1,"Kokosnüsse haben einen höheren Fettanteil als Pistazien.",0,1,3
"2260",23,1,19,1,"Jean-Jaques Rousseau war alleinerziehender Vater.",0,0,3
"2261",23,1,19,1,"Das Capybara ist das größte aller Beuteltiere.",1,0,3
"2262",23,1,19,1,"Spanien ist ein Gründungsmitglied der UNO.",1,1,4
"2263",23,1,19,1,"Die Insektenkunde wird auch Entomologie genannt.",1,1,3
"2264",23,1,19,1,"Balsaholz ist die schwerste aller Holzarten.",0,0,2
"2265",23,1,19,1,"Der Name 'Wowereit' heißt auf Litauisch Eichhörnchen.",0,0,2
"2266",23,1,19,1,"Minerva ist die römische Göttin der Weisheit.",1,1,3
"2267",23,1,19,1,"Der Javagraben ist die tiefste Meerestiefe der Welt.",1,1,1
"2268",23,2,19,1,"Der Speisesaal eines Klosters wird Refektorium genannt.",0,1,2
"2269",23,2,19,1,"Freddie Mercurys richtiger Name lautete Farrokh Bulsara.",1,1,3
"2270",23,2,19,1,"Delphine schwimmen höchstens 54 Kilometer pro Stunde.",1,0,3
"2271",23,2,19,1,"Austern wechseln je nach Jahreszeit ihr Geschlecht.",1,1,4
"2272",23,2,19,1,"Die Norfolkinseln im Pazifik gehören zu Neuseeland.",1,0,3
"2273",23,2,19,1,"Schären sind Talgletscher in Skandinavien.",0,0,1
"2274",23,2,19,1,"Morpheus ist der griechische Gott der Träume.",1,1,3
"2275",23,2,19,1,"Wenn Nilpferde sich aufregen, färbt sich ihr Schweiß grün.",1,0,2
"2276",23,2,19,1,"Tequila wird aus dem Herzen der roten Agave gewonnen.",0,1,2
"2277",23,2,19,1,"Der Basenji ist der einzige Hund, der nicht bellt.",1,1,1
"2278",23,2,19,1,"Erdbeeren enthalten mehr Vitamin C als Orangen.",0,0,1
"2279",23,2,19,1,"Die Angst vor dem Küssen nennt man Philemaphobie.",1,0,3
"2280",23,2,19,1,"Bolivien ist der kleinste Binnenstaat Südamerikas.",1,1,2
"2281",23,2,19,1,"Die Insel Ösel gehört zu Dänemark.",1,1,2
"2282",23,2,19,1,"Das Finn-Dingi ist ein Einmannboot beim Sportsegeln.",0,1,3
"2283",23,2,19,1,"Der nicht sichtbare Teil des Eisbergs heißt Eisbergkiel.",1,1,2
"2284",23,2,19,1,"Die Nachfolger Mohammeds bezeichnet man als Kalifen.",1,0,2
"2285",23,2,19,1,"Der Mond passt vierzigmal in die Erdkugel.",1,1,2
"2286",23,2,19,1,"Auf indischen Rupienscheinen sind 12 verschiedene Schriften.",0,0,2
"2287",23,2,19,1,"Es gibt 56 verschiedene Arten eine Krawatte zu binden.",1,1,2
"2288",23,2,19,1,"Manama ist die Hauptstadt Bahrains.",1,1,3
"2289",23,2,19,1,"Der Ladogasee ist der größte See Europas.",0,0,2
"2290",23,2,19,1,"Eine Bienenkönigin legt durchschnittlich 500 Eier am Tag.",0,1,2
"2291",23,2,19,1,"Der Maler Marc Chagall wurde 1887 in Russland geboren.",1,0,2
"2292",23,2,19,1,"Winston Churchill erhielt den Nobelpreis für Literatur.",0,0,2
"2293",23,2,19,1,"Die Küstenseeschwalbe fliegt jedes Jahr fast 40000 km.",0,1,2
"2294",23,2,19,1,"Alexander Graham Bell erfand das Tragflügelboot.",0,1,3
"2295",23,2,19,1,"Die Slowakei gehört nicht zu den NATO-Staaten.",1,1,2
"2296",23,2,19,1,"Seoul bedeutet auf koreanisch 'Die Hauptstadt'.",0,1,3
"2297",23,2,19,1,"Der höchste nordamerikanische Berg liegt in Wyoming.",1,1,3
"2298",23,2,19,1,"Magnesiummangel kann zu Hautproblemen führen.",0,1,3
"2299",23,2,19,1,"Der griechische Gott Apollon ist der Schutzherr der Küste.",1,0,2
"2300",23,2,19,1,"Der Erfinder des Bikinis war ursprünglich Schuhdesigner.",0,1,2
"2301",23,2,19,1,"Die kanadische Sängerin Celine Dion hat acht Geschwister.",0,1,2
"2302",23,2,19,1,"Die längsten Opern stammen von Gioacchino Rossini.",0,1,2
"2303",23,2,19,1,"Der Goliathfrosch kann sogar kleine Krokodile verspeisen.",0,0,2
"2304",23,2,19,1,"Das Zwerghörnchen ist das kleinste Säugetier Europas.",0,0,2
"2305",23,2,19,1,"Die Augen eines Straußes sind größer als sein Gehirn.",1,1,3
"2306",23,2,19,1,"Das Jojo war ursprünglich eine philippinische Jagdwaffe.",1,0,2
"2307",23,2,19,1,"French Fries' wurden in England erfunden.",1,1,3
"2308",23,2,19,1,"Für Descartes wies Schielen bei Frauen auf Frigidität hin.",0,1,3
"2309",23,2,19,1,"Die erste elektronische Mail wurde im Jahr 1973 versendet.",0,1,3
"2310",23,2,19,1,"Lybien ist das einzige Land mit einer einfarbigen Flagge.",1,0,2
"2311",23,2,19,1,"Der Schwertwal gehört zur Gattung der Delfine.",0,1,3
"2312",23,2,19,1,"Bob Dylan arbeitet nebenberuflich als Winzer.",0,1,2
"2313",23,2,19,1,"Sheryl Crow war Hürdenläuferin.",0,0,2
"2314",23,2,19,1,"Schlangen sind taub, da kein Außenohr vorhanden ist.",1,0,2
"2315",23,2,19,1,"Die Schwarzerle zählt zu den Buchengewächsen.",1,0,2
"2316",23,2,19,1,"In Uganda ist die Amtssprache englisch.",0,1,3
"2317",23,2,19,1,"Der Allradantrieb wurde 1938 in England erfunden.",0,1,4
"2318",23,2,19,1,"Albany ist die Hauptstadt des US-Bundesstaates New Jersey.",0,0,2
"2319",23,2,19,1,"Unsere Atmosphäre enthält rund 0,00025 % Ozon.",1,0,3
"2320",23,2,19,1,"Das Lieblingsgetränk von Benedikt XVI. ist Fanta.",1,1,4
"2321",23,2,19,1,"Einen kastrierten Esel nennt man auch Macker oder Knilch.",0,1,3
"2322",23,2,19,1,"Patagonien ist ein Landschaftsabschnitt in Asien.",1,1,4
"2323",23,1,19,1,"In USA wird kein Teletext ausgestrahlt.",0,0,2
"2324",23,1,19,1,"Frauen blinzeln fast doppelt so viel wie Männer.",1,1,3
"2325",23,1,19,1,"Tom Cruise ist Legastheniker.",1,1,6
"2326",23,1,19,1,"Seepferdchen gehören zur Gattung der Fische.",1,1,5
"2327",23,1,19,1,"Sumatra ist die viertgrößte Insel der Welt.",1,1,3
"2328",23,1,19,1,"Der Nacktmull ist das schmerzempfindlichste Tier der Welt.",1,1,5
"2329",23,1,19,1,"Der Reißverschluss wurde in Norwegen erfunden.",0,1,2
"2330",23,1,19,1,"Volleyball wurde in Florida erfunden.",1,1,3
"2331",23,1,19,1,"Robbie Williams heißt mit Zweitnamen 'Maximilian'.",1,1,5
"2332",23,1,19,1,"Hernando Cortéz eroberte Mexiko.",0,0,3
"2333",23,1,19,1,"Ein menschliches Haar wächst jährlich ca. 85 mm.",0,1,5
"2334",23,1,19,1,"Beim Rugby gibt es 30 Spieler.",0,0,3
"2335",23,1,19,1,"Kleinohrigel haben keine Stacheln.",0,1,3
"2336",23,1,19,1,"Schweine können keinen Sonnenbrand bekommen.",1,1,3
"2337",23,1,19,1,"Die Wüste Dahna liegt in Saudi-Arabien.",0,1,2
"2338",23,1,19,1,"Ein Nilpferd wiegt bei seiner Geburt ca. 150kg.",0,0,4
"2339",23,1,19,1,"Die Erde wird in 340 Längenkreise unterteilt.",1,1,2
"2340",23,1,19,1,"Tennis wurde in englischen Klöstern erfunden.",0,0,2
"2341",23,1,19,1,"Die Ostgoten zählten zum Stamm der Normannen.",0,0,2
"2342",23,1,19,1,"Der mitteleuropäische Feldschwirl ist kein Zugvogel.",0,0,2
"2343",23,1,19,1,"Goethe schrieb genau 64 Jahre lang an seinem 'Faust'.",0,0,2
"2344",23,1,19,1,"Frauen bekommen häufiger einen Schluckauf als Männer.",0,1,3
"2345",23,1,19,1,"Die Luftpumpe ist eine französische Erfindung.",1,1,2
"2346",23,2,19,1,"In den USA gibt es die meisten Milliardäre auf der Welt.",0,1,5
"2347",23,2,19,1,"Nur Menschen und Affen besitzen einen Bauchnabel.",0,1,5
"2348",23,2,19,1,"Brad Pitt heißt eigentlich 'Henry Bradley Pitt'.",1,0,3
"2349",23,2,19,1,"Die Azoren gehören zu Spanien.",1,1,3
"2350",23,2,19,1,"Island ist geologisch das jüngste Inselland der Welt.",0,1,3
"2351",23,1,19,1,"Weibliche Taranteln töten circa 99% ihrer Nachkommen.",0,1,3
"2352",23,1,19,1,"Der Bereich zwischen den Augenbrauen heißt Glabella.",1,1,3
"2353",23,1,19,1,"Ein Biber kann in einem Jahr über 200 Bäume fällen.",1,1,3
"2354",23,1,19,1,"Das türkische Bad wurde in Griechenland erfunden.",1,1,3
"2355",23,1,19,1,"Ein neugeborenes Panda-Baby ist kleiner als eine Maus.",0,0,3
"2356",23,1,19,1,"Ein Schwan trägt ca. 50.000 Federn am Körper.",1,1,3
"2357",23,1,19,1,"Zuckerwatte wurde von einem Flugzeugpiloten erfunden.",0,1,3
"2358",24,2,27,1,"Sheryl Crow war Hürdenläuferin.",1,1,4
"2359",24,2,27,1,"Tequila wird aus dem Herzen der roten Agave gewonnen.",1,1,1
"2360",24,2,27,1,"Der Ladogasee ist der größte See Europas.",1,0,3
"2361",24,2,27,1,"Schären sind Talgletscher in Skandinavien.",1,1,2
"2362",24,2,27,1,"Die kanadische Sängerin Celine Dion hat acht Geschwister.",1,1,4
"2363",24,1,27,1,"Wladimir Putin wurde in Murmansk geboren.",0,1,5
"2364",24,1,27,1,"Balsaholz ist die schwerste aller Holzarten.",0,0,2
"2365",24,1,27,1,"Ein Menschenfloh kann 20cm hoch springen.",1,1,4
"2366",24,1,27,1,"Jean-Jaques Rousseau war alleinerziehender Vater.",0,0,2
"2367",24,1,27,1,"Ein menschliches Haar wächst jährlich ca. 85 mm.",0,1,3
"2368",24,2,27,1,"Der griechische Gott Apollon ist der Schutzherr der Küste.",0,1,2
"2369",24,2,27,1,"Die Slowakei gehört nicht zu den NATO-Staaten.",0,1,2
"2370",24,2,27,1,"Die Angst vor dem Küssen nennt man Philemaphobie.",0,0,2
"2371",24,2,27,1,"Der Maler Marc Chagall wurde 1887 in Russland geboren.",0,0,3
"2372",24,2,27,1,"Delphine schwimmen höchstens 54 Kilometer pro Stunde.",0,0,4
"2373",24,2,27,1,"Das Jojo war ursprünglich eine philippinische Jagdwaffe.",0,1,2
"2374",24,2,27,1,"Der nicht sichtbare Teil des Eisbergs heißt Eisbergkiel.",0,1,2
"2375",24,2,27,1,"Die Küstenseeschwalbe fliegt jedes Jahr fast 40000 km.",1,1,3
"2376",24,2,27,1,"Brad Pitt heißt eigentlich 'Henry Bradley Pitt'.",0,1,5
"2377",24,2,27,1,"Die Schwarzerle zählt zu den Buchengewächsen.",0,1,3
"2378",24,2,27,1,"Lybien ist das einzige Land mit einer einfarbigen Flagge.",0,0,4
"2379",24,2,27,1,"Auf indischen Rupienscheinen sind 12 verschiedene Schriften.",1,1,3
"2380",24,2,27,1,"Der Schwertwal gehört zur Gattung der Delfine.",1,1,2
"2381",24,2,27,1,"Für Descartes wies Schielen bei Frauen auf Frigidität hin.",1,0,3
"2382",24,2,27,1,"Bolivien ist der kleinste Binnenstaat Südamerikas.",0,0,3
"2383",24,2,27,1,"Island ist geologisch das jüngste Inselland der Welt.",1,1,2
"2384",24,2,27,1,"In Uganda ist die Amtssprache englisch.",1,1,2
"2385",24,2,27,1,"Freddie Mercurys richtiger Name lautete Farrokh Bulsara.",0,1,4
"2386",24,2,27,1,"Die Norfolkinseln im Pazifik gehören zu Neuseeland.",0,0,3
"2387",24,2,27,1,"Die Azoren gehören zu Spanien.",0,1,4
"2388",24,2,27,1,"Es gibt 56 verschiedene Arten eine Krawatte zu binden.",0,1,3
"2389",24,2,27,1,"Albany ist die Hauptstadt des US-Bundesstaates New Jersey.",1,1,3
"2390",24,2,27,1,"Austern wechseln je nach Jahreszeit ihr Geschlecht.",0,1,2
"2391",24,1,27,1,"Der Name 'Wowereit' heißt auf Litauisch Eichhörnchen.",0,1,5
"2392",24,1,27,1,"Schweine können keinen Sonnenbrand bekommen.",1,1,6
"2393",24,1,27,1,"In USA wird kein Teletext ausgestrahlt.",0,1,2
"2394",24,1,27,1,"Die Luftpumpe ist eine französische Erfindung.",1,1,6
"2395",24,1,27,1,"Der Javagraben ist die tiefste Meerestiefe der Welt.",1,1,5
"2396",24,1,27,1,"Der mitteleuropäische Feldschwirl ist kein Zugvogel.",0,1,2
"2397",24,1,27,1,"Blaue Augen werden im Alter immer heller.",0,1,5
"2398",24,1,27,1,"Das Capybara ist das größte aller Beuteltiere.",1,1,4
"2399",24,1,27,1,"Tennis wurde in englischen Klöstern erfunden.",0,0,3
"2400",24,1,27,1,"Der Bereich zwischen den Augenbrauen heißt Glabella.",1,1,5
"2401",24,1,27,1,"Der Nacktmull ist das schmerzempfindlichste Tier der Welt.",1,1,5
"2402",24,1,27,1,"In Angola ist Spanisch die offizielle Amtssprache.",0,1,6
"2403",24,1,27,1,"Der Wassergehalt bei Beeren beträgt 90%.",0,1,4
"2404",24,1,27,1,"Beim Rugby gibt es 30 Spieler.",0,0,3
"2405",24,1,27,1,"Hernando Cortéz eroberte Mexiko.",0,1,3
"2406",24,1,27,1,"Sumatra ist die viertgrößte Insel der Welt.",1,1,5
"2407",24,1,27,1,"Die Wüste Dahna liegt in Saudi-Arabien.",0,0,1
"2408",24,1,27,1,"Zuckerwatte wurde von einem Flugzeugpiloten erfunden.",0,1,2
"2409",24,1,27,1,"Nauru ist die kleinste souveräne Republik der Erde.",0,1,2
"2410",24,1,27,1,"Lachse können bis zu 20 Jahre alt werden.",0,0,3
"2411",24,1,27,1,"Kleinohrigel haben keine Stacheln.",0,0,2
"2412",24,1,27,1,"Die Volksrepublik China wurde 1947 gegründet.",0,1,3
"2413",24,1,27,1,"Goethe schrieb genau 64 Jahre lang an seinem 'Faust'.",0,0,3
"2414",24,1,27,1,"Die Erde wird in 340 Längenkreise unterteilt.",1,1,4
"2415",24,1,27,1,"Das türkische Bad wurde in Griechenland erfunden.",1,1,5
"2416",24,1,27,1,"Giséle Bündchen hat einen Zwillingsbruder.",1,1,5
"2417",24,1,27,1,"Robbie Williams heißt mit Zweitnamen 'Maximilian'.",1,1,5
"2418",24,1,27,1,"Tom Cruise ist Legastheniker.",1,1,6
"2419",24,1,27,1,"Die Ostgoten zählten zum Stamm der Normannen.",0,1,3
"2420",24,1,27,1,"Seepferdchen gehören zur Gattung der Fische.",1,0,4
"2421",24,1,27,1,"Ein Biber kann in einem Jahr über 200 Bäume fällen.",1,1,2
"2422",24,1,27,1,"Volleyball wurde in Florida erfunden.",1,1,4
"2423",24,1,27,1,"Weibliche Taranteln töten circa 99% ihrer Nachkommen.",0,1,5
"2424",24,1,27,1,"Spanholz besteht hauptsächlich aus Birkenholz.",0,1,3
"2425",24,1,27,1,"Ein Nilpferd wiegt bei seiner Geburt ca. 150kg.",0,1,3
"2426",24,1,27,1,"Die Tochter von Sydney Poitier heißt Sydney Poitier.",1,1,5
"2427",24,1,27,1,"Kokosnüsse haben einen höheren Fettanteil als Pistazien.",0,0,2
"2428",24,1,27,1,"Ein neugeborenes Panda-Baby ist kleiner als eine Maus.",0,0,3
"2429",24,1,27,1,"Der Reißverschluss wurde in Norwegen erfunden.",0,0,3
"2430",24,1,27,1,"Minerva ist die römische Göttin der Weisheit.",1,0,3
"2431",24,1,27,1,"Keime sterben auf Holz schneller ab als auf Plastik.",0,1,5
"2432",24,1,27,1,"Das meiste Gold wird derzeit in Südafrika gefördert.",1,1,5
"2433",24,1,27,1,"Die Wüste Gobi ist eine Felswüste.",1,1,3
"2434",24,1,27,1,"Ein Schwan trägt ca. 50.000 Federn am Körper.",1,1,5
"2435",24,1,27,1,"Frauen bekommen häufiger einen Schluckauf als Männer.",0,0,2
"2436",24,1,27,1,"Sambia hieß früher Nordrhodesien.",0,1,4
"2437",24,1,27,1,"Das Domino-Spiel besteht aus 28 Steinen.",1,1,5
"2438",24,1,27,1,"Die Sektsteuer wurde von Friedrich Ebert eingeführt.",1,1,4
"2439",24,1,27,1,"Der Film 'Pretty Woman' gewann keinen Oscar.",1,1,5
"2440",24,1,27,1,"Bei den italienischen Wahlen 2008 traten 62 Parteien an.",1,1,5
"2441",24,1,27,1,"Nicole Kidman hat panische Angst vor Schmetterlingen.",1,1,6
"2442",24,1,27,1,"Alle Uhren im Film 'Pulp Fiction' stehen auf 4.10 Uhr.",1,1,5
"2443",24,1,27,1,"Frauen blinzeln fast doppelt so viel wie Männer.",1,1,4
"2444",24,1,27,1,"Spanien ist ein Gründungsmitglied der UNO.",1,1,5
"2445",24,1,27,1,"Die Insektenkunde wird auch Entomologie genannt.",1,1,6
"2446",24,2,27,1,"Die längsten Opern stammen von Gioacchino Rossini.",1,0,2
"2447",24,2,27,1,"Wenn Nilpferde sich aufregen, färbt sich ihr Schweiß grün.",0,1,2
"2448",24,2,27,1,"Die Insel Ösel gehört zu Dänemark.",0,1,3
"2449",24,2,27,1,"Winston Churchill erhielt den Nobelpreis für Literatur.",1,1,4
"2450",24,2,27,1,"Manama ist die Hauptstadt Bahrains.",0,0,3
"2451",24,2,27,1,"Das Zwerghörnchen ist das kleinste Säugetier Europas.",1,0,2
"2452",24,2,27,1,"Nur Menschen und Affen besitzen einen Bauchnabel.",1,0,3
"2453",24,2,27,1,"Seoul bedeutet auf koreanisch 'Die Hauptstadt'.",1,1,3
"2454",24,2,27,1,"Die erste elektronische Mail wurde im Jahr 1973 versendet.",1,1,3
"2455",24,2,27,1,"Der Allradantrieb wurde 1938 in England erfunden.",1,1,2
"2456",24,2,27,1,"Das Lieblingsgetränk von Benedikt XVI. ist Fanta.",0,1,4
"2457",24,2,27,1,"Patagonien ist ein Landschaftsabschnitt in Asien.",0,0,5
"2458",24,2,27,1,"Die Nachfolger Mohammeds bezeichnet man als Kalifen.",0,0,3
"2459",24,2,27,1,"Die Augen eines Straußes sind größer als sein Gehirn.",0,1,2
"2460",24,2,27,1,"Der Erfinder des Bikinis war ursprünglich Schuhdesigner.",1,1,2
"2461",24,2,27,1,"Der höchste nordamerikanische Berg liegt in Wyoming.",0,1,3
"2462",24,2,27,1,"Erdbeeren enthalten mehr Vitamin C als Orangen.",1,1,2
"2463",24,2,27,1,"Magnesiummangel kann zu Hautproblemen führen.",1,1,2
"2464",24,2,27,1,"French Fries' wurden in England erfunden.",0,1,3
"2465",24,2,27,1,"Schlangen sind taub, da kein Außenohr vorhanden ist.",0,0,3
"2466",24,2,27,1,"Der Speisesaal eines Klosters wird Refektorium genannt.",1,1,2
"2467",24,2,27,1,"Einen kastrierten Esel nennt man auch Macker oder Knilch.",1,1,3
"2468",24,2,27,1,"Unsere Atmosphäre enthält rund 0,00025 % Ozon.",0,0,3
"2469",24,2,27,1,"Der Mond passt vierzigmal in die Erdkugel.",0,0,3
"2470",24,2,27,1,"Der Basenji ist der einzige Hund, der nicht bellt.",0,0,3
"2471",24,2,27,1,"Das Finn-Dingi ist ein Einmannboot beim Sportsegeln.",1,0,2
"2472",24,2,27,1,"Alexander Graham Bell erfand das Tragflügelboot.",1,1,2
"2473",24,2,27,1,"Morpheus ist der griechische Gott der Träume.",0,1,3
"2474",24,2,27,1,"Der Goliathfrosch kann sogar kleine Krokodile verspeisen.",1,1,3
"2475",24,2,27,1,"Bob Dylan arbeitet nebenberuflich als Winzer.",1,1,2
"2476",24,2,27,1,"In den USA gibt es die meisten Milliardäre auf der Welt.",1,0,3
"2477",24,2,27,1,"Eine Bienenkönigin legt durchschnittlich 500 Eier am Tag.",1,0,2
"2478",25,1,24,1,"Die Küstenseeschwalbe fliegt jedes Jahr fast 40000 km.",0,1,2
"2479",25,1,24,1,"Die Nachfolger Mohammeds bezeichnet man als Kalifen.",1,1,5
"2480",25,1,24,1,"Die Angst vor dem Küssen nennt man Philemaphobie.",1,1,6
"2481",25,1,24,1,"Der Goliathfrosch kann sogar kleine Krokodile verspeisen.",0,0,6
"2482",25,1,24,1,"Das Lieblingsgetränk von Benedikt XVI. ist Fanta.",1,1,6
"2483",25,1,24,1,"Delphine schwimmen höchstens 54 Kilometer pro Stunde.",1,1,6
"2484",25,1,24,1,"Tequila wird aus dem Herzen der roten Agave gewonnen.",0,0,6
"2485",25,1,24,1,"Der Erfinder des Bikinis war ursprünglich Schuhdesigner.",0,1,4
"2486",25,1,24,1,"Morpheus ist der griechische Gott der Träume.",1,1,6
"2487",25,1,24,1,"Für Descartes wies Schielen bei Frauen auf Frigidität hin.",0,1,3
"2488",25,1,24,1,"Der höchste nordamerikanische Berg liegt in Wyoming.",1,0,2
"2489",25,1,24,1,"Erdbeeren enthalten mehr Vitamin C als Orangen.",0,1,5
"2490",25,1,24,1,"Es gibt 56 verschiedene Arten eine Krawatte zu binden.",1,1,4
"2491",25,1,24,1,"Das Zwerghörnchen ist das kleinste Säugetier Europas.",0,1,2
"2492",25,1,24,1,"Der Maler Marc Chagall wurde 1887 in Russland geboren.",1,0,1
"2493",25,1,24,1,"Patagonien ist ein Landschaftsabschnitt in Asien.",1,1,3
"2494",25,1,24,1,"Unsere Atmosphäre enthält rund 0,00025 % Ozon.",1,1,5
"2495",25,1,24,1,"Die Slowakei gehört nicht zu den NATO-Staaten.",1,1,1
"2496",25,1,24,1,"In den USA gibt es die meisten Milliardäre auf der Welt.",0,1,3
"2497",25,1,24,1,"Die längsten Opern stammen von Gioacchino Rossini.",0,1,5
"2498",25,1,24,1,"Die Schwarzerle zählt zu den Buchengewächsen.",1,1,4
"2499",25,1,24,1,"Die Azoren gehören zu Spanien.",1,1,6
"2500",25,1,24,1,"Die Norfolkinseln im Pazifik gehören zu Neuseeland.",1,0,1
"2501",25,1,24,1,"Das Finn-Dingi ist ein Einmannboot beim Sportsegeln.",0,1,2
"2502",25,1,24,1,"Der griechische Gott Apollon ist der Schutzherr der Küste.",1,0,6
"2503",25,1,24,1,"Magnesiummangel kann zu Hautproblemen führen.",0,1,6
"2504",25,1,24,1,"Manama ist die Hauptstadt Bahrains.",1,0,3
"2505",25,1,24,1,"Seoul bedeutet auf koreanisch 'Die Hauptstadt'.",0,1,6
"2506",25,1,24,1,"Der nicht sichtbare Teil des Eisbergs heißt Eisbergkiel.",1,1,6
"2507",25,1,24,1,"French Fries' wurden in England erfunden.",1,1,6
"2508",25,1,24,1,"Der Basenji ist der einzige Hund, der nicht bellt.",1,1,6
"2509",25,2,24,1,"Der Name 'Wowereit' heißt auf Litauisch Eichhörnchen.",1,1,2
"2510",25,2,24,1,"In USA wird kein Teletext ausgestrahlt.",1,1,3
"2511",25,2,24,1,"Die Ostgoten zählten zum Stamm der Normannen.",1,0,1
"2512",25,2,24,1,"Schweine können keinen Sonnenbrand bekommen.",0,1,6
"2513",25,2,24,1,"Seepferdchen gehören zur Gattung der Fische.",0,0,4
"2514",25,2,24,1,"Spanholz besteht hauptsächlich aus Birkenholz.",1,1,4
"2515",25,2,24,1,"Robbie Williams heißt mit Zweitnamen 'Maximilian'.",0,0,2
"2516",25,2,24,1,"Die Insektenkunde wird auch Entomologie genannt.",0,0,2
"2517",25,2,24,1,"Nauru ist die kleinste souveräne Republik der Erde.",1,1,4
"2518",25,2,24,1,"Keime sterben auf Holz schneller ab als auf Plastik.",1,1,4
"2519",25,2,24,1,"Sumatra ist die viertgrößte Insel der Welt.",0,0,2
"2520",25,2,24,1,"Spanien ist ein Gründungsmitglied der UNO.",0,1,3
"2521",25,2,24,1,"Jean-Jaques Rousseau war alleinerziehender Vater.",1,1,3
"2522",25,2,24,1,"Ein menschliches Haar wächst jährlich ca. 85 mm.",1,1,4
"2523",25,2,24,1,"Der mitteleuropäische Feldschwirl ist kein Zugvogel.",1,0,2
"2524",25,2,24,1,"Lachse können bis zu 20 Jahre alt werden.",1,1,4
"2525",25,2,24,1,"Der Reißverschluss wurde in Norwegen erfunden.",1,1,5
"2526",25,2,24,1,"Minerva ist die römische Göttin der Weisheit.",0,1,3
"2527",25,2,24,1,"Balsaholz ist die schwerste aller Holzarten.",1,1,3
"2528",25,2,24,1,"Die Sektsteuer wurde von Friedrich Ebert eingeführt.",0,1,5
"2529",25,2,24,1,"Volleyball wurde in Florida erfunden.",0,0,4
"2530",25,2,24,1,"Alle Uhren im Film 'Pulp Fiction' stehen auf 4.10 Uhr.",0,1,5
"2531",25,2,24,1,"Das Capybara ist das größte aller Beuteltiere.",0,0,2
"2532",25,2,24,1,"Die Tochter von Sydney Poitier heißt Sydney Poitier.",0,1,4
"2533",25,2,24,1,"Der Nacktmull ist das schmerzempfindlichste Tier der Welt.",0,1,5
"2534",25,2,24,1,"Bei den italienischen Wahlen 2008 traten 62 Parteien an.",0,1,4
"2535",25,2,24,1,"Das meiste Gold wird derzeit in Südafrika gefördert.",0,1,4
"2536",25,2,24,1,"Kleinohrigel haben keine Stacheln.",1,1,6
"2537",25,2,24,1,"Giséle Bündchen hat einen Zwillingsbruder.",0,0,3
"2538",25,2,24,1,"Hernando Cortéz eroberte Mexiko.",1,1,5
"2539",25,2,24,1,"Frauen blinzeln fast doppelt so viel wie Männer.",0,1,4
"2540",25,2,24,1,"Der Wassergehalt bei Beeren beträgt 90%.",1,1,6
"2541",25,2,24,1,"Das türkische Bad wurde in Griechenland erfunden.",0,1,4
"2542",25,2,24,1,"Tennis wurde in englischen Klöstern erfunden.",1,1,3
"2543",25,2,24,1,"Der Javagraben ist die tiefste Meerestiefe der Welt.",0,0,2
"2544",25,2,24,1,"Die Luftpumpe ist eine französische Erfindung.",0,1,5
"2545",25,2,24,1,"Der Film 'Pretty Woman' gewann keinen Oscar.",0,1,5
"2546",25,2,24,1,"Die Erde wird in 340 Längenkreise unterteilt.",0,0,4
"2547",25,2,24,1,"Sambia hieß früher Nordrhodesien.",1,0,3
"2548",25,2,24,1,"Beim Rugby gibt es 30 Spieler.",1,1,4
"2549",25,2,24,1,"In Angola ist Spanisch die offizielle Amtssprache.",1,1,5
"2550",25,2,24,1,"Ein neugeborenes Panda-Baby ist kleiner als eine Maus.",1,0,3
"2551",25,2,24,1,"Ein Menschenfloh kann 20cm hoch springen.",0,1,6
"2552",25,2,24,1,"Blaue Augen werden im Alter immer heller.",1,1,6
"2553",25,2,24,1,"Wladimir Putin wurde in Murmansk geboren.",1,1,5
"2554",25,2,24,1,"Frauen bekommen häufiger einen Schluckauf als Männer.",1,1,4
"2555",25,2,24,1,"Tom Cruise ist Legastheniker.",0,1,3
"2556",25,2,24,1,"Goethe schrieb genau 64 Jahre lang an seinem 'Faust'.",1,0,2
"2557",25,2,24,1,"Ein Biber kann in einem Jahr über 200 Bäume fällen.",0,1,5
"2558",25,2,24,1,"Weibliche Taranteln töten circa 99% ihrer Nachkommen.",1,1,6
"2559",25,2,24,1,"Die Volksrepublik China wurde 1947 gegründet.",1,0,5
"2560",25,2,24,1,"Zuckerwatte wurde von einem Flugzeugpiloten erfunden.",1,1,5
"2561",25,2,24,1,"Ein Schwan trägt ca. 50.000 Federn am Körper.",0,0,3
"2562",25,2,24,1,"Die Wüste Dahna liegt in Saudi-Arabien.",1,1,3
"2563",25,2,24,1,"Der Bereich zwischen den Augenbrauen heißt Glabella.",0,0,3
"2564",25,1,24,1,"Schären sind Talgletscher in Skandinavien.",0,0,2
"2565",25,1,24,1,"Winston Churchill erhielt den Nobelpreis für Literatur.",0,0,2
"2566",25,1,24,1,"Brad Pitt heißt eigentlich 'Henry Bradley Pitt'.",1,1,6
"2567",25,1,24,1,"Auf indischen Rupienscheinen sind 12 verschiedene Schriften.",0,1,5
"2568",25,1,24,1,"Eine Bienenkönigin legt durchschnittlich 500 Eier am Tag.",0,0,4
"2569",25,1,24,1,"Das Jojo war ursprünglich eine philippinische Jagdwaffe.",1,1,6
"2570",25,1,24,1,"Die kanadische Sängerin Celine Dion hat acht Geschwister.",0,1,4
"2571",25,1,24,1,"Der Mond passt vierzigmal in die Erdkugel.",1,1,6
"2572",25,1,24,1,"Lybien ist das einzige Land mit einer einfarbigen Flagge.",1,1,6
"2573",25,1,24,1,"Alexander Graham Bell erfand das Tragflügelboot.",0,0,2
"2574",25,1,24,1,"Schlangen sind taub, da kein Außenohr vorhanden ist.",1,1,6
"2575",25,1,24,1,"Die erste elektronische Mail wurde im Jahr 1973 versendet.",0,1,2
"2576",25,1,24,1,"Der Ladogasee ist der größte See Europas.",0,0,2
"2577",25,1,24,1,"Island ist geologisch das jüngste Inselland der Welt.",0,1,6
"2578",25,1,24,1,"Bob Dylan arbeitet nebenberuflich als Winzer.",0,1,3
"2579",25,1,24,1,"Die Insel Ösel gehört zu Dänemark.",1,1,2
"2580",25,1,24,1,"Die Augen eines Straußes sind größer als sein Gehirn.",1,1,6
"2581",25,1,24,1,"Austern wechseln je nach Jahreszeit ihr Geschlecht.",1,1,6
"2582",25,1,24,1,"Der Schwertwal gehört zur Gattung der Delfine.",0,1,6
"2583",25,1,24,1,"Der Speisesaal eines Klosters wird Refektorium genannt.",0,0,2
"2584",25,1,24,1,"Freddie Mercurys richtiger Name lautete Farrokh Bulsara.",1,1,6
"2585",25,1,24,1,"Der Allradantrieb wurde 1938 in England erfunden.",0,1,3
"2586",25,1,24,1,"In Uganda ist die Amtssprache englisch.",0,1,3
"2587",25,2,24,1,"Das Domino-Spiel besteht aus 28 Steinen.",0,1,6
"2588",25,2,24,1,"Die Wüste Gobi ist eine Felswüste.",0,0,5
"2589",25,2,24,1,"Nicole Kidman hat panische Angst vor Schmetterlingen.",0,1,2
"2590",25,2,24,1,"Kokosnüsse haben einen höheren Fettanteil als Pistazien.",1,0,2
"2591",25,2,24,1,"Ein Nilpferd wiegt bei seiner Geburt ca. 150kg.",1,1,2
"2592",25,1,24,1,"Wenn Nilpferde sich aufregen, färbt sich ihr Schweiß grün.",1,1,6
"2593",25,1,24,1,"Einen kastrierten Esel nennt man auch Macker oder Knilch.",0,1,3
"2594",25,1,24,1,"Sheryl Crow war Hürdenläuferin.",0,0,2
"2595",25,1,24,1,"Albany ist die Hauptstadt des US-Bundesstaates New Jersey.",0,0,6
"2596",25,1,24,1,"Nur Menschen und Affen besitzen einen Bauchnabel.",0,1,6
"2597",25,1,24,1,"Bolivien ist der kleinste Binnenstaat Südamerikas.",1,1,6
"2598",26,2,26,1,"Der Nacktmull ist das schmerzempfindlichste Tier der Welt.",1,1,3
"2599",26,2,26,1,"Ein Menschenfloh kann 20cm hoch springen.",1,1,4
"2600",26,2,26,1,"Volleyball wurde in Florida erfunden.",1,1,3
"2601",26,2,26,1,"Die Wüste Gobi ist eine Felswüste.",1,1,2
"2602",26,2,26,1,"Die Tochter von Sydney Poitier heißt Sydney Poitier.",1,0,2
"2603",26,2,26,1,"Ein Biber kann in einem Jahr über 200 Bäume fällen.",1,1,5
"2604",26,1,26,1,"Die längsten Opern stammen von Gioacchino Rossini.",0,1,2
"2605",26,1,26,1,"Die Augen eines Straußes sind größer als sein Gehirn.",1,0,3
"2606",26,2,26,1,"Der Bereich zwischen den Augenbrauen heißt Glabella.",1,1,2
"2607",26,2,26,1,"Der Film 'Pretty Woman' gewann keinen Oscar.",1,0,4
"2608",26,2,26,1,"Minerva ist die römische Göttin der Weisheit.",1,1,3
"2609",26,2,26,1,"Der Reißverschluss wurde in Norwegen erfunden.",0,1,2
"2610",26,2,26,1,"Der Name 'Wowereit' heißt auf Litauisch Eichhörnchen.",0,0,4
"2611",26,2,26,1,"Sambia hieß früher Nordrhodesien.",0,0,2
"2612",26,2,26,1,"Kleinohrigel haben keine Stacheln.",0,0,3
"2613",26,2,26,1,"Seepferdchen gehören zur Gattung der Fische.",1,0,3
"2614",26,2,26,1,"Wladimir Putin wurde in Murmansk geboren.",0,1,3
"2615",26,2,26,1,"Das Capybara ist das größte aller Beuteltiere.",1,1,4
"2616",26,2,26,1,"Hernando Cortéz eroberte Mexiko.",0,1,4
"2617",26,2,26,1,"Ein neugeborenes Panda-Baby ist kleiner als eine Maus.",0,0,4
"2618",26,2,26,1,"Frauen bekommen häufiger einen Schluckauf als Männer.",0,1,3
"2619",26,2,26,1,"Frauen blinzeln fast doppelt so viel wie Männer.",1,1,4
"2620",26,2,26,1,"Spanholz besteht hauptsächlich aus Birkenholz.",0,0,4
"2621",26,2,26,1,"Beim Rugby gibt es 30 Spieler.",0,1,2
"2622",26,2,26,1,"Das Domino-Spiel besteht aus 28 Steinen.",1,1,2
"2623",26,2,26,1,"Sumatra ist die viertgrößte Insel der Welt.",1,0,2
"2624",26,2,26,1,"Ein Schwan trägt ca. 50.000 Federn am Körper.",1,0,4
"2625",26,2,26,1,"In USA wird kein Teletext ausgestrahlt.",0,0,5
"2626",26,2,26,1,"Nauru ist die kleinste souveräne Republik der Erde.",0,1,2
"2627",26,2,26,1,"Die Wüste Dahna liegt in Saudi-Arabien.",0,1,3
"2628",26,2,26,1,"Kokosnüsse haben einen höheren Fettanteil als Pistazien.",0,1,4
"2629",26,2,26,1,"Ein menschliches Haar wächst jährlich ca. 85 mm.",0,1,5
"2630",26,2,26,1,"Spanien ist ein Gründungsmitglied der UNO.",1,1,5
"2631",26,2,26,1,"Keime sterben auf Holz schneller ab als auf Plastik.",0,0,6
"2632",26,1,26,1,"Wenn Nilpferde sich aufregen, färbt sich ihr Schweiß grün.",1,0,6
"2633",26,1,26,1,"Austern wechseln je nach Jahreszeit ihr Geschlecht.",1,1,3
"2634",26,1,26,1,"Einen kastrierten Esel nennt man auch Macker oder Knilch.",0,0,5
"2635",26,1,26,1,"Der Goliathfrosch kann sogar kleine Krokodile verspeisen.",0,0,5
"2636",26,1,26,1,"Der griechische Gott Apollon ist der Schutzherr der Küste.",1,1,4
"2637",26,1,26,1,"Die kanadische Sängerin Celine Dion hat acht Geschwister.",0,0,2
"2638",26,1,26,1,"Brad Pitt heißt eigentlich 'Henry Bradley Pitt'.",1,1,2
"2639",26,1,26,1,"Der Mond passt vierzigmal in die Erdkugel.",1,1,3
"2640",26,1,26,1,"Island ist geologisch das jüngste Inselland der Welt.",0,1,4
"2641",26,1,26,1,"Winston Churchill erhielt den Nobelpreis für Literatur.",0,1,2
"2642",26,1,26,1,"In den USA gibt es die meisten Milliardäre auf der Welt.",0,1,4
"2643",26,1,26,1,"Magnesiummangel kann zu Hautproblemen führen.",0,1,2
"2644",26,1,26,1,"Der nicht sichtbare Teil des Eisbergs heißt Eisbergkiel.",1,0,3
"2645",26,1,26,1,"Die Angst vor dem Küssen nennt man Philemaphobie.",1,1,2
"2646",26,1,26,1,"Die Norfolkinseln im Pazifik gehören zu Neuseeland.",1,1,2
"2647",26,1,26,1,"Eine Bienenkönigin legt durchschnittlich 500 Eier am Tag.",0,1,4
"2648",26,1,26,1,"Delphine schwimmen höchstens 54 Kilometer pro Stunde.",1,1,3
"2649",26,1,26,1,"Tequila wird aus dem Herzen der roten Agave gewonnen.",0,0,2
"2650",26,1,26,1,"In Uganda ist die Amtssprache englisch.",0,1,4
"2651",26,1,26,1,"Sheryl Crow war Hürdenläuferin.",0,1,2
"2652",26,1,26,1,"Das Finn-Dingi ist ein Einmannboot beim Sportsegeln.",0,1,2
"2653",26,1,26,1,"Die Azoren gehören zu Spanien.",1,1,4
"2654",26,1,26,1,"Die Insel Ösel gehört zu Dänemark.",1,1,3
"2655",26,1,26,1,"Freddie Mercurys richtiger Name lautete Farrokh Bulsara.",1,1,3
"2656",26,1,26,1,"Manama ist die Hauptstadt Bahrains.",1,1,2
"2657",26,1,26,1,"Bolivien ist der kleinste Binnenstaat Südamerikas.",1,1,3
"2658",26,1,26,1,"Der höchste nordamerikanische Berg liegt in Wyoming.",1,1,2
"2659",26,1,26,1,"Bob Dylan arbeitet nebenberuflich als Winzer.",0,1,4
"2660",26,1,26,1,"French Fries' wurden in England erfunden.",1,1,6
"2661",26,1,26,1,"Die Nachfolger Mohammeds bezeichnet man als Kalifen.",1,1,6
"2662",26,1,26,1,"Alexander Graham Bell erfand das Tragflügelboot.",0,0,5
"2663",26,1,26,1,"Der Allradantrieb wurde 1938 in England erfunden.",0,0,3
"2664",26,1,26,1,"Der Maler Marc Chagall wurde 1887 in Russland geboren.",1,0,3
"2665",26,1,26,1,"Albany ist die Hauptstadt des US-Bundesstaates New Jersey.",0,0,3
"2666",26,1,26,1,"Morpheus ist der griechische Gott der Träume.",1,1,5
"2667",26,1,26,1,"Der Erfinder des Bikinis war ursprünglich Schuhdesigner.",0,0,2
"2668",26,1,26,1,"Das Lieblingsgetränk von Benedikt XVI. ist Fanta.",1,1,2
"2669",26,1,26,1,"Es gibt 56 verschiedene Arten eine Krawatte zu binden.",1,1,3
"2670",26,1,26,1,"Die Küstenseeschwalbe fliegt jedes Jahr fast 40000 km.",0,1,3
"2671",26,1,26,1,"Unsere Atmosphäre enthält rund 0,00025 % Ozon.",1,1,3
"2672",26,1,26,1,"Die Schwarzerle zählt zu den Buchengewächsen.",1,1,3
"2673",26,1,26,1,"Nur Menschen und Affen besitzen einen Bauchnabel.",0,0,4
"2674",26,1,26,1,"Seoul bedeutet auf koreanisch 'Die Hauptstadt'.",0,0,2
"2675",26,1,26,1,"Lybien ist das einzige Land mit einer einfarbigen Flagge.",1,0,3
"2676",26,1,26,1,"Das Jojo war ursprünglich eine philippinische Jagdwaffe.",1,1,3
"2677",26,1,26,1,"Der Speisesaal eines Klosters wird Refektorium genannt.",0,1,2
"2678",26,1,26,1,"Die Slowakei gehört nicht zu den NATO-Staaten.",1,1,3
"2679",26,1,26,1,"Die erste elektronische Mail wurde im Jahr 1973 versendet.",0,1,3
"2680",26,1,26,1,"Patagonien ist ein Landschaftsabschnitt in Asien.",1,1,3
"2681",26,1,26,1,"Der Schwertwal gehört zur Gattung der Delfine.",0,1,3
"2682",26,1,26,1,"Schären sind Talgletscher in Skandinavien.",0,1,2
"2683",26,1,26,1,"Das Zwerghörnchen ist das kleinste Säugetier Europas.",0,0,3
"2684",26,1,26,1,"Schlangen sind taub, da kein Außenohr vorhanden ist.",1,1,5
"2685",26,1,26,1,"Erdbeeren enthalten mehr Vitamin C als Orangen.",0,1,4
"2686",26,1,26,1,"Auf indischen Rupienscheinen sind 12 verschiedene Schriften.",0,1,4
"2687",26,2,26,1,"Die Ostgoten zählten zum Stamm der Normannen.",0,1,3
"2688",26,2,26,1,"Die Volksrepublik China wurde 1947 gegründet.",0,1,3
"2689",26,2,26,1,"Tom Cruise ist Legastheniker.",1,1,3
"2690",26,2,26,1,"Giséle Bündchen hat einen Zwillingsbruder.",1,1,2
"2691",26,2,26,1,"Nicole Kidman hat panische Angst vor Schmetterlingen.",1,1,3
"2692",26,2,26,1,"Robbie Williams heißt mit Zweitnamen 'Maximilian'.",1,0,1
"2693",26,2,26,1,"Alle Uhren im Film 'Pulp Fiction' stehen auf 4.10 Uhr.",1,1,2
"2694",26,2,26,1,"Der Javagraben ist die tiefste Meerestiefe der Welt.",1,0,6
"2695",26,2,26,1,"Jean-Jaques Rousseau war alleinerziehender Vater.",0,0,3
"2696",26,2,26,1,"Goethe schrieb genau 64 Jahre lang an seinem 'Faust'.",0,0,4
"2697",26,2,26,1,"Die Erde wird in 340 Längenkreise unterteilt.",1,0,3
"2698",26,2,26,1,"Der Wassergehalt bei Beeren beträgt 90%.",0,1,4
"2699",26,2,26,1,"Balsaholz ist die schwerste aller Holzarten.",0,1,4
"2700",26,2,26,1,"Die Sektsteuer wurde von Friedrich Ebert eingeführt.",1,0,2
"2701",26,2,26,1,"Weibliche Taranteln töten circa 99% ihrer Nachkommen.",0,0,3
"2702",26,2,26,1,"Ein Nilpferd wiegt bei seiner Geburt ca. 150kg.",0,1,2
"2703",26,2,26,1,"Der mitteleuropäische Feldschwirl ist kein Zugvogel.",0,0,3
"2704",26,2,26,1,"Lachse können bis zu 20 Jahre alt werden.",0,1,2
"2705",26,2,26,1,"Bei den italienischen Wahlen 2008 traten 62 Parteien an.",1,1,2
"2706",26,2,26,1,"Das türkische Bad wurde in Griechenland erfunden.",1,1,2
"2707",26,2,26,1,"Die Insektenkunde wird auch Entomologie genannt.",1,1,2
"2708",26,2,26,1,"Tennis wurde in englischen Klöstern erfunden.",0,0,2
"2709",26,2,26,1,"Schweine können keinen Sonnenbrand bekommen.",1,0,4
"2710",26,2,26,1,"Blaue Augen werden im Alter immer heller.",0,0,2
"2711",26,2,26,1,"In Angola ist Spanisch die offizielle Amtssprache.",0,1,4
"2712",26,2,26,1,"Zuckerwatte wurde von einem Flugzeugpiloten erfunden.",0,0,3
"2713",26,2,26,1,"Das meiste Gold wird derzeit in Südafrika gefördert.",1,1,3
"2714",26,2,26,1,"Die Luftpumpe ist eine französische Erfindung.",1,1,2
"2715",27,1,23,1,"Spanholz besteht hauptsächlich aus Birkenholz.",0,1,1
"2716",27,1,23,1,"Die Nachfolger Mohammeds bezeichnet man als Kalifen.",1,0,6
"2717",27,1,23,1,"Goethe schrieb genau 64 Jahre lang an seinem 'Faust'.",0,0,2
"2718",27,1,23,1,"Lachse können bis zu 20 Jahre alt werden.",0,1,1
"2719",27,1,23,1,"In USA wird kein Teletext ausgestrahlt.",0,1,1
"2720",27,1,23,1,"Bolivien ist der kleinste Binnenstaat Südamerikas.",1,0,4
"2721",27,1,23,1,"Kleinohrigel haben keine Stacheln.",0,1,1
"2722",27,1,23,1,"Die Ostgoten zählten zum Stamm der Normannen.",0,0,1
"2723",27,1,23,1,"Morpheus ist der griechische Gott der Träume.",1,0,2
"2724",27,1,23,1,"Blaue Augen werden im Alter immer heller.",0,0,3
"2725",27,1,23,1,"Der höchste nordamerikanische Berg liegt in Wyoming.",1,0,2
"2726",27,1,23,1,"Brad Pitt heißt eigentlich 'Henry Bradley Pitt'.",1,0,1
"2727",27,1,23,1,"Wenn Nilpferde sich aufregen, färbt sich ihr Schweiß grün.",1,1,1
"2728",27,1,23,1,"Der Mond passt vierzigmal in die Erdkugel.",1,0,1
"2729",27,1,23,1,"Das Lieblingsgetränk von Benedikt XVI. ist Fanta.",1,0,6
"2730",27,1,23,1,"Beim Rugby gibt es 30 Spieler.",0,0,3
"2731",27,1,23,1,"Nauru ist die kleinste souveräne Republik der Erde.",0,0,2
"2732",27,1,23,1,"Der Basenji ist der einzige Hund, der nicht bellt.",1,0,1
"2733",27,1,23,1,"Kokosnüsse haben einen höheren Fettanteil als Pistazien.",0,0,3
"2734",27,1,23,1,"Austern wechseln je nach Jahreszeit ihr Geschlecht.",1,1,2
"2735",27,1,23,1,"Die Azoren gehören zu Spanien.",1,0,6
"2736",27,1,23,1,"Die Wüste Dahna liegt in Saudi-Arabien.",0,1,1
"2737",27,1,23,1,"Die Angst vor dem Küssen nennt man Philemaphobie.",1,0,4
"2738",27,1,23,1,"French Fries' wurden in England erfunden.",1,1,3
"2739",27,1,23,1,"Es gibt 56 verschiedene Arten eine Krawatte zu binden.",1,1,1
"2740",27,1,23,1,"Der Maler Marc Chagall wurde 1887 in Russland geboren.",1,0,1
"2741",27,1,23,1,"Die Schwarzerle zählt zu den Buchengewächsen.",1,0,1
"2742",27,1,23,1,"Unsere Atmosphäre enthält rund 0,00025 % Ozon.",1,0,1
"2743",27,1,23,1,"In Angola ist Spanisch die offizielle Amtssprache.",0,0,6
"2744",27,1,23,1,"Lybien ist das einzige Land mit einer einfarbigen Flagge.",1,0,6
"2745",27,1,23,1,"Schlangen sind taub, da kein Außenohr vorhanden ist.",1,0,2
"2746",27,1,23,1,"Die Slowakei gehört nicht zu den NATO-Staaten.",1,1,6
"2747",27,2,23,1,"Der Schwertwal gehört zur Gattung der Delfine.",1,0,4
"2748",27,2,23,1,"Alexander Graham Bell erfand das Tragflügelboot.",1,1,1
"2749",27,2,23,1,"Der Film 'Pretty Woman' gewann keinen Oscar.",0,1,1
"2750",27,2,23,1,"Das Capybara ist das größte aller Beuteltiere.",0,0,1
"2751",27,2,23,1,"Robbie Williams heißt mit Zweitnamen 'Maximilian'.",0,0,1
"2752",27,2,23,1,"Winston Churchill erhielt den Nobelpreis für Literatur.",1,1,1
"2753",27,2,23,1,"Island ist geologisch das jüngste Inselland der Welt.",1,1,1
"2754",27,2,23,1,"Die kanadische Sängerin Celine Dion hat acht Geschwister.",1,1,2
"2755",27,2,23,1,"Das meiste Gold wird derzeit in Südafrika gefördert.",0,0,1
"2756",27,2,23,1,"Der Goliathfrosch kann sogar kleine Krokodile verspeisen.",1,1,1
"2757",27,2,23,1,"In Uganda ist die Amtssprache englisch.",1,1,2
"2758",27,2,23,1,"Nur Menschen und Affen besitzen einen Bauchnabel.",1,1,1
"2759",27,2,23,1,"Das Finn-Dingi ist ein Einmannboot beim Sportsegeln.",1,0,1
"2760",27,2,23,1,"Eine Bienenkönigin legt durchschnittlich 500 Eier am Tag.",1,0,1
"2761",27,2,23,1,"Auf indischen Rupienscheinen sind 12 verschiedene Schriften.",1,1,1
"2762",27,2,23,1,"Die Wüste Gobi ist eine Felswüste.",0,0,1
"2763",27,2,23,1,"Die erste elektronische Mail wurde im Jahr 1973 versendet.",1,1,1
"2764",27,2,23,1,"Magnesiummangel kann zu Hautproblemen führen.",1,1,5
"2765",27,2,23,1,"Die Tochter von Sydney Poitier heißt Sydney Poitier.",0,1,1
"2766",27,2,23,1,"Seoul bedeutet auf koreanisch 'Die Hauptstadt'.",1,1,1
"2767",27,2,23,1,"Sumatra ist die viertgrößte Insel der Welt.",0,0,1
"2768",27,2,23,1,"Das Domino-Spiel besteht aus 28 Steinen.",0,0,3
"2769",27,2,23,1,"Ein Schwan trägt ca. 50.000 Federn am Körper.",0,0,2
"2770",27,2,23,1,"Die Erde wird in 340 Längenkreise unterteilt.",0,1,1
"2771",27,2,23,1,"Bob Dylan arbeitet nebenberuflich als Winzer.",1,0,1
"2772",27,2,23,1,"Die Luftpumpe ist eine französische Erfindung.",0,0,1
"2773",27,2,23,1,"Die längsten Opern stammen von Gioacchino Rossini.",1,1,1
"2774",27,2,23,1,"Schären sind Talgletscher in Skandinavien.",1,1,1
"2775",27,2,23,1,"Erdbeeren enthalten mehr Vitamin C als Orangen.",1,1,3
"2776",27,2,23,1,"Minerva ist die römische Göttin der Weisheit.",0,0,3
"2777",27,2,23,1,"Für Descartes wies Schielen bei Frauen auf Frigidität hin.",1,0,1
"2778",27,2,23,1,"Einen kastrierten Esel nennt man auch Macker oder Knilch.",1,1,3
"2779",27,2,23,1,"Der Erfinder des Bikinis war ursprünglich Schuhdesigner.",1,1,3
"2780",27,2,23,1,"Schweine können keinen Sonnenbrand bekommen.",0,1,3
"2781",27,2,23,1,"Der Speisesaal eines Klosters wird Refektorium genannt.",1,0,3
"2782",27,2,23,1,"Die Sektsteuer wurde von Friedrich Ebert eingeführt.",0,0,2
"2783",27,2,23,1,"Alle Uhren im Film 'Pulp Fiction' stehen auf 4.10 Uhr.",0,0,2
"2784",27,2,23,1,"Der Bereich zwischen den Augenbrauen heißt Glabella.",0,0,4
"2785",27,2,23,1,"Die Küstenseeschwalbe fliegt jedes Jahr fast 40000 km.",1,1,2
"2786",27,2,23,1,"Frauen blinzeln fast doppelt so viel wie Männer.",0,0,3
"2787",27,2,23,1,"Albany ist die Hauptstadt des US-Bundesstaates New Jersey.",1,0,2
"2788",27,2,23,1,"Das türkische Bad wurde in Griechenland erfunden.",0,1,2
"2789",27,2,23,1,"Ein Menschenfloh kann 20cm hoch springen.",0,0,2
"2790",27,2,23,1,"Der Ladogasee ist der größte See Europas.",1,0,6
"2791",27,2,23,1,"Der Allradantrieb wurde 1938 in England erfunden.",1,0,2
"2792",27,2,23,1,"Tequila wird aus dem Herzen der roten Agave gewonnen.",1,0,3
"2793",27,2,23,1,"Der Nacktmull ist das schmerzempfindlichste Tier der Welt.",0,0,3
"2794",27,2,23,1,"Giséle Bündchen hat einen Zwillingsbruder.",0,0,4
"2795",27,2,23,1,"Volleyball wurde in Florida erfunden.",0,0,2
"2796",27,2,23,1,"In den USA gibt es die meisten Milliardäre auf der Welt.",1,1,3
"2797",27,2,23,1,"Nicole Kidman hat panische Angst vor Schmetterlingen.",0,0,3
"2798",27,2,23,1,"Ein Biber kann in einem Jahr über 200 Bäume fällen.",0,1,3
"2799",27,2,23,1,"Seepferdchen gehören zur Gattung der Fische.",0,1,1
"2800",27,2,23,1,"Bei den italienischen Wahlen 2008 traten 62 Parteien an.",0,0,2
"2801",27,2,23,1,"Das Zwerghörnchen ist das kleinste Säugetier Europas.",1,1,2
"2802",27,1,23,1,"Zuckerwatte wurde von einem Flugzeugpiloten erfunden.",0,0,1
"2803",27,1,23,1,"Der Reißverschluss wurde in Norwegen erfunden.",0,1,1
"2804",27,1,23,1,"Die Norfolkinseln im Pazifik gehören zu Neuseeland.",1,0,5
"2805",27,1,23,1,"Tennis wurde in englischen Klöstern erfunden.",0,0,1
"2806",27,1,23,1,"Jean-Jaques Rousseau war alleinerziehender Vater.",0,0,1
"2807",27,1,23,1,"Die Insel Ösel gehört zu Dänemark.",1,1,1
"2808",27,1,23,1,"Der mitteleuropäische Feldschwirl ist kein Zugvogel.",0,1,1
"2809",27,1,23,1,"Frauen bekommen häufiger einen Schluckauf als Männer.",0,0,4
"2810",27,1,23,1,"Das Jojo war ursprünglich eine philippinische Jagdwaffe.",1,0,2
"2811",27,1,23,1,"Wladimir Putin wurde in Murmansk geboren.",0,0,6
"2812",27,1,23,1,"Der nicht sichtbare Teil des Eisbergs heißt Eisbergkiel.",1,0,1
"2813",27,1,23,1,"Manama ist die Hauptstadt Bahrains.",1,0,1
"2814",27,1,23,1,"Ein neugeborenes Panda-Baby ist kleiner als eine Maus.",0,0,3
"2815",27,1,23,1,"Ein Nilpferd wiegt bei seiner Geburt ca. 150kg.",0,1,2
"2816",27,1,23,1,"Balsaholz ist die schwerste aller Holzarten.",0,0,1
"2817",27,1,23,1,"Weibliche Taranteln töten circa 99% ihrer Nachkommen.",0,0,1
"2818",27,1,23,1,"Hernando Cortéz eroberte Mexiko.",0,0,3
"2819",27,1,23,1,"Ein menschliches Haar wächst jährlich ca. 85 mm.",0,1,4
"2820",27,1,23,1,"Der griechische Gott Apollon ist der Schutzherr der Küste.",1,1,1
"2821",27,1,23,1,"Patagonien ist ein Landschaftsabschnitt in Asien.",1,0,6
"2822",27,1,23,1,"Die Volksrepublik China wurde 1947 gegründet.",0,0,3
"2823",27,1,23,1,"Der Name 'Wowereit' heißt auf Litauisch Eichhörnchen.",0,1,4
"2824",27,1,23,1,"Sambia hieß früher Nordrhodesien.",0,1,3
"2825",27,1,23,1,"Freddie Mercurys richtiger Name lautete Farrokh Bulsara.",1,0,1
"2826",27,1,23,1,"Delphine schwimmen höchstens 54 Kilometer pro Stunde.",1,0,2
"2827",27,1,23,1,"Der Wassergehalt bei Beeren beträgt 90%.",0,1,4
"2828",27,2,23,1,"Der Javagraben ist die tiefste Meerestiefe der Welt.",0,0,3
"2829",27,2,23,1,"Tom Cruise ist Legastheniker.",0,0,3
"2830",27,1,23,1,"Die Augen eines Straußes sind größer als sein Gehirn.",1,0,1
"2831",27,1,23,1,"Keime sterben auf Holz schneller ab als auf Plastik.",0,0,1
"2832",28,2,21,1,"Giséle Bündchen hat einen Zwillingsbruder.",1,1,6
"2833",28,2,21,1,"Seepferdchen gehören zur Gattung der Fische.",1,0,3
"2834",28,2,21,1,"Die Sektsteuer wurde von Friedrich Ebert eingeführt.",1,1,6
"2835",28,2,21,1,"Seoul bedeutet auf koreanisch 'Die Hauptstadt'.",0,1,5
"2836",28,2,21,1,"Die längsten Opern stammen von Gioacchino Rossini.",0,1,5
"2837",28,2,21,1,"Tequila wird aus dem Herzen der roten Agave gewonnen.",0,1,4
"2838",28,2,21,1,"Magnesiummangel kann zu Hautproblemen führen.",0,1,5
"2839",28,2,21,1,"Ein Schwan trägt ca. 50.000 Federn am Körper.",1,0,4
"2840",28,2,21,1,"Alle Uhren im Film 'Pulp Fiction' stehen auf 4.10 Uhr.",1,1,3
"2841",28,2,21,1,"Island ist geologisch das jüngste Inselland der Welt.",0,1,3
"2842",28,1,21,1,"Schlangen sind taub, da kein Außenohr vorhanden ist.",1,1,5
"2843",28,1,21,1,"Tom Cruise ist Legastheniker.",0,1,5
"2844",28,1,21,1,"Der Nacktmull ist das schmerzempfindlichste Tier der Welt.",0,1,4
"2845",28,1,21,1,"Die Insel Ösel gehört zu Dänemark.",1,1,6
"2846",28,1,21,1,"Delphine schwimmen höchstens 54 Kilometer pro Stunde.",1,1,3
"2847",28,2,21,1,"Die Tochter von Sydney Poitier heißt Sydney Poitier.",1,1,4
"2848",28,2,21,1,"Die Erde wird in 340 Längenkreise unterteilt.",1,1,4
"2849",28,2,21,1,"Frauen blinzeln fast doppelt so viel wie Männer.",1,1,5
"2850",28,2,21,1,"Der Schwertwal gehört zur Gattung der Delfine.",0,0,3
"2851",28,2,21,1,"Bob Dylan arbeitet nebenberuflich als Winzer.",0,1,5
"2852",28,2,21,1,"Schweine können keinen Sonnenbrand bekommen.",1,1,5
"2853",28,2,21,1,"Minerva ist die römische Göttin der Weisheit.",1,1,6
"2854",28,2,21,1,"Die kanadische Sängerin Celine Dion hat acht Geschwister.",0,1,6
"2855",28,2,21,1,"Die Wüste Gobi ist eine Felswüste.",1,1,6
"2856",28,2,21,1,"Der Film 'Pretty Woman' gewann keinen Oscar.",1,1,4
"2857",28,2,21,1,"Die Küstenseeschwalbe fliegt jedes Jahr fast 40000 km.",0,1,3
"2858",28,2,21,1,"Ein Menschenfloh kann 20cm hoch springen.",1,1,3
"2859",28,2,21,1,"Einen kastrierten Esel nennt man auch Macker oder Knilch.",0,0,5
"2860",28,2,21,1,"Der Speisesaal eines Klosters wird Refektorium genannt.",0,1,6
"2861",28,2,21,1,"Das Finn-Dingi ist ein Einmannboot beim Sportsegeln.",0,1,4
"2862",28,2,21,1,"Sheryl Crow war Hürdenläuferin.",0,1,4
"2863",28,2,21,1,"Eine Bienenkönigin legt durchschnittlich 500 Eier am Tag.",0,0,3
"2864",28,2,21,1,"Für Descartes wies Schielen bei Frauen auf Frigidität hin.",0,1,6
"2865",28,2,21,1,"Das Capybara ist das größte aller Beuteltiere.",1,1,3
"2866",28,2,21,1,"Die erste elektronische Mail wurde im Jahr 1973 versendet.",0,0,3
"2867",28,2,21,1,"Der Erfinder des Bikinis war ursprünglich Schuhdesigner.",0,1,4
"2868",28,2,21,1,"Der Goliathfrosch kann sogar kleine Krokodile verspeisen.",0,0,4
"2869",28,2,21,1,"Spanien ist ein Gründungsmitglied der UNO.",1,0,4
"2870",28,1,21,1,"Spanien ist ein Gründungsmitglied der UNO.",0,1,4
"2871",28,1,21,1,"Der Maler Marc Chagall wurde 1887 in Russland geboren.",1,1,6
"2872",28,1,21,1,"Die Insektenkunde wird auch Entomologie genannt.",0,1,3
"2873",28,1,21,1,"Giséle Bündchen hat einen Zwillingsbruder.",0,1,6
"2874",28,1,21,1,"Die Schwarzerle zählt zu den Buchengewächsen.",1,1,3
"2875",28,1,21,1,"Brad Pitt heißt eigentlich 'Henry Bradley Pitt'.",1,1,6
"2876",28,1,21,1,"Patagonien ist ein Landschaftsabschnitt in Asien.",1,1,5
"2877",28,1,21,1,"Die Angst vor dem Küssen nennt man Philemaphobie.",1,1,6
"2878",28,1,21,1,"Der nicht sichtbare Teil des Eisbergs heißt Eisbergkiel.",1,1,6
"2879",28,1,21,1,"Der höchste nordamerikanische Berg liegt in Wyoming.",1,1,6
"2880",28,1,21,1,"Der Javagraben ist die tiefste Meerestiefe der Welt.",0,1,6
"2881",28,1,21,1,"Lybien ist das einzige Land mit einer einfarbigen Flagge.",1,1,5
"2882",28,1,21,1,"Bolivien ist der kleinste Binnenstaat Südamerikas.",1,1,6
"2883",28,1,21,1,"Das Capybara ist das größte aller Beuteltiere.",0,0,2
"2884",28,1,21,1,"Die Azoren gehören zu Spanien.",1,1,6
"2885",28,1,21,1,"French Fries' wurden in England erfunden.",1,1,6
"2886",28,1,21,1,"Frauen blinzeln fast doppelt so viel wie Männer.",0,1,5
"2887",28,1,21,1,"Die Nachfolger Mohammeds bezeichnet man als Kalifen.",1,1,6
"2888",28,1,21,1,"Die Tochter von Sydney Poitier heißt Sydney Poitier.",0,0,3
"2889",28,1,21,1,"Die Augen eines Straußes sind größer als sein Gehirn.",1,1,6
"2890",28,1,21,1,"Das Lieblingsgetränk von Benedikt XVI. ist Fanta.",1,1,6
"2891",28,1,21,1,"Seepferdchen gehören zur Gattung der Fische.",0,1,5
"2892",28,1,21,1,"Die Wüste Gobi ist eine Felswüste.",0,1,6
"2893",28,1,21,1,"Morpheus ist der griechische Gott der Träume.",1,1,5
"2894",28,1,21,1,"Das Jojo war ursprünglich eine philippinische Jagdwaffe.",1,1,6
"2895",28,1,21,1,"Bei den italienischen Wahlen 2008 traten 62 Parteien an.",0,1,2
"2896",28,1,21,1,"Robbie Williams heißt mit Zweitnamen 'Maximilian'.",0,1,4
"2897",28,1,21,1,"Es gibt 56 verschiedene Arten eine Krawatte zu binden.",1,1,5
"2898",28,1,21,1,"Das türkische Bad wurde in Griechenland erfunden.",0,1,4
"2899",28,1,21,1,"Freddie Mercurys richtiger Name lautete Farrokh Bulsara.",1,1,6
"2900",28,1,21,1,"Ein Schwan trägt ca. 50.000 Federn am Körper.",0,1,4
"2901",28,1,21,1,"Austern wechseln je nach Jahreszeit ihr Geschlecht.",1,1,6
"2902",28,1,21,1,"Die Erde wird in 340 Längenkreise unterteilt.",0,0,3
"2903",28,1,21,1,"Die Slowakei gehört nicht zu den NATO-Staaten.",1,1,5
"2904",28,1,21,1,"Die Luftpumpe ist eine französische Erfindung.",0,1,4
"2905",28,1,21,1,"Minerva ist die römische Göttin der Weisheit.",0,1,6
"2906",28,1,21,1,"Unsere Atmosphäre enthält rund 0,00025 % Ozon.",1,1,6
"2907",28,1,21,1,"Schweine können keinen Sonnenbrand bekommen.",0,1,4
"2908",28,1,21,1,"Alle Uhren im Film 'Pulp Fiction' stehen auf 4.10 Uhr.",0,1,5
"2909",28,1,21,1,"Der Film 'Pretty Woman' gewann keinen Oscar.",0,0,3
"2910",28,1,21,1,"Volleyball wurde in Florida erfunden.",0,1,5
"2911",28,1,21,1,"Der Bereich zwischen den Augenbrauen heißt Glabella.",0,1,4
"2912",28,1,21,1,"Das Domino-Spiel besteht aus 28 Steinen.",0,1,4
"2913",28,1,21,1,"Ein Menschenfloh kann 20cm hoch springen.",0,0,4
"2914",28,1,21,1,"Der Mond passt vierzigmal in die Erdkugel.",1,1,5
"2915",28,1,21,1,"Sumatra ist die viertgrößte Insel der Welt.",0,1,4
"2916",28,1,21,1,"Ein Biber kann in einem Jahr über 200 Bäume fällen.",0,1,3
"2917",28,1,21,1,"Manama ist die Hauptstadt Bahrains.",1,1,4
"2918",28,1,21,1,"Das meiste Gold wird derzeit in Südafrika gefördert.",0,1,4
"2919",28,1,21,1,"Der griechische Gott Apollon ist der Schutzherr der Küste.",1,1,6
"2920",28,1,21,1,"Die Norfolkinseln im Pazifik gehören zu Neuseeland.",1,0,3
"2921",28,1,21,1,"Der Basenji ist der einzige Hund, der nicht bellt.",1,1,5
"2922",28,1,21,1,"Nicole Kidman hat panische Angst vor Schmetterlingen.",0,0,3
"2923",28,1,21,1,"Wenn Nilpferde sich aufregen, färbt sich ihr Schweiß grün.",1,1,4
"2924",28,1,21,1,"Die Sektsteuer wurde von Friedrich Ebert eingeführt.",0,1,5
"2925",28,2,21,1,"Robbie Williams heißt mit Zweitnamen 'Maximilian'.",1,1,5
"2926",28,2,21,1,"Das Domino-Spiel besteht aus 28 Steinen.",1,1,6
"2927",28,2,21,1,"Albany ist die Hauptstadt des US-Bundesstaates New Jersey.",0,0,6
"2928",28,2,21,1,"Der Ladogasee ist der größte See Europas.",0,1,4
"2929",28,2,21,1,"In den USA gibt es die meisten Milliardäre auf der Welt.",0,0,4
"2930",28,2,21,1,"Die Luftpumpe ist eine französische Erfindung.",1,0,4
"2931",28,2,21,1,"Das meiste Gold wird derzeit in Südafrika gefördert.",1,0,2
"2932",28,2,21,1,"Ein Biber kann in einem Jahr über 200 Bäume fällen.",1,1,4
"2933",28,2,21,1,"Tom Cruise ist Legastheniker.",1,1,5
"2934",28,2,21,1,"In Uganda ist die Amtssprache englisch.",0,1,3
"2935",28,2,21,1,"Der Bereich zwischen den Augenbrauen heißt Glabella.",1,0,3
"2936",28,2,21,1,"Sumatra ist die viertgrößte Insel der Welt.",1,1,4
"2937",28,2,21,1,"Nicole Kidman hat panische Angst vor Schmetterlingen.",1,1,3
"2938",28,2,21,1,"Schären sind Talgletscher in Skandinavien.",0,1,4
"2939",28,2,21,1,"Die Insektenkunde wird auch Entomologie genannt.",1,0,4
"2940",28,2,21,1,"Alexander Graham Bell erfand das Tragflügelboot.",0,1,4
"2941",28,2,21,1,"Der Javagraben ist die tiefste Meerestiefe der Welt.",1,0,4
"2942",28,2,21,1,"Das Zwerghörnchen ist das kleinste Säugetier Europas.",0,0,3
"2943",28,2,21,1,"Bei den italienischen Wahlen 2008 traten 62 Parteien an.",1,0,4
"2944",28,2,21,1,"Nur Menschen und Affen besitzen einen Bauchnabel.",0,0,3
"2945",28,2,21,1,"Erdbeeren enthalten mehr Vitamin C als Orangen.",0,1,5
"2946",28,2,21,1,"Volleyball wurde in Florida erfunden.",1,1,5
"2947",28,2,21,1,"Das türkische Bad wurde in Griechenland erfunden.",1,1,4
"2948",28,2,21,1,"Auf indischen Rupienscheinen sind 12 verschiedene Schriften.",0,0,2
"2949",28,2,21,1,"Der Nacktmull ist das schmerzempfindlichste Tier der Welt.",1,1,4
"2950",28,2,21,1,"Der Allradantrieb wurde 1938 in England erfunden.",0,0,3
"2951",28,2,21,1,"Winston Churchill erhielt den Nobelpreis für Literatur.",0,1,4
"2952",29,1,20,1,"Tom Cruise ist Legastheniker.",0,1,3
"2953",29,1,20,1,"Das Domino-Spiel besteht aus 28 Steinen.",0,1,6
"2954",29,1,20,1,"Brad Pitt heißt eigentlich 'Henry Bradley Pitt'.",1,1,1
"2955",29,1,20,1,"Schweine können keinen Sonnenbrand bekommen.",0,1,5
"2956",29,1,20,1,"Das Capybara ist das größte aller Beuteltiere.",0,1,1
"2957",29,1,20,1,"Die Slowakei gehört nicht zu den NATO-Staaten.",1,1,6
"2958",29,1,20,1,"Das Lieblingsgetränk von Benedikt XVI. ist Fanta.",1,0,1
"2959",29,1,20,1,"Delphine schwimmen höchstens 54 Kilometer pro Stunde.",1,0,1
"2960",29,1,20,1,"Austern wechseln je nach Jahreszeit ihr Geschlecht.",1,1,5
"2961",29,1,20,1,"Sumatra ist die viertgrößte Insel der Welt.",0,1,1
"2962",29,1,20,1,"Der griechische Gott Apollon ist der Schutzherr der Küste.",1,1,4
"2963",29,1,20,1,"Die Insektenkunde wird auch Entomologie genannt.",0,1,4
"2964",29,1,20,1,"Der höchste nordamerikanische Berg liegt in Wyoming.",1,0,2
"2965",29,1,20,1,"Die Luftpumpe ist eine französische Erfindung.",0,1,1
"2966",29,1,20,1,"Ein Biber kann in einem Jahr über 200 Bäume fällen.",0,1,5
"2967",29,1,20,1,"Der Javagraben ist die tiefste Meerestiefe der Welt.",0,1,6
"2968",29,1,20,1,"Nicole Kidman hat panische Angst vor Schmetterlingen.",0,0,1
"2969",29,1,20,1,"Die Norfolkinseln im Pazifik gehören zu Neuseeland.",1,1,1
"2970",29,1,20,1,"Das türkische Bad wurde in Griechenland erfunden.",0,0,4
"2971",29,1,20,1,"Bei den italienischen Wahlen 2008 traten 62 Parteien an.",0,1,2
"2972",29,1,20,1,"Der nicht sichtbare Teil des Eisbergs heißt Eisbergkiel.",1,1,4
"2973",29,1,20,1,"Giséle Bündchen hat einen Zwillingsbruder.",0,0,1
"2974",29,1,20,1,"Spanien ist ein Gründungsmitglied der UNO.",0,0,3
"2975",29,1,20,1,"Das meiste Gold wird derzeit in Südafrika gefördert.",0,1,5
"2976",29,1,20,1,"Der Bereich zwischen den Augenbrauen heißt Glabella.",0,1,3
"2977",29,1,20,1,"Schlangen sind taub, da kein Außenohr vorhanden ist.",1,1,6
"2978",29,1,20,1,"Die Augen eines Straußes sind größer als sein Gehirn.",1,1,3
"2979",29,1,20,1,"Der Maler Marc Chagall wurde 1887 in Russland geboren.",1,1,4
"2980",29,1,20,1,"Patagonien ist ein Landschaftsabschnitt in Asien.",1,0,5
"2981",29,1,20,1,"Die Angst vor dem Küssen nennt man Philemaphobie.",1,1,3
"2982",29,1,20,1,"Die Schwarzerle zählt zu den Buchengewächsen.",1,0,5
"2983",29,1,20,1,"Die Wüste Gobi ist eine Felswüste.",0,0,6
"2984",29,1,20,1,"Der Basenji ist der einzige Hund, der nicht bellt.",1,0,1
"2985",29,1,20,1,"Frauen blinzeln fast doppelt so viel wie Männer.",0,1,1
"2986",29,1,20,1,"Die Azoren gehören zu Spanien.",1,1,1
"2987",29,1,20,1,"Die Insel Ösel gehört zu Dänemark.",1,1,4
"2988",29,1,20,1,"Bolivien ist der kleinste Binnenstaat Südamerikas.",1,1,1
"2989",29,2,20,1,"Kokosnüsse haben einen höheren Fettanteil als Pistazien.",0,1,3
"2990",29,2,20,1,"Spanholz besteht hauptsächlich aus Birkenholz.",0,0,6
"2991",29,2,20,1,"Einen kastrierten Esel nennt man auch Macker oder Knilch.",1,0,5
"2992",29,2,20,1,"Frauen bekommen häufiger einen Schluckauf als Männer.",0,0,3
"2993",29,2,20,1,"Die Küstenseeschwalbe fliegt jedes Jahr fast 40000 km.",1,1,3
"2994",29,2,20,1,"Für Descartes wies Schielen bei Frauen auf Frigidität hin.",1,1,3
"2995",29,2,20,1,"Der Goliathfrosch kann sogar kleine Krokodile verspeisen.",1,0,2
"2996",29,2,20,1,"Der Schwertwal gehört zur Gattung der Delfine.",1,0,6
"2997",29,2,20,1,"Magnesiummangel kann zu Hautproblemen führen.",1,1,6
"2998",29,2,20,1,"Blaue Augen werden im Alter immer heller.",0,1,5
"2999",29,2,20,1,"Weibliche Taranteln töten circa 99% ihrer Nachkommen.",0,1,3
"3000",29,2,20,1,"Auf indischen Rupienscheinen sind 12 verschiedene Schriften.",1,0,3
"3001",29,2,20,1,"Der Allradantrieb wurde 1938 in England erfunden.",1,1,1
"3002",29,2,20,1,"Ein menschliches Haar wächst jährlich ca. 85 mm.",0,0,4
"3003",29,2,20,1,"Wladimir Putin wurde in Murmansk geboren.",0,0,1
"3004",29,2,20,1,"Balsaholz ist die schwerste aller Holzarten.",0,0,1
"3005",29,2,20,1,"Lachse können bis zu 20 Jahre alt werden.",0,1,1
"3006",29,2,20,1,"Schären sind Talgletscher in Skandinavien.",1,1,5
"3007",29,2,20,1,"Tennis wurde in englischen Klöstern erfunden.",0,1,1
"3008",29,2,20,1,"In Angola ist Spanisch die offizielle Amtssprache.",0,1,3
"3009",29,2,20,1,"Die längsten Opern stammen von Gioacchino Rossini.",1,1,1
"3010",29,2,20,1,"Kleinohrigel haben keine Stacheln.",0,0,2
"3011",29,2,20,1,"In USA wird kein Teletext ausgestrahlt.",0,0,3
"3012",29,2,20,1,"Ein neugeborenes Panda-Baby ist kleiner als eine Maus.",0,0,3
"3013",29,2,20,1,"Der mitteleuropäische Feldschwirl ist kein Zugvogel.",0,0,1
"3014",29,2,20,1,"Eine Bienenkönigin legt durchschnittlich 500 Eier am Tag.",1,0,1
"3015",29,2,20,1,"Keime sterben auf Holz schneller ab als auf Plastik.",0,0,5
"3016",29,2,20,1,"Sheryl Crow war Hürdenläuferin.",1,1,1
"3017",29,2,20,1,"Der Reißverschluss wurde in Norwegen erfunden.",0,1,1
"3018",29,2,20,1,"Der Wassergehalt bei Beeren beträgt 90%.",0,1,5
"3019",29,2,20,1,"Die Wüste Dahna liegt in Saudi-Arabien.",0,0,1
"3020",29,2,20,1,"Tequila wird aus dem Herzen der roten Agave gewonnen.",1,0,1
"3021",29,2,20,1,"Der Speisesaal eines Klosters wird Refektorium genannt.",1,1,4
"3022",29,2,20,1,"Sambia hieß früher Nordrhodesien.",0,0,1
"3023",29,2,20,1,"Das Finn-Dingi ist ein Einmannboot beim Sportsegeln.",1,1,1
"3024",29,2,20,1,"Beim Rugby gibt es 30 Spieler.",0,1,1
"3025",29,2,20,1,"Jean-Jaques Rousseau war alleinerziehender Vater.",0,1,3
"3026",29,2,20,1,"Nauru ist die kleinste souveräne Republik der Erde.",0,1,1
"3027",29,2,20,1,"Der Ladogasee ist der größte See Europas.",1,0,1
"3028",29,2,20,1,"Winston Churchill erhielt den Nobelpreis für Literatur.",1,0,1
"3029",29,2,20,1,"Die kanadische Sängerin Celine Dion hat acht Geschwister.",1,0,1
"3030",29,2,20,1,"Der Name 'Wowereit' heißt auf Litauisch Eichhörnchen.",0,0,1
"3031",29,2,20,1,"Seoul bedeutet auf koreanisch 'Die Hauptstadt'.",1,1,3
"3032",29,2,20,1,"Island ist geologisch das jüngste Inselland der Welt.",1,1,1
"3033",29,2,20,1,"In den USA gibt es die meisten Milliardäre auf der Welt.",1,0,3
"3034",29,2,20,1,"Alexander Graham Bell erfand das Tragflügelboot.",1,0,5
"3035",29,2,20,1,"Nur Menschen und Affen besitzen einen Bauchnabel.",1,1,3
"3036",29,2,20,1,"Albany ist die Hauptstadt des US-Bundesstaates New Jersey.",1,1,1
"3037",29,2,20,1,"In Uganda ist die Amtssprache englisch.",1,1,1
"3038",29,2,20,1,"Hernando Cortéz eroberte Mexiko.",0,1,5
"3039",29,2,20,1,"Die Ostgoten zählten zum Stamm der Normannen.",0,1,5
"3040",29,2,20,1,"Zuckerwatte wurde von einem Flugzeugpiloten erfunden.",0,0,1
"3041",29,2,20,1,"Der Erfinder des Bikinis war ursprünglich Schuhdesigner.",1,0,1
"3042",29,2,20,1,"Das Zwerghörnchen ist das kleinste Säugetier Europas.",1,1,2
"3043",29,2,20,1,"Die erste elektronische Mail wurde im Jahr 1973 versendet.",1,1,6
"3044",29,1,20,1,"Freddie Mercurys richtiger Name lautete Farrokh Bulsara.",1,1,1
"3045",29,1,20,1,"Minerva ist die römische Göttin der Weisheit.",0,0,1
"3046",29,1,20,1,"Seepferdchen gehören zur Gattung der Fische.",0,0,6
"3047",29,1,20,1,"Der Nacktmull ist das schmerzempfindlichste Tier der Welt.",0,0,1
"3048",29,1,20,1,"Die Nachfolger Mohammeds bezeichnet man als Kalifen.",1,1,4
"3049",29,1,20,1,"Manama ist die Hauptstadt Bahrains.",1,1,1
"3050",29,1,20,1,"Alle Uhren im Film 'Pulp Fiction' stehen auf 4.10 Uhr.",0,0,1
"3051",29,1,20,1,"Der Film 'Pretty Woman' gewann keinen Oscar.",0,1,3
"3052",29,1,20,1,"Die Sektsteuer wurde von Friedrich Ebert eingeführt.",0,0,1
"3053",29,1,20,1,"Lybien ist das einzige Land mit einer einfarbigen Flagge.",1,0,1
"3054",29,1,20,1,"Ein Schwan trägt ca. 50.000 Federn am Körper.",0,1,2
"3055",29,1,20,1,"Der Mond passt vierzigmal in die Erdkugel.",1,1,3
"3056",29,1,20,1,"Unsere Atmosphäre enthält rund 0,00025 % Ozon.",1,1,4
"3057",29,1,20,1,"Es gibt 56 verschiedene Arten eine Krawatte zu binden.",1,1,2
"3058",29,1,20,1,"Morpheus ist der griechische Gott der Träume.",1,1,5
"3059",29,1,20,1,"French Fries' wurden in England erfunden.",1,1,3
"3060",29,1,20,1,"Die Erde wird in 340 Längenkreise unterteilt.",0,1,1
"3061",29,1,20,1,"Ein Menschenfloh kann 20cm hoch springen.",0,0,1
"3062",29,1,20,1,"Das Jojo war ursprünglich eine philippinische Jagdwaffe.",1,0,4
"3063",29,1,20,1,"Volleyball wurde in Florida erfunden.",0,0,1
"3064",29,1,20,1,"Die Tochter von Sydney Poitier heißt Sydney Poitier.",0,0,1
"3065",29,1,20,1,"Robbie Williams heißt mit Zweitnamen 'Maximilian'.",0,0,1
"3066",29,1,20,1,"Wenn Nilpferde sich aufregen, färbt sich ihr Schweiß grün.",1,1,3
"3067",29,2,20,1,"Erdbeeren enthalten mehr Vitamin C als Orangen.",1,1,3
"3068",29,2,20,1,"Die Volksrepublik China wurde 1947 gegründet.",0,0,1
"3069",29,2,20,1,"Ein Nilpferd wiegt bei seiner Geburt ca. 150kg.",0,1,4
"3070",29,2,20,1,"Bob Dylan arbeitet nebenberuflich als Winzer.",1,0,4
"3071",29,2,20,1,"Goethe schrieb genau 64 Jahre lang an seinem 'Faust'.",0,1,2
"3072",30,2,20,0,"Blaue Augen werden im Alter immer heller.",1,1,2
"3073",30,2,20,0,"Die Ostgoten zählten zum Stamm der Normannen.",1,1,1
"3074",30,2,20,0,"Wladimir Putin wurde in Murmansk geboren.",1,1,3
"3075",30,2,20,0,"Nauru ist die kleinste souveräne Republik der Erde.",1,1,2
"3076",30,2,20,0,"Lachse können bis zu 20 Jahre alt werden.",1,1,4
"3077",30,2,20,0,"Ein neugeborenes Panda-Baby ist kleiner als eine Maus.",1,1,5
"3078",30,2,20,0,"Das Zwerghörnchen ist das kleinste Säugetier Europas.",0,0,3
"3079",30,2,20,0,"Der Schwertwal gehört zur Gattung der Delfine.",0,0,2
"3080",30,2,20,0,"In USA wird kein Teletext ausgestrahlt.",1,1,4
"3081",30,2,20,0,"Der Reißverschluss wurde in Norwegen erfunden.",1,0,1
"3082",30,2,20,0,"Jean-Jaques Rousseau war alleinerziehender Vater.",1,1,1
"3083",30,2,20,0,"Der Speisesaal eines Klosters wird Refektorium genannt.",0,0,1
"3084",30,1,20,0,"Die Wüste Gobi ist eine Felswüste.",0,1,2
"3085",30,1,20,0,"Der Film 'Pretty Woman' gewann keinen Oscar.",0,0,3
"3086",30,1,20,0,"Unsere Atmosphäre enthält rund 0,00025 % Ozon.",1,0,2
"3087",30,1,20,0,"Morpheus ist der griechische Gott der Träume.",1,0,4
"3088",30,1,20,0,"Der höchste nordamerikanische Berg liegt in Wyoming.",1,1,1
"3089",30,2,20,0,"Frauen bekommen häufiger einen Schluckauf als Männer.",1,0,3
"3090",30,2,20,0,"Schären sind Talgletscher in Skandinavien.",0,0,4
"3091",30,2,20,0,"Für Descartes wies Schielen bei Frauen auf Frigidität hin.",0,0,1
"3092",30,2,20,0,"Beim Rugby gibt es 30 Spieler.",1,1,3
"3093",30,2,20,0,"Kokosnüsse haben einen höheren Fettanteil als Pistazien.",1,0,3
"3094",30,2,20,0,"Erdbeeren enthalten mehr Vitamin C als Orangen.",0,1,4
"3095",30,2,20,0,"Einen kastrierten Esel nennt man auch Macker oder Knilch.",0,1,2
"3096",30,2,20,0,"Tequila wird aus dem Herzen der roten Agave gewonnen.",0,1,3
"3097",30,2,20,0,"Spanholz besteht hauptsächlich aus Birkenholz.",1,1,4
"3098",30,2,20,0,"Keime sterben auf Holz schneller ab als auf Plastik.",1,1,2
"3099",30,2,20,0,"Goethe schrieb genau 64 Jahre lang an seinem 'Faust'.",1,1,3
"3100",30,2,20,0,"Magnesiummangel kann zu Hautproblemen führen.",0,1,4
"3101",30,2,20,0,"Die längsten Opern stammen von Gioacchino Rossini.",0,1,1
"3102",30,2,20,0,"Der Ladogasee ist der größte See Europas.",0,0,1
"3103",30,2,20,0,"Sheryl Crow war Hürdenläuferin.",0,1,1
"3104",30,2,20,0,"Nur Menschen und Affen besitzen einen Bauchnabel.",0,0,4
"3105",30,2,20,0,"Winston Churchill erhielt den Nobelpreis für Literatur.",0,1,3
"3106",30,2,20,0,"Albany ist die Hauptstadt des US-Bundesstaates New Jersey.",0,1,2
"3107",30,2,20,0,"Das Finn-Dingi ist ein Einmannboot beim Sportsegeln.",0,1,1
"3108",30,2,20,0,"Alexander Graham Bell erfand das Tragflügelboot.",0,1,1
"3109",30,2,20,0,"Der Goliathfrosch kann sogar kleine Krokodile verspeisen.",0,0,2
"3110",30,2,20,0,"Ein Nilpferd wiegt bei seiner Geburt ca. 150kg.",1,1,3
"3111",30,2,20,0,"Island ist geologisch das jüngste Inselland der Welt.",0,1,3
"3112",30,1,20,0,"Das Capybara ist das größte aller Beuteltiere.",0,1,2
"3113",30,1,20,0,"Das Jojo war ursprünglich eine philippinische Jagdwaffe.",1,0,3
"3114",30,1,20,0,"Tom Cruise ist Legastheniker.",0,1,4
"3115",30,1,20,0,"Alle Uhren im Film 'Pulp Fiction' stehen auf 4.10 Uhr.",0,1,4
"3116",30,1,20,0,"Giséle Bündchen hat einen Zwillingsbruder.",0,0,1
"3117",30,1,20,0,"Lybien ist das einzige Land mit einer einfarbigen Flagge.",1,0,4
"3118",30,1,20,0,"Ein Biber kann in einem Jahr über 200 Bäume fällen.",0,1,5
"3119",30,1,20,0,"Die Insel Ösel gehört zu Dänemark.",1,1,3
"3120",30,1,20,0,"Die Azoren gehören zu Spanien.",1,0,4
"3121",30,1,20,0,"Patagonien ist ein Landschaftsabschnitt in Asien.",1,1,2
"3122",30,1,20,0,"French Fries' wurden in England erfunden.",1,1,2
"3123",30,1,20,0,"Spanien ist ein Gründungsmitglied der UNO.",0,1,5
"3124",30,1,20,0,"Bei den italienischen Wahlen 2008 traten 62 Parteien an.",0,1,3
"3125",30,1,20,0,"Sumatra ist die viertgrößte Insel der Welt.",0,1,5
"3126",30,1,20,0,"Die Nachfolger Mohammeds bezeichnet man als Kalifen.",1,1,3
"3127",30,1,20,0,"Der Mond passt vierzigmal in die Erdkugel.",1,1,4
"3128",30,1,20,0,"Schlangen sind taub, da kein Außenohr vorhanden ist.",1,1,5
"3129",30,1,20,0,"Das meiste Gold wird derzeit in Südafrika gefördert.",0,1,5
"3130",30,1,20,0,"Wenn Nilpferde sich aufregen, färbt sich ihr Schweiß grün.",1,0,3
"3131",30,1,20,0,"Der nicht sichtbare Teil des Eisbergs heißt Eisbergkiel.",1,1,5
"3132",30,1,20,0,"Die Slowakei gehört nicht zu den NATO-Staaten.",1,0,4
"3133",30,1,20,0,"Brad Pitt heißt eigentlich 'Henry Bradley Pitt'.",1,1,4
"3134",30,1,20,0,"Das Lieblingsgetränk von Benedikt XVI. ist Fanta.",1,0,6
"3135",30,1,20,0,"Die Schwarzerle zählt zu den Buchengewächsen.",1,0,4
"3136",30,1,20,0,"Der Maler Marc Chagall wurde 1887 in Russland geboren.",1,0,3
"3137",30,1,20,0,"Die Luftpumpe ist eine französische Erfindung.",0,1,1
"3138",30,1,20,0,"Das türkische Bad wurde in Griechenland erfunden.",0,1,2
"3139",30,1,20,0,"Die Angst vor dem Küssen nennt man Philemaphobie.",1,1,4
"3140",30,1,20,0,"Die Sektsteuer wurde von Friedrich Ebert eingeführt.",0,1,2
"3141",30,1,20,0,"Nicole Kidman hat panische Angst vor Schmetterlingen.",0,1,1
"3142",30,1,20,0,"Die Insektenkunde wird auch Entomologie genannt.",0,0,4
"3143",30,1,20,0,"Der Basenji ist der einzige Hund, der nicht bellt.",1,1,2
"3144",30,1,20,0,"Die Erde wird in 340 Längenkreise unterteilt.",0,0,4
"3145",30,1,20,0,"Der Nacktmull ist das schmerzempfindlichste Tier der Welt.",0,1,4
"3146",30,1,20,0,"Schweine können keinen Sonnenbrand bekommen.",0,0,3
"3147",30,1,20,0,"Der Javagraben ist die tiefste Meerestiefe der Welt.",0,0,6
"3148",30,1,20,0,"Austern wechseln je nach Jahreszeit ihr Geschlecht.",1,1,3
"3149",30,1,20,0,"Minerva ist die römische Göttin der Weisheit.",0,1,4
"3150",30,1,20,0,"Der griechische Gott Apollon ist der Schutzherr der Küste.",1,0,3
"3151",30,1,20,0,"Volleyball wurde in Florida erfunden.",0,1,4
"3152",30,1,20,0,"Die Tochter von Sydney Poitier heißt Sydney Poitier.",0,1,3
"3153",30,1,20,0,"Manama ist die Hauptstadt Bahrains.",1,0,3
"3154",30,1,20,0,"Die Augen eines Straußes sind größer als sein Gehirn.",1,0,5
"3155",30,1,20,0,"Frauen blinzeln fast doppelt so viel wie Männer.",0,0,4
"3156",30,1,20,0,"Ein Menschenfloh kann 20cm hoch springen.",0,1,2
"3157",30,1,20,0,"Der Bereich zwischen den Augenbrauen heißt Glabella.",0,1,5
"3158",30,1,20,0,"Das Domino-Spiel besteht aus 28 Steinen.",0,1,3
"3159",30,1,20,0,"Freddie Mercurys richtiger Name lautete Farrokh Bulsara.",1,1,4
"3160",30,1,20,0,"Ein Schwan trägt ca. 50.000 Federn am Körper.",0,1,5
"3161",30,1,20,0,"Seepferdchen gehören zur Gattung der Fische.",0,1,6
"3162",30,1,20,0,"Es gibt 56 verschiedene Arten eine Krawatte zu binden.",1,1,6
"3163",30,1,20,0,"Die Norfolkinseln im Pazifik gehören zu Neuseeland.",1,1,2
"3164",30,1,20,0,"Robbie Williams heißt mit Zweitnamen 'Maximilian'.",0,0,1
"3165",30,1,20,0,"Bolivien ist der kleinste Binnenstaat Südamerikas.",1,1,4
"3166",30,1,20,0,"Delphine schwimmen höchstens 54 Kilometer pro Stunde.",1,1,5
"3167",30,2,20,0,"Ein menschliches Haar wächst jährlich ca. 85 mm.",1,1,4
"3168",30,2,20,0,"In Uganda ist die Amtssprache englisch.",0,1,2
"3169",30,2,20,0,"Die kanadische Sängerin Celine Dion hat acht Geschwister.",0,1,1
"3170",30,2,20,0,"Auf indischen Rupienscheinen sind 12 verschiedene Schriften.",0,1,1
"3171",30,2,20,0,"Der Name 'Wowereit' heißt auf Litauisch Eichhörnchen.",1,1,1
"3172",30,2,20,0,"Der Erfinder des Bikinis war ursprünglich Schuhdesigner.",0,1,1
"3173",30,2,20,0,"Hernando Cortéz eroberte Mexiko.",1,1,2
"3174",30,2,20,0,"Die Wüste Dahna liegt in Saudi-Arabien.",1,1,4
"3175",30,2,20,0,"Die erste elektronische Mail wurde im Jahr 1973 versendet.",0,1,3
"3176",30,2,20,0,"Balsaholz ist die schwerste aller Holzarten.",1,1,2
"3177",30,2,20,0,"Der mitteleuropäische Feldschwirl ist kein Zugvogel.",1,0,1
"3178",30,2,20,0,"Seoul bedeutet auf koreanisch 'Die Hauptstadt'.",0,1,2
"3179",30,2,20,0,"In Angola ist Spanisch die offizielle Amtssprache.",1,0,1
"3180",30,2,20,0,"Zuckerwatte wurde von einem Flugzeugpiloten erfunden.",1,1,2
"3181",30,2,20,0,"Tennis wurde in englischen Klöstern erfunden.",1,1,1
"3182",30,2,20,0,"Der Allradantrieb wurde 1938 in England erfunden.",0,1,2
"3183",30,2,20,0,"Sambia hieß früher Nordrhodesien.",1,1,2
"3184",30,2,20,0,"Der Wassergehalt bei Beeren beträgt 90%.",1,0,2
"3185",30,2,20,0,"Die Volksrepublik China wurde 1947 gegründet.",1,1,4
"3186",30,2,20,0,"Die Küstenseeschwalbe fliegt jedes Jahr fast 40000 km.",0,1,3
"3187",30,2,20,0,"In den USA gibt es die meisten Milliardäre auf der Welt.",0,1,6
"3188",30,2,20,0,"Weibliche Taranteln töten circa 99% ihrer Nachkommen.",1,1,5
"3189",30,2,20,0,"Eine Bienenkönigin legt durchschnittlich 500 Eier am Tag.",0,1,3
"3190",30,2,20,0,"Bob Dylan arbeitet nebenberuflich als Winzer.",0,1,3
"3191",30,2,20,0,"Kleinohrigel haben keine Stacheln.",1,1,1
"3192",31,1,23,1,"Wenn Nilpferde sich aufregen, färbt sich ihr Schweiß grün.",0,0,1
"3193",31,1,23,1,"Das Finn-Dingi ist ein Einmannboot beim Sportsegeln.",1,1,4
"3194",31,1,23,1,"Der Mond passt vierzigmal in die Erdkugel.",0,1,2
"3195",31,1,23,1,"Die längsten Opern stammen von Gioacchino Rossini.",1,1,3
"3196",31,1,23,1,"Die Norfolkinseln im Pazifik gehören zu Neuseeland.",0,1,4
"3197",31,1,23,1,"Der griechische Gott Apollon ist der Schutzherr der Küste.",0,0,4
"3198",31,1,23,1,"Die kanadische Sängerin Celine Dion hat acht Geschwister.",1,0,4
"3199",31,1,23,1,"Sheryl Crow war Hürdenläuferin.",1,1,4
"3200",31,1,23,1,"Nur Menschen und Affen besitzen einen Bauchnabel.",1,1,4
"3201",31,1,23,1,"Erdbeeren enthalten mehr Vitamin C als Orangen.",1,1,3
"3202",31,1,23,1,"Die Augen eines Straußes sind größer als sein Gehirn.",0,1,4
"3203",31,1,23,1,"Bob Dylan arbeitet nebenberuflich als Winzer.",1,1,1
"3204",31,1,23,1,"Der höchste nordamerikanische Berg liegt in Wyoming.",0,0,1
"3205",31,1,23,1,"Der nicht sichtbare Teil des Eisbergs heißt Eisbergkiel.",0,0,1
"3206",31,1,23,1,"Die Nachfolger Mohammeds bezeichnet man als Kalifen.",0,0,2
"3207",31,1,23,1,"Tequila wird aus dem Herzen der roten Agave gewonnen.",1,1,5
"3208",31,1,23,1,"Magnesiummangel kann zu Hautproblemen führen.",1,1,5
"3209",31,1,23,1,"Auf indischen Rupienscheinen sind 12 verschiedene Schriften.",1,0,3
"3210",31,1,23,1,"Austern wechseln je nach Jahreszeit ihr Geschlecht.",0,0,2
"3211",31,1,23,1,"Albany ist die Hauptstadt des US-Bundesstaates New Jersey.",1,1,4
"3212",31,1,23,1,"Die Slowakei gehört nicht zu den NATO-Staaten.",0,1,2
"3213",31,1,23,1,"Der Speisesaal eines Klosters wird Refektorium genannt.",1,1,4
"3214",31,1,23,1,"Es gibt 56 verschiedene Arten eine Krawatte zu binden.",0,1,3
"3215",31,1,23,1,"Bolivien ist der kleinste Binnenstaat Südamerikas.",0,0,4
"3216",31,1,23,1,"Das Jojo war ursprünglich eine philippinische Jagdwaffe.",0,0,3
"3217",31,1,23,1,"Manama ist die Hauptstadt Bahrains.",0,0,1
"3218",31,1,23,1,"Brad Pitt heißt eigentlich 'Henry Bradley Pitt'.",0,1,1
"3219",31,1,23,1,"Der Maler Marc Chagall wurde 1887 in Russland geboren.",0,0,5
"3220",31,1,23,1,"Schlangen sind taub, da kein Außenohr vorhanden ist.",0,1,4
"3221",31,1,23,1,"Der Schwertwal gehört zur Gattung der Delfine.",1,1,4
"3222",31,1,23,1,"Alexander Graham Bell erfand das Tragflügelboot.",1,0,3
"3223",31,1,23,1,"Delphine schwimmen höchstens 54 Kilometer pro Stunde.",0,0,2
"3224",31,1,23,1,"Freddie Mercurys richtiger Name lautete Farrokh Bulsara.",0,0,2
"3225",31,1,23,1,"Einen kastrierten Esel nennt man auch Macker oder Knilch.",1,1,5
"3226",31,1,23,1,"Winston Churchill erhielt den Nobelpreis für Literatur.",1,1,5
"3227",31,1,23,1,"Die Küstenseeschwalbe fliegt jedes Jahr fast 40000 km.",1,1,3
"3228",31,1,23,1,"Morpheus ist der griechische Gott der Träume.",0,1,6
"3229",31,1,23,1,"Der Goliathfrosch kann sogar kleine Krokodile verspeisen.",1,1,3
"3230",31,2,23,1,"Balsaholz ist die schwerste aller Holzarten.",1,1,1
"3231",31,2,23,1,"Spanien ist ein Gründungsmitglied der UNO.",0,1,3
"3232",31,2,23,1,"Blaue Augen werden im Alter immer heller.",1,0,1
"3233",31,2,23,1,"Ein neugeborenes Panda-Baby ist kleiner als eine Maus.",1,1,2
"3234",31,2,23,1,"Das meiste Gold wird derzeit in Südafrika gefördert.",0,1,2
"3235",31,2,23,1,"Minerva ist die römische Göttin der Weisheit.",0,0,3
"3236",31,2,23,1,"Das türkische Bad wurde in Griechenland erfunden.",0,1,2
"3237",31,2,23,1,"Die Sektsteuer wurde von Friedrich Ebert eingeführt.",0,0,1
"3238",31,2,23,1,"Die Volksrepublik China wurde 1947 gegründet.",1,0,3
"3239",31,2,23,1,"Ein Biber kann in einem Jahr über 200 Bäume fällen.",0,0,2
"3240",31,2,23,1,"Frauen bekommen häufiger einen Schluckauf als Männer.",1,1,2
"3241",31,2,23,1,"Alle Uhren im Film 'Pulp Fiction' stehen auf 4.10 Uhr.",0,1,3
"3242",31,2,23,1,"Der Name 'Wowereit' heißt auf Litauisch Eichhörnchen.",1,1,3
"3243",31,2,23,1,"Die Insektenkunde wird auch Entomologie genannt.",0,0,1
"3244",31,2,23,1,"Ein Schwan trägt ca. 50.000 Federn am Körper.",0,0,1
"3245",31,2,23,1,"Die Wüste Gobi ist eine Felswüste.",0,1,4
"3246",31,2,23,1,"Weibliche Taranteln töten circa 99% ihrer Nachkommen.",1,1,2
"3247",31,2,23,1,"Keime sterben auf Holz schneller ab als auf Plastik.",1,1,4
"3248",31,2,23,1,"Sambia hieß früher Nordrhodesien.",1,0,1
"3249",31,2,23,1,"Der Film 'Pretty Woman' gewann keinen Oscar.",0,1,2
"3250",31,2,23,1,"Die Wüste Dahna liegt in Saudi-Arabien.",1,1,1
"3251",31,2,23,1,"Der mitteleuropäische Feldschwirl ist kein Zugvogel.",1,1,2
"3252",31,2,23,1,"Beim Rugby gibt es 30 Spieler.",1,1,2
"3253",31,2,23,1,"In USA wird kein Teletext ausgestrahlt.",1,0,2
"3254",31,2,23,1,"Nicole Kidman hat panische Angst vor Schmetterlingen.",0,0,1
"3255",31,2,23,1,"Nauru ist die kleinste souveräne Republik der Erde.",1,0,1
"3256",31,2,23,1,"Der Reißverschluss wurde in Norwegen erfunden.",1,1,2
"3257",31,2,23,1,"Goethe schrieb genau 64 Jahre lang an seinem 'Faust'.",1,1,4
"3258",31,2,23,1,"Schweine können keinen Sonnenbrand bekommen.",0,1,3
"3259",31,2,23,1,"Das Domino-Spiel besteht aus 28 Steinen.",0,1,1
"3260",31,2,23,1,"Zuckerwatte wurde von einem Flugzeugpiloten erfunden.",1,0,1
"3261",31,2,23,1,"Spanholz besteht hauptsächlich aus Birkenholz.",1,0,3
"3262",31,2,23,1,"Ein Nilpferd wiegt bei seiner Geburt ca. 150kg.",1,0,2
"3263",31,2,23,1,"Ein menschliches Haar wächst jährlich ca. 85 mm.",1,1,3
"3264",31,2,23,1,"Sumatra ist die viertgrößte Insel der Welt.",0,0,3
"3265",31,2,23,1,"Das Capybara ist das größte aller Beuteltiere.",0,1,2
"3266",31,2,23,1,"Bei den italienischen Wahlen 2008 traten 62 Parteien an.",0,1,2
"3267",31,2,23,1,"Tom Cruise ist Legastheniker.",0,0,2
"3268",31,2,23,1,"Die Erde wird in 340 Längenkreise unterteilt.",0,0,1
"3269",31,2,23,1,"Robbie Williams heißt mit Zweitnamen 'Maximilian'.",0,1,1
"3270",31,2,23,1,"In Angola ist Spanisch die offizielle Amtssprache.",1,0,4
"3271",31,2,23,1,"Der Wassergehalt bei Beeren beträgt 90%.",1,1,3
"3272",31,2,23,1,"Die Ostgoten zählten zum Stamm der Normannen.",1,1,4
"3273",31,2,23,1,"Wladimir Putin wurde in Murmansk geboren.",1,1,1
"3274",31,2,23,1,"Hernando Cortéz eroberte Mexiko.",1,1,1
"3275",31,2,23,1,"Der Javagraben ist die tiefste Meerestiefe der Welt.",0,0,4
"3276",31,2,23,1,"Kokosnüsse haben einen höheren Fettanteil als Pistazien.",1,1,4
"3277",31,2,23,1,"Lachse können bis zu 20 Jahre alt werden.",1,1,2
"3278",31,2,23,1,"Volleyball wurde in Florida erfunden.",0,1,1
"3279",31,2,23,1,"Seepferdchen gehören zur Gattung der Fische.",0,0,1
"3280",31,2,23,1,"Frauen blinzeln fast doppelt so viel wie Männer.",0,0,2
"3281",31,2,23,1,"Jean-Jaques Rousseau war alleinerziehender Vater.",1,0,1
"3282",31,2,23,1,"Die Tochter von Sydney Poitier heißt Sydney Poitier.",0,1,1
"3283",31,2,23,1,"Giséle Bündchen hat einen Zwillingsbruder.",0,0,1
"3284",31,2,23,1,"Der Nacktmull ist das schmerzempfindlichste Tier der Welt.",0,0,1
"3285",31,1,23,1,"Die Azoren gehören zu Spanien.",0,0,5
"3286",31,1,23,1,"Seoul bedeutet auf koreanisch 'Die Hauptstadt'.",1,1,5
"3287",31,1,23,1,"Schären sind Talgletscher in Skandinavien.",1,1,3
"3288",31,1,23,1,"Die Schwarzerle zählt zu den Buchengewächsen.",0,0,2
"3289",31,1,23,1,"Eine Bienenkönigin legt durchschnittlich 500 Eier am Tag.",1,1,4
"3290",31,1,23,1,"Island ist geologisch das jüngste Inselland der Welt.",1,1,5
"3291",31,1,23,1,"Der Erfinder des Bikinis war ursprünglich Schuhdesigner.",1,1,2
"3292",31,1,23,1,"Die Insel Ösel gehört zu Dänemark.",0,1,2
"3293",31,1,23,1,"Lybien ist das einzige Land mit einer einfarbigen Flagge.",0,0,2
"3294",31,1,23,1,"Der Allradantrieb wurde 1938 in England erfunden.",1,0,1
"3295",31,1,23,1,"Patagonien ist ein Landschaftsabschnitt in Asien.",0,0,5
"3296",31,1,23,1,"Die Angst vor dem Küssen nennt man Philemaphobie.",0,0,1
"3297",31,1,23,1,"Das Lieblingsgetränk von Benedikt XVI. ist Fanta.",0,0,1
"3298",31,2,23,1,"Tennis wurde in englischen Klöstern erfunden.",1,1,2
"3299",31,1,23,1,"Für Descartes wies Schielen bei Frauen auf Frigidität hin.",1,1,4
"3300",31,1,23,1,"In Uganda ist die Amtssprache englisch.",1,1,4
"3301",31,1,23,1,"Die erste elektronische Mail wurde im Jahr 1973 versendet.",1,1,4
"3302",31,1,23,1,"Der Ladogasee ist der größte See Europas.",1,0,1
"3303",31,1,23,1,"In den USA gibt es die meisten Milliardäre auf der Welt.",1,0,1
"3304",31,1,23,1,"Der Basenji ist der einzige Hund, der nicht bellt.",0,0,2
"3305",31,1,23,1,"Unsere Atmosphäre enthält rund 0,00025 % Ozon.",0,1,2
"3306",31,1,23,1,"Das Zwerghörnchen ist das kleinste Säugetier Europas.",1,1,4
"3307",31,1,23,1,"French Fries' wurden in England erfunden.",0,1,5
"3308",31,2,23,1,"Kleinohrigel haben keine Stacheln.",1,0,1
"3309",31,2,23,1,"Ein Menschenfloh kann 20cm hoch springen.",0,1,2
"3310",31,2,23,1,"Die Luftpumpe ist eine französische Erfindung.",0,0,1
"3311",31,2,23,1,"Der Bereich zwischen den Augenbrauen heißt Glabella.",0,1,1
"3312",32,1,27,0,"Seoul bedeutet auf koreanisch 'Die Hauptstadt'.",1,1,5
"3313",32,2,27,0,"Lachse können bis zu 20 Jahre alt werden.",0,1,3
"3314",32,2,27,0,"Seepferdchen gehören zur Gattung der Fische.",1,0,2
"3315",32,2,27,0,"Die Erde wird in 340 Längenkreise unterteilt.",1,0,4
"3316",32,2,27,0,"Giséle Bündchen hat einen Zwillingsbruder.",1,0,1
"3317",32,2,27,0,"Der Bereich zwischen den Augenbrauen heißt Glabella.",1,0,1
"3318",32,2,27,0,"In Angola ist Spanisch die offizielle Amtssprache.",0,0,6
"3319",32,2,27,0,"Die Ostgoten zählten zum Stamm der Normannen.",0,1,3
"3320",32,2,27,0,"Frauen bekommen häufiger einen Schluckauf als Männer.",0,0,1
"3321",32,2,27,0,"Der mitteleuropäische Feldschwirl ist kein Zugvogel.",0,0,1
"3322",32,2,27,0,"Der Javagraben ist die tiefste Meerestiefe der Welt.",1,0,6
"3323",32,2,27,0,"Zuckerwatte wurde von einem Flugzeugpiloten erfunden.",0,1,1
"3324",32,2,27,0,"Die Wüste Dahna liegt in Saudi-Arabien.",0,1,1
"3325",32,2,27,0,"Die Luftpumpe ist eine französische Erfindung.",1,1,1
"3326",32,1,27,0,"Wenn Nilpferde sich aufregen, färbt sich ihr Schweiß grün.",0,0,1
"3327",32,1,27,0,"Die kanadische Sängerin Celine Dion hat acht Geschwister.",1,1,1
"3328",32,1,27,0,"Austern wechseln je nach Jahreszeit ihr Geschlecht.",0,1,2
"3329",32,1,27,0,"Die längsten Opern stammen von Gioacchino Rossini.",1,1,2
"3330",32,2,27,0,"Das Domino-Spiel besteht aus 28 Steinen.",1,1,2
"3331",32,2,27,0,"Bei den italienischen Wahlen 2008 traten 62 Parteien an.",1,1,2
"3332",32,2,27,0,"Jean-Jaques Rousseau war alleinerziehender Vater.",0,1,2
"3333",32,2,27,0,"Blaue Augen werden im Alter immer heller.",0,0,4
"3334",32,2,27,0,"Ein Nilpferd wiegt bei seiner Geburt ca. 150kg.",0,1,4
"3335",32,2,27,0,"In USA wird kein Teletext ausgestrahlt.",0,1,3
"3336",32,2,27,0,"Kokosnüsse haben einen höheren Fettanteil als Pistazien.",0,0,3
"3337",32,2,27,0,"Keime sterben auf Holz schneller ab als auf Plastik.",0,0,2
"3338",32,2,27,0,"Goethe schrieb genau 64 Jahre lang an seinem 'Faust'.",0,0,4
"3339",32,2,27,0,"Balsaholz ist die schwerste aller Holzarten.",0,0,3
"3340",32,2,27,0,"Der Nacktmull ist das schmerzempfindlichste Tier der Welt.",1,0,1
"3341",32,2,27,0,"Ein menschliches Haar wächst jährlich ca. 85 mm.",0,1,2
"3342",32,2,27,0,"Der Name 'Wowereit' heißt auf Litauisch Eichhörnchen.",0,0,1
"3343",32,2,27,0,"Spanien ist ein Gründungsmitglied der UNO.",1,1,2
"3344",32,2,27,0,"Nauru ist die kleinste souveräne Republik der Erde.",0,0,4
"3345",32,2,27,0,"Ein Menschenfloh kann 20cm hoch springen.",1,1,2
"3346",32,2,27,0,"Kleinohrigel haben keine Stacheln.",0,0,1
"3347",32,2,27,0,"Die Wüste Gobi ist eine Felswüste.",1,0,6
"3348",32,2,27,0,"Hernando Cortéz eroberte Mexiko.",0,1,5
"3349",32,2,27,0,"Ein neugeborenes Panda-Baby ist kleiner als eine Maus.",0,1,2
"3350",32,2,27,0,"Beim Rugby gibt es 30 Spieler.",0,0,5
"3351",32,2,27,0,"Volleyball wurde in Florida erfunden.",1,1,2
"3352",32,2,27,0,"Frauen blinzeln fast doppelt so viel wie Männer.",1,1,3
"3353",32,1,27,0,"Tequila wird aus dem Herzen der roten Agave gewonnen.",1,1,3
"3354",32,1,27,0,"Der Allradantrieb wurde 1938 in England erfunden.",1,1,4
"3355",32,1,27,0,"Die Slowakei gehört nicht zu den NATO-Staaten.",0,0,4
"3356",32,1,27,0,"Die Nachfolger Mohammeds bezeichnet man als Kalifen.",0,1,5
"3357",32,1,27,0,"Für Descartes wies Schielen bei Frauen auf Frigidität hin.",1,0,3
"3358",32,1,27,0,"Winston Churchill erhielt den Nobelpreis für Literatur.",1,0,6
"3359",32,1,27,0,"Freddie Mercurys richtiger Name lautete Farrokh Bulsara.",0,1,4
"3360",32,1,27,0,"Bob Dylan arbeitet nebenberuflich als Winzer.",1,0,2
"3361",32,1,27,0,"Die Küstenseeschwalbe fliegt jedes Jahr fast 40000 km.",1,1,3
"3362",32,1,27,0,"Magnesiummangel kann zu Hautproblemen führen.",1,1,4
"3363",32,1,27,0,"Der Maler Marc Chagall wurde 1887 in Russland geboren.",0,1,6
"3364",32,1,27,0,"Delphine schwimmen höchstens 54 Kilometer pro Stunde.",0,1,4
"3365",32,1,27,0,"Morpheus ist der griechische Gott der Träume.",0,1,2
"3366",32,1,27,0,"In den USA gibt es die meisten Milliardäre auf der Welt.",1,1,2
"3367",32,1,27,0,"Brad Pitt heißt eigentlich 'Henry Bradley Pitt'.",0,1,2
"3368",32,1,27,0,"Der Schwertwal gehört zur Gattung der Delfine.",1,1,4
"3369",32,1,27,0,"Auf indischen Rupienscheinen sind 12 verschiedene Schriften.",1,0,2
"3370",32,1,27,0,"Patagonien ist ein Landschaftsabschnitt in Asien.",0,0,6
"3371",32,1,27,0,"Die Insel Ösel gehört zu Dänemark.",0,1,2
"3372",32,1,27,0,"Das Jojo war ursprünglich eine philippinische Jagdwaffe.",0,0,3
"3373",32,1,27,0,"Die Azoren gehören zu Spanien.",0,0,6
"3374",32,1,27,0,"Der griechische Gott Apollon ist der Schutzherr der Küste.",0,0,3
"3375",32,1,27,0,"Einen kastrierten Esel nennt man auch Macker oder Knilch.",1,0,1
"3376",32,1,27,0,"Das Finn-Dingi ist ein Einmannboot beim Sportsegeln.",1,1,2
"3377",32,1,27,0,"Die erste elektronische Mail wurde im Jahr 1973 versendet.",1,1,4
"3378",32,1,27,0,"Der Goliathfrosch kann sogar kleine Krokodile verspeisen.",1,0,3
"3379",32,1,27,0,"Das Zwerghörnchen ist das kleinste Säugetier Europas.",1,1,3
"3380",32,1,27,0,"Der Ladogasee ist der größte See Europas.",1,0,2
"3381",32,1,27,0,"Alexander Graham Bell erfand das Tragflügelboot.",1,0,4
"3382",32,1,27,0,"In Uganda ist die Amtssprache englisch.",1,1,4
"3383",32,1,27,0,"Schären sind Talgletscher in Skandinavien.",1,1,2
"3384",32,1,27,0,"Island ist geologisch das jüngste Inselland der Welt.",1,1,1
"3385",32,1,27,0,"Es gibt 56 verschiedene Arten eine Krawatte zu binden.",0,1,4
"3386",32,1,27,0,"Eine Bienenkönigin legt durchschnittlich 500 Eier am Tag.",1,0,2
"3387",32,1,27,0,"Die Augen eines Straußes sind größer als sein Gehirn.",0,1,4
"3388",32,1,27,0,"Die Schwarzerle zählt zu den Buchengewächsen.",0,0,2
"3389",32,1,27,0,"Die Angst vor dem Küssen nennt man Philemaphobie.",0,1,1
"3390",32,1,27,0,"Sheryl Crow war Hürdenläuferin.",1,0,2
"3391",32,1,27,0,"Das Lieblingsgetränk von Benedikt XVI. ist Fanta.",0,1,1
"3392",32,1,27,0,"Der Mond passt vierzigmal in die Erdkugel.",0,1,3
"3393",32,1,27,0,"Manama ist die Hauptstadt Bahrains.",0,0,2
"3394",32,1,27,0,"Der höchste nordamerikanische Berg liegt in Wyoming.",0,0,5
"3395",32,1,27,0,"French Fries' wurden in England erfunden.",0,1,3
"3396",32,1,27,0,"Schlangen sind taub, da kein Außenohr vorhanden ist.",0,0,6
"3397",32,1,27,0,"Lybien ist das einzige Land mit einer einfarbigen Flagge.",0,0,4
"3398",32,1,27,0,"Der Speisesaal eines Klosters wird Refektorium genannt.",1,1,2
"3399",32,1,27,0,"Der nicht sichtbare Teil des Eisbergs heißt Eisbergkiel.",0,1,2
"3400",32,1,27,0,"Unsere Atmosphäre enthält rund 0,00025 % Ozon.",0,1,1
"3401",32,1,27,0,"Erdbeeren enthalten mehr Vitamin C als Orangen.",1,0,3
"3402",32,1,27,0,"Die Norfolkinseln im Pazifik gehören zu Neuseeland.",0,1,2
"3403",32,1,27,0,"Albany ist die Hauptstadt des US-Bundesstaates New Jersey.",1,0,3
"3404",32,1,27,0,"Bolivien ist der kleinste Binnenstaat Südamerikas.",0,0,3
"3405",32,1,27,0,"Der Basenji ist der einzige Hund, der nicht bellt.",0,0,5
"3406",32,1,27,0,"Nur Menschen und Affen besitzen einen Bauchnabel.",1,0,4
"3407",32,1,27,0,"Der Erfinder des Bikinis war ursprünglich Schuhdesigner.",1,1,4
"3408",32,2,27,0,"Der Reißverschluss wurde in Norwegen erfunden.",0,0,4
"3409",32,2,27,0,"Die Sektsteuer wurde von Friedrich Ebert eingeführt.",1,1,2
"3410",32,2,27,0,"Die Tochter von Sydney Poitier heißt Sydney Poitier.",1,1,3
"3411",32,2,27,0,"Nicole Kidman hat panische Angst vor Schmetterlingen.",1,0,1
"3412",32,2,27,0,"Sambia hieß früher Nordrhodesien.",0,1,2
"3413",32,2,27,0,"Alle Uhren im Film 'Pulp Fiction' stehen auf 4.10 Uhr.",1,0,1
"3414",32,2,27,0,"Der Wassergehalt bei Beeren beträgt 90%.",0,0,3
"3415",32,2,27,0,"Minerva ist die römische Göttin der Weisheit.",1,1,2
"3416",32,2,27,0,"Sumatra ist die viertgrößte Insel der Welt.",1,0,2
"3417",32,2,27,0,"Ein Biber kann in einem Jahr über 200 Bäume fällen.",1,1,3
"3418",32,2,27,0,"Spanholz besteht hauptsächlich aus Birkenholz.",0,0,3
"3419",32,2,27,0,"Weibliche Taranteln töten circa 99% ihrer Nachkommen.",0,0,1
"3420",32,2,27,0,"Das meiste Gold wird derzeit in Südafrika gefördert.",1,1,3
"3421",32,2,27,0,"Die Volksrepublik China wurde 1947 gegründet.",0,1,3
"3422",32,2,27,0,"Das Capybara ist das größte aller Beuteltiere.",1,1,5
"3423",32,2,27,0,"Tennis wurde in englischen Klöstern erfunden.",0,1,2
"3424",32,2,27,0,"Das türkische Bad wurde in Griechenland erfunden.",1,1,2
"3425",32,2,27,0,"Der Film 'Pretty Woman' gewann keinen Oscar.",1,1,1
"3426",32,2,27,0,"Robbie Williams heißt mit Zweitnamen 'Maximilian'.",1,0,1
"3427",32,2,27,0,"Ein Schwan trägt ca. 50.000 Federn am Körper.",1,1,4
"3428",32,2,27,0,"Schweine können keinen Sonnenbrand bekommen.",1,0,5
"3429",32,2,27,0,"Tom Cruise ist Legastheniker.",1,1,1
"3430",32,2,27,0,"Die Insektenkunde wird auch Entomologie genannt.",1,1,2
"3431",32,2,27,0,"Wladimir Putin wurde in Murmansk geboren.",0,1,3
"3432",33,1,23,0,"Sheryl Crow war Hürdenläuferin.",1,0,1
"3433",33,1,23,0,"Der Erfinder des Bikinis war ursprünglich Schuhdesigner.",1,1,2
"3434",33,1,23,0,"Kleinohrigel haben keine Stacheln.",0,1,1
"3435",33,1,23,0,"Bob Dylan arbeitet nebenberuflich als Winzer.",1,0,1
"3436",33,1,23,0,"Seoul bedeutet auf koreanisch 'Die Hauptstadt'.",1,1,5
"3437",33,1,23,0,"In Angola ist Spanisch die offizielle Amtssprache.",0,1,2
"3438",33,1,23,0,"Das Zwerghörnchen ist das kleinste Säugetier Europas.",1,1,2
"3439",33,1,23,0,"Eine Bienenkönigin legt durchschnittlich 500 Eier am Tag.",1,1,1
"3440",33,1,23,0,"Albany ist die Hauptstadt des US-Bundesstaates New Jersey.",1,1,3
"3441",33,1,23,0,"Tennis wurde in englischen Klöstern erfunden.",0,0,1
"3442",33,1,23,0,"Die erste elektronische Mail wurde im Jahr 1973 versendet.",1,1,4
"3443",33,1,23,0,"Die längsten Opern stammen von Gioacchino Rossini.",1,1,3
"3444",33,1,23,0,"Der Reißverschluss wurde in Norwegen erfunden.",0,1,5
"3445",33,1,23,0,"Der mitteleuropäische Feldschwirl ist kein Zugvogel.",0,1,1
"3446",33,1,23,0,"Wladimir Putin wurde in Murmansk geboren.",0,1,1
"3447",33,1,23,0,"Balsaholz ist die schwerste aller Holzarten.",0,1,4
"3448",33,1,23,0,"Der Ladogasee ist der größte See Europas.",1,1,1
"3449",33,1,23,0,"Einen kastrierten Esel nennt man auch Macker oder Knilch.",1,1,1
"3450",33,1,23,0,"Die Ostgoten zählten zum Stamm der Normannen.",0,1,4
"3451",33,1,23,0,"Spanholz besteht hauptsächlich aus Birkenholz.",0,1,4
"3452",33,1,23,0,"Die Volksrepublik China wurde 1947 gegründet.",0,1,3
"3453",33,1,23,0,"Die Wüste Dahna liegt in Saudi-Arabien.",0,1,2
"3454",33,1,23,0,"Nauru ist die kleinste souveräne Republik der Erde.",0,0,4
"3455",33,1,23,0,"Das Finn-Dingi ist ein Einmannboot beim Sportsegeln.",1,1,3
"3456",33,1,23,0,"Winston Churchill erhielt den Nobelpreis für Literatur.",1,1,2
"3457",33,1,23,0,"Jean-Jaques Rousseau war alleinerziehender Vater.",0,1,3
"3458",33,1,23,0,"Island ist geologisch das jüngste Inselland der Welt.",1,1,1
"3459",33,1,23,0,"Der Name 'Wowereit' heißt auf Litauisch Eichhörnchen.",0,0,1
"3460",33,1,23,0,"Lachse können bis zu 20 Jahre alt werden.",0,1,4
"3461",33,1,23,0,"Weibliche Taranteln töten circa 99% ihrer Nachkommen.",0,1,2
"3462",33,1,23,0,"Blaue Augen werden im Alter immer heller.",0,1,4
"3463",33,1,23,0,"Ein Nilpferd wiegt bei seiner Geburt ca. 150kg.",0,0,3
"3464",33,1,23,0,"Der Goliathfrosch kann sogar kleine Krokodile verspeisen.",1,1,3
"3465",33,1,23,0,"Die Küstenseeschwalbe fliegt jedes Jahr fast 40000 km.",1,1,2
"3466",33,1,23,0,"Der Wassergehalt bei Beeren beträgt 90%.",0,1,4
"3467",33,1,23,0,"Tequila wird aus dem Herzen der roten Agave gewonnen.",1,1,5
"3468",33,1,23,0,"Kokosnüsse haben einen höheren Fettanteil als Pistazien.",0,1,4
"3469",33,1,23,0,"Frauen bekommen häufiger einen Schluckauf als Männer.",0,0,1
"3470",33,1,23,0,"Ein neugeborenes Panda-Baby ist kleiner als eine Maus.",0,0,3
"3471",33,2,23,0,"Die Angst vor dem Küssen nennt man Philemaphobie.",1,0,1
"3472",33,2,23,0,"Schweine können keinen Sonnenbrand bekommen.",0,1,1
"3473",33,2,23,0,"Der nicht sichtbare Teil des Eisbergs heißt Eisbergkiel.",1,1,1
"3474",33,2,23,0,"Spanien ist ein Gründungsmitglied der UNO.",0,0,5
"3475",33,2,23,0,"Manama ist die Hauptstadt Bahrains.",1,1,1
"3476",33,2,23,0,"Tom Cruise ist Legastheniker.",0,0,4
"3477",33,2,23,0,"Bolivien ist der kleinste Binnenstaat Südamerikas.",1,0,1
"3478",33,2,23,0,"Das meiste Gold wird derzeit in Südafrika gefördert.",0,1,4
"3479",33,2,23,0,"Die Nachfolger Mohammeds bezeichnet man als Kalifen.",1,1,4
"3480",33,2,23,0,"Die Insel Ösel gehört zu Dänemark.",1,0,1
"3481",33,2,23,0,"Minerva ist die römische Göttin der Weisheit.",0,1,5
"3482",33,2,23,0,"Bei den italienischen Wahlen 2008 traten 62 Parteien an.",0,0,2
"3483",33,2,23,0,"Ein Schwan trägt ca. 50.000 Federn am Körper.",0,1,2
"3484",33,2,23,0,"Giséle Bündchen hat einen Zwillingsbruder.",0,1,1
"3485",33,2,23,0,"Der griechische Gott Apollon ist der Schutzherr der Küste.",1,0,5
"3486",33,2,23,0,"Sumatra ist die viertgrößte Insel der Welt.",0,0,3
"3487",33,2,23,0,"Das Jojo war ursprünglich eine philippinische Jagdwaffe.",1,1,5
"3488",33,2,23,0,"Lybien ist das einzige Land mit einer einfarbigen Flagge.",1,0,2
"3489",33,2,23,0,"Unsere Atmosphäre enthält rund 0,00025 % Ozon.",1,1,3
"3490",33,2,23,0,"Die Insektenkunde wird auch Entomologie genannt.",0,1,2
"3491",33,2,23,0,"Das Lieblingsgetränk von Benedikt XVI. ist Fanta.",1,0,1
"3492",33,2,23,0,"Die Sektsteuer wurde von Friedrich Ebert eingeführt.",0,1,2
"3493",33,2,23,0,"Der Basenji ist der einzige Hund, der nicht bellt.",1,0,1
"3494",33,2,23,0,"Volleyball wurde in Florida erfunden.",0,1,2
"3495",33,2,23,0,"Die Luftpumpe ist eine französische Erfindung.",0,1,1
"3496",33,2,23,0,"French Fries' wurden in England erfunden.",1,1,1
"3497",33,2,23,0,"Austern wechseln je nach Jahreszeit ihr Geschlecht.",1,0,2
"3498",33,2,23,0,"Morpheus ist der griechische Gott der Träume.",1,1,5
"3499",33,2,23,0,"Brad Pitt heißt eigentlich 'Henry Bradley Pitt'.",1,0,1
"3500",33,2,23,0,"Die Erde wird in 340 Längenkreise unterteilt.",0,0,2
"3501",33,2,23,0,"Seepferdchen gehören zur Gattung der Fische.",0,1,5
"3502",33,2,23,0,"Das türkische Bad wurde in Griechenland erfunden.",0,1,3
"3503",33,2,23,0,"Der Javagraben ist die tiefste Meerestiefe der Welt.",0,0,5
"3504",33,2,23,0,"Die Tochter von Sydney Poitier heißt Sydney Poitier.",0,1,2
"3505",33,2,23,0,"Freddie Mercurys richtiger Name lautete Farrokh Bulsara.",1,1,4
"3506",33,2,23,0,"Das Domino-Spiel besteht aus 28 Steinen.",0,1,3
"3507",33,2,23,0,"Nicole Kidman hat panische Angst vor Schmetterlingen.",0,0,1
"3508",33,2,23,0,"Frauen blinzeln fast doppelt so viel wie Männer.",0,1,2
"3509",33,2,23,0,"Der Film 'Pretty Woman' gewann keinen Oscar.",0,1,3
"3510",33,2,23,0,"Ein Menschenfloh kann 20cm hoch springen.",0,0,2
"3511",33,2,23,0,"Das Capybara ist das größte aller Beuteltiere.",0,1,4
"3512",33,2,23,0,"Die Norfolkinseln im Pazifik gehören zu Neuseeland.",1,1,3
"3513",33,2,23,0,"Wenn Nilpferde sich aufregen, färbt sich ihr Schweiß grün.",1,0,3
"3514",33,2,23,0,"Die Wüste Gobi ist eine Felswüste.",0,1,1
"3515",33,2,23,0,"Delphine schwimmen höchstens 54 Kilometer pro Stunde.",1,1,3
"3516",33,2,23,0,"Schlangen sind taub, da kein Außenohr vorhanden ist.",1,1,4
"3517",33,2,23,0,"Der Mond passt vierzigmal in die Erdkugel.",1,1,2
"3518",33,2,23,0,"Die Azoren gehören zu Spanien.",1,1,4
"3519",33,2,23,0,"Patagonien ist ein Landschaftsabschnitt in Asien.",1,0,5
"3520",33,2,23,0,"Der Maler Marc Chagall wurde 1887 in Russland geboren.",1,0,3
"3521",33,2,23,0,"Ein Biber kann in einem Jahr über 200 Bäume fällen.",0,1,3
"3522",33,2,23,0,"Die Augen eines Straußes sind größer als sein Gehirn.",1,1,4
"3523",33,2,23,0,"Es gibt 56 verschiedene Arten eine Krawatte zu binden.",1,1,2
"3524",33,2,23,0,"Alle Uhren im Film 'Pulp Fiction' stehen auf 4.10 Uhr.",0,1,5
"3525",33,1,23,0,"Hernando Cortéz eroberte Mexiko.",0,1,5
"3526",33,1,23,0,"Der Allradantrieb wurde 1938 in England erfunden.",1,1,3
"3527",33,1,23,0,"Magnesiummangel kann zu Hautproblemen führen.",1,1,3
"3528",33,1,23,0,"In den USA gibt es die meisten Milliardäre auf der Welt.",1,1,6
"3529",33,1,23,0,"In USA wird kein Teletext ausgestrahlt.",0,0,2
"3530",33,1,23,0,"Der Speisesaal eines Klosters wird Refektorium genannt.",1,1,5
"3531",33,1,23,0,"In Uganda ist die Amtssprache englisch.",1,1,4
"3532",33,1,23,0,"Auf indischen Rupienscheinen sind 12 verschiedene Schriften.",1,1,4
"3533",33,1,23,0,"Alexander Graham Bell erfand das Tragflügelboot.",1,1,3
"3534",33,1,23,0,"Erdbeeren enthalten mehr Vitamin C als Orangen.",1,1,5
"3535",33,1,23,0,"Ein menschliches Haar wächst jährlich ca. 85 mm.",0,1,4
"3536",33,1,23,0,"Der Schwertwal gehört zur Gattung der Delfine.",1,1,3
"3537",33,1,23,0,"Schären sind Talgletscher in Skandinavien.",1,1,2
"3538",33,2,23,0,"Robbie Williams heißt mit Zweitnamen 'Maximilian'.",0,1,2
"3539",33,2,23,0,"Die Slowakei gehört nicht zu den NATO-Staaten.",1,1,4
"3540",33,2,23,0,"Der Nacktmull ist das schmerzempfindlichste Tier der Welt.",0,0,2
"3541",33,1,23,0,"Nur Menschen und Affen besitzen einen Bauchnabel.",1,1,4
"3542",33,1,23,0,"Keime sterben auf Holz schneller ab als auf Plastik.",0,1,4
"3543",33,1,23,0,"Für Descartes wies Schielen bei Frauen auf Frigidität hin.",1,0,1
"3544",33,1,23,0,"Zuckerwatte wurde von einem Flugzeugpiloten erfunden.",0,0,5
"3545",33,1,23,0,"Beim Rugby gibt es 30 Spieler.",0,0,2
"3546",33,1,23,0,"Sambia hieß früher Nordrhodesien.",0,1,1
"3547",33,1,23,0,"Die kanadische Sängerin Celine Dion hat acht Geschwister.",1,1,2
"3548",33,1,23,0,"Goethe schrieb genau 64 Jahre lang an seinem 'Faust'.",0,0,4
"3549",33,2,23,0,"Der höchste nordamerikanische Berg liegt in Wyoming.",1,1,1
"3550",33,2,23,0,"Die Schwarzerle zählt zu den Buchengewächsen.",1,1,1
"3551",34,1,21,1,"Island ist geologisch das jüngste Inselland der Welt.",1,1,1
"3552",34,1,21,1,"Das Finn-Dingi ist ein Einmannboot beim Sportsegeln.",1,0,1
"3553",34,1,21,1,"Einen kastrierten Esel nennt man auch Macker oder Knilch.",1,0,1
"3554",34,2,21,1,"Das Jojo war ursprünglich eine philippinische Jagdwaffe.",0,0,5
"3555",34,2,21,1,"Der höchste nordamerikanische Berg liegt in Wyoming.",0,1,2
"3556",34,2,21,1,"Patagonien ist ein Landschaftsabschnitt in Asien.",0,1,1
"3557",34,2,21,1,"Bei den italienischen Wahlen 2008 traten 62 Parteien an.",1,0,1
"3558",34,2,21,1,"Der Basenji ist der einzige Hund, der nicht bellt.",0,0,1
"3559",34,2,21,1,"Manama ist die Hauptstadt Bahrains.",0,1,1
"3560",34,2,21,1,"Ein Biber kann in einem Jahr über 200 Bäume fällen.",1,0,3
"3561",34,2,21,1,"Sumatra ist die viertgrößte Insel der Welt.",1,1,1
"3562",34,2,21,1,"Alle Uhren im Film 'Pulp Fiction' stehen auf 4.10 Uhr.",1,1,6
"3563",34,2,21,1,"Das Capybara ist das größte aller Beuteltiere.",1,0,1
"3564",34,2,21,1,"Der Maler Marc Chagall wurde 1887 in Russland geboren.",0,1,3
"3565",34,2,21,1,"Die Norfolkinseln im Pazifik gehören zu Neuseeland.",0,1,2
"3566",34,2,21,1,"Die Tochter von Sydney Poitier heißt Sydney Poitier.",1,1,1
"3567",34,2,21,1,"Ein Schwan trägt ca. 50.000 Federn am Körper.",1,1,1
"3568",34,1,21,1,"Die Ostgoten zählten zum Stamm der Normannen.",0,1,1
"3569",34,2,21,1,"Nicole Kidman hat panische Angst vor Schmetterlingen.",1,1,2
"3570",34,2,21,1,"Morpheus ist der griechische Gott der Träume.",0,1,6
"3571",34,2,21,1,"French Fries' wurden in England erfunden.",0,1,1
"3572",34,2,21,1,"Ein Menschenfloh kann 20cm hoch springen.",1,1,6
"3573",34,2,21,1,"Das meiste Gold wird derzeit in Südafrika gefördert.",1,1,3
"3574",34,2,21,1,"Brad Pitt heißt eigentlich 'Henry Bradley Pitt'.",0,1,1
"3575",34,2,21,1,"Das Domino-Spiel besteht aus 28 Steinen.",1,1,3
"3576",34,2,21,1,"Die Angst vor dem Küssen nennt man Philemaphobie.",0,1,1
"3577",34,2,21,1,"Frauen blinzeln fast doppelt so viel wie Männer.",1,0,3
"3578",34,2,21,1,"Tom Cruise ist Legastheniker.",1,1,2
"3579",34,2,21,1,"Seepferdchen gehören zur Gattung der Fische.",1,1,4
"3580",34,2,21,1,"Die Slowakei gehört nicht zu den NATO-Staaten.",0,1,1
"3581",34,2,21,1,"Die Augen eines Straußes sind größer als sein Gehirn.",0,0,5
"3582",34,2,21,1,"Die Insel Ösel gehört zu Dänemark.",0,1,1
"3583",34,2,21,1,"Lybien ist das einzige Land mit einer einfarbigen Flagge.",0,0,1
"3584",34,2,21,1,"Robbie Williams heißt mit Zweitnamen 'Maximilian'.",1,1,1
"3585",34,2,21,1,"Unsere Atmosphäre enthält rund 0,00025 % Ozon.",0,1,2
"3586",34,2,21,1,"Spanien ist ein Gründungsmitglied der UNO.",1,0,1
"3587",34,2,21,1,"Schlangen sind taub, da kein Außenohr vorhanden ist.",0,0,1
"3588",34,2,21,1,"Die Wüste Gobi ist eine Felswüste.",1,1,1
"3589",34,2,21,1,"Die Luftpumpe ist eine französische Erfindung.",1,1,1
"3590",34,2,21,1,"Der nicht sichtbare Teil des Eisbergs heißt Eisbergkiel.",0,1,4
"3591",34,2,21,1,"Bolivien ist der kleinste Binnenstaat Südamerikas.",0,1,1
"3592",34,2,21,1,"Die Azoren gehören zu Spanien.",0,1,4
"3593",34,2,21,1,"Austern wechseln je nach Jahreszeit ihr Geschlecht.",0,1,1
"3594",34,1,21,1,"Balsaholz ist die schwerste aller Holzarten.",0,0,2
"3595",34,1,21,1,"Erdbeeren enthalten mehr Vitamin C als Orangen.",1,0,4
"3596",34,1,21,1,"Weibliche Taranteln töten circa 99% ihrer Nachkommen.",0,0,4
"3597",34,1,21,1,"Kleinohrigel haben keine Stacheln.",0,0,2
"3598",34,1,21,1,"Tennis wurde in englischen Klöstern erfunden.",0,0,1
"3599",34,1,21,1,"In USA wird kein Teletext ausgestrahlt.",0,0,1
"3600",34,1,21,1,"Jean-Jaques Rousseau war alleinerziehender Vater.",0,0,3
"3601",34,1,21,1,"Auf indischen Rupienscheinen sind 12 verschiedene Schriften.",1,0,1
"3602",34,1,21,1,"Die Wüste Dahna liegt in Saudi-Arabien.",0,1,2
"3603",34,1,21,1,"Bob Dylan arbeitet nebenberuflich als Winzer.",1,1,1
"3604",34,1,21,1,"Keime sterben auf Holz schneller ab als auf Plastik.",0,0,4
"3605",34,1,21,1,"Der Erfinder des Bikinis war ursprünglich Schuhdesigner.",1,1,2
"3606",34,1,21,1,"Ein neugeborenes Panda-Baby ist kleiner als eine Maus.",0,0,6
"3607",34,1,21,1,"Der Name 'Wowereit' heißt auf Litauisch Eichhörnchen.",0,0,1
"3608",34,1,21,1,"Nur Menschen und Affen besitzen einen Bauchnabel.",1,1,3
"3609",34,1,21,1,"Schären sind Talgletscher in Skandinavien.",1,1,4
"3610",34,1,21,1,"Die kanadische Sängerin Celine Dion hat acht Geschwister.",1,1,2
"3611",34,1,21,1,"Die erste elektronische Mail wurde im Jahr 1973 versendet.",1,1,4
"3612",34,1,21,1,"Kokosnüsse haben einen höheren Fettanteil als Pistazien.",0,1,3
"3613",34,1,21,1,"Der Goliathfrosch kann sogar kleine Krokodile verspeisen.",1,0,4
"3614",34,1,21,1,"Sheryl Crow war Hürdenläuferin.",1,1,4
"3615",34,1,21,1,"Winston Churchill erhielt den Nobelpreis für Literatur.",1,1,1
"3616",34,1,21,1,"Die längsten Opern stammen von Gioacchino Rossini.",1,1,1
"3617",34,1,21,1,"Tequila wird aus dem Herzen der roten Agave gewonnen.",1,1,6
"3618",34,1,21,1,"In den USA gibt es die meisten Milliardäre auf der Welt.",1,1,3
"3619",34,1,21,1,"Magnesiummangel kann zu Hautproblemen führen.",1,1,4
"3620",34,1,21,1,"Der Reißverschluss wurde in Norwegen erfunden.",0,0,2
"3621",34,1,21,1,"Das Zwerghörnchen ist das kleinste Säugetier Europas.",1,0,1
"3622",34,1,21,1,"Hernando Cortéz eroberte Mexiko.",0,1,1
"3623",34,1,21,1,"Der Wassergehalt bei Beeren beträgt 90%.",0,1,1
"3624",34,1,21,1,"Spanholz besteht hauptsächlich aus Birkenholz.",0,0,1
"3625",34,1,21,1,"Frauen bekommen häufiger einen Schluckauf als Männer.",0,0,4
"3626",34,1,21,1,"Lachse können bis zu 20 Jahre alt werden.",0,1,4
"3627",34,1,21,1,"Der Schwertwal gehört zur Gattung der Delfine.",1,1,3
"3628",34,1,21,1,"Beim Rugby gibt es 30 Spieler.",0,0,3
"3629",34,1,21,1,"Zuckerwatte wurde von einem Flugzeugpiloten erfunden.",0,0,1
"3630",34,1,21,1,"Der Speisesaal eines Klosters wird Refektorium genannt.",1,1,1
"3631",34,1,21,1,"Der Allradantrieb wurde 1938 in England erfunden.",1,1,4
"3632",34,1,21,1,"Alexander Graham Bell erfand das Tragflügelboot.",1,0,3
"3633",34,1,21,1,"Der mitteleuropäische Feldschwirl ist kein Zugvogel.",0,1,1
"3634",34,1,21,1,"Der Ladogasee ist der größte See Europas.",1,0,1
"3635",34,1,21,1,"In Angola ist Spanisch die offizielle Amtssprache.",0,1,4
"3636",34,1,21,1,"Blaue Augen werden im Alter immer heller.",0,1,5
"3637",34,1,21,1,"In Uganda ist die Amtssprache englisch.",1,1,4
"3638",34,1,21,1,"Die Volksrepublik China wurde 1947 gegründet.",0,1,1
"3639",34,1,21,1,"Für Descartes wies Schielen bei Frauen auf Frigidität hin.",1,0,1
"3640",34,1,21,1,"Seoul bedeutet auf koreanisch 'Die Hauptstadt'.",1,1,3
"3641",34,1,21,1,"Goethe schrieb genau 64 Jahre lang an seinem 'Faust'.",0,0,3
"3642",34,1,21,1,"Ein menschliches Haar wächst jährlich ca. 85 mm.",0,0,4
"3643",34,1,21,1,"Albany ist die Hauptstadt des US-Bundesstaates New Jersey.",1,0,1
"3644",34,1,21,1,"Wladimir Putin wurde in Murmansk geboren.",0,1,4
"3645",34,1,21,1,"Ein Nilpferd wiegt bei seiner Geburt ca. 150kg.",0,0,4
"3646",34,1,21,1,"Sambia hieß früher Nordrhodesien.",0,1,4
"3647",34,1,21,1,"Die Küstenseeschwalbe fliegt jedes Jahr fast 40000 km.",1,1,5
"3648",34,2,21,1,"Volleyball wurde in Florida erfunden.",1,1,1
"3649",34,2,21,1,"Minerva ist die römische Göttin der Weisheit.",1,1,6
"3650",34,2,21,1,"Giséle Bündchen hat einen Zwillingsbruder.",1,0,1
"3651",34,2,21,1,"Der Nacktmull ist das schmerzempfindlichste Tier der Welt.",1,0,1
"3652",34,2,21,1,"Das Lieblingsgetränk von Benedikt XVI. ist Fanta.",0,0,1
"3653",34,2,21,1,"Die Schwarzerle zählt zu den Buchengewächsen.",0,0,1
"3654",34,2,21,1,"Der Bereich zwischen den Augenbrauen heißt Glabella.",1,1,1
"3655",34,2,21,1,"Der Film 'Pretty Woman' gewann keinen Oscar.",1,1,1
"3656",34,2,21,1,"Der Mond passt vierzigmal in die Erdkugel.",0,1,1
"3657",34,2,21,1,"Die Sektsteuer wurde von Friedrich Ebert eingeführt.",1,1,2
"3658",34,2,21,1,"Es gibt 56 verschiedene Arten eine Krawatte zu binden.",0,1,4
"3659",34,2,21,1,"Die Erde wird in 340 Längenkreise unterteilt.",1,0,6
"3660",34,2,21,1,"Der Javagraben ist die tiefste Meerestiefe der Welt.",1,1,5
"3661",34,2,21,1,"Freddie Mercurys richtiger Name lautete Farrokh Bulsara.",0,1,6
"3662",34,2,21,1,"Die Nachfolger Mohammeds bezeichnet man als Kalifen.",0,0,1
"3663",34,2,21,1,"Die Insektenkunde wird auch Entomologie genannt.",1,1,2
"3664",34,2,21,1,"Das türkische Bad wurde in Griechenland erfunden.",1,1,5
"3665",34,2,21,1,"Der griechische Gott Apollon ist der Schutzherr der Küste.",0,0,1
"3666",34,2,21,1,"Wenn Nilpferde sich aufregen, färbt sich ihr Schweiß grün.",0,0,2
"3667",35,1,20,1,"Der Film 'Pretty Woman' gewann keinen Oscar.",0,0,3
"3668",35,1,20,1,"Für Descartes wies Schielen bei Frauen auf Frigidität hin.",1,1,3
"3669",35,1,20,1,"Frauen blinzeln fast doppelt so viel wie Männer.",0,1,3
"3670",35,1,20,1,"Einen kastrierten Esel nennt man auch Macker oder Knilch.",1,1,5
"3671",35,1,20,1,"Die Küstenseeschwalbe fliegt jedes Jahr fast 40000 km.",1,1,4
"3672",35,1,20,1,"Tom Cruise ist Legastheniker.",0,0,3
"3673",35,1,20,1,"Minerva ist die römische Göttin der Weisheit.",0,0,6
"3674",35,1,20,1,"In den USA gibt es die meisten Milliardäre auf der Welt.",1,1,4
"3675",35,1,20,1,"Die längsten Opern stammen von Gioacchino Rossini.",1,1,4
"3676",35,1,20,1,"Nicole Kidman hat panische Angst vor Schmetterlingen.",0,1,1
"3677",35,1,20,1,"Die Luftpumpe ist eine französische Erfindung.",0,0,2
"3678",35,1,20,1,"Volleyball wurde in Florida erfunden.",0,0,4
"3679",35,1,20,1,"Seepferdchen gehören zur Gattung der Fische.",0,0,2
"3680",35,1,20,1,"Sumatra ist die viertgrößte Insel der Welt.",0,1,1
"3681",35,1,20,1,"Schären sind Talgletscher in Skandinavien.",1,1,4
"3682",35,1,20,1,"Albany ist die Hauptstadt des US-Bundesstaates New Jersey.",1,0,3
"3683",35,1,20,1,"In Uganda ist die Amtssprache englisch.",1,1,4
"3684",35,1,20,1,"Der Bereich zwischen den Augenbrauen heißt Glabella.",0,0,4
"3685",35,1,20,1,"Der Allradantrieb wurde 1938 in England erfunden.",1,1,2
"3686",35,1,20,1,"Bob Dylan arbeitet nebenberuflich als Winzer.",1,1,3
"3687",35,1,20,1,"Bei den italienischen Wahlen 2008 traten 62 Parteien an.",0,0,2
"3688",35,1,20,1,"Das meiste Gold wird derzeit in Südafrika gefördert.",0,1,3
"3689",35,1,20,1,"Magnesiummangel kann zu Hautproblemen führen.",1,1,3
"3690",35,1,20,1,"Erdbeeren enthalten mehr Vitamin C als Orangen.",1,0,2
"3691",35,1,20,1,"Spanien ist ein Gründungsmitglied der UNO.",0,0,5
"3692",35,1,20,1,"Das Capybara ist das größte aller Beuteltiere.",0,0,2
"3693",35,1,20,1,"Tequila wird aus dem Herzen der roten Agave gewonnen.",1,0,5
"3694",35,1,20,1,"Robbie Williams heißt mit Zweitnamen 'Maximilian'.",0,1,3
"3695",35,1,20,1,"Das Zwerghörnchen ist das kleinste Säugetier Europas.",1,1,4
"3696",35,1,20,1,"Der Javagraben ist die tiefste Meerestiefe der Welt.",0,1,5
"3697",35,1,20,1,"Die Tochter von Sydney Poitier heißt Sydney Poitier.",0,1,1
"3698",35,1,20,1,"Das Domino-Spiel besteht aus 28 Steinen.",0,1,2
"3699",35,1,20,1,"Der Ladogasee ist der größte See Europas.",1,0,2
"3700",35,1,20,1,"Die Erde wird in 340 Längenkreise unterteilt.",0,1,2
"3701",35,1,20,1,"Nur Menschen und Affen besitzen einen Bauchnabel.",1,0,4
"3702",35,1,20,1,"Ein Schwan trägt ca. 50.000 Federn am Körper.",0,1,2
"3703",35,1,20,1,"Island ist geologisch das jüngste Inselland der Welt.",1,0,4
"3704",35,1,20,1,"Sheryl Crow war Hürdenläuferin.",1,1,3
"3705",35,1,20,1,"Der Nacktmull ist das schmerzempfindlichste Tier der Welt.",0,0,4
"3706",35,1,20,1,"Schweine können keinen Sonnenbrand bekommen.",0,0,6
"3707",35,1,20,1,"Der Goliathfrosch kann sogar kleine Krokodile verspeisen.",1,1,1
"3708",35,1,20,1,"Die kanadische Sängerin Celine Dion hat acht Geschwister.",1,1,1
"3709",35,1,20,1,"Auf indischen Rupienscheinen sind 12 verschiedene Schriften.",1,1,4
"3710",35,1,20,1,"Eine Bienenkönigin legt durchschnittlich 500 Eier am Tag.",1,1,4
"3711",35,2,20,1,"Die Slowakei gehört nicht zu den NATO-Staaten.",1,0,2
"3712",35,2,20,1,"Goethe schrieb genau 64 Jahre lang an seinem 'Faust'.",0,1,4
"3713",35,2,20,1,"Die Ostgoten zählten zum Stamm der Normannen.",0,1,3
"3714",35,2,20,1,"Der Mond passt vierzigmal in die Erdkugel.",1,1,4
"3715",35,2,20,1,"Bolivien ist der kleinste Binnenstaat Südamerikas.",1,1,4
"3716",35,2,20,1,"Zuckerwatte wurde von einem Flugzeugpiloten erfunden.",0,0,2
"3717",35,2,20,1,"Die Insel Ösel gehört zu Dänemark.",1,1,3
"3718",35,2,20,1,"Ein neugeborenes Panda-Baby ist kleiner als eine Maus.",0,0,4
"3719",35,2,20,1,"French Fries' wurden in England erfunden.",1,0,6
"3720",35,2,20,1,"Keime sterben auf Holz schneller ab als auf Plastik.",0,1,5
"3721",35,2,20,1,"Der höchste nordamerikanische Berg liegt in Wyoming.",1,1,4
"3722",35,2,20,1,"Die Azoren gehören zu Spanien.",1,1,3
"3723",35,2,20,1,"Weibliche Taranteln töten circa 99% ihrer Nachkommen.",0,1,3
"3724",35,2,20,1,"Der Basenji ist der einzige Hund, der nicht bellt.",1,0,2
"3725",35,2,20,1,"Morpheus ist der griechische Gott der Träume.",1,1,4
"3726",35,2,20,1,"Wenn Nilpferde sich aufregen, färbt sich ihr Schweiß grün.",1,0,4
"3727",35,2,20,1,"In USA wird kein Teletext ausgestrahlt.",0,0,5
"3728",35,2,20,1,"Der griechische Gott Apollon ist der Schutzherr der Küste.",1,0,3
"3729",35,2,20,1,"Manama ist die Hauptstadt Bahrains.",1,1,2
"3730",35,2,20,1,"Beim Rugby gibt es 30 Spieler.",0,0,3
"3731",35,2,20,1,"Ein Nilpferd wiegt bei seiner Geburt ca. 150kg.",0,1,4
"3732",35,2,20,1,"Der Name 'Wowereit' heißt auf Litauisch Eichhörnchen.",0,1,1
"3733",35,2,20,1,"Der Maler Marc Chagall wurde 1887 in Russland geboren.",1,0,2
"3734",35,2,20,1,"Das Lieblingsgetränk von Benedikt XVI. ist Fanta.",1,1,4
"3735",35,2,20,1,"Blaue Augen werden im Alter immer heller.",0,1,6
"3736",35,2,20,1,"Der nicht sichtbare Teil des Eisbergs heißt Eisbergkiel.",1,0,2
"3737",35,2,20,1,"Jean-Jaques Rousseau war alleinerziehender Vater.",0,1,3
"3738",35,2,20,1,"Die Wüste Dahna liegt in Saudi-Arabien.",0,1,2
"3739",35,2,20,1,"Die Volksrepublik China wurde 1947 gegründet.",0,1,3
"3740",35,2,20,1,"Nauru ist die kleinste souveräne Republik der Erde.",0,0,5
"3741",35,2,20,1,"Ein menschliches Haar wächst jährlich ca. 85 mm.",0,1,5
"3742",35,2,20,1,"Der Wassergehalt bei Beeren beträgt 90%.",0,1,4
"3743",35,2,20,1,"Die Augen eines Straußes sind größer als sein Gehirn.",1,1,4
"3744",35,2,20,1,"Kleinohrigel haben keine Stacheln.",0,0,4
"3745",35,2,20,1,"Schlangen sind taub, da kein Außenohr vorhanden ist.",1,1,3
"3746",35,2,20,1,"Die Norfolkinseln im Pazifik gehören zu Neuseeland.",1,1,4
"3747",35,2,20,1,"Das Jojo war ursprünglich eine philippinische Jagdwaffe.",1,1,5
"3748",35,2,20,1,"Die Nachfolger Mohammeds bezeichnet man als Kalifen.",1,1,2
"3749",35,2,20,1,"Kokosnüsse haben einen höheren Fettanteil als Pistazien.",0,1,5
"3750",35,2,20,1,"Es gibt 56 verschiedene Arten eine Krawatte zu binden.",1,1,1
"3751",35,2,20,1,"Der mitteleuropäische Feldschwirl ist kein Zugvogel.",0,0,1
"3752",35,2,20,1,"Hernando Cortéz eroberte Mexiko.",0,1,3
"3753",35,2,20,1,"Unsere Atmosphäre enthält rund 0,00025 % Ozon.",1,1,2
"3754",35,2,20,1,"Austern wechseln je nach Jahreszeit ihr Geschlecht.",1,1,5
"3755",35,2,20,1,"Lachse können bis zu 20 Jahre alt werden.",0,1,4
"3756",35,2,20,1,"Lybien ist das einzige Land mit einer einfarbigen Flagge.",1,1,2
"3757",35,2,20,1,"In Angola ist Spanisch die offizielle Amtssprache.",0,0,6
"3758",35,2,20,1,"Frauen bekommen häufiger einen Schluckauf als Männer.",0,1,4
"3759",35,2,20,1,"Der Reißverschluss wurde in Norwegen erfunden.",0,0,1
"3760",35,2,20,1,"Die Angst vor dem Küssen nennt man Philemaphobie.",1,1,1
"3761",35,2,20,1,"Patagonien ist ein Landschaftsabschnitt in Asien.",1,0,6
"3762",35,2,20,1,"Freddie Mercurys richtiger Name lautete Farrokh Bulsara.",1,1,5
"3763",35,2,20,1,"Sambia hieß früher Nordrhodesien.",0,0,4
"3764",35,2,20,1,"Delphine schwimmen höchstens 54 Kilometer pro Stunde.",1,1,1
"3765",35,1,20,1,"Winston Churchill erhielt den Nobelpreis für Literatur.",1,0,5
"3766",35,1,20,1,"Der Speisesaal eines Klosters wird Refektorium genannt.",1,0,4
"3767",35,1,20,1,"Die erste elektronische Mail wurde im Jahr 1973 versendet.",1,1,4
"3768",35,1,20,1,"Ein Menschenfloh kann 20cm hoch springen.",0,1,5
"3769",35,1,20,1,"Seoul bedeutet auf koreanisch 'Die Hauptstadt'.",1,0,1
"3770",35,1,20,1,"Das Finn-Dingi ist ein Einmannboot beim Sportsegeln.",1,1,3
"3771",35,1,20,1,"Giséle Bündchen hat einen Zwillingsbruder.",0,1,2
"3772",35,1,20,1,"Die Sektsteuer wurde von Friedrich Ebert eingeführt.",0,1,3
"3773",35,1,20,1,"Die Wüste Gobi ist eine Felswüste.",0,0,4
"3774",35,1,20,1,"Alle Uhren im Film 'Pulp Fiction' stehen auf 4.10 Uhr.",0,1,1
"3775",35,1,20,1,"Alexander Graham Bell erfand das Tragflügelboot.",1,1,1
"3776",35,1,20,1,"Die Insektenkunde wird auch Entomologie genannt.",0,0,4
"3777",35,1,20,1,"Das türkische Bad wurde in Griechenland erfunden.",0,0,2
"3778",35,2,20,1,"Balsaholz ist die schwerste aller Holzarten.",0,0,2
"3779",35,2,20,1,"Tennis wurde in englischen Klöstern erfunden.",0,0,4
"3780",35,2,20,1,"Die Schwarzerle zählt zu den Buchengewächsen.",1,0,1
"3781",35,1,20,1,"Ein Biber kann in einem Jahr über 200 Bäume fällen.",0,0,3
"3782",35,1,20,1,"Der Erfinder des Bikinis war ursprünglich Schuhdesigner.",1,1,4
"3783",35,1,20,1,"Der Schwertwal gehört zur Gattung der Delfine.",1,1,4
"3784",35,2,20,1,"Spanholz besteht hauptsächlich aus Birkenholz.",0,1,2
"3785",35,2,20,1,"Brad Pitt heißt eigentlich 'Henry Bradley Pitt'.",1,1,3
"3786",35,2,20,1,"Wladimir Putin wurde in Murmansk geboren.",0,1,3
"3787",36,1,20,1,"Sumatra ist die viertgrößte Insel der Welt.",0,0,3
"3788",36,2,20,1,"Der höchste nordamerikanische Berg liegt in Wyoming.",0,0,3
"3789",36,1,20,1,"Erdbeeren enthalten mehr Vitamin C als Orangen.",1,0,2
"3790",36,1,20,1,"Das Domino-Spiel besteht aus 28 Steinen.",0,1,1
"3791",36,1,20,1,"Der Nacktmull ist das schmerzempfindlichste Tier der Welt.",0,0,3
"3792",36,1,20,1,"Seoul bedeutet auf koreanisch 'Die Hauptstadt'.",1,1,2
"3793",36,1,20,1,"Island ist geologisch das jüngste Inselland der Welt.",1,1,2
"3794",36,2,20,1,"Goethe schrieb genau 64 Jahre lang an seinem 'Faust'.",1,1,1
"3795",36,2,20,1,"Die Ostgoten zählten zum Stamm der Normannen.",1,1,2
"3796",36,2,20,1,"Das Lieblingsgetränk von Benedikt XVI. ist Fanta.",0,1,2
"3797",36,2,20,1,"Lybien ist das einzige Land mit einer einfarbigen Flagge.",0,0,1
"3798",36,2,20,1,"Die Norfolkinseln im Pazifik gehören zu Neuseeland.",0,0,2
"3799",36,2,20,1,"Jean-Jaques Rousseau war alleinerziehender Vater.",1,1,1
"3800",36,2,20,1,"Keime sterben auf Holz schneller ab als auf Plastik.",1,1,5
"3801",36,2,20,1,"Der Maler Marc Chagall wurde 1887 in Russland geboren.",0,0,2
"3802",36,2,20,1,"Die Nachfolger Mohammeds bezeichnet man als Kalifen.",0,0,2
"3803",36,2,20,1,"Der Mond passt vierzigmal in die Erdkugel.",0,1,2
"3804",36,2,20,1,"Die Insel Ösel gehört zu Dänemark.",0,1,1
"3805",36,2,20,1,"Sambia hieß früher Nordrhodesien.",1,1,1
"3806",36,2,20,1,"Kokosnüsse haben einen höheren Fettanteil als Pistazien.",1,1,3
"3807",36,2,20,1,"Bolivien ist der kleinste Binnenstaat Südamerikas.",0,0,2
"3808",36,2,20,1,"Die Slowakei gehört nicht zu den NATO-Staaten.",0,1,3
"3809",36,2,20,1,"Austern wechseln je nach Jahreszeit ihr Geschlecht.",0,0,1
"3810",36,2,20,1,"Ein menschliches Haar wächst jährlich ca. 85 mm.",1,1,4
"3811",36,2,20,1,"Schlangen sind taub, da kein Außenohr vorhanden ist.",0,0,2
"3812",36,2,20,1,"In USA wird kein Teletext ausgestrahlt.",1,0,2
"3813",36,2,20,1,"Blaue Augen werden im Alter immer heller.",1,1,5
"3814",36,2,20,1,"Tennis wurde in englischen Klöstern erfunden.",1,1,2
"3815",36,2,20,1,"Brad Pitt heißt eigentlich 'Henry Bradley Pitt'.",0,1,1
"3816",36,2,20,1,"Die Wüste Dahna liegt in Saudi-Arabien.",1,1,2
"3817",36,2,20,1,"Zuckerwatte wurde von einem Flugzeugpiloten erfunden.",1,1,1
"3818",36,2,20,1,"Hernando Cortéz eroberte Mexiko.",1,1,1
"3819",36,2,20,1,"Unsere Atmosphäre enthält rund 0,00025 % Ozon.",0,0,2
"3820",36,2,20,1,"Die Angst vor dem Küssen nennt man Philemaphobie.",0,1,3
"3821",36,2,20,1,"Wladimir Putin wurde in Murmansk geboren.",1,1,1
"3822",36,2,20,1,"Patagonien ist ein Landschaftsabschnitt in Asien.",0,1,1
"3823",36,2,20,1,"Lachse können bis zu 20 Jahre alt werden.",1,1,4
"3824",36,2,20,1,"Balsaholz ist die schwerste aller Holzarten.",1,1,1
"3825",36,2,20,1,"Nauru ist die kleinste souveräne Republik der Erde.",1,1,5
"3826",36,2,20,1,"Morpheus ist der griechische Gott der Träume.",0,1,5
"3827",36,2,20,1,"Kleinohrigel haben keine Stacheln.",1,0,1
"3828",36,2,20,1,"Wenn Nilpferde sich aufregen, färbt sich ihr Schweiß grün.",0,1,1
"3829",36,2,20,1,"Der Basenji ist der einzige Hund, der nicht bellt.",0,0,1
"3830",36,2,20,1,"Ein Nilpferd wiegt bei seiner Geburt ca. 150kg.",1,1,2
"3831",36,2,20,1,"Delphine schwimmen höchstens 54 Kilometer pro Stunde.",0,0,1
"3832",36,2,20,1,"Der Reißverschluss wurde in Norwegen erfunden.",1,0,2
"3833",36,2,20,1,"Freddie Mercurys richtiger Name lautete Farrokh Bulsara.",0,1,1
"3834",36,1,20,1,"Magnesiummangel kann zu Hautproblemen führen.",1,1,5
"3835",36,1,20,1,"Der Schwertwal gehört zur Gattung der Delfine.",1,1,3
"3836",36,1,20,1,"Das meiste Gold wird derzeit in Südafrika gefördert.",0,0,2
"3837",36,1,20,1,"Der Goliathfrosch kann sogar kleine Krokodile verspeisen.",1,1,1
"3838",36,1,20,1,"Das Capybara ist das größte aller Beuteltiere.",0,0,3
"3839",36,1,20,1,"Die Wüste Gobi ist eine Felswüste.",0,1,2
"3840",36,1,20,1,"Das Zwerghörnchen ist das kleinste Säugetier Europas.",1,1,2
"3841",36,1,20,1,"Ein Schwan trägt ca. 50.000 Federn am Körper.",0,0,3
"3842",36,1,20,1,"Schweine können keinen Sonnenbrand bekommen.",0,0,3
"3843",36,1,20,1,"Frauen blinzeln fast doppelt so viel wie Männer.",0,0,3
"3844",36,1,20,1,"Die Insektenkunde wird auch Entomologie genannt.",0,0,2
"3845",36,1,20,1,"In Uganda ist die Amtssprache englisch.",1,1,1
"3846",36,1,20,1,"Bei den italienischen Wahlen 2008 traten 62 Parteien an.",0,1,2
"3847",36,1,20,1,"Giséle Bündchen hat einen Zwillingsbruder.",0,1,1
"3848",36,1,20,1,"Die längsten Opern stammen von Gioacchino Rossini.",1,1,3
"3849",36,1,20,1,"Die erste elektronische Mail wurde im Jahr 1973 versendet.",1,1,2
"3850",36,1,20,1,"Die Sektsteuer wurde von Friedrich Ebert eingeführt.",0,1,1
"3851",36,1,20,1,"Nur Menschen und Affen besitzen einen Bauchnabel.",1,1,1
"3852",36,1,20,1,"Alexander Graham Bell erfand das Tragflügelboot.",1,0,1
"3853",36,1,20,1,"Minerva ist die römische Göttin der Weisheit.",0,1,4
"3854",36,1,20,1,"Bob Dylan arbeitet nebenberuflich als Winzer.",1,0,1
"3855",36,1,20,1,"Der Erfinder des Bikinis war ursprünglich Schuhdesigner.",1,1,3
"3856",36,1,20,1,"Die Küstenseeschwalbe fliegt jedes Jahr fast 40000 km.",1,1,2
"3857",36,1,20,1,"Eine Bienenkönigin legt durchschnittlich 500 Eier am Tag.",1,0,1
"3858",36,1,20,1,"Der Speisesaal eines Klosters wird Refektorium genannt.",1,1,3
"3859",36,1,20,1,"Ein Biber kann in einem Jahr über 200 Bäume fällen.",0,1,3
"3860",36,1,20,1,"Winston Churchill erhielt den Nobelpreis für Literatur.",1,1,3
"3861",36,1,20,1,"Das türkische Bad wurde in Griechenland erfunden.",0,1,2
"3862",36,1,20,1,"Der Ladogasee ist der größte See Europas.",1,1,1
"3863",36,1,20,1,"Robbie Williams heißt mit Zweitnamen 'Maximilian'.",0,1,1
"3864",36,1,20,1,"Ein Menschenfloh kann 20cm hoch springen.",0,1,3
"3865",36,1,20,1,"Seepferdchen gehören zur Gattung der Fische.",0,1,2
"3866",36,1,20,1,"Spanien ist ein Gründungsmitglied der UNO.",0,0,2
"3867",36,1,20,1,"Die kanadische Sängerin Celine Dion hat acht Geschwister.",1,1,2
"3868",36,1,20,1,"Einen kastrierten Esel nennt man auch Macker oder Knilch.",1,1,3
"3869",36,1,20,1,"Alle Uhren im Film 'Pulp Fiction' stehen auf 4.10 Uhr.",0,1,1
"3870",36,1,20,1,"Das Finn-Dingi ist ein Einmannboot beim Sportsegeln.",1,1,3
"3871",36,1,20,1,"Volleyball wurde in Florida erfunden.",0,0,2
"3872",36,1,20,1,"Tom Cruise ist Legastheniker.",0,0,2
"3873",36,1,20,1,"Die Tochter von Sydney Poitier heißt Sydney Poitier.",0,0,1
"3874",36,1,20,1,"Sheryl Crow war Hürdenläuferin.",1,1,2
"3875",36,1,20,1,"Schären sind Talgletscher in Skandinavien.",1,1,2
"3876",36,1,20,1,"Der Bereich zwischen den Augenbrauen heißt Glabella.",0,0,3
"3877",36,1,20,1,"Auf indischen Rupienscheinen sind 12 verschiedene Schriften.",1,1,3
"3878",36,1,20,1,"Der Allradantrieb wurde 1938 in England erfunden.",1,0,2
"3879",36,1,20,1,"Für Descartes wies Schielen bei Frauen auf Frigidität hin.",1,1,1
"3880",36,1,20,1,"Nicole Kidman hat panische Angst vor Schmetterlingen.",0,0,1
"3881",36,1,20,1,"Albany ist die Hauptstadt des US-Bundesstaates New Jersey.",1,0,6
"3882",36,1,20,1,"Die Luftpumpe ist eine französische Erfindung.",0,1,2
"3883",36,1,20,1,"Die Erde wird in 340 Längenkreise unterteilt.",0,0,1
"3884",36,1,20,1,"Der Javagraben ist die tiefste Meerestiefe der Welt.",0,0,6
"3885",36,1,20,1,"In den USA gibt es die meisten Milliardäre auf der Welt.",1,1,6
"3886",36,1,20,1,"Tequila wird aus dem Herzen der roten Agave gewonnen.",1,1,3
"3887",36,1,20,1,"Der Film 'Pretty Woman' gewann keinen Oscar.",0,1,2
"3888",36,2,20,1,"Weibliche Taranteln töten circa 99% ihrer Nachkommen.",1,0,2
"3889",36,2,20,1,"Spanholz besteht hauptsächlich aus Birkenholz.",1,1,3
"3890",36,2,20,1,"Ein neugeborenes Panda-Baby ist kleiner als eine Maus.",1,1,4
"3891",36,2,20,1,"Es gibt 56 verschiedene Arten eine Krawatte zu binden.",0,1,4
"3892",36,2,20,1,"Der mitteleuropäische Feldschwirl ist kein Zugvogel.",1,1,1
"3893",36,2,20,1,"Der Name 'Wowereit' heißt auf Litauisch Eichhörnchen.",1,1,1
"3894",36,2,20,1,"Beim Rugby gibt es 30 Spieler.",1,0,1
"3895",36,2,20,1,"Frauen bekommen häufiger einen Schluckauf als Männer.",1,1,2
"3896",36,2,20,1,"Der griechische Gott Apollon ist der Schutzherr der Küste.",0,0,2
"3897",36,2,20,1,"Die Augen eines Straußes sind größer als sein Gehirn.",0,1,1
"3898",36,2,20,1,"Manama ist die Hauptstadt Bahrains.",0,1,1
"3899",36,2,20,1,"Der Wassergehalt bei Beeren beträgt 90%.",1,1,2
"3900",36,2,20,1,"Das Jojo war ursprünglich eine philippinische Jagdwaffe.",0,1,3
"3901",36,2,20,1,"Die Azoren gehören zu Spanien.",0,1,1
"3902",36,2,20,1,"French Fries' wurden in England erfunden.",0,0,5
"3903",36,2,20,1,"Die Volksrepublik China wurde 1947 gegründet.",1,1,2
"3904",36,2,20,1,"Die Schwarzerle zählt zu den Buchengewächsen.",0,1,1
"3905",36,2,20,1,"In Angola ist Spanisch die offizielle Amtssprache.",1,0,2
"3906",36,2,20,1,"Der nicht sichtbare Teil des Eisbergs heißt Eisbergkiel.",0,0,1
"3907",37,1,22,1,"Keime sterben auf Holz schneller ab als auf Plastik.",1,1,6
"3908",37,1,22,1,"Lybien ist das einzige Land mit einer einfarbigen Flagge.",0,0,1
"3909",37,1,22,1,"Ein Nilpferd wiegt bei seiner Geburt ca. 150kg.",1,1,6
"3910",37,1,22,1,"Wenn Nilpferde sich aufregen, färbt sich ihr Schweiß grün.",0,0,5
"3911",37,1,22,1,"Der Wassergehalt bei Beeren beträgt 90%.",1,1,6
"3912",37,1,22,1,"Die Schwarzerle zählt zu den Buchengewächsen.",0,0,1
"3913",37,1,22,1,"Der Reißverschluss wurde in Norwegen erfunden.",1,1,5
"3914",37,1,22,1,"Tennis wurde in englischen Klöstern erfunden.",1,1,6
"3915",37,1,22,1,"Der mitteleuropäische Feldschwirl ist kein Zugvogel.",1,0,1
"3916",37,1,22,1,"Spanholz besteht hauptsächlich aus Birkenholz.",1,1,6
"3917",37,1,22,1,"Hernando Cortéz eroberte Mexiko.",1,0,1
"3918",37,1,22,1,"Goethe schrieb genau 64 Jahre lang an seinem 'Faust'.",1,1,6
"3919",37,1,22,1,"Weibliche Taranteln töten circa 99% ihrer Nachkommen.",1,1,1
"3920",37,1,22,1,"Der Name 'Wowereit' heißt auf Litauisch Eichhörnchen.",1,1,6
"3921",37,1,22,1,"Zuckerwatte wurde von einem Flugzeugpiloten erfunden.",1,1,6
"3922",37,1,22,1,"Die Norfolkinseln im Pazifik gehören zu Neuseeland.",0,1,1
"3923",37,1,22,1,"Brad Pitt heißt eigentlich 'Henry Bradley Pitt'.",0,0,1
"3924",37,1,22,1,"Die Insel Ösel gehört zu Dänemark.",0,1,3
"3925",37,1,22,1,"Delphine schwimmen höchstens 54 Kilometer pro Stunde.",0,0,1
"3926",37,1,22,1,"Lachse können bis zu 20 Jahre alt werden.",1,1,3
"3927",37,1,22,1,"Die Wüste Dahna liegt in Saudi-Arabien.",1,1,1
"3928",37,1,22,1,"Der Mond passt vierzigmal in die Erdkugel.",0,0,1
"3929",37,1,22,1,"Morpheus ist der griechische Gott der Träume.",0,0,1
"3930",37,1,22,1,"Die Slowakei gehört nicht zu den NATO-Staaten.",0,1,1
"3931",37,1,22,1,"Der nicht sichtbare Teil des Eisbergs heißt Eisbergkiel.",0,1,1
"3932",37,1,22,1,"Blaue Augen werden im Alter immer heller.",1,1,6
"3933",37,1,22,1,"In Angola ist Spanisch die offizielle Amtssprache.",1,1,1
"3934",37,1,22,1,"Unsere Atmosphäre enthält rund 0,00025 % Ozon.",0,0,1
"3935",37,1,22,1,"Der Maler Marc Chagall wurde 1887 in Russland geboren.",0,1,1
"3936",37,1,22,1,"Balsaholz ist die schwerste aller Holzarten.",1,1,1
"3937",37,1,22,1,"In USA wird kein Teletext ausgestrahlt.",1,1,6
"3938",37,1,22,1,"French Fries' wurden in England erfunden.",0,0,2
"3939",37,1,22,1,"Die Nachfolger Mohammeds bezeichnet man als Kalifen.",0,1,2
"3940",37,1,22,1,"Beim Rugby gibt es 30 Spieler.",1,1,2
"3941",37,1,22,1,"Die Volksrepublik China wurde 1947 gegründet.",1,1,4
"3942",37,1,22,1,"Manama ist die Hauptstadt Bahrains.",0,0,1
"3943",37,1,22,1,"Frauen bekommen häufiger einen Schluckauf als Männer.",1,1,6
"3944",37,1,22,1,"Bolivien ist der kleinste Binnenstaat Südamerikas.",0,0,1
"3945",37,1,22,1,"Freddie Mercurys richtiger Name lautete Farrokh Bulsara.",0,0,1
"3946",37,1,22,1,"Schlangen sind taub, da kein Außenohr vorhanden ist.",0,0,1
"3947",37,1,22,1,"Das Jojo war ursprünglich eine philippinische Jagdwaffe.",0,0,1
"3948",37,1,22,1,"Kleinohrigel haben keine Stacheln.",1,1,6
"3949",37,1,22,1,"Der höchste nordamerikanische Berg liegt in Wyoming.",0,1,1
"3950",37,1,22,1,"Patagonien ist ein Landschaftsabschnitt in Asien.",0,1,2
"3951",37,1,22,1,"Die Augen eines Straußes sind größer als sein Gehirn.",0,0,1
"3952",37,2,22,1,"Die kanadische Sängerin Celine Dion hat acht Geschwister.",1,0,1
"3953",37,2,22,1,"Ein Schwan trägt ca. 50.000 Federn am Körper.",0,1,2
"3954",37,2,22,1,"Ein Menschenfloh kann 20cm hoch springen.",0,1,3
"3955",37,2,22,1,"Sumatra ist die viertgrößte Insel der Welt.",0,1,1
"3956",37,2,22,1,"Der Film 'Pretty Woman' gewann keinen Oscar.",0,0,1
"3957",37,2,22,1,"Die Insektenkunde wird auch Entomologie genannt.",0,1,1
"3958",37,2,22,1,"Alle Uhren im Film 'Pulp Fiction' stehen auf 4.10 Uhr.",0,0,1
"3959",37,2,22,1,"Die längsten Opern stammen von Gioacchino Rossini.",1,1,1
"3960",37,2,22,1,"Die Erde wird in 340 Längenkreise unterteilt.",0,1,1
"3961",37,2,22,1,"Der Nacktmull ist das schmerzempfindlichste Tier der Welt.",0,0,1
"3962",37,2,22,1,"Robbie Williams heißt mit Zweitnamen 'Maximilian'.",0,0,1
"3963",37,2,22,1,"Winston Churchill erhielt den Nobelpreis für Literatur.",1,1,1
"3964",37,2,22,1,"Der Ladogasee ist der größte See Europas.",1,1,1
"3965",37,2,22,1,"Schweine können keinen Sonnenbrand bekommen.",0,0,1
"3966",37,2,22,1,"Der Erfinder des Bikinis war ursprünglich Schuhdesigner.",1,1,1
"3967",37,2,22,1,"Die Küstenseeschwalbe fliegt jedes Jahr fast 40000 km.",1,1,3
"3968",37,2,22,1,"Sheryl Crow war Hürdenläuferin.",1,1,1
"3969",37,2,22,1,"Bob Dylan arbeitet nebenberuflich als Winzer.",1,1,1
"3970",37,2,22,1,"Schären sind Talgletscher in Skandinavien.",1,1,1
"3971",37,2,22,1,"Spanien ist ein Gründungsmitglied der UNO.",0,1,1
"3972",37,2,22,1,"Der Goliathfrosch kann sogar kleine Krokodile verspeisen.",1,1,1
"3973",37,2,22,1,"Für Descartes wies Schielen bei Frauen auf Frigidität hin.",1,1,1
"3974",37,2,22,1,"Volleyball wurde in Florida erfunden.",0,1,1
"3975",37,2,22,1,"Minerva ist die römische Göttin der Weisheit.",0,1,1
"3976",37,2,22,1,"Die Sektsteuer wurde von Friedrich Ebert eingeführt.",0,1,1
"3977",37,2,22,1,"Die erste elektronische Mail wurde im Jahr 1973 versendet.",1,1,1
"3978",37,2,22,1,"Das Domino-Spiel besteht aus 28 Steinen.",0,0,1
"3979",37,2,22,1,"In den USA gibt es die meisten Milliardäre auf der Welt.",1,1,1
"3980",37,2,22,1,"Seepferdchen gehören zur Gattung der Fische.",0,1,1
"3981",37,2,22,1,"Island ist geologisch das jüngste Inselland der Welt.",1,1,1
"3982",37,2,22,1,"Albany ist die Hauptstadt des US-Bundesstaates New Jersey.",1,1,1
"3983",37,2,22,1,"Die Wüste Gobi ist eine Felswüste.",0,0,1
"3984",37,2,22,1,"Giséle Bündchen hat einen Zwillingsbruder.",0,1,1
"3985",37,2,22,1,"Einen kastrierten Esel nennt man auch Macker oder Knilch.",1,1,1
"3986",37,2,22,1,"Nur Menschen und Affen besitzen einen Bauchnabel.",1,1,1
"3987",37,2,22,1,"Bei den italienischen Wahlen 2008 traten 62 Parteien an.",0,1,1
"3988",37,2,22,1,"Die Tochter von Sydney Poitier heißt Sydney Poitier.",0,0,1
"3989",37,2,22,1,"Tequila wird aus dem Herzen der roten Agave gewonnen.",1,0,1
"3990",37,2,22,1,"Das Zwerghörnchen ist das kleinste Säugetier Europas.",1,0,1
"3991",37,2,22,1,"Der Speisesaal eines Klosters wird Refektorium genannt.",1,1,1
"3992",37,2,22,1,"Frauen blinzeln fast doppelt so viel wie Männer.",0,0,3
"3993",37,2,22,1,"Das türkische Bad wurde in Griechenland erfunden.",0,1,1
"3994",37,2,22,1,"Alexander Graham Bell erfand das Tragflügelboot.",1,0,1
"3995",37,2,22,1,"Magnesiummangel kann zu Hautproblemen führen.",1,1,4
"3996",37,2,22,1,"Ein Biber kann in einem Jahr über 200 Bäume fällen.",0,1,1
"3997",37,2,22,1,"Die Luftpumpe ist eine französische Erfindung.",0,0,1
"3998",37,2,22,1,"Seoul bedeutet auf koreanisch 'Die Hauptstadt'.",1,1,1
"3999",37,2,22,1,"Tom Cruise ist Legastheniker.",0,0,1
"4000",37,2,22,1,"Das Capybara ist das größte aller Beuteltiere.",0,0,1
"4001",37,2,22,1,"Nicole Kidman hat panische Angst vor Schmetterlingen.",0,0,1
"4002",37,2,22,1,"In Uganda ist die Amtssprache englisch.",1,1,1
"4003",37,2,22,1,"Das Finn-Dingi ist ein Einmannboot beim Sportsegeln.",1,0,1
"4004",37,2,22,1,"Der Allradantrieb wurde 1938 in England erfunden.",1,1,1
"4005",37,2,22,1,"Der Bereich zwischen den Augenbrauen heißt Glabella.",0,0,1
"4006",37,1,22,1,"Kokosnüsse haben einen höheren Fettanteil als Pistazien.",1,0,3
"4007",37,1,22,1,"Die Angst vor dem Küssen nennt man Philemaphobie.",0,0,1
"4008",37,1,22,1,"Nauru ist die kleinste souveräne Republik der Erde.",1,0,1
"4009",37,1,22,1,"Ein menschliches Haar wächst jährlich ca. 85 mm.",1,0,1
"4010",37,1,22,1,"Die Ostgoten zählten zum Stamm der Normannen.",1,1,1
"4011",37,1,22,1,"Austern wechseln je nach Jahreszeit ihr Geschlecht.",0,1,3
"4012",37,1,22,1,"Wladimir Putin wurde in Murmansk geboren.",1,1,1
"4013",37,1,22,1,"Der griechische Gott Apollon ist der Schutzherr der Küste.",0,0,1
"4014",37,1,22,1,"Es gibt 56 verschiedene Arten eine Krawatte zu binden.",0,0,1
"4015",37,1,22,1,"Sambia hieß früher Nordrhodesien.",1,0,1
"4016",37,1,22,1,"Ein neugeborenes Panda-Baby ist kleiner als eine Maus.",1,0,2
"4017",37,1,22,1,"Die Azoren gehören zu Spanien.",0,0,6
"4018",37,1,22,1,"Das Lieblingsgetränk von Benedikt XVI. ist Fanta.",0,0,1
"4019",37,2,22,1,"Der Schwertwal gehört zur Gattung der Delfine.",1,1,2
"4020",37,2,22,1,"Eine Bienenkönigin legt durchschnittlich 500 Eier am Tag.",1,1,3
"4021",37,2,22,1,"Der Javagraben ist die tiefste Meerestiefe der Welt.",0,0,1
"4022",37,2,22,1,"Auf indischen Rupienscheinen sind 12 verschiedene Schriften.",1,0,1
"4023",37,1,22,1,"Der Basenji ist der einzige Hund, der nicht bellt.",0,0,1
"4024",37,1,22,1,"Jean-Jaques Rousseau war alleinerziehender Vater.",1,1,6
"4025",37,2,22,1,"Das meiste Gold wird derzeit in Südafrika gefördert.",0,1,2
"4026",37,2,22,1,"Erdbeeren enthalten mehr Vitamin C als Orangen.",1,0,1
"4027",38,1,20,1,"Kokosnüsse haben einen höheren Fettanteil als Pistazien.",1,1,3
"4028",38,1,20,1,"Die Schwarzerle zählt zu den Buchengewächsen.",0,0,4
"4029",38,2,20,1,"Das Finn-Dingi ist ein Einmannboot beim Sportsegeln.",0,0,2
"4030",38,2,20,1,"Eine Bienenkönigin legt durchschnittlich 500 Eier am Tag.",0,1,2
"4031",38,1,20,1,"Blaue Augen werden im Alter immer heller.",1,1,5
"4032",38,1,20,1,"Lachse können bis zu 20 Jahre alt werden.",1,1,4
"4033",38,1,20,1,"Frauen bekommen häufiger einen Schluckauf als Männer.",1,0,2
"4034",38,1,20,1,"Beim Rugby gibt es 30 Spieler.",1,0,4
"4035",38,2,20,1,"Für Descartes wies Schielen bei Frauen auf Frigidität hin.",0,1,3
"4036",38,2,20,1,"Das Capybara ist das größte aller Beuteltiere.",1,0,4
"4037",38,2,20,1,"Albany ist die Hauptstadt des US-Bundesstaates New Jersey.",0,1,2
"4038",38,2,20,1,"Frauen blinzeln fast doppelt so viel wie Männer.",1,1,2
"4039",38,2,20,1,"Der Bereich zwischen den Augenbrauen heißt Glabella.",1,1,5
"4040",38,2,20,1,"Schären sind Talgletscher in Skandinavien.",0,0,6
"4041",38,2,20,1,"Auf indischen Rupienscheinen sind 12 verschiedene Schriften.",0,1,2
"4042",38,2,20,1,"Magnesiummangel kann zu Hautproblemen führen.",0,1,4
"4043",38,2,20,1,"Der Speisesaal eines Klosters wird Refektorium genannt.",0,0,2
"4044",38,2,20,1,"Der Nacktmull ist das schmerzempfindlichste Tier der Welt.",1,1,2
"4045",38,2,20,1,"Erdbeeren enthalten mehr Vitamin C als Orangen.",0,1,2
"4046",38,2,20,1,"Der Schwertwal gehört zur Gattung der Delfine.",0,1,6
"4047",38,2,20,1,"Tequila wird aus dem Herzen der roten Agave gewonnen.",0,1,2
"4048",38,2,20,1,"Der Film 'Pretty Woman' gewann keinen Oscar.",1,0,4
"4049",38,2,20,1,"Ein Schwan trägt ca. 50.000 Federn am Körper.",1,0,2
"4050",38,2,20,1,"Der Javagraben ist die tiefste Meerestiefe der Welt.",1,1,5
"4051",38,2,20,1,"Die Tochter von Sydney Poitier heißt Sydney Poitier.",1,1,2
"4052",38,2,20,1,"Winston Churchill erhielt den Nobelpreis für Literatur.",0,1,6
"4053",38,2,20,1,"Ein Menschenfloh kann 20cm hoch springen.",1,1,4
"4054",38,2,20,1,"Die Insektenkunde wird auch Entomologie genannt.",1,0,2
"4055",38,2,20,1,"Die erste elektronische Mail wurde im Jahr 1973 versendet.",0,1,4
"4056",38,2,20,1,"Sumatra ist die viertgrößte Insel der Welt.",1,1,3
"4057",38,2,20,1,"Nur Menschen und Affen besitzen einen Bauchnabel.",0,0,4
"4058",38,2,20,1,"Island ist geologisch das jüngste Inselland der Welt.",0,0,3
"4059",38,2,20,1,"Das meiste Gold wird derzeit in Südafrika gefördert.",1,1,5
"4060",38,2,20,1,"Seepferdchen gehören zur Gattung der Fische.",1,0,2
"4061",38,2,20,1,"Das Domino-Spiel besteht aus 28 Steinen.",1,0,2
"4062",38,2,20,1,"Der Erfinder des Bikinis war ursprünglich Schuhdesigner.",0,1,2
"4063",38,2,20,1,"Das türkische Bad wurde in Griechenland erfunden.",1,1,4
"4064",38,2,20,1,"Der Allradantrieb wurde 1938 in England erfunden.",0,1,3
"4065",38,2,20,1,"Schweine können keinen Sonnenbrand bekommen.",1,1,5
"4066",38,2,20,1,"Sheryl Crow war Hürdenläuferin.",0,0,1
"4067",38,2,20,1,"Seoul bedeutet auf koreanisch 'Die Hauptstadt'.",0,1,2
"4068",38,2,20,1,"Alle Uhren im Film 'Pulp Fiction' stehen auf 4.10 Uhr.",1,1,3
"4069",38,2,20,1,"Bob Dylan arbeitet nebenberuflich als Winzer.",0,1,2
"4070",38,2,20,1,"Giséle Bündchen hat einen Zwillingsbruder.",1,1,2
"4071",38,2,20,1,"Die Küstenseeschwalbe fliegt jedes Jahr fast 40000 km.",0,1,6
"4072",38,2,20,1,"In den USA gibt es die meisten Milliardäre auf der Welt.",0,1,5
"4073",38,2,20,1,"Ein Biber kann in einem Jahr über 200 Bäume fällen.",1,1,3
"4074",38,2,20,1,"Volleyball wurde in Florida erfunden.",1,0,2
"4075",38,1,20,1,"Ein neugeborenes Panda-Baby ist kleiner als eine Maus.",1,1,5
"4076",38,1,20,1,"Ein menschliches Haar wächst jährlich ca. 85 mm.",1,1,3
"4077",38,1,20,1,"Tennis wurde in englischen Klöstern erfunden.",1,0,2
"4078",38,1,20,1,"Die Azoren gehören zu Spanien.",0,1,4
"4079",38,1,20,1,"Weibliche Taranteln töten circa 99% ihrer Nachkommen.",1,1,2
"4080",38,1,20,1,"Keime sterben auf Holz schneller ab als auf Plastik.",1,0,2
"4081",38,1,20,1,"Der Name 'Wowereit' heißt auf Litauisch Eichhörnchen.",1,0,2
"4082",38,1,20,1,"Freddie Mercurys richtiger Name lautete Farrokh Bulsara.",0,1,4
"4083",38,1,20,1,"Der nicht sichtbare Teil des Eisbergs heißt Eisbergkiel.",0,1,2
"4084",38,1,20,1,"Die Norfolkinseln im Pazifik gehören zu Neuseeland.",0,1,2
"4085",38,1,20,1,"Wladimir Putin wurde in Murmansk geboren.",1,0,2
"4086",38,1,20,1,"Balsaholz ist die schwerste aller Holzarten.",1,1,1
"4087",38,1,20,1,"Die Insel Ösel gehört zu Dänemark.",0,1,2
"4088",38,1,20,1,"Kleinohrigel haben keine Stacheln.",1,0,2
"4089",38,1,20,1,"Ein Nilpferd wiegt bei seiner Geburt ca. 150kg.",1,1,3
"4090",38,1,20,1,"Die Wüste Dahna liegt in Saudi-Arabien.",1,1,2
"4091",38,1,20,1,"In Angola ist Spanisch die offizielle Amtssprache.",1,0,5
"4092",38,1,20,1,"Brad Pitt heißt eigentlich 'Henry Bradley Pitt'.",0,1,2
"4093",38,1,20,1,"Zuckerwatte wurde von einem Flugzeugpiloten erfunden.",1,0,2
"4094",38,1,20,1,"Lybien ist das einzige Land mit einer einfarbigen Flagge.",0,0,6
"4095",38,1,20,1,"Die Slowakei gehört nicht zu den NATO-Staaten.",0,1,3
"4096",38,1,20,1,"French Fries' wurden in England erfunden.",0,1,2
"4097",38,1,20,1,"Der höchste nordamerikanische Berg liegt in Wyoming.",0,1,3
"4098",38,1,20,1,"Das Jojo war ursprünglich eine philippinische Jagdwaffe.",0,0,2
"4099",38,1,20,1,"Jean-Jaques Rousseau war alleinerziehender Vater.",1,0,2
"4100",38,1,20,1,"Wenn Nilpferde sich aufregen, färbt sich ihr Schweiß grün.",0,0,3
"4101",38,1,20,1,"Das Lieblingsgetränk von Benedikt XVI. ist Fanta.",0,1,2
"4102",38,1,20,1,"Die Volksrepublik China wurde 1947 gegründet.",1,1,5
"4103",38,1,20,1,"Der griechische Gott Apollon ist der Schutzherr der Küste.",0,0,4
"4104",38,1,20,1,"Der mitteleuropäische Feldschwirl ist kein Zugvogel.",1,1,2
"4105",38,1,20,1,"Patagonien ist ein Landschaftsabschnitt in Asien.",0,0,6
"4106",38,1,20,1,"Sambia hieß früher Nordrhodesien.",1,1,3
"4107",38,1,20,1,"Unsere Atmosphäre enthält rund 0,00025 % Ozon.",0,1,2
"4108",38,1,20,1,"Die Nachfolger Mohammeds bezeichnet man als Kalifen.",0,1,2
"4109",38,1,20,1,"Hernando Cortéz eroberte Mexiko.",1,1,5
"4110",38,1,20,1,"Der Reißverschluss wurde in Norwegen erfunden.",1,1,2
"4111",38,1,20,1,"Bolivien ist der kleinste Binnenstaat Südamerikas.",0,1,4
"4112",38,1,20,1,"Morpheus ist der griechische Gott der Träume.",0,1,5
"4113",38,1,20,1,"Spanholz besteht hauptsächlich aus Birkenholz.",1,1,2
"4114",38,1,20,1,"In USA wird kein Teletext ausgestrahlt.",1,0,2
"4115",38,1,20,1,"Goethe schrieb genau 64 Jahre lang an seinem 'Faust'.",1,1,2
"4116",38,1,20,1,"Die Augen eines Straußes sind größer als sein Gehirn.",0,1,4
"4117",38,1,20,1,"Es gibt 56 verschiedene Arten eine Krawatte zu binden.",0,1,3
"4118",38,1,20,1,"Der Basenji ist der einzige Hund, der nicht bellt.",0,0,2
"4119",38,1,20,1,"Nauru ist die kleinste souveräne Republik der Erde.",1,1,4
"4120",38,1,20,1,"Delphine schwimmen höchstens 54 Kilometer pro Stunde.",0,0,3
"4121",38,1,20,1,"Schlangen sind taub, da kein Außenohr vorhanden ist.",0,0,3
"4122",38,1,20,1,"Der Wassergehalt bei Beeren beträgt 90%.",1,1,2
"4123",38,1,20,1,"Der Mond passt vierzigmal in die Erdkugel.",0,1,3
"4124",38,1,20,1,"Austern wechseln je nach Jahreszeit ihr Geschlecht.",0,1,2
"4125",38,1,20,1,"Manama ist die Hauptstadt Bahrains.",0,0,2
"4126",38,1,20,1,"Die Ostgoten zählten zum Stamm der Normannen.",1,1,2
"4127",38,1,20,1,"Die Angst vor dem Küssen nennt man Philemaphobie.",0,1,3
"4128",38,1,20,1,"Der Maler Marc Chagall wurde 1887 in Russland geboren.",0,1,5
"4129",38,2,20,1,"Einen kastrierten Esel nennt man auch Macker oder Knilch.",0,0,4
"4130",38,2,20,1,"Die längsten Opern stammen von Gioacchino Rossini.",0,1,3
"4131",38,2,20,1,"Minerva ist die römische Göttin der Weisheit.",1,1,5
"4132",38,2,20,1,"Die Erde wird in 340 Längenkreise unterteilt.",1,1,3
"4133",38,2,20,1,"Bei den italienischen Wahlen 2008 traten 62 Parteien an.",1,1,2
"4134",38,2,20,1,"Die kanadische Sängerin Celine Dion hat acht Geschwister.",0,1,2
"4135",38,2,20,1,"Das Zwerghörnchen ist das kleinste Säugetier Europas.",0,1,2
"4136",38,2,20,1,"Der Goliathfrosch kann sogar kleine Krokodile verspeisen.",0,0,2
"4137",38,2,20,1,"Die Luftpumpe ist eine französische Erfindung.",1,1,4
"4138",38,2,20,1,"Der Ladogasee ist der größte See Europas.",0,0,2
"4139",38,2,20,1,"Die Wüste Gobi ist eine Felswüste.",1,1,5
"4140",38,2,20,1,"Alexander Graham Bell erfand das Tragflügelboot.",0,0,3
"4141",38,2,20,1,"Tom Cruise ist Legastheniker.",1,1,4
"4142",38,2,20,1,"Nicole Kidman hat panische Angst vor Schmetterlingen.",1,1,2
"4143",38,2,20,1,"Robbie Williams heißt mit Zweitnamen 'Maximilian'.",1,0,6
"4144",38,2,20,1,"In Uganda ist die Amtssprache englisch.",0,1,3
"4145",38,2,20,1,"Spanien ist ein Gründungsmitglied der UNO.",1,1,2
"4146",38,2,20,1,"Die Sektsteuer wurde von Friedrich Ebert eingeführt.",1,1,3
"4147",39,1,21,1,"Sambia hieß früher Nordrhodesien.",1,1,5
"4148",39,1,21,1,"Island ist geologisch das jüngste Inselland der Welt.",0,0,1
"4149",39,1,21,1,"Tequila wird aus dem Herzen der roten Agave gewonnen.",0,1,5
"4150",39,1,21,1,"Goethe schrieb genau 64 Jahre lang an seinem 'Faust'.",1,1,5
"4151",39,1,21,1,"Der Speisesaal eines Klosters wird Refektorium genannt.",0,1,6
"4152",39,1,21,1,"Die Wüste Dahna liegt in Saudi-Arabien.",1,1,3
"4153",39,1,21,1,"Balsaholz ist die schwerste aller Holzarten.",1,1,2
"4154",39,1,21,1,"In USA wird kein Teletext ausgestrahlt.",1,1,4
"4155",39,1,21,1,"Die Küstenseeschwalbe fliegt jedes Jahr fast 40000 km.",0,1,5
"4156",39,1,21,1,"Nur Menschen und Affen besitzen einen Bauchnabel.",0,1,5
"4157",39,1,21,1,"Beim Rugby gibt es 30 Spieler.",1,0,4
"4158",39,1,21,1,"Lachse können bis zu 20 Jahre alt werden.",1,0,2
"4159",39,1,21,1,"Der Erfinder des Bikinis war ursprünglich Schuhdesigner.",0,1,2
"4160",39,1,21,1,"Auf indischen Rupienscheinen sind 12 verschiedene Schriften.",0,0,2
"4161",39,1,21,1,"Die Ostgoten zählten zum Stamm der Normannen.",1,1,4
"4162",39,1,21,1,"Bob Dylan arbeitet nebenberuflich als Winzer.",0,0,2
"4163",39,1,21,1,"Hernando Cortéz eroberte Mexiko.",1,1,4
"4164",39,1,21,1,"Kokosnüsse haben einen höheren Fettanteil als Pistazien.",1,1,5
"4165",39,1,21,1,"Kleinohrigel haben keine Stacheln.",1,0,3
"4166",39,1,21,1,"Winston Churchill erhielt den Nobelpreis für Literatur.",0,0,2
"4167",39,1,21,1,"Ein neugeborenes Panda-Baby ist kleiner als eine Maus.",1,1,2
"4168",39,1,21,1,"Zuckerwatte wurde von einem Flugzeugpiloten erfunden.",1,1,4
"4169",39,1,21,1,"Die längsten Opern stammen von Gioacchino Rossini.",0,1,2
"4170",39,1,21,1,"In den USA gibt es die meisten Milliardäre auf der Welt.",0,0,5
"4171",39,1,21,1,"Spanholz besteht hauptsächlich aus Birkenholz.",1,1,4
"4172",39,1,21,1,"Der mitteleuropäische Feldschwirl ist kein Zugvogel.",1,0,2
"4173",39,1,21,1,"Ein menschliches Haar wächst jährlich ca. 85 mm.",1,1,4
"4174",39,1,21,1,"Wladimir Putin wurde in Murmansk geboren.",1,1,4
"4175",39,1,21,1,"Der Schwertwal gehört zur Gattung der Delfine.",0,0,6
"4176",39,1,21,1,"Eine Bienenkönigin legt durchschnittlich 500 Eier am Tag.",0,1,4
"4177",39,1,21,1,"Die kanadische Sängerin Celine Dion hat acht Geschwister.",0,1,3
"4178",39,1,21,1,"Frauen bekommen häufiger einen Schluckauf als Männer.",1,0,2
"4179",39,1,21,1,"Erdbeeren enthalten mehr Vitamin C als Orangen.",0,1,4
"4180",39,1,21,1,"Weibliche Taranteln töten circa 99% ihrer Nachkommen.",1,1,4
"4181",39,1,21,1,"Sheryl Crow war Hürdenläuferin.",0,0,2
"4182",39,1,21,1,"Schären sind Talgletscher in Skandinavien.",0,1,5
"4183",39,1,21,1,"Der Wassergehalt bei Beeren beträgt 90%.",1,1,3
"4184",39,1,21,1,"Das Zwerghörnchen ist das kleinste Säugetier Europas.",0,0,2
"4185",39,1,21,1,"Die erste elektronische Mail wurde im Jahr 1973 versendet.",0,1,4
"4186",39,1,21,1,"Das Finn-Dingi ist ein Einmannboot beim Sportsegeln.",0,1,4
"4187",39,1,21,1,"Der Allradantrieb wurde 1938 in England erfunden.",0,1,4
"4188",39,1,21,1,"Der Ladogasee ist der größte See Europas.",0,0,5
"4189",39,1,21,1,"Einen kastrierten Esel nennt man auch Macker oder Knilch.",0,0,4
"4190",39,1,21,1,"Jean-Jaques Rousseau war alleinerziehender Vater.",1,1,3
"4191",39,1,21,1,"Der Name 'Wowereit' heißt auf Litauisch Eichhörnchen.",1,1,4
"4192",39,1,21,1,"Albany ist die Hauptstadt des US-Bundesstaates New Jersey.",0,0,2
"4193",39,2,21,1,"Ein Schwan trägt ca. 50.000 Federn am Körper.",0,1,3
"4194",39,2,21,1,"Bolivien ist der kleinste Binnenstaat Südamerikas.",1,0,2
"4195",39,2,21,1,"Das Jojo war ursprünglich eine philippinische Jagdwaffe.",1,0,3
"4196",39,2,21,1,"Sumatra ist die viertgrößte Insel der Welt.",0,1,2
"4197",39,2,21,1,"Brad Pitt heißt eigentlich 'Henry Bradley Pitt'.",1,1,5
"4198",39,2,21,1,"Das meiste Gold wird derzeit in Südafrika gefördert.",0,0,2
"4199",39,2,21,1,"Das Domino-Spiel besteht aus 28 Steinen.",0,1,6
"4200",39,2,21,1,"Alle Uhren im Film 'Pulp Fiction' stehen auf 4.10 Uhr.",0,1,5
"4201",39,2,21,1,"Minerva ist die römische Göttin der Weisheit.",0,1,4
"4202",39,2,21,1,"Morpheus ist der griechische Gott der Träume.",1,1,6
"4203",39,2,21,1,"Die Tochter von Sydney Poitier heißt Sydney Poitier.",0,1,3
"4204",39,2,21,1,"Es gibt 56 verschiedene Arten eine Krawatte zu binden.",1,1,4
"4205",39,2,21,1,"French Fries' wurden in England erfunden.",1,1,4
"4206",39,2,21,1,"Der Film 'Pretty Woman' gewann keinen Oscar.",0,1,4
"4207",39,2,21,1,"Austern wechseln je nach Jahreszeit ihr Geschlecht.",1,1,5
"4208",39,2,21,1,"Ein Biber kann in einem Jahr über 200 Bäume fällen.",0,0,3
"4209",39,2,21,1,"Der höchste nordamerikanische Berg liegt in Wyoming.",1,1,3
"4210",39,2,21,1,"Der Bereich zwischen den Augenbrauen heißt Glabella.",0,1,3
"4211",39,2,21,1,"Robbie Williams heißt mit Zweitnamen 'Maximilian'.",0,0,4
"4212",39,2,21,1,"Volleyball wurde in Florida erfunden.",0,1,3
"4213",39,2,21,1,"Frauen blinzeln fast doppelt so viel wie Männer.",0,0,6
"4214",39,2,21,1,"Die Augen eines Straußes sind größer als sein Gehirn.",1,0,3
"4215",39,2,21,1,"Der Mond passt vierzigmal in die Erdkugel.",1,1,5
"4216",39,2,21,1,"Schlangen sind taub, da kein Außenohr vorhanden ist.",1,0,3
"4217",39,2,21,1,"Manama ist die Hauptstadt Bahrains.",1,1,5
"4218",39,2,21,1,"Die Angst vor dem Küssen nennt man Philemaphobie.",1,1,4
"4219",39,2,21,1,"Unsere Atmosphäre enthält rund 0,00025 % Ozon.",1,1,5
"4220",39,2,21,1,"Die Insektenkunde wird auch Entomologie genannt.",0,1,3
"4221",39,2,21,1,"Lybien ist das einzige Land mit einer einfarbigen Flagge.",1,0,2
"4222",39,2,21,1,"Nicole Kidman hat panische Angst vor Schmetterlingen.",0,1,3
"4223",39,2,21,1,"Der griechische Gott Apollon ist der Schutzherr der Küste.",1,1,2
"4224",39,2,21,1,"Der nicht sichtbare Teil des Eisbergs heißt Eisbergkiel.",1,1,5
"4225",39,2,21,1,"Der Basenji ist der einzige Hund, der nicht bellt.",1,1,2
"4226",39,2,21,1,"Delphine schwimmen höchstens 54 Kilometer pro Stunde.",1,0,2
"4227",39,2,21,1,"Freddie Mercurys richtiger Name lautete Farrokh Bulsara.",1,1,5
"4228",39,2,21,1,"Die Slowakei gehört nicht zu den NATO-Staaten.",1,1,5
"4229",39,2,21,1,"Die Insel Ösel gehört zu Dänemark.",1,1,1
"4230",39,2,21,1,"Die Norfolkinseln im Pazifik gehören zu Neuseeland.",1,1,4
"4231",39,2,21,1,"Seepferdchen gehören zur Gattung der Fische.",0,1,6
"4232",39,2,21,1,"Tom Cruise ist Legastheniker.",0,1,2
"4233",39,2,21,1,"Spanien ist ein Gründungsmitglied der UNO.",0,1,3
"4234",39,2,21,1,"Die Azoren gehören zu Spanien.",1,0,6
"4235",39,2,21,1,"Bei den italienischen Wahlen 2008 traten 62 Parteien an.",0,1,4
"4236",39,2,21,1,"Schweine können keinen Sonnenbrand bekommen.",0,1,5
"4237",39,2,21,1,"Wenn Nilpferde sich aufregen, färbt sich ihr Schweiß grün.",1,1,4
"4238",39,2,21,1,"Der Javagraben ist die tiefste Meerestiefe der Welt.",0,1,1
"4239",39,2,21,1,"Das Capybara ist das größte aller Beuteltiere.",0,0,2
"4240",39,2,21,1,"Das Lieblingsgetränk von Benedikt XVI. ist Fanta.",1,1,5
"4241",39,2,21,1,"Die Nachfolger Mohammeds bezeichnet man als Kalifen.",1,1,6
"4242",39,2,21,1,"Ein Menschenfloh kann 20cm hoch springen.",0,1,4
"4243",39,2,21,1,"Die Schwarzerle zählt zu den Buchengewächsen.",1,1,4
"4244",39,2,21,1,"Das türkische Bad wurde in Griechenland erfunden.",0,1,3
"4245",39,2,21,1,"Der Nacktmull ist das schmerzempfindlichste Tier der Welt.",0,0,5
"4246",39,2,21,1,"Die Sektsteuer wurde von Friedrich Ebert eingeführt.",0,0,3
"4247",39,1,21,1,"Ein Nilpferd wiegt bei seiner Geburt ca. 150kg.",1,1,4
"4248",39,1,21,1,"Alexander Graham Bell erfand das Tragflügelboot.",0,1,2
"4249",39,1,21,1,"Nauru ist die kleinste souveräne Republik der Erde.",1,1,5
"4250",39,1,21,1,"Tennis wurde in englischen Klöstern erfunden.",1,0,2
"4251",39,1,21,1,"Für Descartes wies Schielen bei Frauen auf Frigidität hin.",0,1,5
"4252",39,1,21,1,"Seoul bedeutet auf koreanisch 'Die Hauptstadt'.",0,1,3
"4253",39,1,21,1,"Keime sterben auf Holz schneller ab als auf Plastik.",1,1,5
"4254",39,1,21,1,"Der Goliathfrosch kann sogar kleine Krokodile verspeisen.",0,0,2
"4255",39,1,21,1,"Blaue Augen werden im Alter immer heller.",1,1,2
"4256",39,1,21,1,"Der Reißverschluss wurde in Norwegen erfunden.",1,1,4
"4257",39,1,21,1,"Die Volksrepublik China wurde 1947 gegründet.",1,0,1
"4258",39,1,21,1,"In Uganda ist die Amtssprache englisch.",0,1,2
"4259",39,1,21,1,"Magnesiummangel kann zu Hautproblemen führen.",0,1,5
"4260",39,2,21,1,"Der Maler Marc Chagall wurde 1887 in Russland geboren.",1,0,3
"4261",39,2,21,1,"Die Wüste Gobi ist eine Felswüste.",0,0,4
"4262",39,2,21,1,"Patagonien ist ein Landschaftsabschnitt in Asien.",1,1,5
"4263",39,2,21,1,"Die Luftpumpe ist eine französische Erfindung.",0,1,4
"4264",39,2,21,1,"Giséle Bündchen hat einen Zwillingsbruder.",0,0,4
"4265",39,1,21,1,"In Angola ist Spanisch die offizielle Amtssprache.",1,1,4
"4266",39,2,21,1,"Die Erde wird in 340 Längenkreise unterteilt.",0,1,2
"4267",40,1,30,1,"Ein Nilpferd wiegt bei seiner Geburt ca. 150kg.",1,0,1
"4268",40,1,30,1,"Alexander Graham Bell erfand das Tragflügelboot.",0,0,1
"4269",40,1,30,1,"Jean-Jaques Rousseau war alleinerziehender Vater.",1,0,1
"4270",40,2,30,1,"Die Insel Ösel gehört zu Dänemark.",0,0,1
"4271",40,2,30,1,"Brad Pitt heißt eigentlich 'Henry Bradley Pitt'.",0,1,2
"4272",40,2,30,1,"French Fries' wurden in England erfunden.",0,1,2
"4273",40,1,30,1,"Der Reißverschluss wurde in Norwegen erfunden.",1,1,1
"4274",40,1,30,1,"Schären sind Talgletscher in Skandinavien.",0,0,1
"4275",40,1,30,1,"In den USA gibt es die meisten Milliardäre auf der Welt.",0,1,1
"4276",40,2,30,1,"Volleyball wurde in Florida erfunden.",1,0,1
"4277",40,2,30,1,"Das türkische Bad wurde in Griechenland erfunden.",1,0,1
"4278",40,2,30,1,"Die Schwarzerle zählt zu den Buchengewächsen.",0,0,1
"4279",40,2,30,1,"Bei den italienischen Wahlen 2008 traten 62 Parteien an.",1,1,1
"4280",40,2,30,1,"Das meiste Gold wird derzeit in Südafrika gefördert.",1,1,4
"4281",40,2,30,1,"Die Erde wird in 340 Längenkreise unterteilt.",1,1,3
"4282",40,2,30,1,"Das Jojo war ursprünglich eine philippinische Jagdwaffe.",0,1,2
"4283",40,2,30,1,"Das Lieblingsgetränk von Benedikt XVI. ist Fanta.",0,0,5
"4284",40,2,30,1,"Der Film 'Pretty Woman' gewann keinen Oscar.",1,0,3
"4285",40,2,30,1,"Der Basenji ist der einzige Hund, der nicht bellt.",0,1,1
"4286",40,2,30,1,"Giséle Bündchen hat einen Zwillingsbruder.",1,1,1
"4287",40,2,30,1,"Austern wechseln je nach Jahreszeit ihr Geschlecht.",0,1,3
"4288",40,2,30,1,"Die Tochter von Sydney Poitier heißt Sydney Poitier.",1,0,1
"4289",40,2,30,1,"Der Bereich zwischen den Augenbrauen heißt Glabella.",1,1,3
"4290",40,2,30,1,"Der Mond passt vierzigmal in die Erdkugel.",0,1,1
"4291",40,2,30,1,"Lybien ist das einzige Land mit einer einfarbigen Flagge.",0,1,1
"4292",40,2,30,1,"Bolivien ist der kleinste Binnenstaat Südamerikas.",0,1,1
"4293",40,2,30,1,"Tom Cruise ist Legastheniker.",1,1,3
"4294",40,2,30,1,"Seepferdchen gehören zur Gattung der Fische.",1,1,2
"4295",40,2,30,1,"Ein Schwan trägt ca. 50.000 Federn am Körper.",1,1,4
"4296",40,2,30,1,"Frauen blinzeln fast doppelt so viel wie Männer.",1,1,1
"4297",40,2,30,1,"Die Wüste Gobi ist eine Felswüste.",1,1,1
"4298",40,2,30,1,"Die Sektsteuer wurde von Friedrich Ebert eingeführt.",1,0,1
"4299",40,2,30,1,"Morpheus ist der griechische Gott der Träume.",0,1,4
"4300",40,2,30,1,"Die Augen eines Straußes sind größer als sein Gehirn.",0,1,4
"4301",40,2,30,1,"Nicole Kidman hat panische Angst vor Schmetterlingen.",1,1,2
"4302",40,2,30,1,"Die Slowakei gehört nicht zu den NATO-Staaten.",0,0,1
"4303",40,2,30,1,"Der Javagraben ist die tiefste Meerestiefe der Welt.",1,0,1
"4304",40,2,30,1,"Die Insektenkunde wird auch Entomologie genannt.",1,1,2
"4305",40,2,30,1,"Es gibt 56 verschiedene Arten eine Krawatte zu binden.",0,1,5
"4306",40,2,30,1,"Ein Biber kann in einem Jahr über 200 Bäume fällen.",1,1,5
"4307",40,2,30,1,"Die Luftpumpe ist eine französische Erfindung.",1,1,1
"4308",40,2,30,1,"Der höchste nordamerikanische Berg liegt in Wyoming.",0,1,1
"4309",40,2,30,1,"Delphine schwimmen höchstens 54 Kilometer pro Stunde.",0,0,1
"4310",40,2,30,1,"Wenn Nilpferde sich aufregen, färbt sich ihr Schweiß grün.",0,1,1
"4311",40,2,30,1,"Patagonien ist ein Landschaftsabschnitt in Asien.",0,1,1
"4312",40,2,30,1,"Manama ist die Hauptstadt Bahrains.",0,0,1
"4313",40,2,30,1,"Minerva ist die römische Göttin der Weisheit.",1,1,1
"4314",40,2,30,1,"Die Angst vor dem Küssen nennt man Philemaphobie.",0,1,2
"4315",40,2,30,1,"Spanien ist ein Gründungsmitglied der UNO.",1,0,1
"4316",40,1,30,1,"Der Goliathfrosch kann sogar kleine Krokodile verspeisen.",0,1,3
"4317",40,1,30,1,"Der Ladogasee ist der größte See Europas.",0,1,4
"4318",40,1,30,1,"Seoul bedeutet auf koreanisch 'Die Hauptstadt'.",0,1,3
"4319",40,1,30,1,"In Angola ist Spanisch die offizielle Amtssprache.",1,1,3
"4320",40,1,30,1,"Die kanadische Sängerin Celine Dion hat acht Geschwister.",0,0,1
"4321",40,1,30,1,"In Uganda ist die Amtssprache englisch.",0,0,3
"4322",40,1,30,1,"Island ist geologisch das jüngste Inselland der Welt.",0,1,2
"4323",40,1,30,1,"Hernando Cortéz eroberte Mexiko.",1,0,1
"4324",40,1,30,1,"Das Zwerghörnchen ist das kleinste Säugetier Europas.",0,0,1
"4325",40,1,30,1,"Das Finn-Dingi ist ein Einmannboot beim Sportsegeln.",0,0,1
"4326",40,1,30,1,"Die Wüste Dahna liegt in Saudi-Arabien.",1,1,1
"4327",40,1,30,1,"Balsaholz ist die schwerste aller Holzarten.",1,1,1
"4328",40,1,30,1,"Auf indischen Rupienscheinen sind 12 verschiedene Schriften.",0,1,1
"4329",40,1,30,1,"Die Ostgoten zählten zum Stamm der Normannen.",1,1,1
"4330",40,1,30,1,"Sambia hieß früher Nordrhodesien.",1,0,1
"4331",40,1,30,1,"Frauen bekommen häufiger einen Schluckauf als Männer.",1,0,1
"4332",40,1,30,1,"Ein neugeborenes Panda-Baby ist kleiner als eine Maus.",1,1,3
"4333",40,1,30,1,"Kokosnüsse haben einen höheren Fettanteil als Pistazien.",1,1,2
"4334",40,1,30,1,"Der Allradantrieb wurde 1938 in England erfunden.",0,0,1
"4335",40,1,30,1,"Keime sterben auf Holz schneller ab als auf Plastik.",1,0,1
"4336",40,1,30,1,"Magnesiummangel kann zu Hautproblemen führen.",0,1,2
"4337",40,1,30,1,"Goethe schrieb genau 64 Jahre lang an seinem 'Faust'.",1,0,1
"4338",40,1,30,1,"Erdbeeren enthalten mehr Vitamin C als Orangen.",0,1,5
"4339",40,1,30,1,"Für Descartes wies Schielen bei Frauen auf Frigidität hin.",0,0,1
"4340",40,1,30,1,"Bob Dylan arbeitet nebenberuflich als Winzer.",0,0,1
"4341",40,1,30,1,"Die Küstenseeschwalbe fliegt jedes Jahr fast 40000 km.",0,1,3
"4342",40,1,30,1,"Ein menschliches Haar wächst jährlich ca. 85 mm.",1,1,3
"4343",40,1,30,1,"Eine Bienenkönigin legt durchschnittlich 500 Eier am Tag.",0,1,3
"4344",40,1,30,1,"Albany ist die Hauptstadt des US-Bundesstaates New Jersey.",0,0,1
"4345",40,1,30,1,"Tequila wird aus dem Herzen der roten Agave gewonnen.",0,1,1
"4346",40,1,30,1,"Wladimir Putin wurde in Murmansk geboren.",1,1,1
"4347",40,1,30,1,"Sheryl Crow war Hürdenläuferin.",0,0,1
"4348",40,1,30,1,"Der Name 'Wowereit' heißt auf Litauisch Eichhörnchen.",1,1,1
"4349",40,1,30,1,"Der Speisesaal eines Klosters wird Refektorium genannt.",0,1,1
"4350",40,1,30,1,"Nur Menschen und Affen besitzen einen Bauchnabel.",0,0,5
"4351",40,1,30,1,"Lachse können bis zu 20 Jahre alt werden.",1,1,1
"4352",40,1,30,1,"Tennis wurde in englischen Klöstern erfunden.",1,1,2
"4353",40,1,30,1,"Die Volksrepublik China wurde 1947 gegründet.",1,0,1
"4354",40,1,30,1,"Der Schwertwal gehört zur Gattung der Delfine.",0,1,1
"4355",40,1,30,1,"Der mitteleuropäische Feldschwirl ist kein Zugvogel.",1,0,1
"4356",40,1,30,1,"Nauru ist die kleinste souveräne Republik der Erde.",1,1,1
"4357",40,1,30,1,"In USA wird kein Teletext ausgestrahlt.",1,0,1
"4358",40,1,30,1,"Winston Churchill erhielt den Nobelpreis für Literatur.",0,1,1
"4359",40,1,30,1,"Blaue Augen werden im Alter immer heller.",1,1,2
"4360",40,1,30,1,"Die erste elektronische Mail wurde im Jahr 1973 versendet.",0,1,1
"4361",40,1,30,1,"Spanholz besteht hauptsächlich aus Birkenholz.",1,1,1
"4362",40,1,30,1,"Weibliche Taranteln töten circa 99% ihrer Nachkommen.",1,1,1
"4363",40,1,30,1,"Der Erfinder des Bikinis war ursprünglich Schuhdesigner.",0,1,1
"4364",40,1,30,1,"Zuckerwatte wurde von einem Flugzeugpiloten erfunden.",1,1,1
"4365",40,1,30,1,"Einen kastrierten Esel nennt man auch Macker oder Knilch.",0,1,1
"4366",40,1,30,1,"Beim Rugby gibt es 30 Spieler.",1,1,1
"4367",40,1,30,1,"Der Wassergehalt bei Beeren beträgt 90%.",1,1,4
"4368",40,1,30,1,"Die längsten Opern stammen von Gioacchino Rossini.",0,0,1
"4369",40,1,30,1,"Kleinohrigel haben keine Stacheln.",1,0,1
"4370",40,2,30,1,"Das Domino-Spiel besteht aus 28 Steinen.",1,1,1
"4371",40,2,30,1,"Robbie Williams heißt mit Zweitnamen 'Maximilian'.",1,1,1
"4372",40,2,30,1,"Der nicht sichtbare Teil des Eisbergs heißt Eisbergkiel.",0,1,1
"4373",40,2,30,1,"Das Capybara ist das größte aller Beuteltiere.",1,1,1
"4374",40,2,30,1,"Ein Menschenfloh kann 20cm hoch springen.",1,1,1
"4375",40,2,30,1,"Alle Uhren im Film 'Pulp Fiction' stehen auf 4.10 Uhr.",1,1,4
"4376",40,2,30,1,"Schlangen sind taub, da kein Außenohr vorhanden ist.",0,0,1
"4377",40,2,30,1,"Der Maler Marc Chagall wurde 1887 in Russland geboren.",0,1,1
"4378",40,2,30,1,"Der Nacktmull ist das schmerzempfindlichste Tier der Welt.",1,0,1
"4379",40,2,30,1,"Die Azoren gehören zu Spanien.",0,1,6
"4380",40,2,30,1,"Der griechische Gott Apollon ist der Schutzherr der Küste.",0,1,1
"4381",40,2,30,1,"Freddie Mercurys richtiger Name lautete Farrokh Bulsara.",0,1,1
"4382",40,2,30,1,"Schweine können keinen Sonnenbrand bekommen.",1,0,2
"4383",40,2,30,1,"Unsere Atmosphäre enthält rund 0,00025 % Ozon.",0,1,1
"4384",40,2,30,1,"Sumatra ist die viertgrößte Insel der Welt.",1,1,1
"4385",40,2,30,1,"Die Norfolkinseln im Pazifik gehören zu Neuseeland.",0,1,1
"4386",40,2,30,1,"Die Nachfolger Mohammeds bezeichnet man als Kalifen.",0,1,1
"4387",41,1,31,1,"Bei den italienischen Wahlen 2008 traten 62 Parteien an.",0,1,2
"4388",41,1,31,1,"Tennis wurde in englischen Klöstern erfunden.",1,1,1
"4389",41,1,31,1,"Die Wüste Dahna liegt in Saudi-Arabien.",1,1,2
"4390",41,1,31,1,"In Angola ist Spanisch die offizielle Amtssprache.",1,0,5
"4391",41,1,31,1,"Giséle Bündchen hat einen Zwillingsbruder.",0,0,1
"4392",41,1,31,1,"Die Tochter von Sydney Poitier heißt Sydney Poitier.",0,0,1
"4393",41,1,31,1,"Spanien ist ein Gründungsmitglied der UNO.",0,1,2
"4394",41,1,31,1,"Nicole Kidman hat panische Angst vor Schmetterlingen.",0,0,1
"4395",41,1,31,1,"Lachse können bis zu 20 Jahre alt werden.",1,1,1
"4396",41,1,31,1,"Die Insektenkunde wird auch Entomologie genannt.",0,1,2
"4397",41,1,31,1,"Der Bereich zwischen den Augenbrauen heißt Glabella.",0,0,1
"4398",41,1,31,1,"Der Javagraben ist die tiefste Meerestiefe der Welt.",0,1,3
"4399",41,1,31,1,"Der Name 'Wowereit' heißt auf Litauisch Eichhörnchen.",1,0,1
"4400",41,1,31,1,"Das türkische Bad wurde in Griechenland erfunden.",0,1,2
"4401",41,1,31,1,"Sumatra ist die viertgrößte Insel der Welt.",0,1,1
"4402",41,1,31,1,"Nauru ist die kleinste souveräne Republik der Erde.",1,0,1
"4403",41,1,31,1,"Ein Schwan trägt ca. 50.000 Federn am Körper.",0,1,1
"4404",41,1,31,1,"Der Wassergehalt bei Beeren beträgt 90%.",1,1,3
"4405",41,1,31,1,"Der mitteleuropäische Feldschwirl ist kein Zugvogel.",1,1,1
"4406",41,1,31,1,"Seepferdchen gehören zur Gattung der Fische.",0,1,2
"4407",41,1,31,1,"Kokosnüsse haben einen höheren Fettanteil als Pistazien.",1,1,2
"4408",41,1,31,1,"Frauen blinzeln fast doppelt so viel wie Männer.",0,0,3
"4409",41,1,31,1,"Hernando Cortéz eroberte Mexiko.",1,1,2
"4410",41,1,31,1,"Ein neugeborenes Panda-Baby ist kleiner als eine Maus.",1,1,2
"4411",41,1,31,1,"Die Wüste Gobi ist eine Felswüste.",0,1,2
"4412",41,1,31,1,"Spanholz besteht hauptsächlich aus Birkenholz.",1,1,2
"4413",41,1,31,1,"Minerva ist die römische Göttin der Weisheit.",0,0,1
"4414",41,1,31,1,"Ein Nilpferd wiegt bei seiner Geburt ca. 150kg.",1,1,1
"4415",41,1,31,1,"Schweine können keinen Sonnenbrand bekommen.",0,0,3
"4416",41,1,31,1,"Weibliche Taranteln töten circa 99% ihrer Nachkommen.",1,1,2
"4417",41,1,31,1,"Das meiste Gold wird derzeit in Südafrika gefördert.",0,0,1
"4418",41,1,31,1,"Ein Menschenfloh kann 20cm hoch springen.",0,0,2
"4419",41,1,31,1,"Sambia hieß früher Nordrhodesien.",1,0,1
"4420",41,1,31,1,"Ein menschliches Haar wächst jährlich ca. 85 mm.",1,1,2
"4421",41,1,31,1,"Alle Uhren im Film 'Pulp Fiction' stehen auf 4.10 Uhr.",0,1,1
"4422",41,1,31,1,"Die Volksrepublik China wurde 1947 gegründet.",1,1,2
"4423",41,1,31,1,"Die Sektsteuer wurde von Friedrich Ebert eingeführt.",0,1,1
"4424",41,1,31,1,"Balsaholz ist die schwerste aller Holzarten.",1,0,2
"4425",41,1,31,1,"Der Nacktmull ist das schmerzempfindlichste Tier der Welt.",0,1,1
"4426",41,1,31,1,"Volleyball wurde in Florida erfunden.",0,0,2
"4427",41,1,31,1,"Die Erde wird in 340 Längenkreise unterteilt.",0,1,1
"4428",41,1,31,1,"Wladimir Putin wurde in Murmansk geboren.",1,1,1
"4429",41,1,31,1,"Der Reißverschluss wurde in Norwegen erfunden.",1,0,2
"4430",41,1,31,1,"Das Capybara ist das größte aller Beuteltiere.",0,1,1
"4431",41,1,31,1,"Der Film 'Pretty Woman' gewann keinen Oscar.",0,1,1
"4432",41,1,31,1,"Frauen bekommen häufiger einen Schluckauf als Männer.",1,0,2
"4433",41,1,31,1,"Robbie Williams heißt mit Zweitnamen 'Maximilian'.",0,0,1
"4434",41,1,31,1,"Zuckerwatte wurde von einem Flugzeugpiloten erfunden.",1,1,1
"4435",41,1,31,1,"Ein Biber kann in einem Jahr über 200 Bäume fällen.",0,1,2
"4436",41,2,31,1,"Der höchste nordamerikanische Berg liegt in Wyoming.",1,0,1
"4437",41,2,31,1,"Es gibt 56 verschiedene Arten eine Krawatte zu binden.",1,0,1
"4438",41,2,31,1,"Schlangen sind taub, da kein Außenohr vorhanden ist.",1,1,1
"4439",41,2,31,1,"Die Nachfolger Mohammeds bezeichnet man als Kalifen.",1,1,1
"4440",41,2,31,1,"Tequila wird aus dem Herzen der roten Agave gewonnen.",0,0,1
"4441",41,2,31,1,"Die Norfolkinseln im Pazifik gehören zu Neuseeland.",1,0,1
"4442",41,2,31,1,"Die Azoren gehören zu Spanien.",1,0,6
"4443",41,2,31,1,"Bob Dylan arbeitet nebenberuflich als Winzer.",0,0,1
"4444",41,2,31,1,"Der Ladogasee ist der größte See Europas.",0,0,1
"4445",41,2,31,1,"Freddie Mercurys richtiger Name lautete Farrokh Bulsara.",1,0,1
"4446",41,2,31,1,"Seoul bedeutet auf koreanisch 'Die Hauptstadt'.",0,1,1
"4447",41,2,31,1,"Der Mond passt vierzigmal in die Erdkugel.",1,1,1
"4448",41,2,31,1,"Lybien ist das einzige Land mit einer einfarbigen Flagge.",1,0,1
"4449",41,2,31,1,"Winston Churchill erhielt den Nobelpreis für Literatur.",0,0,2
"4450",41,2,31,1,"Das Finn-Dingi ist ein Einmannboot beim Sportsegeln.",0,0,1
"4451",41,2,31,1,"Für Descartes wies Schielen bei Frauen auf Frigidität hin.",0,1,1
"4452",41,2,31,1,"Das Jojo war ursprünglich eine philippinische Jagdwaffe.",1,1,1
"4453",41,2,31,1,"Die Slowakei gehört nicht zu den NATO-Staaten.",1,0,1
"4454",41,2,31,1,"Die längsten Opern stammen von Gioacchino Rossini.",0,1,1
"4455",41,2,31,1,"Schären sind Talgletscher in Skandinavien.",0,1,1
"4456",41,2,31,1,"Brad Pitt heißt eigentlich 'Henry Bradley Pitt'.",1,1,1
"4457",41,2,31,1,"Das Zwerghörnchen ist das kleinste Säugetier Europas.",0,1,1
"4458",41,2,31,1,"Das Lieblingsgetränk von Benedikt XVI. ist Fanta.",1,0,1
"4459",41,2,31,1,"Der Speisesaal eines Klosters wird Refektorium genannt.",0,1,2
"4460",41,2,31,1,"Der nicht sichtbare Teil des Eisbergs heißt Eisbergkiel.",1,1,1
"4461",41,2,31,1,"In den USA gibt es die meisten Milliardäre auf der Welt.",0,0,1
"4462",41,2,31,1,"Alexander Graham Bell erfand das Tragflügelboot.",0,0,1
"4463",41,2,31,1,"Die Augen eines Straußes sind größer als sein Gehirn.",1,1,1
"4464",41,2,31,1,"Der Schwertwal gehört zur Gattung der Delfine.",0,1,1
"4465",41,2,31,1,"Der Basenji ist der einzige Hund, der nicht bellt.",1,0,1
"4466",41,2,31,1,"Der griechische Gott Apollon ist der Schutzherr der Küste.",1,0,1
"4467",41,2,31,1,"Die erste elektronische Mail wurde im Jahr 1973 versendet.",0,1,1
"4468",41,2,31,1,"French Fries' wurden in England erfunden.",1,1,1
"4469",41,2,31,1,"Erdbeeren enthalten mehr Vitamin C als Orangen.",0,1,3
"4470",41,2,31,1,"Auf indischen Rupienscheinen sind 12 verschiedene Schriften.",0,0,1
"4471",41,2,31,1,"Die kanadische Sängerin Celine Dion hat acht Geschwister.",0,0,1
"4472",41,2,31,1,"Austern wechseln je nach Jahreszeit ihr Geschlecht.",1,1,1
"4473",41,2,31,1,"Der Goliathfrosch kann sogar kleine Krokodile verspeisen.",0,0,1
"4474",41,2,31,1,"Patagonien ist ein Landschaftsabschnitt in Asien.",1,0,6
"4475",41,2,31,1,"Der Maler Marc Chagall wurde 1887 in Russland geboren.",1,0,1
"4476",41,2,31,1,"Wenn Nilpferde sich aufregen, färbt sich ihr Schweiß grün.",1,0,1
"4477",41,2,31,1,"Eine Bienenkönigin legt durchschnittlich 500 Eier am Tag.",0,0,1
"4478",41,2,31,1,"Albany ist die Hauptstadt des US-Bundesstaates New Jersey.",0,0,1
"4479",41,2,31,1,"Island ist geologisch das jüngste Inselland der Welt.",0,1,1
"4480",41,2,31,1,"Der Allradantrieb wurde 1938 in England erfunden.",0,0,1
"4481",41,2,31,1,"Magnesiummangel kann zu Hautproblemen führen.",0,1,4
"4482",41,2,31,1,"Manama ist die Hauptstadt Bahrains.",1,0,1
"4483",41,2,31,1,"Delphine schwimmen höchstens 54 Kilometer pro Stunde.",1,1,1
"4484",41,2,31,1,"Die Angst vor dem Küssen nennt man Philemaphobie.",1,1,1
"4485",41,2,31,1,"Morpheus ist der griechische Gott der Träume.",1,1,2
"4486",41,2,31,1,"Unsere Atmosphäre enthält rund 0,00025 % Ozon.",1,1,1
"4487",41,2,31,1,"Einen kastrierten Esel nennt man auch Macker oder Knilch.",0,0,1
"4488",41,2,31,1,"Die Insel Ösel gehört zu Dänemark.",1,1,1
"4489",41,1,31,1,"Die Ostgoten zählten zum Stamm der Normannen.",1,1,2
"4490",41,1,31,1,"Jean-Jaques Rousseau war alleinerziehender Vater.",1,0,1
"4491",41,1,31,1,"Das Domino-Spiel besteht aus 28 Steinen.",0,1,1
"4492",41,1,31,1,"Kleinohrigel haben keine Stacheln.",1,1,1
"4493",41,1,31,1,"Goethe schrieb genau 64 Jahre lang an seinem 'Faust'.",1,0,3
"4494",41,1,31,1,"Blaue Augen werden im Alter immer heller.",1,1,1
"4495",41,1,31,1,"Tom Cruise ist Legastheniker.",0,1,1
"4496",41,1,31,1,"In USA wird kein Teletext ausgestrahlt.",1,0,1
"4497",41,1,31,1,"Die Luftpumpe ist eine französische Erfindung.",0,1,1
"4498",41,1,31,1,"Keime sterben auf Holz schneller ab als auf Plastik.",1,1,4
"4499",41,1,31,1,"Beim Rugby gibt es 30 Spieler.",1,1,1
"4500",41,2,31,1,"Sheryl Crow war Hürdenläuferin.",0,0,1
"4501",41,2,31,1,"In Uganda ist die Amtssprache englisch.",0,1,1
"4502",41,2,31,1,"Der Erfinder des Bikinis war ursprünglich Schuhdesigner.",0,1,1
"4503",41,2,31,1,"Die Küstenseeschwalbe fliegt jedes Jahr fast 40000 km.",0,1,1
"4504",41,2,31,1,"Nur Menschen und Affen besitzen einen Bauchnabel.",0,0,6
"4505",41,2,31,1,"Die Schwarzerle zählt zu den Buchengewächsen.",1,0,1
"4506",42,1,25,1,"Minerva ist die römische Göttin der Weisheit.",0,1,6
"4507",42,1,25,1,"Frauen bekommen häufiger einen Schluckauf als Männer.",1,0,5
"4508",42,1,25,1,"Kleinohrigel haben keine Stacheln.",1,1,2
"4509",42,2,25,1,"Winston Churchill erhielt den Nobelpreis für Literatur.",1,0,2
"4510",42,2,25,1,"Austern wechseln je nach Jahreszeit ihr Geschlecht.",0,1,2
"4511",42,2,25,1,"Die erste elektronische Mail wurde im Jahr 1973 versendet.",1,0,1
"4512",42,2,25,1,"Albany ist die Hauptstadt des US-Bundesstaates New Jersey.",1,1,2
"4513",42,2,25,1,"Der Speisesaal eines Klosters wird Refektorium genannt.",1,0,1
"4514",42,2,25,1,"Erdbeeren enthalten mehr Vitamin C als Orangen.",1,1,3
"4515",42,1,25,1,"Die Ostgoten zählten zum Stamm der Normannen.",1,0,1
"4516",42,1,25,1,"Hernando Cortéz eroberte Mexiko.",1,1,1
"4517",42,1,25,1,"Tennis wurde in englischen Klöstern erfunden.",1,1,1
"4518",42,1,25,1,"Der Bereich zwischen den Augenbrauen heißt Glabella.",0,0,1
"4519",42,2,25,1,"Bolivien ist der kleinste Binnenstaat Südamerikas.",0,0,2
"4520",42,2,25,1,"Einen kastrierten Esel nennt man auch Macker oder Knilch.",1,0,4
"4521",42,2,25,1,"Eine Bienenkönigin legt durchschnittlich 500 Eier am Tag.",1,1,5
"4522",42,2,25,1,"Der Schwertwal gehört zur Gattung der Delfine.",1,1,3
"4523",42,2,25,1,"Alexander Graham Bell erfand das Tragflügelboot.",1,0,1
"4524",42,2,25,1,"Manama ist die Hauptstadt Bahrains.",0,0,1
"4525",42,2,25,1,"Der Maler Marc Chagall wurde 1887 in Russland geboren.",0,1,1
"4526",42,2,25,1,"Die Angst vor dem Küssen nennt man Philemaphobie.",0,0,1
"4527",42,2,25,1,"Die Küstenseeschwalbe fliegt jedes Jahr fast 40000 km.",1,1,2
"4528",42,2,25,1,"Der Ladogasee ist der größte See Europas.",1,0,1
"4529",42,2,25,1,"Bob Dylan arbeitet nebenberuflich als Winzer.",1,1,1
"4530",42,2,25,1,"Schlangen sind taub, da kein Außenohr vorhanden ist.",0,0,2
"4531",42,2,25,1,"Lybien ist das einzige Land mit einer einfarbigen Flagge.",0,1,2
"4532",42,2,25,1,"Die Norfolkinseln im Pazifik gehören zu Neuseeland.",0,1,2
"4533",42,2,25,1,"Die längsten Opern stammen von Gioacchino Rossini.",1,1,2
"4534",42,2,25,1,"Die Slowakei gehört nicht zu den NATO-Staaten.",0,0,1
"4535",42,2,25,1,"In Uganda ist die Amtssprache englisch.",1,1,1
"4536",42,2,25,1,"Das Finn-Dingi ist ein Einmannboot beim Sportsegeln.",1,1,1
"4537",42,2,25,1,"In den USA gibt es die meisten Milliardäre auf der Welt.",1,1,5
"4538",42,2,25,1,"Sheryl Crow war Hürdenläuferin.",1,0,1
"4539",42,2,25,1,"Für Descartes wies Schielen bei Frauen auf Frigidität hin.",1,1,2
"4540",42,2,25,1,"French Fries' wurden in England erfunden.",0,1,5
"4541",42,2,25,1,"Freddie Mercurys richtiger Name lautete Farrokh Bulsara.",0,0,2
"4542",42,2,25,1,"Der Erfinder des Bikinis war ursprünglich Schuhdesigner.",1,1,2
"4543",42,2,25,1,"Morpheus ist der griechische Gott der Träume.",0,0,2
"4544",42,2,25,1,"Unsere Atmosphäre enthält rund 0,00025 % Ozon.",0,1,2
"4545",42,2,25,1,"Brad Pitt heißt eigentlich 'Henry Bradley Pitt'.",0,1,2
"4546",42,2,25,1,"Der Mond passt vierzigmal in die Erdkugel.",0,1,1
"4547",42,2,25,1,"Schären sind Talgletscher in Skandinavien.",1,1,2
"4548",42,2,25,1,"Die kanadische Sängerin Celine Dion hat acht Geschwister.",1,1,3
"4549",42,2,25,1,"Nur Menschen und Affen besitzen einen Bauchnabel.",1,1,1
"4550",42,2,25,1,"Es gibt 56 verschiedene Arten eine Krawatte zu binden.",0,1,4
"4551",42,2,25,1,"Auf indischen Rupienscheinen sind 12 verschiedene Schriften.",1,1,2
"4552",42,2,25,1,"Das Zwerghörnchen ist das kleinste Säugetier Europas.",1,0,2
"4553",42,2,25,1,"Die Nachfolger Mohammeds bezeichnet man als Kalifen.",0,0,1
"4554",42,2,25,1,"Das Jojo war ursprünglich eine philippinische Jagdwaffe.",0,1,1
"4555",42,2,25,1,"Der griechische Gott Apollon ist der Schutzherr der Küste.",0,0,1
"4556",42,2,25,1,"Tequila wird aus dem Herzen der roten Agave gewonnen.",1,1,2
"4557",42,2,25,1,"Die Insel Ösel gehört zu Dänemark.",0,0,2
"4558",42,2,25,1,"Der Goliathfrosch kann sogar kleine Krokodile verspeisen.",1,1,4
"4559",42,1,25,1,"Der mitteleuropäische Feldschwirl ist kein Zugvogel.",1,1,1
"4560",42,1,25,1,"Ein Menschenfloh kann 20cm hoch springen.",0,1,5
"4561",42,1,25,1,"Lachse können bis zu 20 Jahre alt werden.",1,1,5
"4562",42,1,25,1,"Seepferdchen gehören zur Gattung der Fische.",0,0,2
"4563",42,1,25,1,"Die Tochter von Sydney Poitier heißt Sydney Poitier.",0,0,1
"4564",42,1,25,1,"Nauru ist die kleinste souveräne Republik der Erde.",1,0,1
"4565",42,1,25,1,"Sambia hieß früher Nordrhodesien.",1,1,1
"4566",42,1,25,1,"Die Erde wird in 340 Längenkreise unterteilt.",0,1,1
"4567",42,1,25,1,"Frauen blinzeln fast doppelt so viel wie Männer.",0,0,4
"4568",42,1,25,1,"Ein menschliches Haar wächst jährlich ca. 85 mm.",1,1,3
"4569",42,1,25,1,"Beim Rugby gibt es 30 Spieler.",1,1,2
"4570",42,1,25,1,"Die Volksrepublik China wurde 1947 gegründet.",1,1,2
"4571",42,1,25,1,"Das Domino-Spiel besteht aus 28 Steinen.",0,1,2
"4572",42,1,25,1,"Giséle Bündchen hat einen Zwillingsbruder.",0,0,1
"4573",42,1,25,1,"Blaue Augen werden im Alter immer heller.",1,1,1
"4574",42,1,25,1,"Ein neugeborenes Panda-Baby ist kleiner als eine Maus.",1,1,6
"4575",42,1,25,1,"In USA wird kein Teletext ausgestrahlt.",1,1,4
"4576",42,1,25,1,"Nicole Kidman hat panische Angst vor Schmetterlingen.",0,1,2
"4577",42,1,25,1,"Spanien ist ein Gründungsmitglied der UNO.",0,1,3
"4578",42,1,25,1,"Die Wüste Gobi ist eine Felswüste.",0,1,1
"4579",42,1,25,1,"Die Insektenkunde wird auch Entomologie genannt.",0,1,1
"4580",42,1,25,1,"Volleyball wurde in Florida erfunden.",0,0,2
"4581",42,1,25,1,"Alle Uhren im Film 'Pulp Fiction' stehen auf 4.10 Uhr.",0,1,1
"4582",42,1,25,1,"Ein Schwan trägt ca. 50.000 Federn am Körper.",0,1,2
"4583",42,1,25,1,"Der Reißverschluss wurde in Norwegen erfunden.",1,1,2
"4584",42,1,25,1,"Der Name 'Wowereit' heißt auf Litauisch Eichhörnchen.",1,0,1
"4585",42,1,25,1,"Keime sterben auf Holz schneller ab als auf Plastik.",1,1,3
"4586",42,1,25,1,"Der Nacktmull ist das schmerzempfindlichste Tier der Welt.",0,0,2
"4587",42,1,25,1,"In Angola ist Spanisch die offizielle Amtssprache.",1,1,2
"4588",42,1,25,1,"Balsaholz ist die schwerste aller Holzarten.",1,1,2
"4589",42,1,25,1,"Kokosnüsse haben einen höheren Fettanteil als Pistazien.",1,0,2
"4590",42,1,25,1,"Robbie Williams heißt mit Zweitnamen 'Maximilian'.",0,0,2
"4591",42,1,25,1,"Tom Cruise ist Legastheniker.",0,1,2
"4592",42,1,25,1,"Das meiste Gold wird derzeit in Südafrika gefördert.",0,1,1
"4593",42,1,25,1,"Die Wüste Dahna liegt in Saudi-Arabien.",1,1,2
"4594",42,1,25,1,"Goethe schrieb genau 64 Jahre lang an seinem 'Faust'.",1,0,3
"4595",42,1,25,1,"Weibliche Taranteln töten circa 99% ihrer Nachkommen.",1,1,1
"4596",42,1,25,1,"Zuckerwatte wurde von einem Flugzeugpiloten erfunden.",1,1,2
"4597",42,1,25,1,"Bei den italienischen Wahlen 2008 traten 62 Parteien an.",0,0,2
"4598",42,1,25,1,"Wladimir Putin wurde in Murmansk geboren.",1,1,2
"4599",42,1,25,1,"Die Sektsteuer wurde von Friedrich Ebert eingeführt.",0,1,2
"4600",42,1,25,1,"Das türkische Bad wurde in Griechenland erfunden.",0,1,3
"4601",42,1,25,1,"Das Capybara ist das größte aller Beuteltiere.",0,1,1
"4602",42,1,25,1,"Ein Biber kann in einem Jahr über 200 Bäume fällen.",0,1,3
"4603",42,1,25,1,"Der Javagraben ist die tiefste Meerestiefe der Welt.",0,0,3
"4604",42,1,25,1,"Schweine können keinen Sonnenbrand bekommen.",0,0,6
"4605",42,1,25,1,"Ein Nilpferd wiegt bei seiner Geburt ca. 150kg.",1,0,2
"4606",42,1,25,1,"Die Luftpumpe ist eine französische Erfindung.",0,0,1
"4607",42,1,25,1,"Jean-Jaques Rousseau war alleinerziehender Vater.",1,0,1
"4608",42,1,25,1,"Sumatra ist die viertgrößte Insel der Welt.",0,1,3
"4609",42,1,25,1,"Der Film 'Pretty Woman' gewann keinen Oscar.",0,1,2
"4610",42,1,25,1,"Der Wassergehalt bei Beeren beträgt 90%.",1,0,2
"4611",42,1,25,1,"Spanholz besteht hauptsächlich aus Birkenholz.",1,0,2
"4612",42,2,25,1,"Delphine schwimmen höchstens 54 Kilometer pro Stunde.",0,1,3
"4613",42,2,25,1,"Seoul bedeutet auf koreanisch 'Die Hauptstadt'.",1,1,6
"4614",42,2,25,1,"Wenn Nilpferde sich aufregen, färbt sich ihr Schweiß grün.",0,0,2
"4615",42,2,25,1,"Magnesiummangel kann zu Hautproblemen führen.",1,1,4
"4616",42,2,25,1,"Patagonien ist ein Landschaftsabschnitt in Asien.",0,1,2
"4617",42,2,25,1,"Island ist geologisch das jüngste Inselland der Welt.",1,1,2
"4618",42,2,25,1,"Die Augen eines Straußes sind größer als sein Gehirn.",0,1,4
"4619",42,2,25,1,"Die Schwarzerle zählt zu den Buchengewächsen.",0,1,5
"4620",42,2,25,1,"Der Allradantrieb wurde 1938 in England erfunden.",1,0,1
"4621",42,2,25,1,"Die Azoren gehören zu Spanien.",0,1,3
"4622",42,2,25,1,"Der höchste nordamerikanische Berg liegt in Wyoming.",0,1,1
"4623",42,2,25,1,"Das Lieblingsgetränk von Benedikt XVI. ist Fanta.",0,1,2
"4624",42,2,25,1,"Der nicht sichtbare Teil des Eisbergs heißt Eisbergkiel.",0,1,2
"4625",42,2,25,1,"Der Basenji ist der einzige Hund, der nicht bellt.",0,0,1
"4626",43,1,21,1,"Die Norfolkinseln im Pazifik gehören zu Neuseeland.",0,1,1
"4627",43,1,21,1,"Patagonien ist ein Landschaftsabschnitt in Asien.",0,1,3
"4628",43,1,21,1,"Lybien ist das einzige Land mit einer einfarbigen Flagge.",0,1,2
"4629",43,1,21,1,"Nicole Kidman hat panische Angst vor Schmetterlingen.",1,1,1
"4630",43,1,21,1,"Robbie Williams heißt mit Zweitnamen 'Maximilian'.",1,1,2
"4631",43,1,21,1,"Es gibt 56 verschiedene Arten eine Krawatte zu binden.",0,1,1
"4632",43,1,21,1,"Der Nacktmull ist das schmerzempfindlichste Tier der Welt.",1,1,2
"4633",43,1,21,1,"Das Capybara ist das größte aller Beuteltiere.",1,0,1
"4634",43,1,21,1,"Bolivien ist der kleinste Binnenstaat Südamerikas.",0,0,6
"4635",43,1,21,1,"Die Nachfolger Mohammeds bezeichnet man als Kalifen.",0,1,2
"4636",43,1,21,1,"Wenn Nilpferde sich aufregen, färbt sich ihr Schweiß grün.",0,0,2
"4637",43,1,21,1,"Seepferdchen gehören zur Gattung der Fische.",1,0,2
"4638",43,1,21,1,"Die Luftpumpe ist eine französische Erfindung.",1,1,2
"4639",43,1,21,1,"Der Bereich zwischen den Augenbrauen heißt Glabella.",1,1,2
"4640",43,1,21,1,"Giséle Bündchen hat einen Zwillingsbruder.",1,1,1
"4641",43,1,21,1,"Ein Menschenfloh kann 20cm hoch springen.",1,1,3
"4642",43,1,21,1,"Die Insektenkunde wird auch Entomologie genannt.",1,1,2
"4643",43,1,21,1,"Spanien ist ein Gründungsmitglied der UNO.",1,0,2
"4644",43,1,21,1,"Austern wechseln je nach Jahreszeit ihr Geschlecht.",0,1,2
"4645",43,1,21,1,"Der Basenji ist der einzige Hund, der nicht bellt.",0,0,2
"4646",43,1,21,1,"Die Schwarzerle zählt zu den Buchengewächsen.",0,1,1
"4647",43,1,21,1,"Schweine können keinen Sonnenbrand bekommen.",1,0,4
"4648",43,1,21,1,"Volleyball wurde in Florida erfunden.",1,0,4
"4649",43,1,21,1,"Die Azoren gehören zu Spanien.",0,0,3
"4650",43,1,21,1,"Das meiste Gold wird derzeit in Südafrika gefördert.",1,0,2
"4651",43,1,21,1,"Manama ist die Hauptstadt Bahrains.",0,1,1
"4652",43,1,21,1,"French Fries' wurden in England erfunden.",0,1,2
"4653",43,1,21,1,"Das Domino-Spiel besteht aus 28 Steinen.",1,0,3
"4654",43,1,21,1,"Die Sektsteuer wurde von Friedrich Ebert eingeführt.",1,1,2
"4655",43,1,21,1,"Die Erde wird in 340 Längenkreise unterteilt.",1,0,2
"4656",43,1,21,1,"Morpheus ist der griechische Gott der Träume.",0,1,3
"4657",43,1,21,1,"Die Tochter von Sydney Poitier heißt Sydney Poitier.",1,1,2
"4658",43,1,21,1,"Das Lieblingsgetränk von Benedikt XVI. ist Fanta.",0,1,2
"4659",43,1,21,1,"Unsere Atmosphäre enthält rund 0,00025 % Ozon.",0,1,1
"4660",43,1,21,1,"Delphine schwimmen höchstens 54 Kilometer pro Stunde.",0,0,2
"4661",43,1,21,1,"Der höchste nordamerikanische Berg liegt in Wyoming.",0,0,3
"4662",43,1,21,1,"Die Augen eines Straußes sind größer als sein Gehirn.",0,0,2
"4663",43,1,21,1,"Die Slowakei gehört nicht zu den NATO-Staaten.",0,1,2
"4664",43,1,21,1,"Alle Uhren im Film 'Pulp Fiction' stehen auf 4.10 Uhr.",1,0,6
"4665",43,1,21,1,"Brad Pitt heißt eigentlich 'Henry Bradley Pitt'.",0,1,2
"4666",43,1,21,1,"Der Maler Marc Chagall wurde 1887 in Russland geboren.",0,0,2
"4667",43,1,21,1,"Freddie Mercurys richtiger Name lautete Farrokh Bulsara.",0,1,3
"4668",43,1,21,1,"Der griechische Gott Apollon ist der Schutzherr der Küste.",0,0,2
"4669",43,1,21,1,"Die Insel Ösel gehört zu Dänemark.",0,1,1
"4670",43,1,21,1,"Der Mond passt vierzigmal in die Erdkugel.",0,0,3
"4671",43,1,21,1,"Der Javagraben ist die tiefste Meerestiefe der Welt.",1,0,2
"4672",43,1,21,1,"Die Angst vor dem Küssen nennt man Philemaphobie.",0,1,2
"4673",43,1,21,1,"Frauen blinzeln fast doppelt so viel wie Männer.",1,0,1
"4674",43,1,21,1,"Tom Cruise ist Legastheniker.",1,1,2
"4675",43,1,21,1,"Schlangen sind taub, da kein Außenohr vorhanden ist.",0,1,2
"4676",43,2,21,1,"Eine Bienenkönigin legt durchschnittlich 500 Eier am Tag.",1,1,2
"4677",43,2,21,1,"Für Descartes wies Schielen bei Frauen auf Frigidität hin.",1,1,1
"4678",43,2,21,1,"Ein menschliches Haar wächst jährlich ca. 85 mm.",0,1,3
"4679",43,2,21,1,"In USA wird kein Teletext ausgestrahlt.",0,0,2
"4680",43,2,21,1,"Der Reißverschluss wurde in Norwegen erfunden.",0,1,2
"4681",43,2,21,1,"Die Ostgoten zählten zum Stamm der Normannen.",0,1,2
"4682",43,2,21,1,"Die kanadische Sängerin Celine Dion hat acht Geschwister.",1,1,2
"4683",43,2,21,1,"Frauen bekommen häufiger einen Schluckauf als Männer.",0,1,3
"4684",43,2,21,1,"Magnesiummangel kann zu Hautproblemen führen.",1,1,2
"4685",43,2,21,1,"Kleinohrigel haben keine Stacheln.",0,1,1
"4686",43,2,21,1,"Kokosnüsse haben einen höheren Fettanteil als Pistazien.",0,0,1
"4687",43,2,21,1,"Albany ist die Hauptstadt des US-Bundesstaates New Jersey.",1,1,1
"4688",43,2,21,1,"Der Wassergehalt bei Beeren beträgt 90%.",0,0,1
"4689",43,2,21,1,"Sambia hieß früher Nordrhodesien.",0,1,2
"4690",43,2,21,1,"Der Allradantrieb wurde 1938 in England erfunden.",1,1,2
"4691",43,2,21,1,"Winston Churchill erhielt den Nobelpreis für Literatur.",1,0,1
"4692",43,2,21,1,"Der Schwertwal gehört zur Gattung der Delfine.",1,1,2
"4693",43,2,21,1,"Der Name 'Wowereit' heißt auf Litauisch Eichhörnchen.",0,1,1
"4694",43,2,21,1,"Einen kastrierten Esel nennt man auch Macker oder Knilch.",1,1,3
"4695",43,2,21,1,"Der Ladogasee ist der größte See Europas.",1,0,4
"4696",43,2,21,1,"Ein neugeborenes Panda-Baby ist kleiner als eine Maus.",0,1,3
"4697",43,2,21,1,"Die Wüste Dahna liegt in Saudi-Arabien.",0,1,2
"4698",43,2,21,1,"Der Speisesaal eines Klosters wird Refektorium genannt.",1,1,3
"4699",43,2,21,1,"In Uganda ist die Amtssprache englisch.",1,1,3
"4700",43,2,21,1,"Beim Rugby gibt es 30 Spieler.",0,0,2
"4701",43,2,21,1,"Die Volksrepublik China wurde 1947 gegründet.",0,1,2
"4702",43,2,21,1,"Hernando Cortéz eroberte Mexiko.",0,1,3
"4703",43,2,21,1,"Seoul bedeutet auf koreanisch 'Die Hauptstadt'.",1,1,4
"4704",43,2,21,1,"Nur Menschen und Affen besitzen einen Bauchnabel.",1,0,5
"4705",43,2,21,1,"Blaue Augen werden im Alter immer heller.",0,0,2
"4706",43,2,21,1,"Tequila wird aus dem Herzen der roten Agave gewonnen.",1,1,2
"4707",43,2,21,1,"Der mitteleuropäische Feldschwirl ist kein Zugvogel.",0,1,1
"4708",43,2,21,1,"Das Zwerghörnchen ist das kleinste Säugetier Europas.",1,0,2
"4709",43,2,21,1,"Keime sterben auf Holz schneller ab als auf Plastik.",0,1,2
"4710",43,2,21,1,"Zuckerwatte wurde von einem Flugzeugpiloten erfunden.",0,0,2
"4711",43,2,21,1,"Nauru ist die kleinste souveräne Republik der Erde.",0,0,3
"4712",43,2,21,1,"Bob Dylan arbeitet nebenberuflich als Winzer.",1,1,3
"4713",43,2,21,1,"Tennis wurde in englischen Klöstern erfunden.",0,0,2
"4714",43,2,21,1,"Alexander Graham Bell erfand das Tragflügelboot.",1,0,2
"4715",43,2,21,1,"Die Küstenseeschwalbe fliegt jedes Jahr fast 40000 km.",1,1,2
"4716",43,2,21,1,"Die erste elektronische Mail wurde im Jahr 1973 versendet.",1,1,3
"4717",43,2,21,1,"In den USA gibt es die meisten Milliardäre auf der Welt.",1,1,2
"4718",43,2,21,1,"Das Finn-Dingi ist ein Einmannboot beim Sportsegeln.",1,1,1
"4719",43,2,21,1,"Ein Nilpferd wiegt bei seiner Geburt ca. 150kg.",0,1,2
"4720",43,2,21,1,"Weibliche Taranteln töten circa 99% ihrer Nachkommen.",0,1,3
"4721",43,2,21,1,"Sheryl Crow war Hürdenläuferin.",1,0,2
"4722",43,2,21,1,"Jean-Jaques Rousseau war alleinerziehender Vater.",0,0,2
"4723",43,2,21,1,"In Angola ist Spanisch die offizielle Amtssprache.",0,1,2
"4724",43,2,21,1,"Wladimir Putin wurde in Murmansk geboren.",0,0,2
"4725",43,2,21,1,"Island ist geologisch das jüngste Inselland der Welt.",1,0,2
"4726",43,2,21,1,"Der Erfinder des Bikinis war ursprünglich Schuhdesigner.",1,0,4
"4727",43,2,21,1,"Der Goliathfrosch kann sogar kleine Krokodile verspeisen.",1,1,2
"4728",43,2,21,1,"Auf indischen Rupienscheinen sind 12 verschiedene Schriften.",1,1,3
"4729",43,2,21,1,"Die längsten Opern stammen von Gioacchino Rossini.",1,1,1
"4730",43,2,21,1,"Balsaholz ist die schwerste aller Holzarten.",0,1,1
"4731",43,1,21,1,"Ein Schwan trägt ca. 50.000 Federn am Körper.",1,1,3
"4732",43,1,21,1,"Minerva ist die römische Göttin der Weisheit.",1,1,3
"4733",43,1,21,1,"Der Film 'Pretty Woman' gewann keinen Oscar.",1,1,2
"4734",43,1,21,1,"Das türkische Bad wurde in Griechenland erfunden.",1,1,2
"4735",43,1,21,1,"Bei den italienischen Wahlen 2008 traten 62 Parteien an.",1,1,1
"4736",43,1,21,1,"Das Jojo war ursprünglich eine philippinische Jagdwaffe.",0,0,2
"4737",43,1,21,1,"Ein Biber kann in einem Jahr über 200 Bäume fällen.",1,1,2
"4738",43,1,21,1,"Der nicht sichtbare Teil des Eisbergs heißt Eisbergkiel.",0,0,2
"4739",43,1,21,1,"Die Wüste Gobi ist eine Felswüste.",1,1,1
"4740",43,2,21,1,"Erdbeeren enthalten mehr Vitamin C als Orangen.",1,1,3
"4741",43,2,21,1,"Schären sind Talgletscher in Skandinavien.",1,1,1
"4742",43,2,21,1,"Spanholz besteht hauptsächlich aus Birkenholz.",0,1,2
"4743",43,2,21,1,"Goethe schrieb genau 64 Jahre lang an seinem 'Faust'.",0,1,2
"4744",43,2,21,1,"Lachse können bis zu 20 Jahre alt werden.",0,0,1
"4745",44,1,26,1,"Giséle Bündchen hat einen Zwillingsbruder.",1,1,5
"4746",44,1,26,1,"Die Insektenkunde wird auch Entomologie genannt.",1,1,5
"4747",44,1,26,1,"Das Jojo war ursprünglich eine philippinische Jagdwaffe.",0,1,3
"4748",44,1,26,1,"Das Lieblingsgetränk von Benedikt XVI. ist Fanta.",0,1,3
"4749",44,2,26,1,"Die Küstenseeschwalbe fliegt jedes Jahr fast 40000 km.",0,0,2
"4750",44,2,26,1,"Ein menschliches Haar wächst jährlich ca. 85 mm.",1,1,4
"4751",44,2,26,1,"Weibliche Taranteln töten circa 99% ihrer Nachkommen.",1,1,5
"4752",44,2,26,1,"Die erste elektronische Mail wurde im Jahr 1973 versendet.",0,1,3
"4753",44,2,26,1,"Nauru ist die kleinste souveräne Republik der Erde.",1,0,1
"4754",44,2,26,1,"Der Goliathfrosch kann sogar kleine Krokodile verspeisen.",0,0,2
"4755",44,2,26,1,"Magnesiummangel kann zu Hautproblemen führen.",0,1,3
"4756",44,2,26,1,"Die Wüste Dahna liegt in Saudi-Arabien.",1,1,4
"4757",44,1,26,1,"Minerva ist die römische Göttin der Weisheit.",1,1,5
"4758",44,1,26,1,"Die Angst vor dem Küssen nennt man Philemaphobie.",0,0,1
"4759",44,2,26,1,"Seoul bedeutet auf koreanisch 'Die Hauptstadt'.",0,1,5
"4760",44,2,26,1,"Der Name 'Wowereit' heißt auf Litauisch Eichhörnchen.",1,0,2
"4761",44,2,26,1,"Der Schwertwal gehört zur Gattung der Delfine.",0,1,3
"4762",44,2,26,1,"Das Finn-Dingi ist ein Einmannboot beim Sportsegeln.",0,1,3
"4763",44,2,26,1,"Jean-Jaques Rousseau war alleinerziehender Vater.",1,1,2
"4764",44,2,26,1,"Der Ladogasee ist der größte See Europas.",0,0,4
"4765",44,2,26,1,"Tennis wurde in englischen Klöstern erfunden.",1,1,4
"4766",44,2,26,1,"Schären sind Talgletscher in Skandinavien.",0,0,2
"4767",44,2,26,1,"Beim Rugby gibt es 30 Spieler.",1,1,5
"4768",44,2,26,1,"Balsaholz ist die schwerste aller Holzarten.",1,0,2
"4769",44,2,26,1,"Ein Nilpferd wiegt bei seiner Geburt ca. 150kg.",1,1,5
"4770",44,2,26,1,"Kokosnüsse haben einen höheren Fettanteil als Pistazien.",1,1,3
"4771",44,2,26,1,"Winston Churchill erhielt den Nobelpreis für Literatur.",0,0,4
"4772",44,2,26,1,"Blaue Augen werden im Alter immer heller.",1,0,5
"4773",44,2,26,1,"Wladimir Putin wurde in Murmansk geboren.",1,1,3
"4774",44,2,26,1,"Erdbeeren enthalten mehr Vitamin C als Orangen.",0,0,5
"4775",44,2,26,1,"Sambia hieß früher Nordrhodesien.",1,1,4
"4776",44,2,26,1,"Sheryl Crow war Hürdenläuferin.",0,0,4
"4777",44,2,26,1,"Der Reißverschluss wurde in Norwegen erfunden.",1,0,2
"4778",44,2,26,1,"Alexander Graham Bell erfand das Tragflügelboot.",0,0,4
"4779",44,2,26,1,"Bob Dylan arbeitet nebenberuflich als Winzer.",0,1,3
"4780",44,2,26,1,"Lachse können bis zu 20 Jahre alt werden.",1,1,4
"4781",44,2,26,1,"Die Ostgoten zählten zum Stamm der Normannen.",1,0,2
"4782",44,2,26,1,"Der Speisesaal eines Klosters wird Refektorium genannt.",0,1,2
"4783",44,2,26,1,"In USA wird kein Teletext ausgestrahlt.",1,1,5
"4784",44,2,26,1,"Der Erfinder des Bikinis war ursprünglich Schuhdesigner.",0,0,3
"4785",44,2,26,1,"Tequila wird aus dem Herzen der roten Agave gewonnen.",0,0,5
"4786",44,2,26,1,"Kleinohrigel haben keine Stacheln.",1,1,5
"4787",44,2,26,1,"Die längsten Opern stammen von Gioacchino Rossini.",0,1,4
"4788",44,2,26,1,"Das Zwerghörnchen ist das kleinste Säugetier Europas.",0,1,3
"4789",44,2,26,1,"Albany ist die Hauptstadt des US-Bundesstaates New Jersey.",0,1,2
"4790",44,2,26,1,"Zuckerwatte wurde von einem Flugzeugpiloten erfunden.",1,0,5
"4791",44,2,26,1,"Goethe schrieb genau 64 Jahre lang an seinem 'Faust'.",1,1,3
"4792",44,2,26,1,"In Uganda ist die Amtssprache englisch.",0,1,5
"4793",44,2,26,1,"Island ist geologisch das jüngste Inselland der Welt.",0,1,5
"4794",44,2,26,1,"Der mitteleuropäische Feldschwirl ist kein Zugvogel.",1,1,2
"4795",44,2,26,1,"Ein neugeborenes Panda-Baby ist kleiner als eine Maus.",1,1,5
"4796",44,2,26,1,"In Angola ist Spanisch die offizielle Amtssprache.",1,1,3
"4797",44,2,26,1,"Der Allradantrieb wurde 1938 in England erfunden.",0,0,1
"4798",44,2,26,1,"In den USA gibt es die meisten Milliardäre auf der Welt.",0,1,5
"4799",44,1,26,1,"Das meiste Gold wird derzeit in Südafrika gefördert.",1,1,3
"4800",44,1,26,1,"Patagonien ist ein Landschaftsabschnitt in Asien.",0,1,4
"4801",44,1,26,1,"Seepferdchen gehören zur Gattung der Fische.",1,0,2
"4802",44,1,26,1,"Der nicht sichtbare Teil des Eisbergs heißt Eisbergkiel.",0,0,2
"4803",44,1,26,1,"Wenn Nilpferde sich aufregen, färbt sich ihr Schweiß grün.",0,0,5
"4804",44,1,26,1,"Tom Cruise ist Legastheniker.",1,1,2
"4805",44,1,26,1,"Der Javagraben ist die tiefste Meerestiefe der Welt.",1,1,5
"4806",44,1,26,1,"Spanien ist ein Gründungsmitglied der UNO.",1,0,5
"4807",44,1,26,1,"Volleyball wurde in Florida erfunden.",1,1,3
"4808",44,1,26,1,"Der griechische Gott Apollon ist der Schutzherr der Küste.",0,0,2
"4809",44,1,26,1,"Austern wechseln je nach Jahreszeit ihr Geschlecht.",0,0,5
"4810",44,1,26,1,"Frauen blinzeln fast doppelt so viel wie Männer.",1,1,4
"4811",44,1,26,1,"Die Insel Ösel gehört zu Dänemark.",0,1,5
"4812",44,1,26,1,"Das Capybara ist das größte aller Beuteltiere.",1,0,1
"4813",44,1,26,1,"Bei den italienischen Wahlen 2008 traten 62 Parteien an.",1,1,5
"4814",44,1,26,1,"Alle Uhren im Film 'Pulp Fiction' stehen auf 4.10 Uhr.",1,0,1
"4815",44,1,26,1,"Robbie Williams heißt mit Zweitnamen 'Maximilian'.",1,1,3
"4816",44,1,26,1,"Ein Menschenfloh kann 20cm hoch springen.",1,1,5
"4817",44,1,26,1,"Die Erde wird in 340 Längenkreise unterteilt.",1,0,6
"4818",44,1,26,1,"Die Azoren gehören zu Spanien.",0,1,5
"4819",44,1,26,1,"Sumatra ist die viertgrößte Insel der Welt.",1,1,2
"4820",44,1,26,1,"Der Bereich zwischen den Augenbrauen heißt Glabella.",1,1,3
"4821",44,1,26,1,"Bolivien ist der kleinste Binnenstaat Südamerikas.",0,0,4
"4822",44,1,26,1,"Manama ist die Hauptstadt Bahrains.",0,1,2
"4823",44,1,26,1,"Die Slowakei gehört nicht zu den NATO-Staaten.",0,0,2
"4824",44,1,26,1,"Die Norfolkinseln im Pazifik gehören zu Neuseeland.",0,1,5
"4825",44,1,26,1,"Der Film 'Pretty Woman' gewann keinen Oscar.",1,1,2
"4826",44,1,26,1,"Freddie Mercurys richtiger Name lautete Farrokh Bulsara.",0,1,5
"4827",44,1,26,1,"Der Maler Marc Chagall wurde 1887 in Russland geboren.",0,1,1
"4828",44,1,26,1,"Die Schwarzerle zählt zu den Buchengewächsen.",0,1,3
"4829",44,1,26,1,"Es gibt 56 verschiedene Arten eine Krawatte zu binden.",0,1,2
"4830",44,1,26,1,"Die Augen eines Straußes sind größer als sein Gehirn.",0,1,3
"4831",44,1,26,1,"Nicole Kidman hat panische Angst vor Schmetterlingen.",1,1,6
"4832",44,1,26,1,"Unsere Atmosphäre enthält rund 0,00025 % Ozon.",0,1,5
"4833",44,1,26,1,"Ein Biber kann in einem Jahr über 200 Bäume fällen.",1,1,5
"4834",44,1,26,1,"Delphine schwimmen höchstens 54 Kilometer pro Stunde.",0,1,4
"4835",44,1,26,1,"Schlangen sind taub, da kein Außenohr vorhanden ist.",0,0,4
"4836",44,1,26,1,"Die Nachfolger Mohammeds bezeichnet man als Kalifen.",0,1,3
"4837",44,1,26,1,"Die Wüste Gobi ist eine Felswüste.",1,1,3
"4838",44,1,26,1,"Lybien ist das einzige Land mit einer einfarbigen Flagge.",0,0,4
"4839",44,1,26,1,"Die Sektsteuer wurde von Friedrich Ebert eingeführt.",1,1,4
"4840",44,1,26,1,"Der Basenji ist der einzige Hund, der nicht bellt.",0,0,4
"4841",44,1,26,1,"Der Nacktmull ist das schmerzempfindlichste Tier der Welt.",1,1,3
"4842",44,1,26,1,"Morpheus ist der griechische Gott der Träume.",0,1,4
"4843",44,1,26,1,"Der Mond passt vierzigmal in die Erdkugel.",0,0,5
"4844",44,1,26,1,"Das Domino-Spiel besteht aus 28 Steinen.",1,0,4
"4845",44,1,26,1,"Das türkische Bad wurde in Griechenland erfunden.",1,0,3
"4846",44,1,26,1,"Die Luftpumpe ist eine französische Erfindung.",1,1,5
"4847",44,1,26,1,"Der höchste nordamerikanische Berg liegt in Wyoming.",0,1,2
"4848",44,1,26,1,"Die Tochter von Sydney Poitier heißt Sydney Poitier.",1,1,5
"4849",44,1,26,1,"Schweine können keinen Sonnenbrand bekommen.",1,1,3
"4850",44,1,26,1,"Ein Schwan trägt ca. 50.000 Federn am Körper.",1,1,5
"4851",44,1,26,1,"French Fries' wurden in England erfunden.",0,1,4
"4852",44,1,26,1,"Brad Pitt heißt eigentlich 'Henry Bradley Pitt'.",0,1,5
"4853",44,2,26,1,"Hernando Cortéz eroberte Mexiko.",1,0,2
"4854",44,2,26,1,"Keime sterben auf Holz schneller ab als auf Plastik.",1,1,4
"4855",44,2,26,1,"Die Volksrepublik China wurde 1947 gegründet.",1,0,5
"4856",44,2,26,1,"Frauen bekommen häufiger einen Schluckauf als Männer.",1,1,5
"4857",44,2,26,1,"Der Wassergehalt bei Beeren beträgt 90%.",1,1,5
"4858",44,2,26,1,"Eine Bienenkönigin legt durchschnittlich 500 Eier am Tag.",0,1,5
"4859",44,2,26,1,"Die kanadische Sängerin Celine Dion hat acht Geschwister.",0,0,3
"4860",44,2,26,1,"Einen kastrierten Esel nennt man auch Macker oder Knilch.",0,1,5
"4861",44,2,26,1,"Nur Menschen und Affen besitzen einen Bauchnabel.",0,1,5
"4862",44,2,26,1,"Spanholz besteht hauptsächlich aus Birkenholz.",1,1,5
"4863",44,2,26,1,"Auf indischen Rupienscheinen sind 12 verschiedene Schriften.",0,1,4
"4864",44,2,26,1,"Für Descartes wies Schielen bei Frauen auf Frigidität hin.",0,0,1
"4865",46,1,23,1,"Die längsten Opern stammen von Gioacchino Rossini.",0,0,1
"4866",46,1,23,1,"Der Film 'Pretty Woman' gewann keinen Oscar.",1,1,1
"4867",46,1,23,1,"Die Küstenseeschwalbe fliegt jedes Jahr fast 40000 km.",0,0,1
"4868",46,1,23,1,"Spanien ist ein Gründungsmitglied der UNO.",1,0,4
"4869",46,1,23,1,"Nur Menschen und Affen besitzen einen Bauchnabel.",0,1,1
"4870",46,1,23,1,"Das Domino-Spiel besteht aus 28 Steinen.",1,1,1
"4871",46,1,23,1,"Nicole Kidman hat panische Angst vor Schmetterlingen.",1,0,1
"4872",46,1,23,1,"Magnesiummangel kann zu Hautproblemen führen.",0,0,4
"4873",46,1,23,1,"Island ist geologisch das jüngste Inselland der Welt.",0,1,1
"4874",46,1,23,1,"Die Insektenkunde wird auch Entomologie genannt.",1,1,1
"4875",46,1,23,1,"Tequila wird aus dem Herzen der roten Agave gewonnen.",0,0,2
"4876",46,1,23,1,"In Uganda ist die Amtssprache englisch.",0,1,3
"4877",46,1,23,1,"Ein Menschenfloh kann 20cm hoch springen.",1,1,3
"4878",46,1,23,1,"Volleyball wurde in Florida erfunden.",1,1,1
"4879",46,1,23,1,"Ein Biber kann in einem Jahr über 200 Bäume fällen.",1,0,1
"4880",46,1,23,1,"Der Ladogasee ist der größte See Europas.",0,0,2
"4881",46,1,23,1,"Seoul bedeutet auf koreanisch 'Die Hauptstadt'.",0,1,1
"4882",46,1,23,1,"Bei den italienischen Wahlen 2008 traten 62 Parteien an.",1,0,1
"4883",46,1,23,1,"Die kanadische Sängerin Celine Dion hat acht Geschwister.",0,1,1
"4884",46,1,23,1,"Bob Dylan arbeitet nebenberuflich als Winzer.",0,0,2
"4885",46,1,23,1,"Der Speisesaal eines Klosters wird Refektorium genannt.",0,0,1
"4886",46,1,23,1,"Schweine können keinen Sonnenbrand bekommen.",1,0,2
"4887",46,1,23,1,"Der Nacktmull ist das schmerzempfindlichste Tier der Welt.",1,0,1
"4888",46,1,23,1,"Für Descartes wies Schielen bei Frauen auf Frigidität hin.",0,0,1
"4889",46,1,23,1,"Das Finn-Dingi ist ein Einmannboot beim Sportsegeln.",0,0,1
"4890",46,1,23,1,"In den USA gibt es die meisten Milliardäre auf der Welt.",0,1,5
"4891",46,1,23,1,"Einen kastrierten Esel nennt man auch Macker oder Knilch.",0,0,1
"4892",46,1,23,1,"Giséle Bündchen hat einen Zwillingsbruder.",1,1,1
"4893",46,1,23,1,"Der Javagraben ist die tiefste Meerestiefe der Welt.",1,1,2
"4894",46,1,23,1,"Der Goliathfrosch kann sogar kleine Krokodile verspeisen.",0,0,2
"4895",46,1,23,1,"Die Tochter von Sydney Poitier heißt Sydney Poitier.",1,0,1
"4896",46,1,23,1,"Die erste elektronische Mail wurde im Jahr 1973 versendet.",0,1,1
"4897",46,1,23,1,"Sheryl Crow war Hürdenläuferin.",0,1,1
"4898",46,1,23,1,"Das Capybara ist das größte aller Beuteltiere.",1,1,1
"4899",46,1,23,1,"Robbie Williams heißt mit Zweitnamen 'Maximilian'.",1,0,2
"4900",46,1,23,1,"Frauen blinzeln fast doppelt so viel wie Männer.",1,0,1
"4901",46,1,23,1,"Die Sektsteuer wurde von Friedrich Ebert eingeführt.",1,1,1
"4902",46,1,23,1,"Alexander Graham Bell erfand das Tragflügelboot.",0,0,1
"4903",46,1,23,1,"Albany ist die Hauptstadt des US-Bundesstaates New Jersey.",0,1,1
"4904",46,1,23,1,"Das meiste Gold wird derzeit in Südafrika gefördert.",1,0,2
"4905",46,1,23,1,"Alle Uhren im Film 'Pulp Fiction' stehen auf 4.10 Uhr.",1,1,1
"4906",46,1,23,1,"Seepferdchen gehören zur Gattung der Fische.",1,0,3
"4907",46,1,23,1,"Der Bereich zwischen den Augenbrauen heißt Glabella.",1,0,1
"4908",46,1,23,1,"Auf indischen Rupienscheinen sind 12 verschiedene Schriften.",0,0,1
"4909",46,1,23,1,"Sumatra ist die viertgrößte Insel der Welt.",1,0,3
"4910",46,1,23,1,"Der Allradantrieb wurde 1938 in England erfunden.",0,1,4
"4911",46,1,23,1,"Das türkische Bad wurde in Griechenland erfunden.",1,1,1
"4912",46,1,23,1,"Die Wüste Gobi ist eine Felswüste.",1,0,2
"4913",46,1,23,1,"Das Zwerghörnchen ist das kleinste Säugetier Europas.",0,0,2
"4914",46,1,23,1,"Der Erfinder des Bikinis war ursprünglich Schuhdesigner.",0,1,1
"4915",46,1,23,1,"Schären sind Talgletscher in Skandinavien.",0,1,1
"4916",46,1,23,1,"Minerva ist die römische Göttin der Weisheit.",1,1,2
"4917",46,2,23,1,"Blaue Augen werden im Alter immer heller.",1,0,1
"4918",46,2,23,1,"Frauen bekommen häufiger einen Schluckauf als Männer.",1,1,1
"4919",46,2,23,1,"Die Wüste Dahna liegt in Saudi-Arabien.",1,1,2
"4920",46,2,23,1,"Beim Rugby gibt es 30 Spieler.",1,0,1
"4921",46,2,23,1,"Zuckerwatte wurde von einem Flugzeugpiloten erfunden.",1,0,1
"4922",46,2,23,1,"Die Volksrepublik China wurde 1947 gegründet.",1,0,1
"4923",46,2,23,1,"Kleinohrigel haben keine Stacheln.",1,0,1
"4924",46,2,23,1,"Schlangen sind taub, da kein Außenohr vorhanden ist.",0,1,3
"4925",46,2,23,1,"Der griechische Gott Apollon ist der Schutzherr der Küste.",0,1,1
"4926",46,2,23,1,"Die Slowakei gehört nicht zu den NATO-Staaten.",0,1,3
"4927",46,2,23,1,"Es gibt 56 verschiedene Arten eine Krawatte zu binden.",0,0,5
"4928",46,2,23,1,"Wladimir Putin wurde in Murmansk geboren.",1,1,2
"4929",46,2,23,1,"In USA wird kein Teletext ausgestrahlt.",1,0,4
"4930",46,2,23,1,"Nauru ist die kleinste souveräne Republik der Erde.",1,0,4
"4931",46,2,23,1,"Ein Nilpferd wiegt bei seiner Geburt ca. 150kg.",1,1,3
"4932",46,2,23,1,"Die Ostgoten zählten zum Stamm der Normannen.",1,1,2
"4933",46,2,23,1,"Manama ist die Hauptstadt Bahrains.",0,1,1
"4934",46,2,23,1,"Bolivien ist der kleinste Binnenstaat Südamerikas.",0,1,2
"4935",46,2,23,1,"Brad Pitt heißt eigentlich 'Henry Bradley Pitt'.",0,0,1
"4936",46,2,23,1,"Sambia hieß früher Nordrhodesien.",1,0,1
"4937",46,2,23,1,"Der Name 'Wowereit' heißt auf Litauisch Eichhörnchen.",1,0,1
"4938",46,2,23,1,"Tennis wurde in englischen Klöstern erfunden.",1,0,1
"4939",46,2,23,1,"Der Mond passt vierzigmal in die Erdkugel.",0,1,2
"4940",46,2,23,1,"Austern wechseln je nach Jahreszeit ihr Geschlecht.",0,1,1
"4941",46,2,23,1,"Morpheus ist der griechische Gott der Träume.",0,0,2
"4942",46,2,23,1,"Goethe schrieb genau 64 Jahre lang an seinem 'Faust'.",1,0,1
"4943",46,2,23,1,"Die Norfolkinseln im Pazifik gehören zu Neuseeland.",0,0,1
"4944",46,2,23,1,"French Fries' wurden in England erfunden.",0,0,4
"4945",46,2,23,1,"Patagonien ist ein Landschaftsabschnitt in Asien.",0,1,1
"4946",46,2,23,1,"Die Augen eines Straußes sind größer als sein Gehirn.",0,1,1
"4947",46,2,23,1,"Der Wassergehalt bei Beeren beträgt 90%.",1,1,5
"4948",46,2,23,1,"Der nicht sichtbare Teil des Eisbergs heißt Eisbergkiel.",0,1,1
"4949",46,2,23,1,"Der Basenji ist der einzige Hund, der nicht bellt.",0,0,1
"4950",46,2,23,1,"Ein menschliches Haar wächst jährlich ca. 85 mm.",1,0,5
"4951",46,2,23,1,"Die Schwarzerle zählt zu den Buchengewächsen.",0,0,1
"4952",46,2,23,1,"Das Lieblingsgetränk von Benedikt XVI. ist Fanta.",0,0,1
"4953",46,2,23,1,"Delphine schwimmen höchstens 54 Kilometer pro Stunde.",0,0,1
"4954",46,2,23,1,"Der höchste nordamerikanische Berg liegt in Wyoming.",0,0,1
"4955",46,2,23,1,"Der Reißverschluss wurde in Norwegen erfunden.",1,1,2
"4956",46,2,23,1,"Die Azoren gehören zu Spanien.",0,0,1
"4957",46,2,23,1,"Spanholz besteht hauptsächlich aus Birkenholz.",1,0,1
"4958",46,2,23,1,"Ein neugeborenes Panda-Baby ist kleiner als eine Maus.",1,0,5
"4959",46,2,23,1,"Hernando Cortéz eroberte Mexiko.",1,0,1
"4960",46,2,23,1,"Die Insel Ösel gehört zu Dänemark.",0,1,1
"4961",46,2,23,1,"Die Angst vor dem Küssen nennt man Philemaphobie.",0,1,1
"4962",46,2,23,1,"Keime sterben auf Holz schneller ab als auf Plastik.",1,1,5
"4963",46,2,23,1,"Das Jojo war ursprünglich eine philippinische Jagdwaffe.",0,0,2
"4964",46,2,23,1,"Unsere Atmosphäre enthält rund 0,00025 % Ozon.",0,0,1
"4965",46,2,23,1,"Freddie Mercurys richtiger Name lautete Farrokh Bulsara.",0,1,5
"4966",46,2,23,1,"In Angola ist Spanisch die offizielle Amtssprache.",1,1,2
"4967",46,2,23,1,"Wenn Nilpferde sich aufregen, färbt sich ihr Schweiß grün.",0,0,2
"4968",46,2,23,1,"Balsaholz ist die schwerste aller Holzarten.",1,0,1
"4969",46,2,23,1,"Der mitteleuropäische Feldschwirl ist kein Zugvogel.",1,1,1
"4970",46,2,23,1,"Lachse können bis zu 20 Jahre alt werden.",1,1,1
"4971",46,2,23,1,"Die Nachfolger Mohammeds bezeichnet man als Kalifen.",0,1,3
"4972",46,2,23,1,"Jean-Jaques Rousseau war alleinerziehender Vater.",1,0,1
"4973",46,1,23,1,"Der Schwertwal gehört zur Gattung der Delfine.",0,1,1
"4974",46,1,23,1,"Winston Churchill erhielt den Nobelpreis für Literatur.",0,1,1
"4975",46,1,23,1,"Ein Schwan trägt ca. 50.000 Federn am Körper.",1,1,1
"4976",46,1,23,1,"Die Erde wird in 340 Längenkreise unterteilt.",1,0,2
"4977",46,1,23,1,"Erdbeeren enthalten mehr Vitamin C als Orangen.",0,1,2
"4978",46,1,23,1,"Die Luftpumpe ist eine französische Erfindung.",1,1,1
"4979",46,1,23,1,"Eine Bienenkönigin legt durchschnittlich 500 Eier am Tag.",0,0,1
"4980",46,1,23,1,"Tom Cruise ist Legastheniker.",1,1,2
"4981",46,2,23,1,"Weibliche Taranteln töten circa 99% ihrer Nachkommen.",1,0,2
"4982",46,2,23,1,"Der Maler Marc Chagall wurde 1887 in Russland geboren.",0,1,1
"4983",46,2,23,1,"Lybien ist das einzige Land mit einer einfarbigen Flagge.",0,0,1
"4984",46,2,23,1,"Kokosnüsse haben einen höheren Fettanteil als Pistazien.",1,1,2
"4985",47,1,20,1,"Sumatra ist die viertgrößte Insel der Welt.",1,1,1
"4986",47,1,20,1,"Goethe schrieb genau 64 Jahre lang an seinem 'Faust'.",0,0,2
"4987",47,1,20,1,"Ein Nilpferd wiegt bei seiner Geburt ca. 150kg.",0,1,1
"4988",47,2,20,1,"Die Angst vor dem Küssen nennt man Philemaphobie.",1,1,3
"4989",47,2,20,1,"Austern wechseln je nach Jahreszeit ihr Geschlecht.",1,0,1
"4990",47,2,20,1,"Das Finn-Dingi ist ein Einmannboot beim Sportsegeln.",0,0,1
"4991",47,2,20,1,"Nur Menschen und Affen besitzen einen Bauchnabel.",0,0,1
"4992",47,2,20,1,"In den USA gibt es die meisten Milliardäre auf der Welt.",0,1,2
"4993",47,2,20,1,"Das Zwerghörnchen ist das kleinste Säugetier Europas.",0,0,1
"4994",47,2,20,1,"Bob Dylan arbeitet nebenberuflich als Winzer.",0,0,1
"4995",47,2,20,1,"Freddie Mercurys richtiger Name lautete Farrokh Bulsara.",1,0,1
"4996",47,2,20,1,"Die Augen eines Straußes sind größer als sein Gehirn.",1,0,1
"4997",47,2,20,1,"Manama ist die Hauptstadt Bahrains.",1,0,1
"4998",47,2,20,1,"Patagonien ist ein Landschaftsabschnitt in Asien.",1,1,2
"4999",47,1,20,1,"Bei den italienischen Wahlen 2008 traten 62 Parteien an.",1,0,1
"5000",47,2,20,1,"Der Erfinder des Bikinis war ursprünglich Schuhdesigner.",0,0,1
"5001",47,2,20,1,"Die Schwarzerle zählt zu den Buchengewächsen.",1,0,1
"5002",47,2,20,1,"Schlangen sind taub, da kein Außenohr vorhanden ist.",1,0,1
"5003",47,2,20,1,"Die längsten Opern stammen von Gioacchino Rossini.",0,1,1
"5004",47,2,20,1,"Einen kastrierten Esel nennt man auch Macker oder Knilch.",0,0,1
"5005",47,2,20,1,"Winston Churchill erhielt den Nobelpreis für Literatur.",0,1,3
"5006",47,2,20,1,"Morpheus ist der griechische Gott der Träume.",1,0,1
"5007",47,2,20,1,"Seoul bedeutet auf koreanisch 'Die Hauptstadt'.",0,0,1
"5008",47,2,20,1,"Die erste elektronische Mail wurde im Jahr 1973 versendet.",0,1,1
"5009",47,2,20,1,"Magnesiummangel kann zu Hautproblemen führen.",0,1,5
"5010",47,2,20,1,"Der griechische Gott Apollon ist der Schutzherr der Küste.",1,1,3
"5011",47,2,20,1,"Der Basenji ist der einzige Hund, der nicht bellt.",1,0,1
"5012",47,2,20,1,"Der Maler Marc Chagall wurde 1887 in Russland geboren.",1,0,1
"5013",47,2,20,1,"Die kanadische Sängerin Celine Dion hat acht Geschwister.",0,0,1
"5014",47,2,20,1,"Der Speisesaal eines Klosters wird Refektorium genannt.",0,0,1
"5015",47,2,20,1,"Alexander Graham Bell erfand das Tragflügelboot.",0,0,1
"5016",47,2,20,1,"Die Insel Ösel gehört zu Dänemark.",1,0,1
"5017",47,2,20,1,"Für Descartes wies Schielen bei Frauen auf Frigidität hin.",0,0,1
"5018",47,2,20,1,"Albany ist die Hauptstadt des US-Bundesstaates New Jersey.",0,0,1
"5019",47,2,20,1,"Delphine schwimmen höchstens 54 Kilometer pro Stunde.",1,1,1
"5020",47,2,20,1,"In Uganda ist die Amtssprache englisch.",0,1,1
"5021",47,1,20,1,"Robbie Williams heißt mit Zweitnamen 'Maximilian'.",1,0,1
"5022",47,1,20,1,"Blaue Augen werden im Alter immer heller.",0,0,1
"5023",47,1,20,1,"Beim Rugby gibt es 30 Spieler.",0,0,1
"5024",47,1,20,1,"Kleinohrigel haben keine Stacheln.",0,1,2
"5025",47,1,20,1,"Die Sektsteuer wurde von Friedrich Ebert eingeführt.",1,0,1
"5026",47,2,20,1,"Schären sind Talgletscher in Skandinavien.",0,1,1
"5027",47,2,20,1,"Der höchste nordamerikanische Berg liegt in Wyoming.",1,0,1
"5028",47,2,20,1,"Lybien ist das einzige Land mit einer einfarbigen Flagge.",1,0,1
"5029",47,2,20,1,"Das Lieblingsgetränk von Benedikt XVI. ist Fanta.",1,0,3
"5030",47,2,20,1,"Die Slowakei gehört nicht zu den NATO-Staaten.",1,0,1
"5031",47,2,20,1,"Tequila wird aus dem Herzen der roten Agave gewonnen.",0,1,1
"5032",47,2,20,1,"Wenn Nilpferde sich aufregen, färbt sich ihr Schweiß grün.",1,0,1
"5033",47,2,20,1,"Sheryl Crow war Hürdenläuferin.",0,0,1
"5034",47,2,20,1,"Die Nachfolger Mohammeds bezeichnet man als Kalifen.",1,1,1
"5035",47,2,20,1,"Der nicht sichtbare Teil des Eisbergs heißt Eisbergkiel.",1,0,1
"5036",47,2,20,1,"Es gibt 56 verschiedene Arten eine Krawatte zu binden.",1,1,1
"5037",47,2,20,1,"Auf indischen Rupienscheinen sind 12 verschiedene Schriften.",0,0,1
"5038",47,2,20,1,"Unsere Atmosphäre enthält rund 0,00025 % Ozon.",1,1,2
"5039",47,2,20,1,"Brad Pitt heißt eigentlich 'Henry Bradley Pitt'.",1,1,3
"5040",47,1,20,1,"Frauen blinzeln fast doppelt so viel wie Männer.",1,1,6
"5041",47,1,20,1,"Der Javagraben ist die tiefste Meerestiefe der Welt.",1,1,3
"5042",47,1,20,1,"Jean-Jaques Rousseau war alleinerziehender Vater.",0,0,1
"5043",47,1,20,1,"Volleyball wurde in Florida erfunden.",1,1,3
"5044",47,1,20,1,"Die Luftpumpe ist eine französische Erfindung.",1,1,3
"5045",47,1,20,1,"Der Wassergehalt bei Beeren beträgt 90%.",0,1,4
"5046",47,1,20,1,"Sambia hieß früher Nordrhodesien.",0,1,1
"5047",47,1,20,1,"Nauru ist die kleinste souveräne Republik der Erde.",0,1,1
"5048",47,1,20,1,"Das meiste Gold wird derzeit in Südafrika gefördert.",1,0,1
"5049",47,1,20,1,"Schweine können keinen Sonnenbrand bekommen.",1,1,6
"5050",47,1,20,1,"Kokosnüsse haben einen höheren Fettanteil als Pistazien.",0,0,3
"5051",47,1,20,1,"Das türkische Bad wurde in Griechenland erfunden.",1,0,5
"5052",47,1,20,1,"Ein menschliches Haar wächst jährlich ca. 85 mm.",0,1,3
"5053",47,1,20,1,"Tennis wurde in englischen Klöstern erfunden.",0,1,1
"5054",47,1,20,1,"Der Film 'Pretty Woman' gewann keinen Oscar.",1,0,4
"5055",47,1,20,1,"Weibliche Taranteln töten circa 99% ihrer Nachkommen.",0,0,1
"5056",47,1,20,1,"In Angola ist Spanisch die offizielle Amtssprache.",0,1,2
"5057",47,1,20,1,"Zuckerwatte wurde von einem Flugzeugpiloten erfunden.",0,0,1
"5058",47,1,20,1,"Der Nacktmull ist das schmerzempfindlichste Tier der Welt.",1,0,1
"5059",47,1,20,1,"Ein neugeborenes Panda-Baby ist kleiner als eine Maus.",0,0,3
"5060",47,1,20,1,"Minerva ist die römische Göttin der Weisheit.",1,1,2
"5061",47,1,20,1,"Nicole Kidman hat panische Angst vor Schmetterlingen.",1,1,3
"5062",47,1,20,1,"Hernando Cortéz eroberte Mexiko.",0,0,1
"5063",47,1,20,1,"Tom Cruise ist Legastheniker.",1,1,5
"5064",47,1,20,1,"Das Capybara ist das größte aller Beuteltiere.",1,0,1
"5065",47,1,20,1,"Balsaholz ist die schwerste aller Holzarten.",0,1,1
"5066",47,1,20,1,"Spanholz besteht hauptsächlich aus Birkenholz.",0,1,2
"5067",47,1,20,1,"Das Domino-Spiel besteht aus 28 Steinen.",1,1,3
"5068",47,1,20,1,"Seepferdchen gehören zur Gattung der Fische.",1,1,2
"5069",47,1,20,1,"In USA wird kein Teletext ausgestrahlt.",0,0,1
"5070",47,1,20,1,"Die Volksrepublik China wurde 1947 gegründet.",0,0,1
"5071",47,1,20,1,"Die Tochter von Sydney Poitier heißt Sydney Poitier.",1,0,1
"5072",47,1,20,1,"Spanien ist ein Gründungsmitglied der UNO.",1,1,1
"5073",47,1,20,1,"Der mitteleuropäische Feldschwirl ist kein Zugvogel.",0,0,1
"5074",47,1,20,1,"Lachse können bis zu 20 Jahre alt werden.",0,0,2
"5075",47,1,20,1,"Die Wüste Dahna liegt in Saudi-Arabien.",0,1,1
"5076",47,1,20,1,"Frauen bekommen häufiger einen Schluckauf als Männer.",0,0,2
"5077",47,1,20,1,"Giséle Bündchen hat einen Zwillingsbruder.",1,0,1
"5078",47,1,20,1,"Ein Menschenfloh kann 20cm hoch springen.",1,1,2
"5079",47,1,20,1,"Die Ostgoten zählten zum Stamm der Normannen.",0,0,3
"5080",47,1,20,1,"Alle Uhren im Film 'Pulp Fiction' stehen auf 4.10 Uhr.",1,0,1
"5081",47,1,20,1,"Die Insektenkunde wird auch Entomologie genannt.",1,0,3
"5082",47,1,20,1,"Der Reißverschluss wurde in Norwegen erfunden.",0,1,1
"5083",47,1,20,1,"Ein Schwan trägt ca. 50.000 Federn am Körper.",1,0,3
"5084",47,1,20,1,"Wladimir Putin wurde in Murmansk geboren.",0,0,1
"5085",47,1,20,1,"Die Wüste Gobi ist eine Felswüste.",1,0,1
"5086",47,1,20,1,"Der Bereich zwischen den Augenbrauen heißt Glabella.",1,1,5
"5087",47,2,20,1,"Der Mond passt vierzigmal in die Erdkugel.",1,0,1
"5088",47,1,20,1,"Der Name 'Wowereit' heißt auf Litauisch Eichhörnchen.",0,1,1
"5089",47,1,20,1,"Ein Biber kann in einem Jahr über 200 Bäume fällen.",1,1,2
"5090",47,2,20,1,"Eine Bienenkönigin legt durchschnittlich 500 Eier am Tag.",0,1,1
"5091",47,2,20,1,"French Fries' wurden in England erfunden.",1,0,2
"5092",47,2,20,1,"Die Küstenseeschwalbe fliegt jedes Jahr fast 40000 km.",0,0,1
"5093",48,1,24,1,"Der Reißverschluss wurde in Norwegen erfunden.",0,1,2
"5094",48,1,24,1,"Der Nacktmull ist das schmerzempfindlichste Tier der Welt.",1,1,3
"5095",48,1,24,1,"Die Wüste Gobi ist eine Felswüste.",1,1,1
"5096",48,1,24,1,"Nicole Kidman hat panische Angst vor Schmetterlingen.",1,1,1
"5097",48,1,24,1,"Das Domino-Spiel besteht aus 28 Steinen.",1,1,3
"5098",48,1,24,1,"Frauen blinzeln fast doppelt so viel wie Männer.",1,1,2
"5099",48,1,24,1,"Volleyball wurde in Florida erfunden.",1,1,2
"5100",48,1,24,1,"Nauru ist die kleinste souveräne Republik der Erde.",0,1,1
"5101",48,1,24,1,"Ein menschliches Haar wächst jährlich ca. 85 mm.",0,1,1
"5102",48,1,24,1,"Frauen bekommen häufiger einen Schluckauf als Männer.",0,0,1
"5103",48,1,24,1,"Das meiste Gold wird derzeit in Südafrika gefördert.",1,1,2
"5104",48,1,24,1,"Bei den italienischen Wahlen 2008 traten 62 Parteien an.",1,1,2
"5105",48,1,24,1,"Der Bereich zwischen den Augenbrauen heißt Glabella.",1,1,2
"5106",48,1,24,1,"Der mitteleuropäische Feldschwirl ist kein Zugvogel.",0,1,2
"5107",48,1,24,1,"Kleinohrigel haben keine Stacheln.",0,1,2
"5108",48,1,24,1,"Robbie Williams heißt mit Zweitnamen 'Maximilian'.",1,1,1
"5109",48,1,24,1,"Spanholz besteht hauptsächlich aus Birkenholz.",0,0,2
"5110",48,1,24,1,"Ein Menschenfloh kann 20cm hoch springen.",1,1,2
"5111",48,1,24,1,"Spanien ist ein Gründungsmitglied der UNO.",1,0,1
"5112",48,1,24,1,"Hernando Cortéz eroberte Mexiko.",0,1,5
"5113",48,1,24,1,"Der Javagraben ist die tiefste Meerestiefe der Welt.",1,1,4
"5114",48,1,24,1,"Tennis wurde in englischen Klöstern erfunden.",0,1,3
"5115",48,1,24,1,"Minerva ist die römische Göttin der Weisheit.",1,1,6
"5116",48,1,24,1,"Alle Uhren im Film 'Pulp Fiction' stehen auf 4.10 Uhr.",1,1,3
"5117",48,1,24,1,"In Angola ist Spanisch die offizielle Amtssprache.",0,1,3
"5118",48,1,24,1,"Ein Biber kann in einem Jahr über 200 Bäume fällen.",1,1,2
"5119",48,1,24,1,"Der Wassergehalt bei Beeren beträgt 90%.",0,1,3
"5120",48,1,24,1,"Die Insektenkunde wird auch Entomologie genannt.",1,1,4
"5121",48,1,24,1,"Das Capybara ist das größte aller Beuteltiere.",1,1,2
"5122",48,1,24,1,"Die Sektsteuer wurde von Friedrich Ebert eingeführt.",1,1,3
"5123",48,1,24,1,"Die Ostgoten zählten zum Stamm der Normannen.",0,0,3
"5124",48,1,24,1,"Die Volksrepublik China wurde 1947 gegründet.",0,1,4
"5125",48,1,24,1,"Weibliche Taranteln töten circa 99% ihrer Nachkommen.",0,1,3
"5126",48,1,24,1,"Die Erde wird in 340 Längenkreise unterteilt.",1,1,2
"5127",48,1,24,1,"Der Name 'Wowereit' heißt auf Litauisch Eichhörnchen.",0,1,1
"5128",48,1,24,1,"Keime sterben auf Holz schneller ab als auf Plastik.",0,1,4
"5129",48,1,24,1,"Das türkische Bad wurde in Griechenland erfunden.",1,1,2
"5130",48,1,24,1,"Beim Rugby gibt es 30 Spieler.",0,0,2
"5131",48,1,24,1,"In USA wird kein Teletext ausgestrahlt.",0,0,4
"5132",48,1,24,1,"Jean-Jaques Rousseau war alleinerziehender Vater.",0,0,5
"5133",48,1,24,1,"Die Wüste Dahna liegt in Saudi-Arabien.",0,1,2
"5134",48,1,24,1,"Seepferdchen gehören zur Gattung der Fische.",1,0,5
"5135",48,1,24,1,"Die Luftpumpe ist eine französische Erfindung.",1,0,1
"5136",48,1,24,1,"Sumatra ist die viertgrößte Insel der Welt.",1,1,1
"5137",48,1,24,1,"Zuckerwatte wurde von einem Flugzeugpiloten erfunden.",0,1,1
"5138",48,1,24,1,"Balsaholz ist die schwerste aller Holzarten.",0,1,1
"5139",48,1,24,1,"Sambia hieß früher Nordrhodesien.",0,1,1
"5140",48,1,24,1,"Lachse können bis zu 20 Jahre alt werden.",0,1,2
"5141",48,1,24,1,"Giséle Bündchen hat einen Zwillingsbruder.",1,1,1
"5142",48,1,24,1,"Ein neugeborenes Panda-Baby ist kleiner als eine Maus.",0,0,3
"5143",48,1,24,1,"Die Tochter von Sydney Poitier heißt Sydney Poitier.",1,1,1
"5144",48,2,24,1,"Der Basenji ist der einzige Hund, der nicht bellt.",0,0,1
"5145",48,2,24,1,"Eine Bienenkönigin legt durchschnittlich 500 Eier am Tag.",1,1,1
"5146",48,2,24,1,"Schlangen sind taub, da kein Außenohr vorhanden ist.",0,0,2
"5147",48,2,24,1,"Die Norfolkinseln im Pazifik gehören zu Neuseeland.",0,1,1
"5148",48,1,24,1,"Goethe schrieb genau 64 Jahre lang an seinem 'Faust'.",0,1,2
"5149",48,1,24,1,"Schweine können keinen Sonnenbrand bekommen.",1,1,1
"5150",48,1,24,1,"Tom Cruise ist Legastheniker.",1,1,1
"5151",48,1,24,1,"Der Film 'Pretty Woman' gewann keinen Oscar.",1,1,1
"5152",48,1,24,1,"Ein Schwan trägt ca. 50.000 Federn am Körper.",1,1,3
"5153",48,1,24,1,"Kokosnüsse haben einen höheren Fettanteil als Pistazien.",0,1,3
"5154",48,1,24,1,"Wladimir Putin wurde in Murmansk geboren.",0,1,1
"5155",48,1,24,1,"Ein Nilpferd wiegt bei seiner Geburt ca. 150kg.",0,1,2
"5156",48,1,24,1,"Blaue Augen werden im Alter immer heller.",0,0,2
"5157",48,2,24,1,"Der nicht sichtbare Teil des Eisbergs heißt Eisbergkiel.",0,0,1
"5158",48,2,24,1,"Bob Dylan arbeitet nebenberuflich als Winzer.",1,1,1
"5159",48,2,24,1,"Wenn Nilpferde sich aufregen, färbt sich ihr Schweiß grün.",0,0,1
"5160",48,2,24,1,"Delphine schwimmen höchstens 54 Kilometer pro Stunde.",0,1,1
"5161",48,2,24,1,"Die kanadische Sängerin Celine Dion hat acht Geschwister.",1,1,1
"5162",48,2,24,1,"Patagonien ist ein Landschaftsabschnitt in Asien.",0,0,6
"5163",48,2,24,1,"Die Nachfolger Mohammeds bezeichnet man als Kalifen.",0,1,1
"5164",48,2,24,1,"Der Speisesaal eines Klosters wird Refektorium genannt.",1,1,4
"5165",48,2,24,1,"Morpheus ist der griechische Gott der Träume.",0,1,6
"5166",48,2,24,1,"Auf indischen Rupienscheinen sind 12 verschiedene Schriften.",1,1,2
"5167",48,2,24,1,"Erdbeeren enthalten mehr Vitamin C als Orangen.",1,0,3
"5168",48,2,24,1,"Das Lieblingsgetränk von Benedikt XVI. ist Fanta.",0,0,2
"5169",48,2,24,1,"Albany ist die Hauptstadt des US-Bundesstaates New Jersey.",1,1,1
"5170",48,2,24,1,"Für Descartes wies Schielen bei Frauen auf Frigidität hin.",1,1,1
"5171",48,2,24,1,"Der Schwertwal gehört zur Gattung der Delfine.",1,0,3
"5172",48,2,24,1,"Der Mond passt vierzigmal in die Erdkugel.",0,1,1
"5173",48,2,24,1,"Der Goliathfrosch kann sogar kleine Krokodile verspeisen.",1,0,1
"5174",48,2,24,1,"Die Augen eines Straußes sind größer als sein Gehirn.",0,0,1
"5175",48,2,24,1,"Einen kastrierten Esel nennt man auch Macker oder Knilch.",1,1,1
"5176",48,2,24,1,"Winston Churchill erhielt den Nobelpreis für Literatur.",1,0,5
"5177",48,2,24,1,"Freddie Mercurys richtiger Name lautete Farrokh Bulsara.",0,1,4
"5178",48,2,24,1,"Nur Menschen und Affen besitzen einen Bauchnabel.",1,1,2
"5179",48,2,24,1,"Sheryl Crow war Hürdenläuferin.",1,1,1
"5180",48,2,24,1,"Die längsten Opern stammen von Gioacchino Rossini.",1,1,1
"5181",48,2,24,1,"Die erste elektronische Mail wurde im Jahr 1973 versendet.",1,1,1
"5182",48,2,24,1,"Schären sind Talgletscher in Skandinavien.",1,1,1
"5183",48,2,24,1,"Bolivien ist der kleinste Binnenstaat Südamerikas.",0,0,2
"5184",48,2,24,1,"Das Jojo war ursprünglich eine philippinische Jagdwaffe.",0,1,1
"5185",48,2,24,1,"Manama ist die Hauptstadt Bahrains.",0,1,1
"5186",48,2,24,1,"Die Küstenseeschwalbe fliegt jedes Jahr fast 40000 km.",1,1,1
"5187",48,2,24,1,"Der griechische Gott Apollon ist der Schutzherr der Küste.",0,1,2
"5188",48,2,24,1,"Unsere Atmosphäre enthält rund 0,00025 % Ozon.",0,1,2
"5189",48,2,24,1,"In den USA gibt es die meisten Milliardäre auf der Welt.",1,0,1
"5190",48,2,24,1,"Der Erfinder des Bikinis war ursprünglich Schuhdesigner.",1,1,1
"5191",48,2,24,1,"Lybien ist das einzige Land mit einer einfarbigen Flagge.",0,0,1
"5192",48,2,24,1,"Die Slowakei gehört nicht zu den NATO-Staaten.",0,0,3
"5193",48,2,24,1,"Tequila wird aus dem Herzen der roten Agave gewonnen.",1,1,3
"5194",48,2,24,1,"Alexander Graham Bell erfand das Tragflügelboot.",1,0,2
"5195",48,2,24,1,"In Uganda ist die Amtssprache englisch.",1,1,2
"5196",48,2,24,1,"Seoul bedeutet auf koreanisch 'Die Hauptstadt'.",1,1,1
"5197",48,2,24,1,"Island ist geologisch das jüngste Inselland der Welt.",1,1,1
"5198",48,2,24,1,"Der Maler Marc Chagall wurde 1887 in Russland geboren.",0,1,1
"5199",48,2,24,1,"Der höchste nordamerikanische Berg liegt in Wyoming.",0,1,1
"5200",48,2,24,1,"Die Insel Ösel gehört zu Dänemark.",0,1,1
"5201",48,2,24,1,"Die Angst vor dem Küssen nennt man Philemaphobie.",0,1,2
"5202",48,2,24,1,"Austern wechseln je nach Jahreszeit ihr Geschlecht.",0,1,2
"5203",48,2,24,1,"Der Allradantrieb wurde 1938 in England erfunden.",1,1,1
"5204",48,2,24,1,"French Fries' wurden in England erfunden.",0,1,2
"5205",48,2,24,1,"Das Zwerghörnchen ist das kleinste Säugetier Europas.",1,1,1
"5206",48,2,24,1,"Das Finn-Dingi ist ein Einmannboot beim Sportsegeln.",1,1,1
"5207",48,2,24,1,"Die Azoren gehören zu Spanien.",0,1,1
"5208",48,2,24,1,"Brad Pitt heißt eigentlich 'Henry Bradley Pitt'.",0,1,1
"5209",48,2,24,1,"Der Ladogasee ist der größte See Europas.",1,1,1
"5210",48,2,24,1,"Es gibt 56 verschiedene Arten eine Krawatte zu binden.",0,0,1
"5211",48,2,24,1,"Magnesiummangel kann zu Hautproblemen führen.",1,1,4
"5212",49,1,21,1,"Tequila wird aus dem Herzen der roten Agave gewonnen.",0,1,3
"5213",49,1,21,1,"Die Norfolkinseln im Pazifik gehören zu Neuseeland.",1,1,4
"5214",49,1,21,1,"Brad Pitt heißt eigentlich 'Henry Bradley Pitt'.",1,1,2
"5215",49,1,21,1,"Die Slowakei gehört nicht zu den NATO-Staaten.",1,1,5
"5216",49,1,21,1,"Bob Dylan arbeitet nebenberuflich als Winzer.",0,0,2
"5217",49,1,21,1,"Der Erfinder des Bikinis war ursprünglich Schuhdesigner.",0,1,2
"5218",49,1,21,1,"Delphine schwimmen höchstens 54 Kilometer pro Stunde.",1,1,2
"5219",49,1,21,1,"Die Küstenseeschwalbe fliegt jedes Jahr fast 40000 km.",0,1,4
"5220",49,1,21,1,"Alexander Graham Bell erfand das Tragflügelboot.",0,0,5
"5221",49,1,21,1,"Island ist geologisch das jüngste Inselland der Welt.",0,1,4
"5222",49,1,21,1,"Die kanadische Sängerin Celine Dion hat acht Geschwister.",0,0,3
"5223",49,1,21,1,"French Fries' wurden in England erfunden.",1,0,5
"5224",49,1,21,1,"Winston Churchill erhielt den Nobelpreis für Literatur.",0,1,6
"5225",49,1,21,1,"Der Mond passt vierzigmal in die Erdkugel.",1,1,4
"5226",49,1,21,1,"Lybien ist das einzige Land mit einer einfarbigen Flagge.",1,1,2
"5227",49,2,21,1,"Nicole Kidman hat panische Angst vor Schmetterlingen.",0,0,1
"5228",49,2,21,1,"Tom Cruise ist Legastheniker.",0,0,1
"5229",49,2,21,1,"Kokosnüsse haben einen höheren Fettanteil als Pistazien.",1,0,4
"5230",49,2,21,1,"Die Sektsteuer wurde von Friedrich Ebert eingeführt.",0,1,2
"5231",49,2,21,1,"Weibliche Taranteln töten circa 99% ihrer Nachkommen.",1,1,2
"5232",49,2,21,1,"Der Bereich zwischen den Augenbrauen heißt Glabella.",0,0,1
"5233",49,2,21,1,"Frauen blinzeln fast doppelt so viel wie Männer.",0,0,2
"5234",49,2,21,1,"Das meiste Gold wird derzeit in Südafrika gefördert.",0,1,2
"5235",49,2,21,1,"Die Ostgoten zählten zum Stamm der Normannen.",1,0,1
"5236",49,2,21,1,"Keime sterben auf Holz schneller ab als auf Plastik.",1,0,2
"5237",49,2,21,1,"Robbie Williams heißt mit Zweitnamen 'Maximilian'.",0,1,1
"5238",49,2,21,1,"Beim Rugby gibt es 30 Spieler.",1,1,1
"5239",49,2,21,1,"Das Capybara ist das größte aller Beuteltiere.",0,0,2
"5240",49,2,21,1,"Hernando Cortéz eroberte Mexiko.",1,1,1
"5241",49,2,21,1,"Die Wüste Dahna liegt in Saudi-Arabien.",1,1,3
"5242",49,2,21,1,"In Angola ist Spanisch die offizielle Amtssprache.",1,1,3
"5243",49,2,21,1,"Goethe schrieb genau 64 Jahre lang an seinem 'Faust'.",1,1,6
"5244",49,2,21,1,"Blaue Augen werden im Alter immer heller.",1,1,4
"5245",49,2,21,1,"Volleyball wurde in Florida erfunden.",0,1,2
"5246",49,2,21,1,"Ein menschliches Haar wächst jährlich ca. 85 mm.",1,1,3
"5247",49,2,21,1,"Frauen bekommen häufiger einen Schluckauf als Männer.",1,1,2
"5248",49,2,21,1,"Die Volksrepublik China wurde 1947 gegründet.",1,1,3
"5249",49,2,21,1,"Ein Nilpferd wiegt bei seiner Geburt ca. 150kg.",1,1,4
"5250",49,2,21,1,"Wladimir Putin wurde in Murmansk geboren.",1,0,1
"5251",49,2,21,1,"Tennis wurde in englischen Klöstern erfunden.",1,1,5
"5252",49,2,21,1,"Der Wassergehalt bei Beeren beträgt 90%.",1,1,2
"5253",49,2,21,1,"Die Wüste Gobi ist eine Felswüste.",0,0,5
"5254",49,2,21,1,"Die Erde wird in 340 Längenkreise unterteilt.",0,1,2
"5255",49,2,21,1,"Der Javagraben ist die tiefste Meerestiefe der Welt.",0,0,5
"5256",49,2,21,1,"Der Reißverschluss wurde in Norwegen erfunden.",1,1,2
"5257",49,2,21,1,"Bei den italienischen Wahlen 2008 traten 62 Parteien an.",0,0,1
"5258",49,2,21,1,"Die Insektenkunde wird auch Entomologie genannt.",0,1,1
"5259",49,2,21,1,"Das Domino-Spiel besteht aus 28 Steinen.",0,0,1
"5260",49,2,21,1,"Spanholz besteht hauptsächlich aus Birkenholz.",1,0,1
"5261",49,1,21,1,"Der Speisesaal eines Klosters wird Refektorium genannt.",0,0,2
"5262",49,1,21,1,"Eine Bienenkönigin legt durchschnittlich 500 Eier am Tag.",0,1,3
"5263",49,1,21,1,"Einen kastrierten Esel nennt man auch Macker oder Knilch.",0,0,2
"5264",49,1,21,1,"Der Goliathfrosch kann sogar kleine Krokodile verspeisen.",0,1,2
"5265",49,1,21,1,"Die Schwarzerle zählt zu den Buchengewächsen.",1,1,5
"5266",49,1,21,1,"Das Lieblingsgetränk von Benedikt XVI. ist Fanta.",1,0,5
"5267",49,1,21,1,"Seoul bedeutet auf koreanisch 'Die Hauptstadt'.",0,1,4
"5268",49,1,21,1,"Auf indischen Rupienscheinen sind 12 verschiedene Schriften.",0,1,2
"5269",49,1,21,1,"Es gibt 56 verschiedene Arten eine Krawatte zu binden.",1,1,5
"5270",49,2,21,1,"Die Tochter von Sydney Poitier heißt Sydney Poitier.",0,1,2
"5271",49,2,21,1,"Ein Schwan trägt ca. 50.000 Federn am Körper.",0,1,3
"5272",49,2,21,1,"Sambia hieß früher Nordrhodesien.",1,1,3
"5273",49,2,21,1,"In USA wird kein Teletext ausgestrahlt.",1,1,3
"5274",49,2,21,1,"Das türkische Bad wurde in Griechenland erfunden.",0,1,2
"5275",49,2,21,1,"Giséle Bündchen hat einen Zwillingsbruder.",0,0,1
"5276",49,2,21,1,"Spanien ist ein Gründungsmitglied der UNO.",0,0,1
"5277",49,2,21,1,"Ein neugeborenes Panda-Baby ist kleiner als eine Maus.",1,1,1
"5278",49,2,21,1,"Der Name 'Wowereit' heißt auf Litauisch Eichhörnchen.",1,0,1
"5279",49,2,21,1,"Lachse können bis zu 20 Jahre alt werden.",1,1,2
"5280",49,1,21,1,"Bolivien ist der kleinste Binnenstaat Südamerikas.",1,1,1
"5281",49,1,21,1,"Das Finn-Dingi ist ein Einmannboot beim Sportsegeln.",0,0,1
"5282",49,1,21,1,"Die längsten Opern stammen von Gioacchino Rossini.",0,0,5
"5283",49,1,21,1,"Morpheus ist der griechische Gott der Träume.",1,1,6
"5284",49,1,21,1,"Patagonien ist ein Landschaftsabschnitt in Asien.",1,1,2
"5285",49,1,21,1,"Austern wechseln je nach Jahreszeit ihr Geschlecht.",1,1,3
"5286",49,1,21,1,"Das Zwerghörnchen ist das kleinste Säugetier Europas.",0,0,2
"5287",49,1,21,1,"Der Maler Marc Chagall wurde 1887 in Russland geboren.",1,0,2
"5288",49,1,21,1,"Für Descartes wies Schielen bei Frauen auf Frigidität hin.",0,1,2
"5289",49,1,21,1,"Die Insel Ösel gehört zu Dänemark.",1,1,4
"5290",49,1,21,1,"Die Angst vor dem Küssen nennt man Philemaphobie.",1,0,2
"5291",49,1,21,1,"Schlangen sind taub, da kein Außenohr vorhanden ist.",1,1,4
"5292",49,1,21,1,"Nur Menschen und Affen besitzen einen Bauchnabel.",0,0,3
"5293",49,1,21,1,"Der nicht sichtbare Teil des Eisbergs heißt Eisbergkiel.",1,1,3
"5294",49,1,21,1,"Schären sind Talgletscher in Skandinavien.",0,0,2
"5295",49,1,21,1,"In Uganda ist die Amtssprache englisch.",0,1,5
"5296",49,1,21,1,"In den USA gibt es die meisten Milliardäre auf der Welt.",0,0,3
"5297",49,1,21,1,"Manama ist die Hauptstadt Bahrains.",1,1,5
"5298",49,1,21,1,"Der höchste nordamerikanische Berg liegt in Wyoming.",1,1,3
"5299",49,1,21,1,"Wenn Nilpferde sich aufregen, färbt sich ihr Schweiß grün.",1,1,1
"5300",49,1,21,1,"Unsere Atmosphäre enthält rund 0,00025 % Ozon.",1,1,6
"5301",49,1,21,1,"Die Augen eines Straußes sind größer als sein Gehirn.",1,0,2
"5302",49,1,21,1,"Albany ist die Hauptstadt des US-Bundesstaates New Jersey.",0,0,3
"5303",49,1,21,1,"Sheryl Crow war Hürdenläuferin.",0,1,2
"5304",49,1,21,1,"Erdbeeren enthalten mehr Vitamin C als Orangen.",0,1,4
"5305",49,1,21,1,"Freddie Mercurys richtiger Name lautete Farrokh Bulsara.",1,1,6
"5306",49,1,21,1,"Die erste elektronische Mail wurde im Jahr 1973 versendet.",0,1,5
"5307",49,1,21,1,"Der Schwertwal gehört zur Gattung der Delfine.",0,1,3
"5308",49,1,21,1,"Die Nachfolger Mohammeds bezeichnet man als Kalifen.",1,1,3
"5309",49,1,21,1,"Das Jojo war ursprünglich eine philippinische Jagdwaffe.",1,0,3
"5310",49,1,21,1,"Magnesiummangel kann zu Hautproblemen führen.",0,0,1
"5311",49,1,21,1,"Der Basenji ist der einzige Hund, der nicht bellt.",1,0,1
"5312",49,1,21,1,"Der Allradantrieb wurde 1938 in England erfunden.",0,1,1
"5313",49,1,21,1,"Der griechische Gott Apollon ist der Schutzherr der Küste.",1,0,4
"5314",49,2,21,1,"Ein Biber kann in einem Jahr über 200 Bäume fällen.",0,1,4
"5315",49,2,21,1,"Seepferdchen gehören zur Gattung der Fische.",0,0,2
"5316",49,2,21,1,"Jean-Jaques Rousseau war alleinerziehender Vater.",1,0,1
"5317",49,2,21,1,"Die Luftpumpe ist eine französische Erfindung.",0,0,1
"5318",49,2,21,1,"Nauru ist die kleinste souveräne Republik der Erde.",1,0,1
"5319",49,2,21,1,"Minerva ist die römische Göttin der Weisheit.",0,1,6
"5320",49,2,21,1,"Sumatra ist die viertgrößte Insel der Welt.",0,1,3
"5321",49,2,21,1,"Ein Menschenfloh kann 20cm hoch springen.",0,1,5
"5322",49,2,21,1,"Alle Uhren im Film 'Pulp Fiction' stehen auf 4.10 Uhr.",0,1,2
"5323",49,1,21,1,"Die Azoren gehören zu Spanien.",1,1,4
"5324",49,1,21,1,"Der Ladogasee ist der größte See Europas.",0,0,5
"5325",49,2,21,1,"Schweine können keinen Sonnenbrand bekommen.",0,0,4
"5326",49,2,21,1,"Kleinohrigel haben keine Stacheln.",1,0,4
"5327",49,2,21,1,"Der Nacktmull ist das schmerzempfindlichste Tier der Welt.",0,0,2
"5328",49,2,21,1,"Der mitteleuropäische Feldschwirl ist kein Zugvogel.",1,1,3
"5329",49,2,21,1,"Balsaholz ist die schwerste aller Holzarten.",1,0,2
"5330",49,2,21,1,"Der Film 'Pretty Woman' gewann keinen Oscar.",0,0,4
"5331",50,1,19,1,"Der Ladogasee ist der größte See Europas.",0,0,3
"5332",50,1,19,1,"Die Slowakei gehört nicht zu den NATO-Staaten.",1,1,6
"5333",50,1,19,1,"Das Jojo war ursprünglich eine philippinische Jagdwaffe.",1,1,5
"5334",50,1,19,1,"Der Goliathfrosch kann sogar kleine Krokodile verspeisen.",0,1,6
"5335",50,1,19,1,"Winston Churchill erhielt den Nobelpreis für Literatur.",0,1,4
"5336",50,1,19,1,"Island ist geologisch das jüngste Inselland der Welt.",0,1,3
"5337",50,1,19,1,"French Fries' wurden in England erfunden.",1,0,2
"5338",50,1,19,1,"Die Insel Ösel gehört zu Dänemark.",1,0,2
"5339",50,1,19,1,"Die Augen eines Straußes sind größer als sein Gehirn.",1,1,4
"5340",50,1,19,1,"Wenn Nilpferde sich aufregen, färbt sich ihr Schweiß grün.",1,1,6
"5341",50,1,19,1,"Der Erfinder des Bikinis war ursprünglich Schuhdesigner.",0,0,3
"5342",50,1,19,1,"Lybien ist das einzige Land mit einer einfarbigen Flagge.",1,1,4
"5343",50,1,19,1,"Die Schwarzerle zählt zu den Buchengewächsen.",1,1,2
"5344",50,1,19,1,"Magnesiummangel kann zu Hautproblemen führen.",0,1,3
"5345",50,1,19,1,"Der nicht sichtbare Teil des Eisbergs heißt Eisbergkiel.",1,1,5
"5346",50,1,19,1,"Morpheus ist der griechische Gott der Träume.",1,1,6
"5347",50,1,19,1,"Schären sind Talgletscher in Skandinavien.",0,0,1
"5348",50,1,19,1,"Bob Dylan arbeitet nebenberuflich als Winzer.",0,0,1
"5349",50,1,19,1,"Die Azoren gehören zu Spanien.",1,1,4
"5350",50,1,19,1,"Der Maler Marc Chagall wurde 1887 in Russland geboren.",1,1,2
"5351",50,1,19,1,"Die Angst vor dem Küssen nennt man Philemaphobie.",1,1,6
"5352",50,1,19,1,"Der griechische Gott Apollon ist der Schutzherr der Küste.",1,1,6
"5353",50,1,19,1,"Eine Bienenkönigin legt durchschnittlich 500 Eier am Tag.",0,0,2
"5354",50,1,19,1,"Das Zwerghörnchen ist das kleinste Säugetier Europas.",0,1,2
"5355",50,1,19,1,"Sheryl Crow war Hürdenläuferin.",0,0,2
"5356",50,1,19,1,"Bolivien ist der kleinste Binnenstaat Südamerikas.",1,1,1
"5357",50,1,19,1,"Die kanadische Sängerin Celine Dion hat acht Geschwister.",0,0,2
"5358",50,1,19,1,"Patagonien ist ein Landschaftsabschnitt in Asien.",1,1,5
"5359",50,1,19,1,"In Uganda ist die Amtssprache englisch.",0,1,3
"5360",50,1,19,1,"Die Norfolkinseln im Pazifik gehören zu Neuseeland.",1,0,1
"5361",50,1,19,1,"Einen kastrierten Esel nennt man auch Macker oder Knilch.",0,0,1
"5362",50,1,19,1,"Die Nachfolger Mohammeds bezeichnet man als Kalifen.",1,1,5
"5363",50,1,19,1,"Die erste elektronische Mail wurde im Jahr 1973 versendet.",0,0,2
"5364",50,1,19,1,"Delphine schwimmen höchstens 54 Kilometer pro Stunde.",1,1,2
"5365",50,1,19,1,"Das Finn-Dingi ist ein Einmannboot beim Sportsegeln.",0,0,1
"5366",50,1,19,1,"Der Mond passt vierzigmal in die Erdkugel.",1,1,5
"5367",50,1,19,1,"Der Basenji ist der einzige Hund, der nicht bellt.",1,1,6
"5368",50,1,19,1,"Es gibt 56 verschiedene Arten eine Krawatte zu binden.",1,1,6
"5369",50,1,19,1,"Der höchste nordamerikanische Berg liegt in Wyoming.",1,1,4
"5370",50,1,19,1,"Die längsten Opern stammen von Gioacchino Rossini.",0,1,2
"5371",50,1,19,1,"Schlangen sind taub, da kein Außenohr vorhanden ist.",1,1,3
"5372",50,1,19,1,"Die Küstenseeschwalbe fliegt jedes Jahr fast 40000 km.",0,1,2
"5373",50,1,19,1,"Brad Pitt heißt eigentlich 'Henry Bradley Pitt'.",1,1,2
"5374",50,1,19,1,"Der Schwertwal gehört zur Gattung der Delfine.",0,0,2
"5375",50,1,19,1,"Auf indischen Rupienscheinen sind 12 verschiedene Schriften.",0,0,2
"5376",50,1,19,1,"Freddie Mercurys richtiger Name lautete Farrokh Bulsara.",1,0,1
"5377",50,1,19,1,"Tequila wird aus dem Herzen der roten Agave gewonnen.",0,1,1
"5378",50,1,19,1,"Manama ist die Hauptstadt Bahrains.",1,0,2
"5379",50,1,19,1,"Unsere Atmosphäre enthält rund 0,00025 % Ozon.",1,1,2
"5380",50,1,19,1,"Alexander Graham Bell erfand das Tragflügelboot.",0,0,2
"5381",50,1,19,1,"Seoul bedeutet auf koreanisch 'Die Hauptstadt'.",0,1,1
"5382",50,1,19,1,"Der Speisesaal eines Klosters wird Refektorium genannt.",0,1,2
"5383",50,1,19,1,"In den USA gibt es die meisten Milliardäre auf der Welt.",0,1,6
"5384",50,2,19,1,"Die Tochter von Sydney Poitier heißt Sydney Poitier.",1,1,1
"5385",50,2,19,1,"Ein Nilpferd wiegt bei seiner Geburt ca. 150kg.",0,1,2
"5386",50,2,19,1,"Beim Rugby gibt es 30 Spieler.",0,0,1
"5387",50,2,19,1,"Die Insektenkunde wird auch Entomologie genannt.",1,1,4
"5388",50,2,19,1,"Nicole Kidman hat panische Angst vor Schmetterlingen.",1,0,1
"5389",50,2,19,1,"Das Capybara ist das größte aller Beuteltiere.",1,0,2
"5390",50,2,19,1,"Die Wüste Dahna liegt in Saudi-Arabien.",0,1,2
"5391",50,1,19,1,"Austern wechseln je nach Jahreszeit ihr Geschlecht.",1,1,6
"5392",50,1,19,1,"Albany ist die Hauptstadt des US-Bundesstaates New Jersey.",0,0,2
"5393",50,1,19,1,"Das Lieblingsgetränk von Benedikt XVI. ist Fanta.",1,1,4
"5394",50,1,19,1,"Für Descartes wies Schielen bei Frauen auf Frigidität hin.",0,1,3
"5395",50,1,19,1,"Erdbeeren enthalten mehr Vitamin C als Orangen.",0,0,2
"5396",50,1,19,1,"Nur Menschen und Affen besitzen einen Bauchnabel.",0,0,4
"5397",50,1,19,1,"Der Allradantrieb wurde 1938 in England erfunden.",0,1,2
"5398",50,2,19,1,"Der Bereich zwischen den Augenbrauen heißt Glabella.",1,0,2
"5399",50,2,19,1,"Die Erde wird in 340 Längenkreise unterteilt.",1,1,5
"5400",50,2,19,1,"Der Reißverschluss wurde in Norwegen erfunden.",0,1,3
"5401",50,2,19,1,"Tom Cruise ist Legastheniker.",1,0,2
"5402",50,2,19,1,"Ein Menschenfloh kann 20cm hoch springen.",1,1,5
"5403",50,2,19,1,"Spanien ist ein Gründungsmitglied der UNO.",1,1,6
"5404",50,2,19,1,"Lachse können bis zu 20 Jahre alt werden.",0,0,4
"5405",50,2,19,1,"Das meiste Gold wird derzeit in Südafrika gefördert.",1,1,4
"5406",50,2,19,1,"Die Volksrepublik China wurde 1947 gegründet.",0,0,2
"5407",50,2,19,1,"Minerva ist die römische Göttin der Weisheit.",1,1,6
"5408",50,2,19,1,"Nauru ist die kleinste souveräne Republik der Erde.",0,0,2
"5409",50,2,19,1,"Spanholz besteht hauptsächlich aus Birkenholz.",0,0,3
"5410",50,2,19,1,"Kleinohrigel haben keine Stacheln.",0,0,2
"5411",50,2,19,1,"Robbie Williams heißt mit Zweitnamen 'Maximilian'.",1,0,2
"5412",50,2,19,1,"Sambia hieß früher Nordrhodesien.",0,0,2
"5413",50,2,19,1,"Blaue Augen werden im Alter immer heller.",0,1,5
"5414",50,2,19,1,"Keime sterben auf Holz schneller ab als auf Plastik.",0,0,2
"5415",50,2,19,1,"Der mitteleuropäische Feldschwirl ist kein Zugvogel.",0,0,2
"5416",50,2,19,1,"Tennis wurde in englischen Klöstern erfunden.",0,0,4
"5417",50,2,19,1,"Der Javagraben ist die tiefste Meerestiefe der Welt.",1,0,2
"5418",50,2,19,1,"In Angola ist Spanisch die offizielle Amtssprache.",0,0,3
"5419",50,2,19,1,"Jean-Jaques Rousseau war alleinerziehender Vater.",0,0,2
"5420",50,2,19,1,"Der Film 'Pretty Woman' gewann keinen Oscar.",1,1,3
"5421",50,2,19,1,"Hernando Cortéz eroberte Mexiko.",0,0,3
"5422",50,2,19,1,"Ein Schwan trägt ca. 50.000 Federn am Körper.",1,1,2
"5423",50,2,19,1,"Alle Uhren im Film 'Pulp Fiction' stehen auf 4.10 Uhr.",1,1,5
"5424",50,2,19,1,"Schweine können keinen Sonnenbrand bekommen.",1,0,3
"5425",50,2,19,1,"Ein menschliches Haar wächst jährlich ca. 85 mm.",0,0,3
"5426",50,2,19,1,"Weibliche Taranteln töten circa 99% ihrer Nachkommen.",0,0,3
"5427",50,2,19,1,"Zuckerwatte wurde von einem Flugzeugpiloten erfunden.",0,0,5
"5428",50,2,19,1,"Die Wüste Gobi ist eine Felswüste.",1,1,3
"5429",50,2,19,1,"Frauen bekommen häufiger einen Schluckauf als Männer.",0,1,4
"5430",50,2,19,1,"Sumatra ist die viertgrößte Insel der Welt.",1,0,4
"5431",50,2,19,1,"Goethe schrieb genau 64 Jahre lang an seinem 'Faust'.",0,0,3
"5432",50,2,19,1,"Wladimir Putin wurde in Murmansk geboren.",0,0,2
"5433",50,2,19,1,"Kokosnüsse haben einen höheren Fettanteil als Pistazien.",0,1,4
"5434",50,2,19,1,"Die Luftpumpe ist eine französische Erfindung.",1,1,3
"5435",50,2,19,1,"Frauen blinzeln fast doppelt so viel wie Männer.",1,1,2
"5436",50,2,19,1,"Bei den italienischen Wahlen 2008 traten 62 Parteien an.",1,0,3
"5437",50,2,19,1,"Volleyball wurde in Florida erfunden.",1,1,2
"5438",50,2,19,1,"Die Sektsteuer wurde von Friedrich Ebert eingeführt.",1,0,2
"5439",50,2,19,1,"Das türkische Bad wurde in Griechenland erfunden.",1,0,4
"5440",50,2,19,1,"Seepferdchen gehören zur Gattung der Fische.",1,1,5
"5441",50,2,19,1,"Der Name 'Wowereit' heißt auf Litauisch Eichhörnchen.",0,1,2
"5442",50,2,19,1,"Die Ostgoten zählten zum Stamm der Normannen.",0,1,5
"5443",50,2,19,1,"Der Nacktmull ist das schmerzempfindlichste Tier der Welt.",1,1,3
"5444",50,2,19,1,"Ein neugeborenes Panda-Baby ist kleiner als eine Maus.",0,0,3
"5445",50,2,19,1,"Ein Biber kann in einem Jahr über 200 Bäume fällen.",1,1,2
"5446",50,2,19,1,"Balsaholz ist die schwerste aller Holzarten.",0,0,1
"5447",50,2,19,1,"Der Wassergehalt bei Beeren beträgt 90%.",0,1,3
"5448",50,2,19,1,"Das Domino-Spiel besteht aus 28 Steinen.",1,1,4
"5449",50,2,19,1,"Giséle Bündchen hat einen Zwillingsbruder.",1,1,3
"5450",52,1,19,1,"Goethe schrieb genau 64 Jahre lang an seinem 'Faust'.",0,1,3
"5451",52,1,19,1,"Spanholz besteht hauptsächlich aus Birkenholz.",0,1,4
"5452",52,1,19,1,"Balsaholz ist die schwerste aller Holzarten.",0,1,1
"5453",52,1,19,1,"Der Wassergehalt bei Beeren beträgt 90%.",0,1,4
"5454",52,1,19,1,"Die Slowakei gehört nicht zu den NATO-Staaten.",1,1,5
"5455",52,1,19,1,"Kokosnüsse haben einen höheren Fettanteil als Pistazien.",0,1,2
"5456",52,2,19,1,"Der Film 'Pretty Woman' gewann keinen Oscar.",1,1,3
"5457",52,2,19,1,"Einen kastrierten Esel nennt man auch Macker oder Knilch.",0,1,1
"5458",52,2,19,1,"Ein Biber kann in einem Jahr über 200 Bäume fällen.",1,1,2
"5459",52,1,19,1,"Es gibt 56 verschiedene Arten eine Krawatte zu binden.",1,0,5
"5460",52,1,19,1,"Manama ist die Hauptstadt Bahrains.",1,1,2
"5461",52,1,19,1,"Blaue Augen werden im Alter immer heller.",0,1,2
"5462",52,1,19,1,"Der griechische Gott Apollon ist der Schutzherr der Küste.",1,1,3
"5463",52,1,19,1,"Delphine schwimmen höchstens 54 Kilometer pro Stunde.",1,0,3
"5464",52,1,19,1,"Wladimir Putin wurde in Murmansk geboren.",0,1,3
"5465",52,1,19,1,"In USA wird kein Teletext ausgestrahlt.",0,1,3
"5466",52,1,19,1,"Zuckerwatte wurde von einem Flugzeugpiloten erfunden.",0,0,1
"5467",52,1,19,1,"Keime sterben auf Holz schneller ab als auf Plastik.",0,1,2
"5468",52,2,19,1,"Volleyball wurde in Florida erfunden.",1,0,2
"5469",52,2,19,1,"Minerva ist die römische Göttin der Weisheit.",1,1,3
"5470",52,2,19,1,"Frauen blinzeln fast doppelt so viel wie Männer.",1,1,2
"5471",52,2,19,1,"Bob Dylan arbeitet nebenberuflich als Winzer.",0,1,1
"5472",52,2,19,1,"Der Goliathfrosch kann sogar kleine Krokodile verspeisen.",0,1,1
"5473",52,2,19,1,"Die Wüste Gobi ist eine Felswüste.",1,0,2
"5474",52,2,19,1,"In Uganda ist die Amtssprache englisch.",0,1,5
"5475",52,2,19,1,"Die Sektsteuer wurde von Friedrich Ebert eingeführt.",1,1,2
"5476",52,2,19,1,"Island ist geologisch das jüngste Inselland der Welt.",0,0,2
"5477",52,2,19,1,"Nicole Kidman hat panische Angst vor Schmetterlingen.",1,0,2
"5478",52,2,19,1,"Die Tochter von Sydney Poitier heißt Sydney Poitier.",1,1,2
"5479",52,2,19,1,"Robbie Williams heißt mit Zweitnamen 'Maximilian'.",1,1,2
"5480",52,2,19,1,"Das Zwerghörnchen ist das kleinste Säugetier Europas.",0,1,2
"5481",52,2,19,1,"Alle Uhren im Film 'Pulp Fiction' stehen auf 4.10 Uhr.",1,1,3
"5482",52,2,19,1,"Erdbeeren enthalten mehr Vitamin C als Orangen.",0,0,3
"5483",52,2,19,1,"Seepferdchen gehören zur Gattung der Fische.",1,1,2
"5484",52,2,19,1,"Das Domino-Spiel besteht aus 28 Steinen.",1,1,3
"5485",52,2,19,1,"Magnesiummangel kann zu Hautproblemen führen.",0,1,3
"5486",52,2,19,1,"Der Schwertwal gehört zur Gattung der Delfine.",0,1,3
"5487",52,2,19,1,"Auf indischen Rupienscheinen sind 12 verschiedene Schriften.",0,1,1
"5488",52,2,19,1,"Schären sind Talgletscher in Skandinavien.",0,1,1
"5489",52,2,19,1,"Die erste elektronische Mail wurde im Jahr 1973 versendet.",0,1,1
"5490",52,2,19,1,"Der Ladogasee ist der größte See Europas.",0,0,5
"5491",52,2,19,1,"Alexander Graham Bell erfand das Tragflügelboot.",0,0,5
"5492",52,2,19,1,"Der Nacktmull ist das schmerzempfindlichste Tier der Welt.",1,1,2
"5493",52,2,19,1,"Die längsten Opern stammen von Gioacchino Rossini.",0,1,2
"5494",52,2,19,1,"Das türkische Bad wurde in Griechenland erfunden.",1,1,2
"5495",52,2,19,1,"Sheryl Crow war Hürdenläuferin.",0,1,2
"5496",52,2,19,1,"Das Capybara ist das größte aller Beuteltiere.",1,1,1
"5497",52,2,19,1,"Der Allradantrieb wurde 1938 in England erfunden.",0,1,1
"5498",52,2,19,1,"Das Finn-Dingi ist ein Einmannboot beim Sportsegeln.",0,1,2
"5499",52,2,19,1,"Der Erfinder des Bikinis war ursprünglich Schuhdesigner.",0,1,1
"5500",52,2,19,1,"Winston Churchill erhielt den Nobelpreis für Literatur.",0,1,2
"5501",52,1,19,1,"Das Jojo war ursprünglich eine philippinische Jagdwaffe.",1,0,2
"5502",52,1,19,1,"Die Ostgoten zählten zum Stamm der Normannen.",0,0,3
"5503",52,1,19,1,"Die Augen eines Straußes sind größer als sein Gehirn.",1,1,2
"5504",52,1,19,1,"Patagonien ist ein Landschaftsabschnitt in Asien.",1,1,4
"5505",52,1,19,1,"Austern wechseln je nach Jahreszeit ihr Geschlecht.",1,1,2
"5506",52,1,19,1,"Der höchste nordamerikanische Berg liegt in Wyoming.",1,0,6
"5507",52,1,19,1,"Hernando Cortéz eroberte Mexiko.",0,1,2
"5508",52,1,19,1,"Tennis wurde in englischen Klöstern erfunden.",0,1,2
"5509",52,1,19,1,"Schlangen sind taub, da kein Außenohr vorhanden ist.",1,1,3
"5510",52,1,19,1,"Das Lieblingsgetränk von Benedikt XVI. ist Fanta.",1,1,3
"5511",52,1,19,1,"Weibliche Taranteln töten circa 99% ihrer Nachkommen.",0,1,3
"5512",52,2,19,1,"Der Speisesaal eines Klosters wird Refektorium genannt.",0,1,1
"5513",52,2,19,1,"Die Erde wird in 340 Längenkreise unterteilt.",1,0,3
"5514",52,2,19,1,"Die Luftpumpe ist eine französische Erfindung.",1,1,1
"5515",52,2,19,1,"Eine Bienenkönigin legt durchschnittlich 500 Eier am Tag.",0,0,3
"5516",52,2,19,1,"Der Javagraben ist die tiefste Meerestiefe der Welt.",1,0,5
"5517",52,2,19,1,"Die kanadische Sängerin Celine Dion hat acht Geschwister.",0,1,2
"5518",52,2,19,1,"Das meiste Gold wird derzeit in Südafrika gefördert.",1,1,2
"5519",52,2,19,1,"Ein Menschenfloh kann 20cm hoch springen.",1,1,2
"5520",52,2,19,1,"Sumatra ist die viertgrößte Insel der Welt.",1,1,3
"5521",52,1,19,1,"Jean-Jaques Rousseau war alleinerziehender Vater.",0,0,1
"5522",52,1,19,1,"Die Nachfolger Mohammeds bezeichnet man als Kalifen.",1,1,3
"5523",52,1,19,1,"In Angola ist Spanisch die offizielle Amtssprache.",0,1,3
"5524",52,1,19,1,"Der Basenji ist der einzige Hund, der nicht bellt.",1,1,3
"5525",52,1,19,1,"Ein Nilpferd wiegt bei seiner Geburt ca. 150kg.",0,0,5
"5526",52,1,19,1,"Frauen bekommen häufiger einen Schluckauf als Männer.",0,1,5
"5527",52,1,19,1,"Der Mond passt vierzigmal in die Erdkugel.",1,1,4
"5528",52,1,19,1,"Morpheus ist der griechische Gott der Träume.",1,1,4
"5529",52,1,19,1,"Die Wüste Dahna liegt in Saudi-Arabien.",0,1,3
"5530",52,1,19,1,"Nauru ist die kleinste souveräne Republik der Erde.",0,1,4
"5531",52,1,19,1,"Lachse können bis zu 20 Jahre alt werden.",0,1,3
"5532",52,1,19,1,"Der Name 'Wowereit' heißt auf Litauisch Eichhörnchen.",0,1,3
"5533",52,1,19,1,"Lybien ist das einzige Land mit einer einfarbigen Flagge.",1,0,5
"5534",52,1,19,1,"Ein neugeborenes Panda-Baby ist kleiner als eine Maus.",0,0,5
"5535",52,1,19,1,"Die Angst vor dem Küssen nennt man Philemaphobie.",1,0,2
"5536",52,1,19,1,"Die Schwarzerle zählt zu den Buchengewächsen.",1,0,3
"5537",52,1,19,1,"Kleinohrigel haben keine Stacheln.",0,1,3
"5538",52,1,19,1,"Unsere Atmosphäre enthält rund 0,00025 % Ozon.",1,1,2
"5539",52,1,19,1,"Wenn Nilpferde sich aufregen, färbt sich ihr Schweiß grün.",1,0,2
"5540",52,1,19,1,"Die Insel Ösel gehört zu Dänemark.",1,1,3
"5541",52,1,19,1,"Der mitteleuropäische Feldschwirl ist kein Zugvogel.",0,1,2
"5542",52,1,19,1,"Sambia hieß früher Nordrhodesien.",0,1,3
"5543",52,1,19,1,"Bolivien ist der kleinste Binnenstaat Südamerikas.",1,1,4
"5544",52,1,19,1,"Brad Pitt heißt eigentlich 'Henry Bradley Pitt'.",1,1,3
"5545",52,1,19,1,"Der nicht sichtbare Teil des Eisbergs heißt Eisbergkiel.",1,1,3
"5546",52,1,19,1,"Der Maler Marc Chagall wurde 1887 in Russland geboren.",1,0,4
"5547",52,1,19,1,"Freddie Mercurys richtiger Name lautete Farrokh Bulsara.",1,1,4
"5548",52,1,19,1,"Der Reißverschluss wurde in Norwegen erfunden.",0,1,3
"5549",52,1,19,1,"Ein menschliches Haar wächst jährlich ca. 85 mm.",0,1,4
"5550",52,1,19,1,"Die Azoren gehören zu Spanien.",1,0,6
"5551",52,2,19,1,"In den USA gibt es die meisten Milliardäre auf der Welt.",0,0,2
"5552",52,1,19,1,"Die Volksrepublik China wurde 1947 gegründet.",0,1,2
"5553",52,1,19,1,"Beim Rugby gibt es 30 Spieler.",0,1,2
"5554",52,2,19,1,"Tequila wird aus dem Herzen der roten Agave gewonnen.",0,1,2
"5555",52,2,19,1,"Spanien ist ein Gründungsmitglied der UNO.",1,0,4
"5556",52,2,19,1,"Schweine können keinen Sonnenbrand bekommen.",1,0,2
"5557",52,2,19,1,"Ein Schwan trägt ca. 50.000 Federn am Körper.",1,1,3
"5558",52,2,19,1,"Nur Menschen und Affen besitzen einen Bauchnabel.",0,0,3
"5559",52,2,19,1,"Die Insektenkunde wird auch Entomologie genannt.",1,0,1
"5560",52,2,19,1,"Der Bereich zwischen den Augenbrauen heißt Glabella.",1,1,2
"5561",52,2,19,1,"Giséle Bündchen hat einen Zwillingsbruder.",1,1,2
"5562",52,2,19,1,"Die Küstenseeschwalbe fliegt jedes Jahr fast 40000 km.",0,0,2
"5563",52,2,19,1,"Albany ist die Hauptstadt des US-Bundesstaates New Jersey.",0,1,3
"5564",52,2,19,1,"Für Descartes wies Schielen bei Frauen auf Frigidität hin.",0,1,1
"5565",52,2,19,1,"Bei den italienischen Wahlen 2008 traten 62 Parteien an.",1,1,2
"5566",52,2,19,1,"Seoul bedeutet auf koreanisch 'Die Hauptstadt'.",0,0,2
"5567",52,2,19,1,"Tom Cruise ist Legastheniker.",1,1,2
"5568",53,1,21,1,"Es gibt 56 verschiedene Arten eine Krawatte zu binden.",1,0,5
"5569",53,1,21,1,"Volleyball wurde in Florida erfunden.",0,0,1
"5570",53,1,21,1,"Schweine können keinen Sonnenbrand bekommen.",0,1,3
"5571",53,1,21,1,"Der Film 'Pretty Woman' gewann keinen Oscar.",0,0,6
"5572",53,2,21,1,"Der Wassergehalt bei Beeren beträgt 90%.",0,0,4
"5573",53,2,21,1,"Die Ostgoten zählten zum Stamm der Normannen.",0,1,4
"5574",53,1,21,1,"Giséle Bündchen hat einen Zwillingsbruder.",0,1,2
"5575",53,2,21,1,"Keime sterben auf Holz schneller ab als auf Plastik.",0,0,6
"5576",53,2,21,1,"Wladimir Putin wurde in Murmansk geboren.",0,0,1
"5577",53,2,21,1,"Kleinohrigel haben keine Stacheln.",0,0,4
"5578",53,2,21,1,"Der Schwertwal gehört zur Gattung der Delfine.",1,0,4
"5579",53,1,21,1,"Wenn Nilpferde sich aufregen, färbt sich ihr Schweiß grün.",1,1,3
"5580",53,1,21,1,"Frauen blinzeln fast doppelt so viel wie Männer.",0,0,4
"5581",53,1,21,1,"Das Lieblingsgetränk von Benedikt XVI. ist Fanta.",1,1,3
"5582",53,1,21,1,"Ein Menschenfloh kann 20cm hoch springen.",0,1,5
"5583",53,1,21,1,"Das Jojo war ursprünglich eine philippinische Jagdwaffe.",1,1,3
"5584",53,1,21,1,"Spanien ist ein Gründungsmitglied der UNO.",0,0,2
"5585",53,1,21,1,"Die Azoren gehören zu Spanien.",1,1,4
"5586",53,1,21,1,"Der Bereich zwischen den Augenbrauen heißt Glabella.",0,1,4
"5587",53,1,21,1,"Brad Pitt heißt eigentlich 'Henry Bradley Pitt'.",1,1,3
"5588",53,1,21,1,"French Fries' wurden in England erfunden.",1,0,3
"5589",53,1,21,1,"Das Capybara ist das größte aller Beuteltiere.",0,0,5
"5590",53,1,21,1,"Die Augen eines Straußes sind größer als sein Gehirn.",1,0,5
"5591",53,1,21,1,"Das Domino-Spiel besteht aus 28 Steinen.",0,1,4
"5592",53,1,21,1,"Der nicht sichtbare Teil des Eisbergs heißt Eisbergkiel.",1,1,4
"5593",53,1,21,1,"Der Maler Marc Chagall wurde 1887 in Russland geboren.",1,1,3
"5594",53,1,21,1,"Die Insel Ösel gehört zu Dänemark.",1,1,5
"5595",53,1,21,1,"Manama ist die Hauptstadt Bahrains.",1,0,5
"5596",53,1,21,1,"Ein Biber kann in einem Jahr über 200 Bäume fällen.",0,1,4
"5597",53,1,21,1,"Freddie Mercurys richtiger Name lautete Farrokh Bulsara.",1,0,6
"5598",53,1,21,1,"Delphine schwimmen höchstens 54 Kilometer pro Stunde.",1,0,5
"5599",53,1,21,1,"Die Tochter von Sydney Poitier heißt Sydney Poitier.",0,0,4
"5600",53,1,21,1,"Nicole Kidman hat panische Angst vor Schmetterlingen.",0,1,2
"5601",53,1,21,1,"Alle Uhren im Film 'Pulp Fiction' stehen auf 4.10 Uhr.",0,1,4
"5602",53,1,21,1,"Robbie Williams heißt mit Zweitnamen 'Maximilian'.",0,1,5
"5603",53,1,21,1,"Die Erde wird in 340 Längenkreise unterteilt.",0,0,3
"5604",53,1,21,1,"Patagonien ist ein Landschaftsabschnitt in Asien.",1,1,1
"5605",53,1,21,1,"Schlangen sind taub, da kein Außenohr vorhanden ist.",1,0,6
"5606",53,1,21,1,"Der Basenji ist der einzige Hund, der nicht bellt.",1,0,5
"5607",53,1,21,1,"Minerva ist die römische Göttin der Weisheit.",0,1,6
"5608",53,1,21,1,"Der Javagraben ist die tiefste Meerestiefe der Welt.",0,0,6
"5609",53,1,21,1,"Seepferdchen gehören zur Gattung der Fische.",0,1,4
"5610",53,1,21,1,"Die Angst vor dem Küssen nennt man Philemaphobie.",1,1,3
"5611",53,1,21,1,"Die Sektsteuer wurde von Friedrich Ebert eingeführt.",0,0,3
"5612",53,1,21,1,"Der Mond passt vierzigmal in die Erdkugel.",1,1,5
"5613",53,1,21,1,"Der Nacktmull ist das schmerzempfindlichste Tier der Welt.",0,1,5
"5614",53,1,21,1,"Die Norfolkinseln im Pazifik gehören zu Neuseeland.",1,1,6
"5615",53,1,21,1,"Das meiste Gold wird derzeit in Südafrika gefördert.",0,1,4
"5616",53,1,21,1,"Tom Cruise ist Legastheniker.",0,0,4
"5617",53,1,21,1,"Die Nachfolger Mohammeds bezeichnet man als Kalifen.",1,0,3
"5618",53,1,21,1,"Unsere Atmosphäre enthält rund 0,00025 % Ozon.",1,1,5
"5619",53,1,21,1,"Das türkische Bad wurde in Griechenland erfunden.",0,1,5
"5620",53,1,21,1,"Die Luftpumpe ist eine französische Erfindung.",0,0,4
"5621",53,1,21,1,"Der höchste nordamerikanische Berg liegt in Wyoming.",1,1,5
"5622",53,1,21,1,"Bei den italienischen Wahlen 2008 traten 62 Parteien an.",0,0,1
"5623",53,1,21,1,"Die Schwarzerle zählt zu den Buchengewächsen.",1,1,5
"5624",53,2,21,1,"Tennis wurde in englischen Klöstern erfunden.",0,0,1
"5625",53,2,21,1,"Goethe schrieb genau 64 Jahre lang an seinem 'Faust'.",0,0,3
"5626",53,2,21,1,"Balsaholz ist die schwerste aller Holzarten.",0,1,2
"5627",53,2,21,1,"Der Allradantrieb wurde 1938 in England erfunden.",1,0,2
"5628",53,2,21,1,"Blaue Augen werden im Alter immer heller.",0,0,4
"5629",53,2,21,1,"Auf indischen Rupienscheinen sind 12 verschiedene Schriften.",1,1,2
"5630",53,2,21,1,"In Angola ist Spanisch die offizielle Amtssprache.",0,0,4
"5631",53,2,21,1,"Jean-Jaques Rousseau war alleinerziehender Vater.",0,1,2
"5632",53,2,21,1,"Sheryl Crow war Hürdenläuferin.",1,1,2
"5633",53,2,21,1,"Nur Menschen und Affen besitzen einen Bauchnabel.",1,0,6
"5634",53,2,21,1,"Beim Rugby gibt es 30 Spieler.",0,1,2
"5635",53,2,21,1,"Zuckerwatte wurde von einem Flugzeugpiloten erfunden.",0,0,1
"5636",53,2,21,1,"Der Name 'Wowereit' heißt auf Litauisch Eichhörnchen.",0,0,2
"5637",53,2,21,1,"Der Reißverschluss wurde in Norwegen erfunden.",0,1,3
"5638",53,2,21,1,"Ein menschliches Haar wächst jährlich ca. 85 mm.",0,0,6
"5639",53,2,21,1,"Spanholz besteht hauptsächlich aus Birkenholz.",0,0,5
"5640",53,2,21,1,"Die kanadische Sängerin Celine Dion hat acht Geschwister.",1,0,1
"5641",53,2,21,1,"Eine Bienenkönigin legt durchschnittlich 500 Eier am Tag.",1,0,4
"5642",53,2,21,1,"Lachse können bis zu 20 Jahre alt werden.",0,1,3
"5643",53,2,21,1,"Sambia hieß früher Nordrhodesien.",0,0,1
"5644",53,2,21,1,"Ein Nilpferd wiegt bei seiner Geburt ca. 150kg.",0,1,4
"5645",53,2,21,1,"Die Wüste Dahna liegt in Saudi-Arabien.",0,1,3
"5646",53,2,21,1,"Der Goliathfrosch kann sogar kleine Krokodile verspeisen.",1,1,5
"5647",53,2,21,1,"Schären sind Talgletscher in Skandinavien.",1,1,6
"5648",53,2,21,1,"Das Finn-Dingi ist ein Einmannboot beim Sportsegeln.",1,1,3
"5649",53,2,21,1,"Tequila wird aus dem Herzen der roten Agave gewonnen.",1,1,3
"5650",53,2,21,1,"Die Volksrepublik China wurde 1947 gegründet.",0,1,5
"5651",53,2,21,1,"Ein neugeborenes Panda-Baby ist kleiner als eine Maus.",0,0,6
"5652",53,2,21,1,"Einen kastrierten Esel nennt man auch Macker oder Knilch.",1,1,4
"5653",53,2,21,1,"Hernando Cortéz eroberte Mexiko.",0,0,1
"5654",53,2,21,1,"Seoul bedeutet auf koreanisch 'Die Hauptstadt'.",1,1,6
"5655",53,2,21,1,"Nauru ist die kleinste souveräne Republik der Erde.",0,1,4
"5656",53,2,21,1,"Weibliche Taranteln töten circa 99% ihrer Nachkommen.",0,1,3
"5657",53,2,21,1,"Albany ist die Hauptstadt des US-Bundesstaates New Jersey.",1,1,4
"5658",53,2,21,1,"In Uganda ist die Amtssprache englisch.",1,1,3
"5659",53,2,21,1,"Das Zwerghörnchen ist das kleinste Säugetier Europas.",1,0,5
"5660",53,2,21,1,"Island ist geologisch das jüngste Inselland der Welt.",1,1,3
"5661",53,2,21,1,"Bob Dylan arbeitet nebenberuflich als Winzer.",1,0,1
"5662",53,2,21,1,"Der mitteleuropäische Feldschwirl ist kein Zugvogel.",0,1,1
"5663",53,2,21,1,"Alexander Graham Bell erfand das Tragflügelboot.",1,1,1
"5664",53,2,21,1,"Die Küstenseeschwalbe fliegt jedes Jahr fast 40000 km.",1,1,4
"5665",53,2,21,1,"Der Ladogasee ist der größte See Europas.",1,1,2
"5666",53,2,21,1,"Die längsten Opern stammen von Gioacchino Rossini.",1,0,1
"5667",53,2,21,1,"Der Speisesaal eines Klosters wird Refektorium genannt.",1,0,1
"5668",53,2,21,1,"Die erste elektronische Mail wurde im Jahr 1973 versendet.",1,0,1
"5669",53,2,21,1,"In den USA gibt es die meisten Milliardäre auf der Welt.",1,0,6
"5670",53,2,21,1,"Kokosnüsse haben einen höheren Fettanteil als Pistazien.",0,1,6
"5671",53,2,21,1,"Magnesiummangel kann zu Hautproblemen führen.",1,1,5
"5672",53,2,21,1,"In USA wird kein Teletext ausgestrahlt.",0,0,4
"5673",53,2,21,1,"Für Descartes wies Schielen bei Frauen auf Frigidität hin.",1,0,4
"5674",53,2,21,1,"Erdbeeren enthalten mehr Vitamin C als Orangen.",1,0,6
"5675",53,2,21,1,"Der Erfinder des Bikinis war ursprünglich Schuhdesigner.",1,1,2
"5676",53,2,21,1,"Winston Churchill erhielt den Nobelpreis für Literatur.",1,0,5
"5677",53,2,21,1,"Frauen bekommen häufiger einen Schluckauf als Männer.",0,1,3
"5678",54,1,19,1,"Sumatra ist die viertgrößte Insel der Welt.",0,0,4
"5679",54,1,19,1,"Die Augen eines Straußes sind größer als sein Gehirn.",1,1,5
"5680",54,1,19,1,"Die Luftpumpe ist eine französische Erfindung.",0,0,1
"5681",54,1,19,1,"Der Mond passt vierzigmal in die Erdkugel.",1,0,4
"5682",54,1,19,1,"Die Angst vor dem Küssen nennt man Philemaphobie.",1,0,3
"5683",54,1,19,1,"Schlangen sind taub, da kein Außenohr vorhanden ist.",1,1,4
"5684",54,1,19,1,"Die Sektsteuer wurde von Friedrich Ebert eingeführt.",0,0,1
"5685",54,1,19,1,"Robbie Williams heißt mit Zweitnamen 'Maximilian'.",0,0,1
"5686",54,1,19,1,"Die Schwarzerle zählt zu den Buchengewächsen.",1,1,5
"5687",54,2,19,1,"Alexander Graham Bell erfand das Tragflügelboot.",0,0,5
"5688",54,2,19,1,"Der Erfinder des Bikinis war ursprünglich Schuhdesigner.",0,1,6
"5689",54,2,19,1,"Ein menschliches Haar wächst jährlich ca. 85 mm.",1,1,3
"5690",54,2,19,1,"Die Volksrepublik China wurde 1947 gegründet.",1,0,1
"5691",54,2,19,1,"Die kanadische Sängerin Celine Dion hat acht Geschwister.",0,0,1
"5692",54,2,19,1,"Der Speisesaal eines Klosters wird Refektorium genannt.",0,1,4
"5693",54,2,19,1,"Blaue Augen werden im Alter immer heller.",1,0,2
"5694",54,2,19,1,"Eine Bienenkönigin legt durchschnittlich 500 Eier am Tag.",0,0,2
"5695",54,2,19,1,"Der mitteleuropäische Feldschwirl ist kein Zugvogel.",1,0,1
"5696",54,2,19,1,"Die Küstenseeschwalbe fliegt jedes Jahr fast 40000 km.",0,1,3
"5697",54,2,19,1,"Die Wüste Dahna liegt in Saudi-Arabien.",1,1,1
"5698",54,2,19,1,"Albany ist die Hauptstadt des US-Bundesstaates New Jersey.",0,0,1
"5699",54,2,19,1,"Die längsten Opern stammen von Gioacchino Rossini.",0,1,3
"5700",54,2,19,1,"Sheryl Crow war Hürdenläuferin.",0,1,2
"5701",54,2,19,1,"Der Wassergehalt bei Beeren beträgt 90%.",1,1,5
"5702",54,2,19,1,"Spanholz besteht hauptsächlich aus Birkenholz.",1,1,3
"5703",54,2,19,1,"Für Descartes wies Schielen bei Frauen auf Frigidität hin.",0,1,2
"5704",54,2,19,1,"Keime sterben auf Holz schneller ab als auf Plastik.",1,0,3
"5705",54,2,19,1,"Goethe schrieb genau 64 Jahre lang an seinem 'Faust'.",1,0,5
"5706",54,2,19,1,"Auf indischen Rupienscheinen sind 12 verschiedene Schriften.",0,1,1
"5707",54,2,19,1,"Das Finn-Dingi ist ein Einmannboot beim Sportsegeln.",0,1,2
"5708",54,2,19,1,"Wladimir Putin wurde in Murmansk geboren.",1,1,5
"5709",54,2,19,1,"Zuckerwatte wurde von einem Flugzeugpiloten erfunden.",1,0,2
"5710",54,2,19,1,"Tennis wurde in englischen Klöstern erfunden.",1,1,1
"5711",54,2,19,1,"Kleinohrigel haben keine Stacheln.",1,1,5
"5712",54,2,19,1,"In USA wird kein Teletext ausgestrahlt.",1,1,6
"5713",54,2,19,1,"Bob Dylan arbeitet nebenberuflich als Winzer.",0,1,5
"5714",54,2,19,1,"In den USA gibt es die meisten Milliardäre auf der Welt.",0,0,5
"5715",54,2,19,1,"Island ist geologisch das jüngste Inselland der Welt.",0,0,3
"5716",54,2,19,1,"Einen kastrierten Esel nennt man auch Macker oder Knilch.",0,1,1
"5717",54,2,19,1,"Nur Menschen und Affen besitzen einen Bauchnabel.",0,0,1
"5718",54,2,19,1,"Weibliche Taranteln töten circa 99% ihrer Nachkommen.",1,1,2
"5719",54,2,19,1,"Magnesiummangel kann zu Hautproblemen führen.",0,0,1
"5720",54,2,19,1,"Seoul bedeutet auf koreanisch 'Die Hauptstadt'.",0,0,1
"5721",54,2,19,1,"Jean-Jaques Rousseau war alleinerziehender Vater.",1,0,5
"5722",54,2,19,1,"Lachse können bis zu 20 Jahre alt werden.",1,1,3
"5723",54,2,19,1,"Der Ladogasee ist der größte See Europas.",0,0,2
"5724",54,2,19,1,"Der Reißverschluss wurde in Norwegen erfunden.",1,1,1
"5725",54,2,19,1,"Das Zwerghörnchen ist das kleinste Säugetier Europas.",0,0,3
"5726",54,2,19,1,"Hernando Cortéz eroberte Mexiko.",1,0,5
"5727",54,2,19,1,"Der Name 'Wowereit' heißt auf Litauisch Eichhörnchen.",1,1,1
"5728",54,2,19,1,"Schären sind Talgletscher in Skandinavien.",0,1,1
"5729",54,2,19,1,"In Angola ist Spanisch die offizielle Amtssprache.",1,1,5
"5730",54,2,19,1,"In Uganda ist die Amtssprache englisch.",0,0,3
"5731",54,2,19,1,"Der Goliathfrosch kann sogar kleine Krokodile verspeisen.",0,0,5
"5732",54,2,19,1,"Sambia hieß früher Nordrhodesien.",1,1,1
"5733",54,2,19,1,"Der Allradantrieb wurde 1938 in England erfunden.",0,0,4
"5734",54,2,19,1,"Nauru ist die kleinste souveräne Republik der Erde.",1,1,3
"5735",54,2,19,1,"Tequila wird aus dem Herzen der roten Agave gewonnen.",0,1,1
"5736",54,2,19,1,"Der Schwertwal gehört zur Gattung der Delfine.",0,1,1
"5737",54,2,19,1,"Die erste elektronische Mail wurde im Jahr 1973 versendet.",0,1,3
"5738",54,2,19,1,"Die Ostgoten zählten zum Stamm der Normannen.",1,0,5
"5739",54,2,19,1,"Winston Churchill erhielt den Nobelpreis für Literatur.",0,0,6
"5740",54,2,19,1,"Frauen bekommen häufiger einen Schluckauf als Männer.",1,1,5
"5741",54,2,19,1,"Erdbeeren enthalten mehr Vitamin C als Orangen.",0,0,5
"5742",54,1,19,1,"Der nicht sichtbare Teil des Eisbergs heißt Eisbergkiel.",1,1,6
"5743",54,1,19,1,"Das türkische Bad wurde in Griechenland erfunden.",0,0,3
"5744",54,1,19,1,"Der höchste nordamerikanische Berg liegt in Wyoming.",1,1,1
"5745",54,1,19,1,"Die Erde wird in 340 Längenkreise unterteilt.",0,1,2
"5746",54,1,19,1,"Der Maler Marc Chagall wurde 1887 in Russland geboren.",1,0,5
"5747",54,1,19,1,"French Fries' wurden in England erfunden.",1,1,6
"5748",54,1,19,1,"Die Azoren gehören zu Spanien.",1,1,4
"5749",54,1,19,1,"Das Jojo war ursprünglich eine philippinische Jagdwaffe.",1,1,6
"5750",54,1,19,1,"Ein Schwan trägt ca. 50.000 Federn am Körper.",0,0,4
"5751",54,1,19,1,"Seepferdchen gehören zur Gattung der Fische.",0,0,6
"5752",54,1,19,1,"Der Nacktmull ist das schmerzempfindlichste Tier der Welt.",0,0,4
"5753",54,1,19,1,"Die Insel Ösel gehört zu Dänemark.",1,1,6
"5754",54,1,19,1,"Die Nachfolger Mohammeds bezeichnet man als Kalifen.",1,1,6
"5755",54,1,19,1,"Spanien ist ein Gründungsmitglied der UNO.",0,0,5
"5756",54,1,19,1,"Die Insektenkunde wird auch Entomologie genannt.",0,0,4
"5757",54,1,19,1,"Ein Biber kann in einem Jahr über 200 Bäume fällen.",0,1,4
"5758",54,1,19,1,"Giséle Bündchen hat einen Zwillingsbruder.",0,1,5
"5759",54,1,19,1,"Minerva ist die römische Göttin der Weisheit.",0,0,3
"5760",54,1,19,1,"Schweine können keinen Sonnenbrand bekommen.",0,0,2
"5761",54,1,19,1,"Der Javagraben ist die tiefste Meerestiefe der Welt.",0,1,1
"5762",54,1,19,1,"Manama ist die Hauptstadt Bahrains.",1,1,2
"5763",54,1,19,1,"Die Tochter von Sydney Poitier heißt Sydney Poitier.",0,0,1
"5764",54,1,19,1,"Alle Uhren im Film 'Pulp Fiction' stehen auf 4.10 Uhr.",0,0,2
"5765",54,1,19,1,"Der Basenji ist der einzige Hund, der nicht bellt.",1,1,6
"5766",54,1,19,1,"Wenn Nilpferde sich aufregen, färbt sich ihr Schweiß grün.",1,1,6
"5767",54,1,19,1,"Der griechische Gott Apollon ist der Schutzherr der Küste.",1,0,3
"5768",54,1,19,1,"Austern wechseln je nach Jahreszeit ihr Geschlecht.",1,1,6
"5769",54,1,19,1,"Lybien ist das einzige Land mit einer einfarbigen Flagge.",1,1,5
"5770",54,1,19,1,"Die Wüste Gobi ist eine Felswüste.",0,1,4
"5771",54,1,19,1,"Brad Pitt heißt eigentlich 'Henry Bradley Pitt'.",1,1,6
"5772",54,1,19,1,"Freddie Mercurys richtiger Name lautete Farrokh Bulsara.",1,0,5
"5773",54,1,19,1,"Morpheus ist der griechische Gott der Träume.",1,0,3
"5774",54,1,19,1,"Der Film 'Pretty Woman' gewann keinen Oscar.",0,1,4
"5775",54,1,19,1,"Das Capybara ist das größte aller Beuteltiere.",0,1,2
"5776",54,1,19,1,"Frauen blinzeln fast doppelt so viel wie Männer.",0,1,5
"5777",54,1,19,1,"Ein Menschenfloh kann 20cm hoch springen.",0,1,4
"5778",54,1,19,1,"Die Norfolkinseln im Pazifik gehören zu Neuseeland.",1,1,5
"5779",54,1,19,1,"Bolivien ist der kleinste Binnenstaat Südamerikas.",1,1,3
"5780",54,1,19,1,"Delphine schwimmen höchstens 54 Kilometer pro Stunde.",1,0,5
"5781",54,1,19,1,"Das meiste Gold wird derzeit in Südafrika gefördert.",0,1,4
"5782",54,1,19,1,"Das Domino-Spiel besteht aus 28 Steinen.",0,0,1
"5783",54,1,19,1,"Nicole Kidman hat panische Angst vor Schmetterlingen.",0,0,3
"5784",54,1,19,1,"Bei den italienischen Wahlen 2008 traten 62 Parteien an.",0,1,2
"5785",54,1,19,1,"Tom Cruise ist Legastheniker.",0,1,3
"5786",54,1,19,1,"Volleyball wurde in Florida erfunden.",0,0,1
"5787",54,1,19,1,"Es gibt 56 verschiedene Arten eine Krawatte zu binden.",1,1,4
"5788",54,1,19,1,"Unsere Atmosphäre enthält rund 0,00025 % Ozon.",1,1,5
"5789",54,1,19,1,"Das Lieblingsgetränk von Benedikt XVI. ist Fanta.",1,1,6
"5790",54,1,19,1,"Patagonien ist ein Landschaftsabschnitt in Asien.",1,1,5
"5791",54,1,19,1,"Der Bereich zwischen den Augenbrauen heißt Glabella.",0,0,1
"5792",54,2,19,1,"Ein neugeborenes Panda-Baby ist kleiner als eine Maus.",1,0,1
"5793",54,2,19,1,"Beim Rugby gibt es 30 Spieler.",1,1,3
"5794",54,1,19,1,"Die Slowakei gehört nicht zu den NATO-Staaten.",1,0,1
"5795",54,2,19,1,"Kokosnüsse haben einen höheren Fettanteil als Pistazien.",1,1,5
"5796",54,2,19,1,"Ein Nilpferd wiegt bei seiner Geburt ca. 150kg.",1,1,6
"5797",54,2,19,1,"Balsaholz ist die schwerste aller Holzarten.",1,1,6
"5798",55,1,20,1,"Freddie Mercurys richtiger Name lautete Farrokh Bulsara.",0,0,1
"5799",55,1,20,1,"Island ist geologisch das jüngste Inselland der Welt.",1,1,5
"5800",55,2,20,1,"Seepferdchen gehören zur Gattung der Fische.",0,1,3
"5801",55,2,20,1,"In USA wird kein Teletext ausgestrahlt.",1,1,4
"5802",55,2,20,1,"Wladimir Putin wurde in Murmansk geboren.",1,1,2
"5803",55,1,20,1,"Tequila wird aus dem Herzen der roten Agave gewonnen.",1,1,5
"5804",55,2,20,1,"Spanien ist ein Gründungsmitglied der UNO.",0,0,2
"5805",55,2,20,1,"Nauru ist die kleinste souveräne Republik der Erde.",1,1,4
"5806",55,2,20,1,"Ein neugeborenes Panda-Baby ist kleiner als eine Maus.",1,0,2
"5807",55,2,20,1,"Nicole Kidman hat panische Angst vor Schmetterlingen.",0,0,1
"5808",55,1,20,1,"French Fries' wurden in England erfunden.",0,1,2
"5809",55,1,20,1,"Der nicht sichtbare Teil des Eisbergs heißt Eisbergkiel.",0,1,2
"5810",55,1,20,1,"Der Mond passt vierzigmal in die Erdkugel.",0,0,4
"5811",55,1,20,1,"Manama ist die Hauptstadt Bahrains.",0,0,4
"5812",55,1,20,1,"Austern wechseln je nach Jahreszeit ihr Geschlecht.",0,1,4
"5813",55,1,20,1,"Die Nachfolger Mohammeds bezeichnet man als Kalifen.",0,1,4
"5814",55,1,20,1,"Die längsten Opern stammen von Gioacchino Rossini.",1,1,4
"5815",55,1,20,1,"Unsere Atmosphäre enthält rund 0,00025 % Ozon.",0,1,2
"5816",55,1,20,1,"Das Zwerghörnchen ist das kleinste Säugetier Europas.",1,0,4
"5817",55,1,20,1,"Sheryl Crow war Hürdenläuferin.",1,1,4
"5818",55,1,20,1,"Das Lieblingsgetränk von Benedikt XVI. ist Fanta.",0,1,4
"5819",55,1,20,1,"Die Schwarzerle zählt zu den Buchengewächsen.",0,1,3
"5820",55,1,20,1,"Der Allradantrieb wurde 1938 in England erfunden.",1,1,3
"5821",55,1,20,1,"Eine Bienenkönigin legt durchschnittlich 500 Eier am Tag.",1,0,3
"5822",55,1,20,1,"Schären sind Talgletscher in Skandinavien.",1,1,5
"5823",55,1,20,1,"Die Angst vor dem Küssen nennt man Philemaphobie.",0,0,2
"5824",55,1,20,1,"Der griechische Gott Apollon ist der Schutzherr der Küste.",0,1,3
"5825",55,1,20,1,"Die Norfolkinseln im Pazifik gehören zu Neuseeland.",0,1,4
"5826",55,1,20,1,"Das Finn-Dingi ist ein Einmannboot beim Sportsegeln.",1,1,4
"5827",55,1,20,1,"Das Jojo war ursprünglich eine philippinische Jagdwaffe.",0,0,3
"5828",55,1,20,1,"Wenn Nilpferde sich aufregen, färbt sich ihr Schweiß grün.",0,0,3
"5829",55,1,20,1,"Magnesiummangel kann zu Hautproblemen führen.",1,1,4
"5830",55,1,20,1,"Die kanadische Sängerin Celine Dion hat acht Geschwister.",1,0,3
"5831",55,1,20,1,"Der höchste nordamerikanische Berg liegt in Wyoming.",0,1,3
"5832",55,1,20,1,"Der Maler Marc Chagall wurde 1887 in Russland geboren.",0,0,2
"5833",55,1,20,1,"Für Descartes wies Schielen bei Frauen auf Frigidität hin.",1,1,3
"5834",55,1,20,1,"Bob Dylan arbeitet nebenberuflich als Winzer.",1,1,4
"5835",55,1,20,1,"Die erste elektronische Mail wurde im Jahr 1973 versendet.",1,0,2
"5836",55,1,20,1,"Winston Churchill erhielt den Nobelpreis für Literatur.",1,0,4
"5837",55,1,20,1,"Schlangen sind taub, da kein Außenohr vorhanden ist.",0,1,3
"5838",55,1,20,1,"Der Basenji ist der einzige Hund, der nicht bellt.",0,1,1
"5839",55,1,20,1,"Morpheus ist der griechische Gott der Träume.",0,1,2
"5840",55,1,20,1,"Erdbeeren enthalten mehr Vitamin C als Orangen.",1,1,4
"5841",55,1,20,1,"Die Insel Ösel gehört zu Dänemark.",0,1,2
"5842",55,1,20,1,"Auf indischen Rupienscheinen sind 12 verschiedene Schriften.",1,1,2
"5843",55,1,20,1,"Alexander Graham Bell erfand das Tragflügelboot.",1,1,4
"5844",55,1,20,1,"Patagonien ist ein Landschaftsabschnitt in Asien.",0,1,2
"5845",55,1,20,1,"Der Goliathfrosch kann sogar kleine Krokodile verspeisen.",1,1,5
"5846",55,1,20,1,"Der Ladogasee ist der größte See Europas.",1,1,5
"5847",55,1,20,1,"Die Augen eines Straußes sind größer als sein Gehirn.",0,1,2
"5848",55,1,20,1,"In den USA gibt es die meisten Milliardäre auf der Welt.",1,1,5
"5849",55,1,20,1,"Nur Menschen und Affen besitzen einen Bauchnabel.",1,1,6
"5850",55,1,20,1,"Der Speisesaal eines Klosters wird Refektorium genannt.",1,1,3
"5851",55,1,20,1,"Die Azoren gehören zu Spanien.",0,0,6
"5852",55,1,20,1,"Lybien ist das einzige Land mit einer einfarbigen Flagge.",0,1,3
"5853",55,1,20,1,"Die Slowakei gehört nicht zu den NATO-Staaten.",0,1,4
"5854",55,1,20,1,"Delphine schwimmen höchstens 54 Kilometer pro Stunde.",0,0,3
"5855",55,1,20,1,"Es gibt 56 verschiedene Arten eine Krawatte zu binden.",0,1,2
"5856",55,1,20,1,"Die Küstenseeschwalbe fliegt jedes Jahr fast 40000 km.",1,1,5
"5857",55,1,20,1,"Der Schwertwal gehört zur Gattung der Delfine.",1,1,5
"5858",55,1,20,1,"Seoul bedeutet auf koreanisch 'Die Hauptstadt'.",1,1,5
"5859",55,1,20,1,"Der Erfinder des Bikinis war ursprünglich Schuhdesigner.",1,1,5
"5860",55,1,20,1,"Bolivien ist der kleinste Binnenstaat Südamerikas.",0,0,6
"5861",55,1,20,1,"Brad Pitt heißt eigentlich 'Henry Bradley Pitt'.",0,1,2
"5862",55,1,20,1,"Einen kastrierten Esel nennt man auch Macker oder Knilch.",1,1,5
"5863",55,1,20,1,"In Uganda ist die Amtssprache englisch.",1,0,5
"5864",55,1,20,1,"Albany ist die Hauptstadt des US-Bundesstaates New Jersey.",1,0,6
"5865",55,2,20,1,"Der Javagraben ist die tiefste Meerestiefe der Welt.",0,1,3
"5866",55,2,20,1,"Der Bereich zwischen den Augenbrauen heißt Glabella.",0,0,2
"5867",55,2,20,1,"Bei den italienischen Wahlen 2008 traten 62 Parteien an.",0,0,2
"5868",55,2,20,1,"Kokosnüsse haben einen höheren Fettanteil als Pistazien.",1,0,2
"5869",55,2,20,1,"Tennis wurde in englischen Klöstern erfunden.",1,0,2
"5870",55,2,20,1,"Frauen blinzeln fast doppelt so viel wie Männer.",0,0,4
"5871",55,2,20,1,"Das türkische Bad wurde in Griechenland erfunden.",0,1,2
"5872",55,2,20,1,"Lachse können bis zu 20 Jahre alt werden.",1,1,2
"5873",55,2,20,1,"Der Film 'Pretty Woman' gewann keinen Oscar.",0,0,3
"5874",55,2,20,1,"Keime sterben auf Holz schneller ab als auf Plastik.",1,0,5
"5875",55,2,20,1,"Ein Biber kann in einem Jahr über 200 Bäume fällen.",0,1,2
"5876",55,2,20,1,"Die Sektsteuer wurde von Friedrich Ebert eingeführt.",0,1,2
"5877",55,2,20,1,"Die Wüste Gobi ist eine Felswüste.",0,1,2
"5878",55,2,20,1,"Ein Schwan trägt ca. 50.000 Federn am Körper.",0,1,3
"5879",55,2,20,1,"Ein Nilpferd wiegt bei seiner Geburt ca. 150kg.",1,1,2
"5880",55,2,20,1,"Sambia hieß früher Nordrhodesien.",1,0,2
"5881",55,2,20,1,"Die Ostgoten zählten zum Stamm der Normannen.",1,1,4
"5882",55,2,20,1,"Beim Rugby gibt es 30 Spieler.",1,1,1
"5883",55,2,20,1,"Schweine können keinen Sonnenbrand bekommen.",0,0,5
"5884",55,2,20,1,"Spanholz besteht hauptsächlich aus Birkenholz.",1,0,2
"5885",55,2,20,1,"Zuckerwatte wurde von einem Flugzeugpiloten erfunden.",1,0,2
"5886",55,2,20,1,"Die Volksrepublik China wurde 1947 gegründet.",1,1,2
"5887",55,2,20,1,"Der Wassergehalt bei Beeren beträgt 90%.",1,1,2
"5888",55,2,20,1,"Das meiste Gold wird derzeit in Südafrika gefördert.",0,0,3
"5889",55,2,20,1,"Goethe schrieb genau 64 Jahre lang an seinem 'Faust'.",1,1,3
"5890",55,2,20,1,"Volleyball wurde in Florida erfunden.",0,0,2
"5891",55,2,20,1,"Robbie Williams heißt mit Zweitnamen 'Maximilian'.",0,0,2
"5892",55,2,20,1,"Der mitteleuropäische Feldschwirl ist kein Zugvogel.",1,0,2
"5893",55,2,20,1,"Die Wüste Dahna liegt in Saudi-Arabien.",1,1,2
"5894",55,2,20,1,"Die Erde wird in 340 Längenkreise unterteilt.",0,0,2
"5895",55,2,20,1,"Ein Menschenfloh kann 20cm hoch springen.",0,1,4
"5896",55,2,20,1,"Weibliche Taranteln töten circa 99% ihrer Nachkommen.",1,1,2
"5897",55,2,20,1,"Die Luftpumpe ist eine französische Erfindung.",0,0,2
"5898",55,2,20,1,"Blaue Augen werden im Alter immer heller.",1,1,4
"5899",55,2,20,1,"Das Capybara ist das größte aller Beuteltiere.",0,1,2
"5900",55,2,20,1,"Frauen bekommen häufiger einen Schluckauf als Männer.",1,0,2
"5901",55,2,20,1,"Balsaholz ist die schwerste aller Holzarten.",1,1,2
"5902",55,2,20,1,"Hernando Cortéz eroberte Mexiko.",1,1,5
"5903",55,2,20,1,"Ein menschliches Haar wächst jährlich ca. 85 mm.",1,0,4
"5904",55,2,20,1,"Minerva ist die römische Göttin der Weisheit.",0,1,5
"5905",55,2,20,1,"Jean-Jaques Rousseau war alleinerziehender Vater.",1,1,3
"5906",55,2,20,1,"Alle Uhren im Film 'Pulp Fiction' stehen auf 4.10 Uhr.",0,1,2
"5907",55,2,20,1,"Das Domino-Spiel besteht aus 28 Steinen.",0,1,2
"5908",55,2,20,1,"Kleinohrigel haben keine Stacheln.",1,0,2
"5909",55,2,20,1,"Giséle Bündchen hat einen Zwillingsbruder.",0,1,2
"5910",55,2,20,1,"Der Name 'Wowereit' heißt auf Litauisch Eichhörnchen.",1,1,2
"5911",55,2,20,1,"Der Nacktmull ist das schmerzempfindlichste Tier der Welt.",0,1,2
"5912",55,2,20,1,"Die Insektenkunde wird auch Entomologie genannt.",0,0,2
"5913",55,2,20,1,"Die Tochter von Sydney Poitier heißt Sydney Poitier.",0,0,1
"5914",55,2,20,1,"Tom Cruise ist Legastheniker.",0,1,2
"5915",55,2,20,1,"Sumatra ist die viertgrößte Insel der Welt.",0,0,1
"5916",55,2,20,1,"Der Reißverschluss wurde in Norwegen erfunden.",1,1,2
"5917",55,2,20,1,"In Angola ist Spanisch die offizielle Amtssprache.",1,1,4
"5918",56,1,19,1,"In den USA gibt es die meisten Milliardäre auf der Welt.",1,1,4
"5919",56,1,19,1,"Alexander Graham Bell erfand das Tragflügelboot.",1,1,3
"5920",56,1,19,1,"Freddie Mercurys richtiger Name lautete Farrokh Bulsara.",0,0,6
"5921",56,1,19,1,"Das Jojo war ursprünglich eine philippinische Jagdwaffe.",0,0,1
"5922",56,1,19,1,"Sheryl Crow war Hürdenläuferin.",1,1,5
"5923",56,1,19,1,"Die längsten Opern stammen von Gioacchino Rossini.",1,1,6
"5924",56,1,19,1,"Der Goliathfrosch kann sogar kleine Krokodile verspeisen.",1,0,2
"5925",56,1,19,1,"Die kanadische Sängerin Celine Dion hat acht Geschwister.",1,1,6
"5926",56,1,19,1,"Der höchste nordamerikanische Berg liegt in Wyoming.",0,0,1
"5927",56,1,19,1,"Die Nachfolger Mohammeds bezeichnet man als Kalifen.",0,0,2
"5928",56,1,19,1,"In Uganda ist die Amtssprache englisch.",1,1,4
"5929",56,2,19,1,"Ein Menschenfloh kann 20cm hoch springen.",1,1,3
"5930",56,2,19,1,"Alle Uhren im Film 'Pulp Fiction' stehen auf 4.10 Uhr.",1,1,3
"5931",56,2,19,1,"Giséle Bündchen hat einen Zwillingsbruder.",1,1,3
"5932",56,2,19,1,"Ein neugeborenes Panda-Baby ist kleiner als eine Maus.",0,0,2
"5933",56,2,19,1,"Die Tochter von Sydney Poitier heißt Sydney Poitier.",1,1,5
"5934",56,2,19,1,"Die Erde wird in 340 Längenkreise unterteilt.",1,0,3
"5935",56,2,19,1,"Ein menschliches Haar wächst jährlich ca. 85 mm.",0,0,5
"5936",56,2,19,1,"Kleinohrigel haben keine Stacheln.",0,1,1
"5937",56,2,19,1,"Die Volksrepublik China wurde 1947 gegründet.",0,0,1
"5938",56,2,19,1,"Die Insektenkunde wird auch Entomologie genannt.",1,1,4
"5939",56,2,19,1,"Der Film 'Pretty Woman' gewann keinen Oscar.",1,1,3
"5940",56,2,19,1,"Hernando Cortéz eroberte Mexiko.",0,0,2
"5941",56,2,19,1,"In Angola ist Spanisch die offizielle Amtssprache.",0,1,1
"5942",56,2,19,1,"Bei den italienischen Wahlen 2008 traten 62 Parteien an.",1,1,3
"5943",56,2,19,1,"Zuckerwatte wurde von einem Flugzeugpiloten erfunden.",0,0,2
"5944",56,2,19,1,"Das türkische Bad wurde in Griechenland erfunden.",1,1,4
"5945",56,2,19,1,"Wladimir Putin wurde in Murmansk geboren.",0,1,2
"5946",56,2,19,1,"Ein Nilpferd wiegt bei seiner Geburt ca. 150kg.",0,1,3
"5947",56,2,19,1,"Das Capybara ist das größte aller Beuteltiere.",1,0,1
"5948",56,2,19,1,"Spanien ist ein Gründungsmitglied der UNO.",1,0,1
"5949",56,2,19,1,"Das Domino-Spiel besteht aus 28 Steinen.",1,0,3
"5950",56,2,19,1,"Weibliche Taranteln töten circa 99% ihrer Nachkommen.",0,1,2
"5951",56,2,19,1,"Der Wassergehalt bei Beeren beträgt 90%.",0,1,3
"5952",56,2,19,1,"In USA wird kein Teletext ausgestrahlt.",0,0,2
"5953",56,2,19,1,"Blaue Augen werden im Alter immer heller.",0,0,4
"5954",56,2,19,1,"Der Name 'Wowereit' heißt auf Litauisch Eichhörnchen.",0,0,2
"5955",56,2,19,1,"Sambia hieß früher Nordrhodesien.",0,0,2
"5956",56,2,19,1,"Keime sterben auf Holz schneller ab als auf Plastik.",0,0,2
"5957",56,2,19,1,"Jean-Jaques Rousseau war alleinerziehender Vater.",0,1,2
"5958",56,2,19,1,"Der Bereich zwischen den Augenbrauen heißt Glabella.",1,1,4
"5959",56,2,19,1,"Der Nacktmull ist das schmerzempfindlichste Tier der Welt.",1,1,3
"5960",56,2,19,1,"Nauru ist die kleinste souveräne Republik der Erde.",0,0,1
"5961",56,2,19,1,"Seepferdchen gehören zur Gattung der Fische.",1,1,5
"5962",56,2,19,1,"Robbie Williams heißt mit Zweitnamen 'Maximilian'.",1,1,2
"5963",56,2,19,1,"Der mitteleuropäische Feldschwirl ist kein Zugvogel.",0,0,2
"5964",56,2,19,1,"Tennis wurde in englischen Klöstern erfunden.",0,0,2
"5965",56,2,19,1,"Frauen blinzeln fast doppelt so viel wie Männer.",1,0,3
"5966",56,2,19,1,"Der Reißverschluss wurde in Norwegen erfunden.",0,1,3
"5967",56,2,19,1,"Volleyball wurde in Florida erfunden.",1,1,2
"5968",56,2,19,1,"Schweine können keinen Sonnenbrand bekommen.",1,1,4
"5969",56,2,19,1,"Die Wüste Gobi ist eine Felswüste.",1,0,4
"5970",56,2,19,1,"Die Luftpumpe ist eine französische Erfindung.",1,1,2
"5971",56,2,19,1,"Spanholz besteht hauptsächlich aus Birkenholz.",0,0,1
"5972",56,2,19,1,"Die Sektsteuer wurde von Friedrich Ebert eingeführt.",1,0,1
"5973",56,2,19,1,"Ein Biber kann in einem Jahr über 200 Bäume fällen.",1,1,3
"5974",56,2,19,1,"Beim Rugby gibt es 30 Spieler.",0,0,1
"5975",56,2,19,1,"Lachse können bis zu 20 Jahre alt werden.",0,1,3
"5976",56,2,19,1,"Frauen bekommen häufiger einen Schluckauf als Männer.",0,1,4
"5977",56,2,19,1,"Goethe schrieb genau 64 Jahre lang an seinem 'Faust'.",0,0,2
"5978",56,2,19,1,"Sumatra ist die viertgrößte Insel der Welt.",1,1,4
"5979",56,2,19,1,"Kokosnüsse haben einen höheren Fettanteil als Pistazien.",0,1,3
"5980",56,2,19,1,"Balsaholz ist die schwerste aller Holzarten.",0,0,1
"5981",56,2,19,1,"Ein Schwan trägt ca. 50.000 Federn am Körper.",1,1,4
"5982",56,2,19,1,"Tom Cruise ist Legastheniker.",1,1,4
"5983",56,2,19,1,"Die Wüste Dahna liegt in Saudi-Arabien.",0,0,2
"5984",56,1,19,1,"Seoul bedeutet auf koreanisch 'Die Hauptstadt'.",1,1,6
"5985",56,1,19,1,"Island ist geologisch das jüngste Inselland der Welt.",1,1,6
"5986",56,1,19,1,"Der nicht sichtbare Teil des Eisbergs heißt Eisbergkiel.",0,0,1
"5987",56,1,19,1,"Bolivien ist der kleinste Binnenstaat Südamerikas.",0,1,4
"5988",56,1,19,1,"Für Descartes wies Schielen bei Frauen auf Frigidität hin.",1,1,5
"5989",56,1,19,1,"Die erste elektronische Mail wurde im Jahr 1973 versendet.",1,1,1
"5990",56,1,19,1,"Schären sind Talgletscher in Skandinavien.",1,1,6
"5991",56,1,19,1,"Eine Bienenkönigin legt durchschnittlich 500 Eier am Tag.",1,0,1
"5992",56,1,19,1,"Es gibt 56 verschiedene Arten eine Krawatte zu binden.",0,1,1
"5993",56,1,19,1,"Der Ladogasee ist der größte See Europas.",1,1,6
"5994",56,1,19,1,"Erdbeeren enthalten mehr Vitamin C als Orangen.",1,0,1
"5995",56,1,19,1,"Der Mond passt vierzigmal in die Erdkugel.",0,0,1
"5996",56,1,19,1,"Unsere Atmosphäre enthält rund 0,00025 % Ozon.",0,1,1
"5997",56,1,19,1,"Der Basenji ist der einzige Hund, der nicht bellt.",0,1,1
"5998",56,1,19,1,"Bob Dylan arbeitet nebenberuflich als Winzer.",1,1,6
"5999",56,1,19,1,"Tequila wird aus dem Herzen der roten Agave gewonnen.",1,1,4
"6000",56,1,19,1,"Die Angst vor dem Küssen nennt man Philemaphobie.",0,0,1
"6001",56,1,19,1,"Lybien ist das einzige Land mit einer einfarbigen Flagge.",0,0,2
"6002",56,1,19,1,"Die Insel Ösel gehört zu Dänemark.",0,0,1
"6003",56,1,19,1,"Der griechische Gott Apollon ist der Schutzherr der Küste.",0,0,4
"6004",56,1,19,1,"Austern wechseln je nach Jahreszeit ihr Geschlecht.",0,1,3
"6005",56,1,19,1,"Die Augen eines Straußes sind größer als sein Gehirn.",0,1,3
"6006",56,1,19,1,"Auf indischen Rupienscheinen sind 12 verschiedene Schriften.",1,1,5
"6007",56,1,19,1,"Albany ist die Hauptstadt des US-Bundesstaates New Jersey.",1,1,4
"6008",56,1,19,1,"Das Zwerghörnchen ist das kleinste Säugetier Europas.",1,1,3
"6009",56,1,19,1,"Der Maler Marc Chagall wurde 1887 in Russland geboren.",0,1,1
"6010",56,1,19,1,"Brad Pitt heißt eigentlich 'Henry Bradley Pitt'.",0,1,1
"6011",56,1,19,1,"Das Lieblingsgetränk von Benedikt XVI. ist Fanta.",0,0,1
"6012",56,1,19,1,"Der Speisesaal eines Klosters wird Refektorium genannt.",1,0,1
"6013",56,1,19,1,"Morpheus ist der griechische Gott der Träume.",0,0,2
"6014",56,1,19,1,"Patagonien ist ein Landschaftsabschnitt in Asien.",0,1,2
"6015",56,1,19,1,"Der Erfinder des Bikinis war ursprünglich Schuhdesigner.",1,1,4
"6016",56,1,19,1,"Die Azoren gehören zu Spanien.",0,0,3
"6017",56,1,19,1,"Die Küstenseeschwalbe fliegt jedes Jahr fast 40000 km.",1,1,4
"6018",56,1,19,1,"Die Norfolkinseln im Pazifik gehören zu Neuseeland.",0,0,3
"6019",56,1,19,1,"Magnesiummangel kann zu Hautproblemen führen.",1,1,5
"6020",56,1,19,1,"Winston Churchill erhielt den Nobelpreis für Literatur.",1,1,6
"6021",56,1,19,1,"Der Allradantrieb wurde 1938 in England erfunden.",1,1,3
"6022",56,1,19,1,"Die Schwarzerle zählt zu den Buchengewächsen.",0,1,3
"6023",56,1,19,1,"Nur Menschen und Affen besitzen einen Bauchnabel.",1,1,6
"6024",56,2,19,1,"Das meiste Gold wird derzeit in Südafrika gefördert.",1,1,1
"6025",56,1,19,1,"Delphine schwimmen höchstens 54 Kilometer pro Stunde.",0,0,1
"6026",56,1,19,1,"Das Finn-Dingi ist ein Einmannboot beim Sportsegeln.",1,1,6
"6027",56,1,19,1,"Die Slowakei gehört nicht zu den NATO-Staaten.",0,0,1
"6028",56,1,19,1,"Einen kastrierten Esel nennt man auch Macker oder Knilch.",1,1,6
"6029",56,1,19,1,"Schlangen sind taub, da kein Außenohr vorhanden ist.",0,1,4
"6030",56,1,19,1,"Wenn Nilpferde sich aufregen, färbt sich ihr Schweiß grün.",0,0,1
"6031",56,1,19,1,"Der Schwertwal gehört zur Gattung der Delfine.",1,1,4
"6032",56,1,19,1,"Manama ist die Hauptstadt Bahrains.",0,1,1
"6033",56,1,19,1,"French Fries' wurden in England erfunden.",0,0,1
"6034",56,2,19,1,"Der Javagraben ist die tiefste Meerestiefe der Welt.",1,0,5
"6035",56,2,19,1,"Minerva ist die römische Göttin der Weisheit.",1,0,5
"6036",56,2,19,1,"Nicole Kidman hat panische Angst vor Schmetterlingen.",1,1,1
"6037",56,2,19,1,"Die Ostgoten zählten zum Stamm der Normannen.",0,0,1
"6038",57,1,25,1,"Island ist geologisch das jüngste Inselland der Welt.",1,1,1
"6039",57,1,25,1,"Einen kastrierten Esel nennt man auch Macker oder Knilch.",1,1,1
"6040",57,2,25,1,"Tom Cruise ist Legastheniker.",0,0,2
"6041",57,2,25,1,"Giséle Bündchen hat einen Zwillingsbruder.",0,1,1
"6042",57,2,25,1,"Der Nacktmull ist das schmerzempfindlichste Tier der Welt.",0,1,3
"6043",57,2,25,1,"Die Norfolkinseln im Pazifik gehören zu Neuseeland.",1,1,2
"6044",57,2,25,1,"Die Azoren gehören zu Spanien.",1,1,2
"6045",57,2,25,1,"Die Wüste Gobi ist eine Felswüste.",0,1,3
"6046",57,2,25,1,"Seepferdchen gehören zur Gattung der Fische.",0,0,2
"6047",57,2,25,1,"Delphine schwimmen höchstens 54 Kilometer pro Stunde.",1,0,3
"6048",57,2,25,1,"Die Angst vor dem Küssen nennt man Philemaphobie.",1,1,1
"6049",57,2,25,1,"Das meiste Gold wird derzeit in Südafrika gefördert.",0,1,2
"6050",57,2,25,1,"Das Lieblingsgetränk von Benedikt XVI. ist Fanta.",1,1,1
"6051",57,1,25,1,"Tennis wurde in englischen Klöstern erfunden.",0,0,1
"6052",57,1,25,1,"Die erste elektronische Mail wurde im Jahr 1973 versendet.",1,1,2
"6053",57,1,25,1,"Das Zwerghörnchen ist das kleinste Säugetier Europas.",1,0,5
"6054",57,1,25,1,"Eine Bienenkönigin legt durchschnittlich 500 Eier am Tag.",1,1,4
"6055",57,1,25,1,"Magnesiummangel kann zu Hautproblemen führen.",1,1,5
"6056",57,1,25,1,"Beim Rugby gibt es 30 Spieler.",0,1,1
"6057",57,1,25,1,"Lachse können bis zu 20 Jahre alt werden.",0,1,4
"6058",57,1,25,1,"Weibliche Taranteln töten circa 99% ihrer Nachkommen.",0,1,2
"6059",57,1,25,1,"In Angola ist Spanisch die offizielle Amtssprache.",0,1,4
"6060",57,1,25,1,"Balsaholz ist die schwerste aller Holzarten.",0,1,1
"6061",57,1,25,1,"Die längsten Opern stammen von Gioacchino Rossini.",1,1,1
"6062",57,1,25,1,"Der Speisesaal eines Klosters wird Refektorium genannt.",1,1,2
"6063",57,1,25,1,"Frauen bekommen häufiger einen Schluckauf als Männer.",0,0,5
"6064",57,1,25,1,"Ein menschliches Haar wächst jährlich ca. 85 mm.",0,0,5
"6065",57,1,25,1,"Blaue Augen werden im Alter immer heller.",0,0,4
"6066",57,1,25,1,"Der Wassergehalt bei Beeren beträgt 90%.",0,1,4
"6067",57,1,25,1,"Nur Menschen und Affen besitzen einen Bauchnabel.",1,0,6
"6068",57,1,25,1,"Der Name 'Wowereit' heißt auf Litauisch Eichhörnchen.",0,1,1
"6069",57,1,25,1,"Wladimir Putin wurde in Murmansk geboren.",0,1,1
"6070",57,1,25,1,"Schären sind Talgletscher in Skandinavien.",1,1,1
"6071",57,1,25,1,"Jean-Jaques Rousseau war alleinerziehender Vater.",0,0,1
"6072",57,1,25,1,"Alexander Graham Bell erfand das Tragflügelboot.",1,1,1
"6073",57,1,25,1,"Der Allradantrieb wurde 1938 in England erfunden.",1,1,1
"6074",57,1,25,1,"Hernando Cortéz eroberte Mexiko.",0,0,3
"6075",57,1,25,1,"Der Schwertwal gehört zur Gattung der Delfine.",1,1,1
"6076",57,1,25,1,"Tequila wird aus dem Herzen der roten Agave gewonnen.",1,1,3
"6077",57,1,25,1,"Die Küstenseeschwalbe fliegt jedes Jahr fast 40000 km.",1,1,3
"6078",57,1,25,1,"Die Volksrepublik China wurde 1947 gegründet.",0,0,6
"6079",57,1,25,1,"Für Descartes wies Schielen bei Frauen auf Frigidität hin.",1,1,1
"6080",57,1,25,1,"In den USA gibt es die meisten Milliardäre auf der Welt.",1,1,5
"6081",57,1,25,1,"Sambia hieß früher Nordrhodesien.",0,0,1
"6082",57,1,25,1,"Sheryl Crow war Hürdenläuferin.",1,1,1
"6083",57,1,25,1,"Goethe schrieb genau 64 Jahre lang an seinem 'Faust'.",0,0,2
"6084",57,1,25,1,"Albany ist die Hauptstadt des US-Bundesstaates New Jersey.",1,0,1
"6085",57,1,25,1,"Der Reißverschluss wurde in Norwegen erfunden.",0,0,1
"6086",57,1,25,1,"Das Finn-Dingi ist ein Einmannboot beim Sportsegeln.",1,1,1
"6087",57,1,25,1,"Der Erfinder des Bikinis war ursprünglich Schuhdesigner.",1,0,1
"6088",57,1,25,1,"Ein neugeborenes Panda-Baby ist kleiner als eine Maus.",0,0,5
"6089",57,1,25,1,"In USA wird kein Teletext ausgestrahlt.",0,0,4
"6090",57,1,25,1,"Die Wüste Dahna liegt in Saudi-Arabien.",0,1,4
"6091",57,1,25,1,"Keime sterben auf Holz schneller ab als auf Plastik.",0,0,2
"6092",57,1,25,1,"Auf indischen Rupienscheinen sind 12 verschiedene Schriften.",1,0,6
"6093",57,1,25,1,"Ein Nilpferd wiegt bei seiner Geburt ca. 150kg.",0,1,4
"6094",57,1,25,1,"Seoul bedeutet auf koreanisch 'Die Hauptstadt'.",1,1,1
"6095",57,1,25,1,"Zuckerwatte wurde von einem Flugzeugpiloten erfunden.",0,1,1
"6096",57,1,25,1,"Bob Dylan arbeitet nebenberuflich als Winzer.",1,0,3
"6097",57,1,25,1,"Der mitteleuropäische Feldschwirl ist kein Zugvogel.",0,1,1
"6098",57,1,25,1,"Erdbeeren enthalten mehr Vitamin C als Orangen.",1,1,2
"6099",57,1,25,1,"Die Ostgoten zählten zum Stamm der Normannen.",0,1,1
"6100",57,1,25,1,"Kokosnüsse haben einen höheren Fettanteil als Pistazien.",0,1,6
"6101",57,1,25,1,"Der Goliathfrosch kann sogar kleine Krokodile verspeisen.",1,0,2
"6102",57,1,25,1,"Winston Churchill erhielt den Nobelpreis für Literatur.",1,1,4
"6103",57,1,25,1,"In Uganda ist die Amtssprache englisch.",1,1,1
"6104",57,1,25,1,"Die kanadische Sängerin Celine Dion hat acht Geschwister.",1,1,1
"6105",57,1,25,1,"Der Ladogasee ist der größte See Europas.",1,0,3
"6106",57,1,25,1,"Nauru ist die kleinste souveräne Republik der Erde.",0,0,1
"6107",57,2,25,1,"Das Capybara ist das größte aller Beuteltiere.",0,0,2
"6108",57,2,25,1,"Manama ist die Hauptstadt Bahrains.",1,1,1
"6109",57,2,25,1,"Die Luftpumpe ist eine französische Erfindung.",0,1,4
"6110",57,2,25,1,"Alle Uhren im Film 'Pulp Fiction' stehen auf 4.10 Uhr.",0,0,2
"6111",57,2,25,1,"Bolivien ist der kleinste Binnenstaat Südamerikas.",1,0,1
"6112",57,2,25,1,"Die Slowakei gehört nicht zu den NATO-Staaten.",1,1,1
"6113",57,2,25,1,"Der Javagraben ist die tiefste Meerestiefe der Welt.",0,0,6
"6114",57,2,25,1,"Der nicht sichtbare Teil des Eisbergs heißt Eisbergkiel.",1,1,3
"6115",57,2,25,1,"Robbie Williams heißt mit Zweitnamen 'Maximilian'.",0,0,3
"6116",57,2,25,1,"Die Insel Ösel gehört zu Dänemark.",1,1,2
"6117",57,2,25,1,"Der Maler Marc Chagall wurde 1887 in Russland geboren.",1,0,1
"6118",57,2,25,1,"Die Tochter von Sydney Poitier heißt Sydney Poitier.",0,0,5
"6119",57,2,25,1,"Ein Menschenfloh kann 20cm hoch springen.",0,1,2
"6120",57,2,25,1,"Sumatra ist die viertgrößte Insel der Welt.",0,1,3
"6121",57,2,25,1,"Der Bereich zwischen den Augenbrauen heißt Glabella.",0,1,1
"6122",57,2,25,1,"Ein Schwan trägt ca. 50.000 Federn am Körper.",0,1,2
"6123",57,2,25,1,"Die Erde wird in 340 Längenkreise unterteilt.",0,0,2
"6124",57,2,25,1,"Nicole Kidman hat panische Angst vor Schmetterlingen.",0,0,1
"6125",57,2,25,1,"Die Schwarzerle zählt zu den Buchengewächsen.",1,1,1
"6126",57,2,25,1,"Lybien ist das einzige Land mit einer einfarbigen Flagge.",1,0,5
"6127",57,2,25,1,"Schweine können keinen Sonnenbrand bekommen.",0,0,1
"6128",57,2,25,1,"Patagonien ist ein Landschaftsabschnitt in Asien.",1,0,2
"6129",57,2,25,1,"Morpheus ist der griechische Gott der Träume.",1,1,2
"6130",57,2,25,1,"Volleyball wurde in Florida erfunden.",0,1,4
"6131",57,2,25,1,"Spanien ist ein Gründungsmitglied der UNO.",0,1,4
"6132",57,2,25,1,"Der Basenji ist der einzige Hund, der nicht bellt.",1,0,6
"6133",57,2,25,1,"Der Mond passt vierzigmal in die Erdkugel.",1,1,4
"6134",57,2,25,1,"Das türkische Bad wurde in Griechenland erfunden.",0,1,2
"6135",57,2,25,1,"Wenn Nilpferde sich aufregen, färbt sich ihr Schweiß grün.",1,0,4
"6136",57,2,25,1,"Der griechische Gott Apollon ist der Schutzherr der Küste.",1,1,4
"6137",57,2,25,1,"Das Domino-Spiel besteht aus 28 Steinen.",0,1,1
"6138",57,2,25,1,"Freddie Mercurys richtiger Name lautete Farrokh Bulsara.",1,0,6
"6139",57,2,25,1,"Es gibt 56 verschiedene Arten eine Krawatte zu binden.",1,1,5
"6140",57,2,25,1,"Der Film 'Pretty Woman' gewann keinen Oscar.",0,0,4
"6141",57,2,25,1,"Frauen blinzeln fast doppelt so viel wie Männer.",0,1,1
"6142",57,2,25,1,"Die Insektenkunde wird auch Entomologie genannt.",0,1,3
"6143",57,2,25,1,"Austern wechseln je nach Jahreszeit ihr Geschlecht.",1,1,6
"6144",57,2,25,1,"Ein Biber kann in einem Jahr über 200 Bäume fällen.",0,1,4
"6145",57,2,25,1,"Brad Pitt heißt eigentlich 'Henry Bradley Pitt'.",1,1,1
"6146",57,2,25,1,"Die Sektsteuer wurde von Friedrich Ebert eingeführt.",0,1,1
"6147",57,2,25,1,"Die Augen eines Straußes sind größer als sein Gehirn.",1,0,4
"6148",57,2,25,1,"Das Jojo war ursprünglich eine philippinische Jagdwaffe.",1,0,1
"6149",57,2,25,1,"Der höchste nordamerikanische Berg liegt in Wyoming.",1,0,1
"6150",57,2,25,1,"Die Nachfolger Mohammeds bezeichnet man als Kalifen.",1,0,6
"6151",57,2,25,1,"Schlangen sind taub, da kein Außenohr vorhanden ist.",1,1,6
"6152",57,2,25,1,"Bei den italienischen Wahlen 2008 traten 62 Parteien an.",0,1,3
"6153",57,2,25,1,"Minerva ist die römische Göttin der Weisheit.",0,1,1
"6154",58,1,18,0,"In Angola ist Spanisch die offizielle Amtssprache.",0,1,2
"6155",58,1,18,0,"Der Name 'Wowereit' heißt auf Litauisch Eichhörnchen.",0,1,1
"6156",58,1,18,0,"Für Descartes wies Schielen bei Frauen auf Frigidität hin.",1,0,1
"6157",58,1,18,0,"Schären sind Talgletscher in Skandinavien.",1,1,1
"6158",58,1,18,0,"Das Finn-Dingi ist ein Einmannboot beim Sportsegeln.",1,1,1
"6159",58,1,18,0,"Die Wüste Dahna liegt in Saudi-Arabien.",0,1,1
"6160",58,1,18,0,"Das Zwerghörnchen ist das kleinste Säugetier Europas.",1,1,1
"6161",58,1,18,0,"Ein Nilpferd wiegt bei seiner Geburt ca. 150kg.",0,1,3
"6162",58,1,18,0,"Bob Dylan arbeitet nebenberuflich als Winzer.",1,0,1
"6163",58,1,18,0,"Ein menschliches Haar wächst jährlich ca. 85 mm.",0,1,3
"6164",58,1,18,0,"Albany ist die Hauptstadt des US-Bundesstaates New Jersey.",1,1,1
"6165",58,1,18,0,"Weibliche Taranteln töten circa 99% ihrer Nachkommen.",0,1,2
"6166",58,2,18,0,"Die Augen eines Straußes sind größer als sein Gehirn.",0,0,2
"6167",58,2,18,0,"Frauen blinzeln fast doppelt so viel wie Männer.",1,0,3
"6168",58,2,18,0,"Delphine schwimmen höchstens 54 Kilometer pro Stunde.",0,1,4
"6169",58,2,18,0,"Die Erde wird in 340 Längenkreise unterteilt.",1,0,3
"6170",58,2,18,0,"Robbie Williams heißt mit Zweitnamen 'Maximilian'.",1,1,1
"6171",58,2,18,0,"Patagonien ist ein Landschaftsabschnitt in Asien.",0,0,6
"6172",58,2,18,0,"Das Domino-Spiel besteht aus 28 Steinen.",1,1,2
"6173",58,2,18,0,"Bolivien ist der kleinste Binnenstaat Südamerikas.",0,0,2
"6174",58,2,18,0,"Der Javagraben ist die tiefste Meerestiefe der Welt.",1,0,5
"6175",58,2,18,0,"Brad Pitt heißt eigentlich 'Henry Bradley Pitt'.",0,1,1
"6176",58,2,18,0,"Unsere Atmosphäre enthält rund 0,00025 % Ozon.",0,1,2
"6177",58,2,18,0,"Der Film 'Pretty Woman' gewann keinen Oscar.",1,0,1
"6178",58,2,18,0,"Alle Uhren im Film 'Pulp Fiction' stehen auf 4.10 Uhr.",1,0,2
"6179",58,2,18,0,"French Fries' wurden in England erfunden.",0,0,5
"6180",58,2,18,0,"Ein Menschenfloh kann 20cm hoch springen.",1,1,3
"6181",58,2,18,0,"Der höchste nordamerikanische Berg liegt in Wyoming.",0,1,1
"6182",58,2,18,0,"Der nicht sichtbare Teil des Eisbergs heißt Eisbergkiel.",0,1,2
"6183",58,2,18,0,"Giséle Bündchen hat einen Zwillingsbruder.",1,0,1
"6184",58,2,18,0,"Wenn Nilpferde sich aufregen, färbt sich ihr Schweiß grün.",0,0,3
"6185",58,2,18,0,"Der griechische Gott Apollon ist der Schutzherr der Küste.",0,0,3
"6186",58,2,18,0,"Minerva ist die römische Göttin der Weisheit.",1,1,2
"6187",58,2,18,0,"Nicole Kidman hat panische Angst vor Schmetterlingen.",1,1,1
"6188",58,2,18,0,"Sumatra ist die viertgrößte Insel der Welt.",1,0,2
"6189",58,2,18,0,"Manama ist die Hauptstadt Bahrains.",0,1,1
"6190",58,2,18,0,"Die Schwarzerle zählt zu den Buchengewächsen.",0,0,1
"6191",58,2,18,0,"Die Tochter von Sydney Poitier heißt Sydney Poitier.",1,1,1
"6192",58,2,18,0,"Bei den italienischen Wahlen 2008 traten 62 Parteien an.",1,1,1
"6193",58,2,18,0,"Die Luftpumpe ist eine französische Erfindung.",1,1,1
"6194",58,2,18,0,"Das Jojo war ursprünglich eine philippinische Jagdwaffe.",0,1,2
"6195",58,2,18,0,"Das meiste Gold wird derzeit in Südafrika gefördert.",1,1,4
"6196",58,2,18,0,"Schweine können keinen Sonnenbrand bekommen.",1,1,3
"6197",58,2,18,0,"Der Nacktmull ist das schmerzempfindlichste Tier der Welt.",1,1,1
"6198",58,2,18,0,"Der Basenji ist der einzige Hund, der nicht bellt.",0,0,3
"6199",58,2,18,0,"Die Norfolkinseln im Pazifik gehören zu Neuseeland.",0,0,2
"6200",58,2,18,0,"Der Maler Marc Chagall wurde 1887 in Russland geboren.",0,1,1
"6201",58,2,18,0,"Morpheus ist der griechische Gott der Träume.",0,1,2
"6202",58,2,18,0,"Ein Biber kann in einem Jahr über 200 Bäume fällen.",1,1,3
"6203",58,2,18,0,"Volleyball wurde in Florida erfunden.",1,1,2
"6204",58,2,18,0,"Schlangen sind taub, da kein Außenohr vorhanden ist.",0,0,3
"6205",58,2,18,0,"Die Azoren gehören zu Spanien.",0,1,4
"6206",58,2,18,0,"Freddie Mercurys richtiger Name lautete Farrokh Bulsara.",0,0,1
"6207",58,2,18,0,"Seepferdchen gehören zur Gattung der Fische.",1,1,4
"6208",58,2,18,0,"Das Lieblingsgetränk von Benedikt XVI. ist Fanta.",0,0,2
"6209",58,2,18,0,"Das türkische Bad wurde in Griechenland erfunden.",1,1,2
"6210",58,2,18,0,"Ein Schwan trägt ca. 50.000 Federn am Körper.",1,1,1
"6211",58,2,18,0,"Die Nachfolger Mohammeds bezeichnet man als Kalifen.",0,1,1
"6212",58,2,18,0,"Tom Cruise ist Legastheniker.",1,1,1
"6213",58,2,18,0,"Der Mond passt vierzigmal in die Erdkugel.",0,1,2
"6214",58,2,18,0,"Die Slowakei gehört nicht zu den NATO-Staaten.",0,0,4
"6215",58,2,18,0,"Die Angst vor dem Küssen nennt man Philemaphobie.",0,1,3
"6216",58,2,18,0,"Spanien ist ein Gründungsmitglied der UNO.",1,1,2
"6217",58,2,18,0,"Die Insel Ösel gehört zu Dänemark.",0,1,1
"6218",58,2,18,0,"Die Wüste Gobi ist eine Felswüste.",1,1,5
"6219",58,2,18,0,"Austern wechseln je nach Jahreszeit ihr Geschlecht.",0,1,1
"6220",58,2,18,0,"Die Insektenkunde wird auch Entomologie genannt.",1,1,1
"6221",58,1,18,0,"Nauru ist die kleinste souveräne Republik der Erde.",0,1,4
"6222",58,1,18,0,"Ein neugeborenes Panda-Baby ist kleiner als eine Maus.",0,0,3
"6223",58,1,18,0,"Frauen bekommen häufiger einen Schluckauf als Männer.",0,0,4
"6224",58,1,18,0,"Zuckerwatte wurde von einem Flugzeugpiloten erfunden.",0,1,1
"6225",58,1,18,0,"Tequila wird aus dem Herzen der roten Agave gewonnen.",1,0,1
"6226",58,1,18,0,"Alexander Graham Bell erfand das Tragflügelboot.",1,1,1
"6227",58,1,18,0,"Sheryl Crow war Hürdenläuferin.",1,1,1
"6228",58,1,18,0,"Die längsten Opern stammen von Gioacchino Rossini.",1,1,1
"6229",58,1,18,0,"Seoul bedeutet auf koreanisch 'Die Hauptstadt'.",1,1,1
"6230",58,1,18,0,"Blaue Augen werden im Alter immer heller.",0,1,3
"6231",58,1,18,0,"Island ist geologisch das jüngste Inselland der Welt.",1,1,5
"6232",58,1,18,0,"Der Goliathfrosch kann sogar kleine Krokodile verspeisen.",1,1,2
"6233",58,1,18,0,"Der Ladogasee ist der größte See Europas.",1,1,1
"6234",58,1,18,0,"Die Volksrepublik China wurde 1947 gegründet.",0,1,6
"6235",58,1,18,0,"Der Wassergehalt bei Beeren beträgt 90%.",0,1,4
"6236",58,1,18,0,"In USA wird kein Teletext ausgestrahlt.",0,1,2
"6237",58,1,18,0,"Die kanadische Sängerin Celine Dion hat acht Geschwister.",1,1,1
"6238",58,1,18,0,"Erdbeeren enthalten mehr Vitamin C als Orangen.",1,0,2
"6239",58,1,18,0,"Winston Churchill erhielt den Nobelpreis für Literatur.",1,0,3
"6240",58,1,18,0,"Goethe schrieb genau 64 Jahre lang an seinem 'Faust'.",0,1,4
"6241",58,1,18,0,"Der Allradantrieb wurde 1938 in England erfunden.",1,0,1
"6242",58,1,18,0,"Kleinohrigel haben keine Stacheln.",0,1,1
"6243",58,1,18,0,"Sambia hieß früher Nordrhodesien.",0,1,2
"6244",58,1,18,0,"Kokosnüsse haben einen höheren Fettanteil als Pistazien.",0,0,4
"6245",58,1,18,0,"Einen kastrierten Esel nennt man auch Macker oder Knilch.",1,0,2
"6246",58,1,18,0,"In den USA gibt es die meisten Milliardäre auf der Welt.",1,1,4
"6247",58,1,18,0,"Die Küstenseeschwalbe fliegt jedes Jahr fast 40000 km.",1,1,2
"6248",58,1,18,0,"Tennis wurde in englischen Klöstern erfunden.",0,0,2
"6249",58,1,18,0,"Auf indischen Rupienscheinen sind 12 verschiedene Schriften.",1,1,2
"6250",58,1,18,0,"Der Schwertwal gehört zur Gattung der Delfine.",1,1,2
"6251",58,1,18,0,"Der Speisesaal eines Klosters wird Refektorium genannt.",1,1,1
"6252",58,1,18,0,"Magnesiummangel kann zu Hautproblemen führen.",1,1,2
"6253",58,1,18,0,"Der mitteleuropäische Feldschwirl ist kein Zugvogel.",0,0,1
"6254",58,1,18,0,"Der Reißverschluss wurde in Norwegen erfunden.",0,1,2
"6255",58,1,18,0,"Die Ostgoten zählten zum Stamm der Normannen.",0,1,2
"6256",58,1,18,0,"Beim Rugby gibt es 30 Spieler.",0,0,2
"6257",58,1,18,0,"Hernando Cortéz eroberte Mexiko.",0,1,3
"6258",58,1,18,0,"Keime sterben auf Holz schneller ab als auf Plastik.",0,1,3
"6259",58,1,18,0,"Jean-Jaques Rousseau war alleinerziehender Vater.",0,1,1
"6260",58,1,18,0,"Wladimir Putin wurde in Murmansk geboren.",0,1,1
"6261",58,2,18,0,"Es gibt 56 verschiedene Arten eine Krawatte zu binden.",0,1,1
"6262",58,2,18,0,"Das Capybara ist das größte aller Beuteltiere.",1,0,3
"6263",58,1,18,0,"Eine Bienenkönigin legt durchschnittlich 500 Eier am Tag.",1,1,3
"6264",58,1,18,0,"In Uganda ist die Amtssprache englisch.",1,1,5
"6265",58,1,18,0,"Der Erfinder des Bikinis war ursprünglich Schuhdesigner.",1,1,1
"6266",58,1,18,0,"Die erste elektronische Mail wurde im Jahr 1973 versendet.",1,1,3
"6267",58,1,18,0,"Balsaholz ist die schwerste aller Holzarten.",0,1,1
"6268",58,1,18,0,"Spanholz besteht hauptsächlich aus Birkenholz.",0,0,2
"6269",58,2,18,0,"Die Sektsteuer wurde von Friedrich Ebert eingeführt.",1,1,2
"6270",59,2,21,1,"Nauru ist die kleinste souveräne Republik der Erde.",0,1,2
"6271",59,2,21,1,"Zuckerwatte wurde von einem Flugzeugpiloten erfunden.",0,0,3
"6272",59,2,21,1,"Sambia hieß früher Nordrhodesien.",0,0,3
"6273",59,2,21,1,"Keime sterben auf Holz schneller ab als auf Plastik.",0,0,4
"6274",59,2,21,1,"Der mitteleuropäische Feldschwirl ist kein Zugvogel.",0,1,3
"6275",59,2,21,1,"Wladimir Putin wurde in Murmansk geboren.",0,1,2
"6276",59,2,21,1,"Der Maler Marc Chagall wurde 1887 in Russland geboren.",1,0,2
"6277",59,2,21,1,"In USA wird kein Teletext ausgestrahlt.",0,0,1
"6278",59,2,21,1,"Kleinohrigel haben keine Stacheln.",0,0,4
"6279",59,2,21,1,"Frauen bekommen häufiger einen Schluckauf als Männer.",0,1,5
"6280",59,2,21,1,"Weibliche Taranteln töten circa 99% ihrer Nachkommen.",0,1,5
"6281",59,2,21,1,"Der Reißverschluss wurde in Norwegen erfunden.",0,0,2
"6282",59,2,21,1,"Austern wechseln je nach Jahreszeit ihr Geschlecht.",1,0,6
"6283",59,2,21,1,"Beim Rugby gibt es 30 Spieler.",0,0,4
"6284",59,2,21,1,"French Fries' wurden in England erfunden.",1,0,4
"6285",59,2,21,1,"Die Ostgoten zählten zum Stamm der Normannen.",0,1,1
"6286",59,2,21,1,"Die Wüste Dahna liegt in Saudi-Arabien.",0,1,2
"6287",59,2,21,1,"Ein menschliches Haar wächst jährlich ca. 85 mm.",0,0,5
"6288",59,2,21,1,"Die Nachfolger Mohammeds bezeichnet man als Kalifen.",1,1,3
"6289",59,1,21,1,"Der Javagraben ist die tiefste Meerestiefe der Welt.",0,0,1
"6290",59,1,21,1,"Tom Cruise ist Legastheniker.",0,1,3
"6291",59,1,21,1,"Die längsten Opern stammen von Gioacchino Rossini.",1,1,3
"6292",59,1,21,1,"Nicole Kidman hat panische Angst vor Schmetterlingen.",0,0,3
"6293",59,1,21,1,"Der Goliathfrosch kann sogar kleine Krokodile verspeisen.",1,0,4
"6294",59,1,21,1,"Bei den italienischen Wahlen 2008 traten 62 Parteien an.",0,0,3
"6295",59,1,21,1,"Ein Menschenfloh kann 20cm hoch springen.",0,1,4
"6296",59,1,21,1,"Einen kastrierten Esel nennt man auch Macker oder Knilch.",1,1,3
"6297",59,1,21,1,"Minerva ist die römische Göttin der Weisheit.",0,1,3
"6298",59,1,21,1,"Sumatra ist die viertgrößte Insel der Welt.",0,0,4
"6299",59,1,21,1,"Die kanadische Sängerin Celine Dion hat acht Geschwister.",1,1,2
"6300",59,1,21,1,"In Uganda ist die Amtssprache englisch.",1,1,4
"6301",59,1,21,1,"Das meiste Gold wird derzeit in Südafrika gefördert.",0,1,4
"6302",59,1,21,1,"Frauen blinzeln fast doppelt so viel wie Männer.",0,1,4
"6303",59,1,21,1,"Ein Schwan trägt ca. 50.000 Federn am Körper.",0,0,5
"6304",59,1,21,1,"Magnesiummangel kann zu Hautproblemen führen.",1,1,5
"6305",59,1,21,1,"Das türkische Bad wurde in Griechenland erfunden.",0,1,5
"6306",59,1,21,1,"Winston Churchill erhielt den Nobelpreis für Literatur.",1,1,5
"6307",59,1,21,1,"Spanien ist ein Gründungsmitglied der UNO.",0,1,5
"6308",59,1,21,1,"Das Finn-Dingi ist ein Einmannboot beim Sportsegeln.",1,0,1
"6309",59,1,21,1,"Seepferdchen gehören zur Gattung der Fische.",0,1,5
"6310",59,1,21,1,"Der Film 'Pretty Woman' gewann keinen Oscar.",0,0,5
"6311",59,1,21,1,"In den USA gibt es die meisten Milliardäre auf der Welt.",1,1,6
"6312",59,1,21,1,"Die Luftpumpe ist eine französische Erfindung.",0,1,1
"6313",59,1,21,1,"Ein Biber kann in einem Jahr über 200 Bäume fällen.",0,1,4
"6314",59,1,21,1,"Der Schwertwal gehört zur Gattung der Delfine.",1,1,5
"6315",59,1,21,1,"Der Bereich zwischen den Augenbrauen heißt Glabella.",0,0,1
"6316",59,1,21,1,"Alle Uhren im Film 'Pulp Fiction' stehen auf 4.10 Uhr.",0,1,1
"6317",59,1,21,1,"Tequila wird aus dem Herzen der roten Agave gewonnen.",1,1,5
"6318",59,1,21,1,"Giséle Bündchen hat einen Zwillingsbruder.",0,1,1
"6319",59,1,21,1,"Erdbeeren enthalten mehr Vitamin C als Orangen.",1,0,5
"6320",59,1,21,1,"Das Zwerghörnchen ist das kleinste Säugetier Europas.",1,1,5
"6321",59,1,21,1,"Sheryl Crow war Hürdenläuferin.",1,1,2
"6322",59,1,21,1,"Robbie Williams heißt mit Zweitnamen 'Maximilian'.",0,1,3
"6323",59,1,21,1,"Volleyball wurde in Florida erfunden.",0,1,3
"6324",59,2,21,1,"Ein neugeborenes Panda-Baby ist kleiner als eine Maus.",0,0,5
"6325",59,2,21,1,"Der Basenji ist der einzige Hund, der nicht bellt.",1,0,2
"6326",59,2,21,1,"Brad Pitt heißt eigentlich 'Henry Bradley Pitt'.",1,1,2
"6327",59,2,21,1,"Blaue Augen werden im Alter immer heller.",0,1,3
"6328",59,2,21,1,"Morpheus ist der griechische Gott der Träume.",1,0,1
"6329",59,2,21,1,"Das Jojo war ursprünglich eine philippinische Jagdwaffe.",1,1,3
"6330",59,2,21,1,"Der griechische Gott Apollon ist der Schutzherr der Küste.",1,0,4
"6331",59,2,21,1,"Der Wassergehalt bei Beeren beträgt 90%.",0,0,5
"6332",59,2,21,1,"Goethe schrieb genau 64 Jahre lang an seinem 'Faust'.",0,1,4
"6333",59,2,21,1,"Die Insel Ösel gehört zu Dänemark.",1,1,2
"6334",59,2,21,1,"Jean-Jaques Rousseau war alleinerziehender Vater.",0,0,1
"6335",59,2,21,1,"Der nicht sichtbare Teil des Eisbergs heißt Eisbergkiel.",1,0,3
"6336",59,2,21,1,"Es gibt 56 verschiedene Arten eine Krawatte zu binden.",1,0,5
"6337",59,2,21,1,"Lachse können bis zu 20 Jahre alt werden.",0,1,3
"6338",59,2,21,1,"Tennis wurde in englischen Klöstern erfunden.",0,0,2
"6339",59,2,21,1,"Lybien ist das einzige Land mit einer einfarbigen Flagge.",1,0,3
"6340",59,2,21,1,"Delphine schwimmen höchstens 54 Kilometer pro Stunde.",1,0,4
"6341",59,2,21,1,"Wenn Nilpferde sich aufregen, färbt sich ihr Schweiß grün.",1,0,6
"6342",59,2,21,1,"Freddie Mercurys richtiger Name lautete Farrokh Bulsara.",1,1,2
"6343",59,2,21,1,"Spanholz besteht hauptsächlich aus Birkenholz.",0,1,2
"6344",59,2,21,1,"Das Lieblingsgetränk von Benedikt XVI. ist Fanta.",1,0,5
"6345",59,2,21,1,"Die Azoren gehören zu Spanien.",1,0,5
"6346",59,2,21,1,"Der Mond passt vierzigmal in die Erdkugel.",1,0,3
"6347",59,2,21,1,"Balsaholz ist die schwerste aller Holzarten.",0,1,2
"6348",59,2,21,1,"Die Augen eines Straußes sind größer als sein Gehirn.",1,1,3
"6349",59,2,21,1,"Manama ist die Hauptstadt Bahrains.",1,0,4
"6350",59,2,21,1,"Die Slowakei gehört nicht zu den NATO-Staaten.",1,1,4
"6351",59,2,21,1,"Die Volksrepublik China wurde 1947 gegründet.",0,0,4
"6352",60,1,20,1,"Der Film 'Pretty Woman' gewann keinen Oscar.",0,0,5
"6353",60,1,20,1,"Die Erde wird in 340 Längenkreise unterteilt.",0,0,1
"6354",60,1,20,1,"Minerva ist die römische Göttin der Weisheit.",0,1,3
"6355",60,1,20,1,"Die Wüste Gobi ist eine Felswüste.",0,1,5
"6356",60,1,20,1,"Das Finn-Dingi ist ein Einmannboot beim Sportsegeln.",1,1,5
"6357",60,1,20,1,"Ein Biber kann in einem Jahr über 200 Bäume fällen.",0,1,4
"6358",60,1,20,1,"Das Domino-Spiel besteht aus 28 Steinen.",0,1,2
"6359",60,1,20,1,"Die erste elektronische Mail wurde im Jahr 1973 versendet.",1,1,5
"6360",60,1,20,1,"Robbie Williams heißt mit Zweitnamen 'Maximilian'.",0,0,5
"6361",60,1,20,1,"Volleyball wurde in Florida erfunden.",0,1,3
"6362",60,1,20,1,"Sumatra ist die viertgrößte Insel der Welt.",0,0,3
"6363",60,1,20,1,"Für Descartes wies Schielen bei Frauen auf Frigidität hin.",1,1,5
"6364",60,2,20,1,"Die Angst vor dem Küssen nennt man Philemaphobie.",0,1,2
"6365",60,2,20,1,"Die Augen eines Straußes sind größer als sein Gehirn.",0,0,3
"6366",60,2,20,1,"Die Slowakei gehört nicht zu den NATO-Staaten.",0,1,4
"6367",60,2,20,1,"Kleinohrigel haben keine Stacheln.",1,1,4
"6368",60,1,20,1,"Alexander Graham Bell erfand das Tragflügelboot.",1,1,5
"6369",60,1,20,1,"Tequila wird aus dem Herzen der roten Agave gewonnen.",1,0,3
"6370",60,1,20,1,"Die Sektsteuer wurde von Friedrich Ebert eingeführt.",0,0,3
"6371",60,1,20,1,"Schären sind Talgletscher in Skandinavien.",1,1,5
"6372",60,1,20,1,"Ein Schwan trägt ca. 50.000 Federn am Körper.",0,1,4
"6373",60,1,20,1,"Alle Uhren im Film 'Pulp Fiction' stehen auf 4.10 Uhr.",0,1,2
"6374",60,1,20,1,"Der Goliathfrosch kann sogar kleine Krokodile verspeisen.",1,1,5
"6375",60,1,20,1,"In den USA gibt es die meisten Milliardäre auf der Welt.",1,1,6
"6376",60,1,20,1,"Sheryl Crow war Hürdenläuferin.",1,1,5
"6377",60,1,20,1,"Bob Dylan arbeitet nebenberuflich als Winzer.",1,1,5
"6378",60,1,20,1,"Die längsten Opern stammen von Gioacchino Rossini.",1,1,5
"6379",60,1,20,1,"Magnesiummangel kann zu Hautproblemen führen.",1,1,5
"6380",60,1,20,1,"Island ist geologisch das jüngste Inselland der Welt.",1,1,5
"6381",60,1,20,1,"Die Tochter von Sydney Poitier heißt Sydney Poitier.",0,0,1
"6382",60,1,20,1,"Der Nacktmull ist das schmerzempfindlichste Tier der Welt.",0,0,2
"6383",60,1,20,1,"In Uganda ist die Amtssprache englisch.",1,1,6
"6384",60,1,20,1,"Die kanadische Sängerin Celine Dion hat acht Geschwister.",1,1,5
"6385",60,1,20,1,"Die Küstenseeschwalbe fliegt jedes Jahr fast 40000 km.",1,0,2
"6386",60,1,20,1,"Nicole Kidman hat panische Angst vor Schmetterlingen.",0,0,3
"6387",60,1,20,1,"Der Ladogasee ist der größte See Europas.",1,1,2
"6388",60,1,20,1,"Das meiste Gold wird derzeit in Südafrika gefördert.",0,1,2
"6389",60,2,20,1,"Die Ostgoten zählten zum Stamm der Normannen.",1,0,3
"6390",60,2,20,1,"Der Basenji ist der einzige Hund, der nicht bellt.",0,0,6
"6391",60,2,20,1,"Das Lieblingsgetränk von Benedikt XVI. ist Fanta.",0,0,6
"6392",60,2,20,1,"Freddie Mercurys richtiger Name lautete Farrokh Bulsara.",0,0,5
"6393",60,2,20,1,"Zuckerwatte wurde von einem Flugzeugpiloten erfunden.",1,0,2
"6394",60,2,20,1,"Sambia hieß früher Nordrhodesien.",1,0,3
"6395",60,2,20,1,"Wenn Nilpferde sich aufregen, färbt sich ihr Schweiß grün.",0,0,5
"6396",60,2,20,1,"Die Schwarzerle zählt zu den Buchengewächsen.",0,0,3
"6397",60,2,20,1,"Der mitteleuropäische Feldschwirl ist kein Zugvogel.",1,1,2
"6398",60,2,20,1,"Ein neugeborenes Panda-Baby ist kleiner als eine Maus.",1,1,5
"6399",60,2,20,1,"Der höchste nordamerikanische Berg liegt in Wyoming.",0,0,4
"6400",60,2,20,1,"Schlangen sind taub, da kein Außenohr vorhanden ist.",0,0,3
"6401",60,2,20,1,"Kokosnüsse haben einen höheren Fettanteil als Pistazien.",1,0,2
"6402",60,2,20,1,"Die Norfolkinseln im Pazifik gehören zu Neuseeland.",0,0,6
"6403",60,2,20,1,"Lachse können bis zu 20 Jahre alt werden.",1,1,5
"6404",60,2,20,1,"In Angola ist Spanisch die offizielle Amtssprache.",1,1,3
"6405",60,2,20,1,"Balsaholz ist die schwerste aller Holzarten.",1,0,4
"6406",60,2,20,1,"Patagonien ist ein Landschaftsabschnitt in Asien.",0,0,3
"6407",60,2,20,1,"Unsere Atmosphäre enthält rund 0,00025 % Ozon.",0,1,1
"6408",60,2,20,1,"Ein Nilpferd wiegt bei seiner Geburt ca. 150kg.",1,0,2
"6409",60,2,20,1,"Hernando Cortéz eroberte Mexiko.",1,0,5
"6410",60,2,20,1,"Die Wüste Dahna liegt in Saudi-Arabien.",1,1,3
"6411",60,2,20,1,"Goethe schrieb genau 64 Jahre lang an seinem 'Faust'.",1,0,6
"6412",60,2,20,1,"Bolivien ist der kleinste Binnenstaat Südamerikas.",0,1,5
"6413",60,2,20,1,"Die Volksrepublik China wurde 1947 gegründet.",1,0,3
"6414",60,2,20,1,"Austern wechseln je nach Jahreszeit ihr Geschlecht.",0,0,5
"6415",60,2,20,1,"Morpheus ist der griechische Gott der Träume.",0,0,5
"6416",60,2,20,1,"Die Nachfolger Mohammeds bezeichnet man als Kalifen.",0,1,3
"6417",60,2,20,1,"Delphine schwimmen höchstens 54 Kilometer pro Stunde.",0,1,3
"6418",60,2,20,1,"Weibliche Taranteln töten circa 99% ihrer Nachkommen.",1,1,4
"6419",60,2,20,1,"Lybien ist das einzige Land mit einer einfarbigen Flagge.",0,0,5
"6420",60,2,20,1,"Nauru ist die kleinste souveräne Republik der Erde.",1,1,3
"6421",60,2,20,1,"Brad Pitt heißt eigentlich 'Henry Bradley Pitt'.",0,0,5
"6422",60,2,20,1,"Das Jojo war ursprünglich eine philippinische Jagdwaffe.",0,0,4
"6423",60,2,20,1,"In USA wird kein Teletext ausgestrahlt.",1,1,5
"6424",60,2,20,1,"Der Wassergehalt bei Beeren beträgt 90%.",1,0,3
"6425",60,2,20,1,"Keime sterben auf Holz schneller ab als auf Plastik.",1,1,5
"6426",60,2,20,1,"Die Azoren gehören zu Spanien.",0,1,5
"6427",60,2,20,1,"Spanholz besteht hauptsächlich aus Birkenholz.",1,1,4
"6428",60,2,20,1,"Die Insel Ösel gehört zu Dänemark.",0,1,5
"6429",60,2,20,1,"Es gibt 56 verschiedene Arten eine Krawatte zu binden.",0,0,3
"6430",60,2,20,1,"Blaue Augen werden im Alter immer heller.",1,0,6
"6431",60,2,20,1,"Tennis wurde in englischen Klöstern erfunden.",1,1,4
"6432",60,2,20,1,"Der griechische Gott Apollon ist der Schutzherr der Küste.",0,1,6
"6433",60,2,20,1,"Beim Rugby gibt es 30 Spieler.",1,1,5
"6434",60,2,20,1,"Der Mond passt vierzigmal in die Erdkugel.",0,1,4
"6435",60,2,20,1,"Frauen bekommen häufiger einen Schluckauf als Männer.",1,0,3
"6436",60,2,20,1,"Ein menschliches Haar wächst jährlich ca. 85 mm.",1,0,4
"6437",60,2,20,1,"Der nicht sichtbare Teil des Eisbergs heißt Eisbergkiel.",0,1,5
"6438",60,2,20,1,"Der Reißverschluss wurde in Norwegen erfunden.",1,0,3
"6439",60,2,20,1,"Wladimir Putin wurde in Murmansk geboren.",1,1,2
"6440",60,2,20,1,"Der Maler Marc Chagall wurde 1887 in Russland geboren.",0,0,3
"6441",60,2,20,1,"Manama ist die Hauptstadt Bahrains.",0,0,2
"6442",60,2,20,1,"French Fries' wurden in England erfunden.",0,0,6
"6443",60,2,20,1,"Der Name 'Wowereit' heißt auf Litauisch Eichhörnchen.",1,0,5
"6444",60,2,20,1,"Jean-Jaques Rousseau war alleinerziehender Vater.",1,0,4
"6445",60,1,20,1,"Tom Cruise ist Legastheniker.",0,0,4
"6446",60,1,20,1,"Das Capybara ist das größte aller Beuteltiere.",0,0,2
"6447",60,1,20,1,"Frauen blinzeln fast doppelt so viel wie Männer.",0,0,5
"6448",60,1,20,1,"Einen kastrierten Esel nennt man auch Macker oder Knilch.",1,1,6
"6449",60,1,20,1,"Der Schwertwal gehört zur Gattung der Delfine.",1,1,6
"6450",60,1,20,1,"Die Insektenkunde wird auch Entomologie genannt.",0,0,1
"6451",60,1,20,1,"Das Zwerghörnchen ist das kleinste Säugetier Europas.",1,0,1
"6452",60,1,20,1,"Nur Menschen und Affen besitzen einen Bauchnabel.",1,1,6
"6453",60,1,20,1,"Winston Churchill erhielt den Nobelpreis für Literatur.",1,1,5
"6454",60,1,20,1,"Eine Bienenkönigin legt durchschnittlich 500 Eier am Tag.",1,1,5
"6455",60,1,20,1,"Bei den italienischen Wahlen 2008 traten 62 Parteien an.",0,0,3
"6456",60,1,20,1,"Der Speisesaal eines Klosters wird Refektorium genannt.",1,1,5
"6457",60,1,20,1,"Ein Menschenfloh kann 20cm hoch springen.",0,0,3
"6458",60,1,20,1,"Seoul bedeutet auf koreanisch 'Die Hauptstadt'.",1,1,5
"6459",60,1,20,1,"Der Erfinder des Bikinis war ursprünglich Schuhdesigner.",1,1,5
"6460",60,1,20,1,"Spanien ist ein Gründungsmitglied der UNO.",0,1,5
"6461",60,1,20,1,"Auf indischen Rupienscheinen sind 12 verschiedene Schriften.",1,1,5
"6462",60,1,20,1,"Der Bereich zwischen den Augenbrauen heißt Glabella.",0,0,3
"6463",60,1,20,1,"Schweine können keinen Sonnenbrand bekommen.",0,0,3
"6464",60,1,20,1,"Erdbeeren enthalten mehr Vitamin C als Orangen.",1,0,3
"6465",60,1,20,1,"Giséle Bündchen hat einen Zwillingsbruder.",0,0,2
"6466",60,1,20,1,"Der Allradantrieb wurde 1938 in England erfunden.",1,1,5
"6467",60,1,20,1,"Der Javagraben ist die tiefste Meerestiefe der Welt.",0,1,3
"6468",60,1,20,1,"Das türkische Bad wurde in Griechenland erfunden.",0,0,3
"6469",60,1,20,1,"Die Luftpumpe ist eine französische Erfindung.",0,1,2
"6470",60,1,20,1,"Seepferdchen gehören zur Gattung der Fische.",0,1,5
"6471",61,2,18,1,"Die kanadische Sängerin Celine Dion hat acht Geschwister.",1,1,4
"6472",61,2,18,1,"Frauen blinzeln fast doppelt so viel wie Männer.",0,1,3
"6473",61,2,18,1,"Der Erfinder des Bikinis war ursprünglich Schuhdesigner.",1,1,3
"6474",61,2,18,1,"Sumatra ist die viertgrößte Insel der Welt.",0,0,2
"6475",61,2,18,1,"Schären sind Talgletscher in Skandinavien.",1,1,1
"6476",61,2,18,1,"Die Sektsteuer wurde von Friedrich Ebert eingeführt.",0,0,2
"6477",61,2,18,1,"Die Tochter von Sydney Poitier heißt Sydney Poitier.",0,1,2
"6478",61,2,18,1,"Der Film 'Pretty Woman' gewann keinen Oscar.",0,0,4
"6479",61,2,18,1,"Island ist geologisch das jüngste Inselland der Welt.",1,1,3
"6480",61,2,18,1,"Für Descartes wies Schielen bei Frauen auf Frigidität hin.",1,1,3
"6481",61,2,18,1,"Bei den italienischen Wahlen 2008 traten 62 Parteien an.",0,0,2
"6482",61,2,18,1,"Das Finn-Dingi ist ein Einmannboot beim Sportsegeln.",1,0,2
"6483",61,2,18,1,"Volleyball wurde in Florida erfunden.",0,1,3
"6484",61,2,18,1,"Seepferdchen gehören zur Gattung der Fische.",0,1,2
"6485",61,2,18,1,"Der Schwertwal gehört zur Gattung der Delfine.",1,1,4
"6486",61,2,18,1,"Ein Biber kann in einem Jahr über 200 Bäume fällen.",0,1,3
"6487",61,2,18,1,"Auf indischen Rupienscheinen sind 12 verschiedene Schriften.",1,0,4
"6488",61,2,18,1,"Magnesiummangel kann zu Hautproblemen führen.",1,0,3
"6489",61,2,18,1,"Der Nacktmull ist das schmerzempfindlichste Tier der Welt.",0,1,3
"6490",61,2,18,1,"Eine Bienenkönigin legt durchschnittlich 500 Eier am Tag.",1,0,2
"6491",61,2,18,1,"Die erste elektronische Mail wurde im Jahr 1973 versendet.",1,1,2
"6492",61,2,18,1,"Bob Dylan arbeitet nebenberuflich als Winzer.",1,0,2
"6493",61,2,18,1,"Seoul bedeutet auf koreanisch 'Die Hauptstadt'.",1,1,4
"6494",61,2,18,1,"Der Goliathfrosch kann sogar kleine Krokodile verspeisen.",1,0,2
"6495",61,2,18,1,"Die Insektenkunde wird auch Entomologie genannt.",0,1,3
"6496",61,2,18,1,"Schweine können keinen Sonnenbrand bekommen.",0,1,4
"6497",61,2,18,1,"In den USA gibt es die meisten Milliardäre auf der Welt.",1,0,3
"6498",61,2,18,1,"Ein Schwan trägt ca. 50.000 Federn am Körper.",0,1,2
"6499",61,2,18,1,"Der Allradantrieb wurde 1938 in England erfunden.",1,1,4
"6500",61,2,18,1,"Die Luftpumpe ist eine französische Erfindung.",0,0,1
"6501",61,2,18,1,"Das Domino-Spiel besteht aus 28 Steinen.",0,0,3
"6502",61,2,18,1,"Der Bereich zwischen den Augenbrauen heißt Glabella.",0,1,2
"6503",61,2,18,1,"Erdbeeren enthalten mehr Vitamin C als Orangen.",1,0,5
"6504",61,1,18,1,"Freddie Mercurys richtiger Name lautete Farrokh Bulsara.",0,1,3
"6505",61,1,18,1,"Die Ostgoten zählten zum Stamm der Normannen.",1,1,2
"6506",61,1,18,1,"Das Lieblingsgetränk von Benedikt XVI. ist Fanta.",0,0,5
"6507",61,1,18,1,"Patagonien ist ein Landschaftsabschnitt in Asien.",0,0,5
"6508",61,1,18,1,"Morpheus ist der griechische Gott der Träume.",0,1,3
"6509",61,1,18,1,"Jean-Jaques Rousseau war alleinerziehender Vater.",1,1,3
"6510",61,1,18,1,"Manama ist die Hauptstadt Bahrains.",0,0,1
"6511",61,1,18,1,"Bolivien ist der kleinste Binnenstaat Südamerikas.",0,1,5
"6512",61,1,18,1,"Der Wassergehalt bei Beeren beträgt 90%.",1,1,4
"6513",61,1,18,1,"Die Norfolkinseln im Pazifik gehören zu Neuseeland.",0,1,4
"6514",61,1,18,1,"Die Azoren gehören zu Spanien.",0,1,4
"6515",61,1,18,1,"Ein Nilpferd wiegt bei seiner Geburt ca. 150kg.",1,1,2
"6516",61,1,18,1,"Wladimir Putin wurde in Murmansk geboren.",1,1,4
"6517",61,1,18,1,"Die Schwarzerle zählt zu den Buchengewächsen.",0,0,2
"6518",61,1,18,1,"Sambia hieß früher Nordrhodesien.",1,0,2
"6519",61,1,18,1,"Hernando Cortéz eroberte Mexiko.",1,1,6
"6520",61,1,18,1,"Der Mond passt vierzigmal in die Erdkugel.",0,1,4
"6521",61,1,18,1,"Die Insel Ösel gehört zu Dänemark.",0,0,2
"6522",61,1,18,1,"Schlangen sind taub, da kein Außenohr vorhanden ist.",0,1,2
"6523",61,1,18,1,"Tennis wurde in englischen Klöstern erfunden.",1,0,3
"6524",61,1,18,1,"Der Maler Marc Chagall wurde 1887 in Russland geboren.",0,0,2
"6525",61,1,18,1,"Der Reißverschluss wurde in Norwegen erfunden.",1,1,3
"6526",61,1,18,1,"Der höchste nordamerikanische Berg liegt in Wyoming.",0,0,4
"6527",61,1,18,1,"In USA wird kein Teletext ausgestrahlt.",1,1,3
"6528",61,1,18,1,"Beim Rugby gibt es 30 Spieler.",1,1,3
"6529",61,1,18,1,"Balsaholz ist die schwerste aller Holzarten.",1,1,3
"6530",61,1,18,1,"Blaue Augen werden im Alter immer heller.",1,0,2
"6531",61,1,18,1,"Spanholz besteht hauptsächlich aus Birkenholz.",1,1,3
"6532",61,1,18,1,"Das Jojo war ursprünglich eine philippinische Jagdwaffe.",0,1,4
"6533",61,1,18,1,"Wenn Nilpferde sich aufregen, färbt sich ihr Schweiß grün.",0,0,3
"6534",61,1,18,1,"Die Nachfolger Mohammeds bezeichnet man als Kalifen.",0,1,4
"6535",61,1,18,1,"Es gibt 56 verschiedene Arten eine Krawatte zu binden.",0,1,4
"6536",61,1,18,1,"Weibliche Taranteln töten circa 99% ihrer Nachkommen.",1,0,3
"6537",61,1,18,1,"Unsere Atmosphäre enthält rund 0,00025 % Ozon.",0,1,2
"6538",61,1,18,1,"Die Slowakei gehört nicht zu den NATO-Staaten.",0,1,5
"6539",61,1,18,1,"Frauen bekommen häufiger einen Schluckauf als Männer.",1,1,3
"6540",61,1,18,1,"Die Volksrepublik China wurde 1947 gegründet.",1,1,3
"6541",61,1,18,1,"Die Augen eines Straußes sind größer als sein Gehirn.",0,1,2
"6542",61,1,18,1,"Der Basenji ist der einzige Hund, der nicht bellt.",0,0,3
"6543",61,1,18,1,"Der Name 'Wowereit' heißt auf Litauisch Eichhörnchen.",1,0,2
"6544",61,1,18,1,"Zuckerwatte wurde von einem Flugzeugpiloten erfunden.",1,0,1
"6545",61,1,18,1,"Der mitteleuropäische Feldschwirl ist kein Zugvogel.",1,0,4
"6546",61,1,18,1,"Der griechische Gott Apollon ist der Schutzherr der Küste.",0,1,3
"6547",61,1,18,1,"Ein neugeborenes Panda-Baby ist kleiner als eine Maus.",1,0,3
"6548",61,1,18,1,"In Angola ist Spanisch die offizielle Amtssprache.",1,1,4
"6549",61,1,18,1,"Kleinohrigel haben keine Stacheln.",1,1,2
"6550",61,1,18,1,"Lachse können bis zu 20 Jahre alt werden.",1,1,4
"6551",61,1,18,1,"Delphine schwimmen höchstens 54 Kilometer pro Stunde.",0,1,3
"6552",61,1,18,1,"Lybien ist das einzige Land mit einer einfarbigen Flagge.",0,0,5
"6553",61,1,18,1,"Die Angst vor dem Küssen nennt man Philemaphobie.",0,0,1
"6554",61,1,18,1,"Keime sterben auf Holz schneller ab als auf Plastik.",1,0,4
"6555",61,1,18,1,"Der nicht sichtbare Teil des Eisbergs heißt Eisbergkiel.",0,1,2
"6556",61,1,18,1,"Die Wüste Dahna liegt in Saudi-Arabien.",1,1,4
"6557",61,1,18,1,"Nauru ist die kleinste souveräne Republik der Erde.",1,0,3
"6558",61,1,18,1,"Kokosnüsse haben einen höheren Fettanteil als Pistazien.",1,1,4
"6559",61,1,18,1,"Austern wechseln je nach Jahreszeit ihr Geschlecht.",0,1,2
"6560",61,1,18,1,"Ein menschliches Haar wächst jährlich ca. 85 mm.",1,1,4
"6561",61,1,18,1,"Brad Pitt heißt eigentlich 'Henry Bradley Pitt'.",0,1,2
"6562",61,1,18,1,"French Fries' wurden in England erfunden.",0,1,4
"6563",61,1,18,1,"Goethe schrieb genau 64 Jahre lang an seinem 'Faust'.",1,1,5
"6564",61,2,18,1,"Die längsten Opern stammen von Gioacchino Rossini.",1,1,2
"6565",61,2,18,1,"Robbie Williams heißt mit Zweitnamen 'Maximilian'.",0,1,4
"6566",61,2,18,1,"Einen kastrierten Esel nennt man auch Macker oder Knilch.",1,0,1
"6567",61,2,18,1,"Nur Menschen und Affen besitzen einen Bauchnabel.",1,1,4
"6568",61,2,18,1,"Tom Cruise ist Legastheniker.",0,0,2
"6569",61,2,18,1,"Spanien ist ein Gründungsmitglied der UNO.",0,0,3
"6570",61,2,18,1,"Die Wüste Gobi ist eine Felswüste.",0,1,3
"6571",61,2,18,1,"Alle Uhren im Film 'Pulp Fiction' stehen auf 4.10 Uhr.",0,0,1
"6572",61,2,18,1,"Der Javagraben ist die tiefste Meerestiefe der Welt.",0,1,3
"6573",61,2,18,1,"Die Küstenseeschwalbe fliegt jedes Jahr fast 40000 km.",1,1,2
"6574",61,2,18,1,"Der Ladogasee ist der größte See Europas.",1,0,3
"6575",61,2,18,1,"Das Zwerghörnchen ist das kleinste Säugetier Europas.",1,0,2
"6576",61,2,18,1,"Giséle Bündchen hat einen Zwillingsbruder.",0,1,4
"6577",61,2,18,1,"Das Capybara ist das größte aller Beuteltiere.",0,0,2
"6578",61,2,18,1,"Die Erde wird in 340 Längenkreise unterteilt.",0,1,2
"6579",61,2,18,1,"Das meiste Gold wird derzeit in Südafrika gefördert.",0,1,4
"6580",61,2,18,1,"Der Speisesaal eines Klosters wird Refektorium genannt.",1,0,1
"6581",61,2,18,1,"Albany ist die Hauptstadt des US-Bundesstaates New Jersey.",1,1,3
"6582",61,2,18,1,"Alexander Graham Bell erfand das Tragflügelboot.",1,0,1
"6583",61,2,18,1,"Ein Menschenfloh kann 20cm hoch springen.",0,1,2
"6584",61,2,18,1,"In Uganda ist die Amtssprache englisch.",1,1,4
"6585",61,2,18,1,"Tequila wird aus dem Herzen der roten Agave gewonnen.",1,1,2
"6586",61,2,18,1,"Minerva ist die römische Göttin der Weisheit.",0,0,3
"6587",61,2,18,1,"Das türkische Bad wurde in Griechenland erfunden.",0,1,3
"6588",61,2,18,1,"Sheryl Crow war Hürdenläuferin.",1,0,1
"6589",61,2,18,1,"Winston Churchill erhielt den Nobelpreis für Literatur.",1,1,4
"6590",61,2,18,1,"Nicole Kidman hat panische Angst vor Schmetterlingen.",0,1,3
"6591",62,1,20,0,"Die Azoren gehören zu Spanien.",0,0,1
"6592",62,1,20,0,"Sambia hieß früher Nordrhodesien.",1,1,1
"6593",62,1,20,0,"Das Lieblingsgetränk von Benedikt XVI. ist Fanta.",0,0,6
"6594",62,1,20,0,"Manama ist die Hauptstadt Bahrains.",0,1,1
"6595",62,1,20,0,"Tennis wurde in englischen Klöstern erfunden.",1,1,2
"6596",62,1,20,0,"Blaue Augen werden im Alter immer heller.",1,0,4
"6597",62,1,20,0,"Der Maler Marc Chagall wurde 1887 in Russland geboren.",0,0,2
"6598",62,1,20,0,"Austern wechseln je nach Jahreszeit ihr Geschlecht.",0,1,1
"6599",62,1,20,0,"Die Volksrepublik China wurde 1947 gegründet.",1,0,1
"6600",62,1,20,0,"Der Reißverschluss wurde in Norwegen erfunden.",1,1,1
"6601",62,1,20,0,"Delphine schwimmen höchstens 54 Kilometer pro Stunde.",0,1,1
"6602",62,1,20,0,"Ein menschliches Haar wächst jährlich ca. 85 mm.",1,1,2
"6603",62,1,20,0,"Die Ostgoten zählten zum Stamm der Normannen.",1,0,1
"6604",62,1,20,0,"Schlangen sind taub, da kein Außenohr vorhanden ist.",0,1,1
"6605",62,1,20,0,"Spanholz besteht hauptsächlich aus Birkenholz.",1,1,1
"6606",62,1,20,0,"Goethe schrieb genau 64 Jahre lang an seinem 'Faust'.",1,0,3
"6607",62,1,20,0,"Es gibt 56 verschiedene Arten eine Krawatte zu binden.",0,1,2
"6608",62,1,20,0,"Balsaholz ist die schwerste aller Holzarten.",1,1,1
"6609",62,1,20,0,"Hernando Cortéz eroberte Mexiko.",1,1,1
"6610",62,1,20,0,"Wladimir Putin wurde in Murmansk geboren.",1,0,1
"6611",62,1,20,0,"Nauru ist die kleinste souveräne Republik der Erde.",1,0,1
"6612",62,1,20,0,"Weibliche Taranteln töten circa 99% ihrer Nachkommen.",1,1,1
"6613",62,1,20,0,"Der Wassergehalt bei Beeren beträgt 90%.",1,1,4
"6614",62,1,20,0,"Die Norfolkinseln im Pazifik gehören zu Neuseeland.",0,1,2
"6615",62,1,20,0,"Zuckerwatte wurde von einem Flugzeugpiloten erfunden.",1,0,3
"6616",62,1,20,0,"Patagonien ist ein Landschaftsabschnitt in Asien.",0,0,1
"6617",62,1,20,0,"Morpheus ist der griechische Gott der Träume.",0,0,1
"6618",62,1,20,0,"Der Mond passt vierzigmal in die Erdkugel.",0,0,1
"6619",62,1,20,0,"Kleinohrigel haben keine Stacheln.",1,1,1
"6620",62,1,20,0,"In USA wird kein Teletext ausgestrahlt.",1,1,1
"6621",62,1,20,0,"Die Slowakei gehört nicht zu den NATO-Staaten.",0,1,2
"6622",62,1,20,0,"French Fries' wurden in England erfunden.",0,1,2
"6623",62,1,20,0,"Jean-Jaques Rousseau war alleinerziehender Vater.",1,0,2
"6624",62,1,20,0,"Das Jojo war ursprünglich eine philippinische Jagdwaffe.",0,0,2
"6625",62,1,20,0,"In Angola ist Spanisch die offizielle Amtssprache.",1,0,4
"6626",62,1,20,0,"Kokosnüsse haben einen höheren Fettanteil als Pistazien.",1,1,5
"6627",62,1,20,0,"Keime sterben auf Holz schneller ab als auf Plastik.",1,1,1
"6628",62,1,20,0,"Wenn Nilpferde sich aufregen, färbt sich ihr Schweiß grün.",0,0,4
"6629",62,1,20,0,"Die Angst vor dem Küssen nennt man Philemaphobie.",0,1,3
"6630",62,1,20,0,"Die Schwarzerle zählt zu den Buchengewächsen.",0,0,1
"6631",62,1,20,0,"Der Name 'Wowereit' heißt auf Litauisch Eichhörnchen.",1,1,1
"6632",62,2,20,0,"Der Goliathfrosch kann sogar kleine Krokodile verspeisen.",0,1,1
"6633",62,2,20,0,"Winston Churchill erhielt den Nobelpreis für Literatur.",0,0,1
"6634",62,2,20,0,"Die Küstenseeschwalbe fliegt jedes Jahr fast 40000 km.",0,1,3
"6635",62,2,20,0,"Das türkische Bad wurde in Griechenland erfunden.",1,1,3
"6636",62,2,20,0,"Bob Dylan arbeitet nebenberuflich als Winzer.",0,0,1
"6637",62,2,20,0,"Das Capybara ist das größte aller Beuteltiere.",1,1,1
"6638",62,2,20,0,"Der Javagraben ist die tiefste Meerestiefe der Welt.",1,0,1
"6639",62,2,20,0,"Island ist geologisch das jüngste Inselland der Welt.",0,1,1
"6640",62,2,20,0,"Die Erde wird in 340 Längenkreise unterteilt.",1,1,1
"6641",62,2,20,0,"Das Zwerghörnchen ist das kleinste Säugetier Europas.",0,1,2
"6642",62,2,20,0,"Robbie Williams heißt mit Zweitnamen 'Maximilian'.",1,0,1
"6643",62,2,20,0,"Sumatra ist die viertgrößte Insel der Welt.",1,0,2
"6644",62,2,20,0,"Eine Bienenkönigin legt durchschnittlich 500 Eier am Tag.",0,0,2
"6645",62,2,20,0,"Der Schwertwal gehört zur Gattung der Delfine.",0,1,1
"6646",62,2,20,0,"Nicole Kidman hat panische Angst vor Schmetterlingen.",1,1,1
"6647",62,2,20,0,"Die Sektsteuer wurde von Friedrich Ebert eingeführt.",1,0,1
"6648",62,2,20,0,"Ein Schwan trägt ca. 50.000 Federn am Körper.",1,1,3
"6649",62,2,20,0,"Das meiste Gold wird derzeit in Südafrika gefördert.",1,1,2
"6650",62,2,20,0,"Die Insektenkunde wird auch Entomologie genannt.",1,0,1
"6651",62,2,20,0,"Der Speisesaal eines Klosters wird Refektorium genannt.",0,1,1
"6652",62,2,20,0,"Ein Biber kann in einem Jahr über 200 Bäume fällen.",1,1,4
"6653",62,2,20,0,"In den USA gibt es die meisten Milliardäre auf der Welt.",0,1,4
"6654",62,2,20,0,"Volleyball wurde in Florida erfunden.",1,1,3
"6655",62,2,20,0,"Bei den italienischen Wahlen 2008 traten 62 Parteien an.",1,1,5
"6656",62,2,20,0,"Giséle Bündchen hat einen Zwillingsbruder.",1,1,1
"6657",62,2,20,0,"Die längsten Opern stammen von Gioacchino Rossini.",0,1,1
"6658",62,2,20,0,"Schweine können keinen Sonnenbrand bekommen.",1,1,1
"6659",62,2,20,0,"Auf indischen Rupienscheinen sind 12 verschiedene Schriften.",0,0,1
"6660",62,2,20,0,"Der Allradantrieb wurde 1938 in England erfunden.",0,0,1
"6661",62,2,20,0,"Magnesiummangel kann zu Hautproblemen führen.",0,1,6
"6662",62,2,20,0,"Seepferdchen gehören zur Gattung der Fische.",1,1,1
"6663",62,2,20,0,"Die Wüste Gobi ist eine Felswüste.",1,1,1
"6664",62,2,20,0,"Der Film 'Pretty Woman' gewann keinen Oscar.",1,1,1
"6665",62,2,20,0,"Seoul bedeutet auf koreanisch 'Die Hauptstadt'.",0,1,1
"6666",62,2,20,0,"Erdbeeren enthalten mehr Vitamin C als Orangen.",0,0,1
"6667",62,2,20,0,"Die Tochter von Sydney Poitier heißt Sydney Poitier.",1,0,1
"6668",62,2,20,0,"Alle Uhren im Film 'Pulp Fiction' stehen auf 4.10 Uhr.",1,1,6
"6669",62,2,20,0,"Schären sind Talgletscher in Skandinavien.",0,0,1
"6670",62,2,20,0,"Spanien ist ein Gründungsmitglied der UNO.",1,1,2
"6671",62,2,20,0,"Tom Cruise ist Legastheniker.",1,0,1
"6672",62,2,20,0,"Minerva ist die römische Göttin der Weisheit.",1,0,1
"6673",62,2,20,0,"Tequila wird aus dem Herzen der roten Agave gewonnen.",0,1,1
"6674",62,2,20,0,"Alexander Graham Bell erfand das Tragflügelboot.",0,0,1
"6675",62,2,20,0,"Das Finn-Dingi ist ein Einmannboot beim Sportsegeln.",0,0,1
"6676",62,2,20,0,"Die kanadische Sängerin Celine Dion hat acht Geschwister.",0,1,1
"6677",62,2,20,0,"Ein Menschenfloh kann 20cm hoch springen.",1,1,1
"6678",62,2,20,0,"Der Erfinder des Bikinis war ursprünglich Schuhdesigner.",0,0,1
"6679",62,2,20,0,"Der Ladogasee ist der größte See Europas.",0,0,1
"6680",62,2,20,0,"Einen kastrierten Esel nennt man auch Macker oder Knilch.",0,0,2
"6681",62,2,20,0,"Der Bereich zwischen den Augenbrauen heißt Glabella.",1,1,5
"6682",62,2,20,0,"Sheryl Crow war Hürdenläuferin.",0,0,2
"6683",62,2,20,0,"In Uganda ist die Amtssprache englisch.",0,1,3
"6684",62,2,20,0,"Das Domino-Spiel besteht aus 28 Steinen.",1,1,1
"6685",62,2,20,0,"Für Descartes wies Schielen bei Frauen auf Frigidität hin.",0,0,1
"6686",62,2,20,0,"Die erste elektronische Mail wurde im Jahr 1973 versendet.",0,1,1
"6687",62,2,20,0,"Nur Menschen und Affen besitzen einen Bauchnabel.",0,1,2
"6688",62,2,20,0,"Frauen blinzeln fast doppelt so viel wie Männer.",1,1,3
"6689",62,2,20,0,"Die Luftpumpe ist eine französische Erfindung.",1,0,1
"6690",62,2,20,0,"Der Nacktmull ist das schmerzempfindlichste Tier der Welt.",1,1,2
"6691",62,2,20,0,"Albany ist die Hauptstadt des US-Bundesstaates New Jersey.",0,0,2
"6692",62,1,20,0,"Unsere Atmosphäre enthält rund 0,00025 % Ozon.",0,0,1
"6693",62,1,20,0,"Beim Rugby gibt es 30 Spieler.",1,1,1
"6694",62,1,20,0,"Die Augen eines Straußes sind größer als sein Gehirn.",0,1,1
"6695",62,1,20,0,"Der höchste nordamerikanische Berg liegt in Wyoming.",0,0,1
"6696",62,1,20,0,"Die Wüste Dahna liegt in Saudi-Arabien.",1,1,1
"6697",62,1,20,0,"Der Basenji ist der einzige Hund, der nicht bellt.",0,0,1
"6698",62,1,20,0,"Der nicht sichtbare Teil des Eisbergs heißt Eisbergkiel.",0,0,1
"6699",62,1,20,0,"Der mitteleuropäische Feldschwirl ist kein Zugvogel.",1,1,1
"6700",62,1,20,0,"Ein neugeborenes Panda-Baby ist kleiner als eine Maus.",1,0,1
"6701",62,1,20,0,"Frauen bekommen häufiger einen Schluckauf als Männer.",1,0,2
"6702",62,1,20,0,"Brad Pitt heißt eigentlich 'Henry Bradley Pitt'.",0,0,1
"6703",62,1,20,0,"Ein Nilpferd wiegt bei seiner Geburt ca. 150kg.",1,1,3
"6704",62,1,20,0,"Freddie Mercurys richtiger Name lautete Farrokh Bulsara.",0,0,4
"6705",62,1,20,0,"Der griechische Gott Apollon ist der Schutzherr der Küste.",0,0,6
"6706",62,1,20,0,"Die Insel Ösel gehört zu Dänemark.",0,0,1
"6707",62,1,20,0,"Lachse können bis zu 20 Jahre alt werden.",1,0,1
"6708",62,1,20,0,"Die Nachfolger Mohammeds bezeichnet man als Kalifen.",0,1,1
"6709",62,1,20,0,"Lybien ist das einzige Land mit einer einfarbigen Flagge.",0,1,1
"6710",62,1,20,0,"Bolivien ist der kleinste Binnenstaat Südamerikas.",0,1,1
"6711",63,2,19,0,"Spanien ist ein Gründungsmitglied der UNO.",0,0,2
"6712",63,2,19,0,"Ein Biber kann in einem Jahr über 200 Bäume fällen.",0,1,2
"6713",63,2,19,0,"Die Norfolkinseln im Pazifik gehören zu Neuseeland.",1,1,1
"6714",63,2,19,0,"Die Augen eines Straußes sind größer als sein Gehirn.",1,1,3
"6715",63,2,19,0,"Schweine können keinen Sonnenbrand bekommen.",0,0,4
"6716",63,2,19,0,"Morpheus ist der griechische Gott der Träume.",1,1,2
"6717",63,2,19,0,"Der Basenji ist der einzige Hund, der nicht bellt.",1,1,4
"6718",63,2,19,0,"Das Jojo war ursprünglich eine philippinische Jagdwaffe.",1,1,3
"6719",63,2,19,0,"Ein Menschenfloh kann 20cm hoch springen.",0,1,3
"6720",63,2,19,0,"Es gibt 56 verschiedene Arten eine Krawatte zu binden.",1,0,1
"6721",63,2,19,0,"Unsere Atmosphäre enthält rund 0,00025 % Ozon.",1,1,3
"6722",63,2,19,0,"Die Angst vor dem Küssen nennt man Philemaphobie.",1,1,2
"6723",63,2,19,0,"Der höchste nordamerikanische Berg liegt in Wyoming.",1,0,1
"6724",63,2,19,0,"Die Insektenkunde wird auch Entomologie genannt.",0,0,1
"6725",63,2,19,0,"Brad Pitt heißt eigentlich 'Henry Bradley Pitt'.",1,1,4
"6726",63,2,19,0,"Die Nachfolger Mohammeds bezeichnet man als Kalifen.",1,1,2
"6727",63,2,19,0,"Nicole Kidman hat panische Angst vor Schmetterlingen.",0,0,1
"6728",63,2,19,0,"Die Azoren gehören zu Spanien.",1,1,2
"6729",63,2,19,0,"Bolivien ist der kleinste Binnenstaat Südamerikas.",1,1,4
"6730",63,2,19,0,"Minerva ist die römische Göttin der Weisheit.",0,1,5
"6731",63,2,19,0,"Volleyball wurde in Florida erfunden.",0,0,2
"6732",63,2,19,0,"Die Insel Ösel gehört zu Dänemark.",1,1,1
"6733",63,2,19,0,"Das meiste Gold wird derzeit in Südafrika gefördert.",0,0,2
"6734",63,2,19,0,"Die Schwarzerle zählt zu den Buchengewächsen.",1,1,3
"6735",63,2,19,0,"Robbie Williams heißt mit Zweitnamen 'Maximilian'.",0,0,1
"6736",63,2,19,0,"Das türkische Bad wurde in Griechenland erfunden.",0,1,2
"6737",63,2,19,0,"Wenn Nilpferde sich aufregen, färbt sich ihr Schweiß grün.",1,0,1
"6738",63,2,19,0,"Freddie Mercurys richtiger Name lautete Farrokh Bulsara.",1,1,5
"6739",63,2,19,0,"Ein Schwan trägt ca. 50.000 Federn am Körper.",0,0,1
"6740",63,2,19,0,"Delphine schwimmen höchstens 54 Kilometer pro Stunde.",1,1,2
"6741",63,2,19,0,"Manama ist die Hauptstadt Bahrains.",1,1,2
"6742",63,2,19,0,"Der Javagraben ist die tiefste Meerestiefe der Welt.",0,0,5
"6743",63,2,19,0,"Der Bereich zwischen den Augenbrauen heißt Glabella.",0,0,1
"6744",63,2,19,0,"Frauen blinzeln fast doppelt so viel wie Männer.",0,1,2
"6745",63,2,19,0,"Die Slowakei gehört nicht zu den NATO-Staaten.",1,1,1
"6746",63,2,19,0,"Der Maler Marc Chagall wurde 1887 in Russland geboren.",1,0,1
"6747",63,2,19,0,"Der Film 'Pretty Woman' gewann keinen Oscar.",0,0,1
"6748",63,2,19,0,"Schlangen sind taub, da kein Außenohr vorhanden ist.",1,1,5
"6749",63,2,19,0,"Seepferdchen gehören zur Gattung der Fische.",0,1,1
"6750",63,2,19,0,"Tom Cruise ist Legastheniker.",0,0,1
"6751",63,2,19,0,"Der Nacktmull ist das schmerzempfindlichste Tier der Welt.",0,1,1
"6752",63,1,19,0,"Der Ladogasee ist der größte See Europas.",0,0,5
"6753",63,1,19,0,"Bob Dylan arbeitet nebenberuflich als Winzer.",0,1,1
"6754",63,1,19,0,"Island ist geologisch das jüngste Inselland der Welt.",0,1,3
"6755",63,1,19,0,"Keime sterben auf Holz schneller ab als auf Plastik.",1,1,6
"6756",63,1,19,0,"Ein menschliches Haar wächst jährlich ca. 85 mm.",1,1,6
"6757",63,1,19,0,"Für Descartes wies Schielen bei Frauen auf Frigidität hin.",0,1,2
"6758",63,1,19,0,"Jean-Jaques Rousseau war alleinerziehender Vater.",1,1,4
"6759",63,1,19,0,"Der Reißverschluss wurde in Norwegen erfunden.",1,1,6
"6760",63,1,19,0,"Zuckerwatte wurde von einem Flugzeugpiloten erfunden.",1,1,2
"6761",63,1,19,0,"Blaue Augen werden im Alter immer heller.",1,1,6
"6762",63,1,19,0,"Nur Menschen und Affen besitzen einen Bauchnabel.",0,0,5
"6763",63,1,19,0,"Einen kastrierten Esel nennt man auch Macker oder Knilch.",0,0,1
"6764",63,1,19,0,"Die Wüste Dahna liegt in Saudi-Arabien.",1,1,6
"6765",63,1,19,0,"Das Finn-Dingi ist ein Einmannboot beim Sportsegeln.",0,0,2
"6766",63,1,19,0,"Kokosnüsse haben einen höheren Fettanteil als Pistazien.",1,1,4
"6767",63,1,19,0,"Die erste elektronische Mail wurde im Jahr 1973 versendet.",0,1,4
"6768",63,1,19,0,"Spanholz besteht hauptsächlich aus Birkenholz.",1,1,6
"6769",63,1,19,0,"Albany ist die Hauptstadt des US-Bundesstaates New Jersey.",0,0,1
"6770",63,1,19,0,"Die längsten Opern stammen von Gioacchino Rossini.",0,0,1
"6771",63,1,19,0,"Die Ostgoten zählten zum Stamm der Normannen.",1,1,1
"6772",63,1,19,0,"In Uganda ist die Amtssprache englisch.",0,0,2
"6773",63,1,19,0,"Goethe schrieb genau 64 Jahre lang an seinem 'Faust'.",1,1,5
"6774",63,1,19,0,"Der Speisesaal eines Klosters wird Refektorium genannt.",0,0,1
"6775",63,1,19,0,"Beim Rugby gibt es 30 Spieler.",1,1,1
"6776",63,1,19,0,"Der Erfinder des Bikinis war ursprünglich Schuhdesigner.",0,0,1
"6777",63,1,19,0,"Lachse können bis zu 20 Jahre alt werden.",1,0,3
"6778",63,1,19,0,"Sheryl Crow war Hürdenläuferin.",0,1,1
"6779",63,1,19,0,"Nauru ist die kleinste souveräne Republik der Erde.",1,1,2
"6780",63,1,19,0,"Magnesiummangel kann zu Hautproblemen führen.",0,1,2
"6781",63,1,19,0,"Der Wassergehalt bei Beeren beträgt 90%.",1,1,5
"6782",63,1,19,0,"Tequila wird aus dem Herzen der roten Agave gewonnen.",0,1,5
"6783",63,1,19,0,"In USA wird kein Teletext ausgestrahlt.",1,1,6
"6784",63,1,19,0,"In den USA gibt es die meisten Milliardäre auf der Welt.",0,1,4
"6785",63,1,19,0,"Eine Bienenkönigin legt durchschnittlich 500 Eier am Tag.",0,1,2
"6786",63,1,19,0,"Der Name 'Wowereit' heißt auf Litauisch Eichhörnchen.",1,1,6
"6787",63,1,19,0,"Der Schwertwal gehört zur Gattung der Delfine.",0,0,4
"6788",63,1,19,0,"Balsaholz ist die schwerste aller Holzarten.",1,1,6
"6789",63,1,19,0,"Ein Nilpferd wiegt bei seiner Geburt ca. 150kg.",1,1,4
"6790",63,1,19,0,"Die Küstenseeschwalbe fliegt jedes Jahr fast 40000 km.",0,1,1
"6791",63,1,19,0,"Hernando Cortéz eroberte Mexiko.",1,1,5
"6792",63,1,19,0,"Winston Churchill erhielt den Nobelpreis für Literatur.",0,0,3
"6793",63,1,19,0,"Seoul bedeutet auf koreanisch 'Die Hauptstadt'.",0,0,2
"6794",63,1,19,0,"Kleinohrigel haben keine Stacheln.",1,1,5
"6795",63,1,19,0,"Der Allradantrieb wurde 1938 in England erfunden.",0,0,4
"6796",63,1,19,0,"Tennis wurde in englischen Klöstern erfunden.",1,1,6
"6797",63,1,19,0,"Auf indischen Rupienscheinen sind 12 verschiedene Schriften.",0,1,1
"6798",63,1,19,0,"Das Zwerghörnchen ist das kleinste Säugetier Europas.",0,0,1
"6799",63,1,19,0,"Die Volksrepublik China wurde 1947 gegründet.",1,1,5
"6800",63,1,19,0,"In Angola ist Spanisch die offizielle Amtssprache.",1,1,6
"6801",63,1,19,0,"Ein neugeborenes Panda-Baby ist kleiner als eine Maus.",1,1,4
"6802",63,1,19,0,"Frauen bekommen häufiger einen Schluckauf als Männer.",1,1,3
"6803",63,1,19,0,"Der Goliathfrosch kann sogar kleine Krokodile verspeisen.",0,0,1
"6804",63,1,19,0,"Der mitteleuropäische Feldschwirl ist kein Zugvogel.",1,1,5
"6805",63,1,19,0,"Erdbeeren enthalten mehr Vitamin C als Orangen.",0,0,3
"6806",63,1,19,0,"Weibliche Taranteln töten circa 99% ihrer Nachkommen.",1,1,1
"6807",63,2,19,0,"Der griechische Gott Apollon ist der Schutzherr der Küste.",1,0,1
"6808",63,2,19,0,"Der nicht sichtbare Teil des Eisbergs heißt Eisbergkiel.",1,1,4
"6809",63,2,19,0,"Sumatra ist die viertgrößte Insel der Welt.",0,1,1
"6810",63,2,19,0,"Lybien ist das einzige Land mit einer einfarbigen Flagge.",1,1,5
"6811",63,2,19,0,"Der Mond passt vierzigmal in die Erdkugel.",1,1,2
"6812",63,2,19,0,"Austern wechseln je nach Jahreszeit ihr Geschlecht.",1,1,1
"6813",63,2,19,0,"Patagonien ist ein Landschaftsabschnitt in Asien.",1,1,4
"6814",63,2,19,0,"Die Sektsteuer wurde von Friedrich Ebert eingeführt.",0,1,1
"6815",63,2,19,0,"Giséle Bündchen hat einen Zwillingsbruder.",0,0,1
"6816",63,2,19,0,"Die Luftpumpe ist eine französische Erfindung.",0,1,2
"6817",63,2,19,0,"Bei den italienischen Wahlen 2008 traten 62 Parteien an.",0,0,1
"6818",63,2,19,0,"French Fries' wurden in England erfunden.",1,1,3
"6819",63,2,19,0,"Das Capybara ist das größte aller Beuteltiere.",0,0,4
"6820",63,2,19,0,"Das Domino-Spiel besteht aus 28 Steinen.",0,1,1
"6821",63,2,19,0,"Die Wüste Gobi ist eine Felswüste.",0,1,1
"6822",63,2,19,0,"Alle Uhren im Film 'Pulp Fiction' stehen auf 4.10 Uhr.",0,1,1
"6823",63,2,19,0,"Die Tochter von Sydney Poitier heißt Sydney Poitier.",0,0,1
"6824",63,1,19,0,"Alexander Graham Bell erfand das Tragflügelboot.",0,0,1
"6825",63,1,19,0,"Die kanadische Sängerin Celine Dion hat acht Geschwister.",0,0,1
"6826",63,2,19,0,"Das Lieblingsgetränk von Benedikt XVI. ist Fanta.",1,1,6
"6827",63,2,19,0,"Die Erde wird in 340 Längenkreise unterteilt.",0,1,1
"6828",63,1,19,0,"Schären sind Talgletscher in Skandinavien.",0,0,1
"6829",63,1,19,0,"Sambia hieß früher Nordrhodesien.",1,1,5
"6830",63,1,19,0,"Wladimir Putin wurde in Murmansk geboren.",1,1,4
"6831",64,2,18,0,"Ein Biber kann in einem Jahr über 200 Bäume fällen.",1,1,4
"6832",64,2,18,0,"Das Lieblingsgetränk von Benedikt XVI. ist Fanta.",0,1,5
"6833",64,1,18,0,"In Angola ist Spanisch die offizielle Amtssprache.",1,1,5
"6834",64,1,18,0,"Das Finn-Dingi ist ein Einmannboot beim Sportsegeln.",0,1,4
"6835",64,1,18,0,"Auf indischen Rupienscheinen sind 12 verschiedene Schriften.",0,0,2
"6836",64,1,18,0,"Die erste elektronische Mail wurde im Jahr 1973 versendet.",0,1,4
"6837",64,1,18,0,"Ein neugeborenes Panda-Baby ist kleiner als eine Maus.",1,1,5
"6838",64,1,18,0,"Magnesiummangel kann zu Hautproblemen führen.",0,1,4
"6839",64,1,18,0,"Sambia hieß früher Nordrhodesien.",1,1,4
"6840",64,1,18,0,"Tennis wurde in englischen Klöstern erfunden.",1,1,5
"6841",64,1,18,0,"Der Goliathfrosch kann sogar kleine Krokodile verspeisen.",0,1,1
"6842",64,1,18,0,"Die Ostgoten zählten zum Stamm der Normannen.",1,0,4
"6843",64,1,18,0,"Die kanadische Sängerin Celine Dion hat acht Geschwister.",0,1,3
"6844",64,1,18,0,"Tequila wird aus dem Herzen der roten Agave gewonnen.",0,1,5
"6845",64,1,18,0,"In USA wird kein Teletext ausgestrahlt.",1,1,3
"6846",64,1,18,0,"Die Küstenseeschwalbe fliegt jedes Jahr fast 40000 km.",0,1,5
"6847",64,1,18,0,"Sheryl Crow war Hürdenläuferin.",0,1,3
"6848",64,1,18,0,"Für Descartes wies Schielen bei Frauen auf Frigidität hin.",0,1,4
"6849",64,2,18,0,"Die Augen eines Straußes sind größer als sein Gehirn.",0,1,3
"6850",64,1,18,0,"Die Wüste Dahna liegt in Saudi-Arabien.",1,1,5
"6851",64,1,18,0,"Ein menschliches Haar wächst jährlich ca. 85 mm.",1,0,2
"6852",64,1,18,0,"Erdbeeren enthalten mehr Vitamin C als Orangen.",0,0,4
"6853",64,1,18,0,"Der Reißverschluss wurde in Norwegen erfunden.",1,1,5
"6854",64,1,18,0,"Schären sind Talgletscher in Skandinavien.",0,1,5
"6855",64,1,18,0,"Blaue Augen werden im Alter immer heller.",1,1,4
"6856",64,1,18,0,"Das Zwerghörnchen ist das kleinste Säugetier Europas.",0,0,2
"6857",64,1,18,0,"Nur Menschen und Affen besitzen einen Bauchnabel.",0,1,3
"6858",64,1,18,0,"Der Name 'Wowereit' heißt auf Litauisch Eichhörnchen.",1,1,5
"6859",64,1,18,0,"Keime sterben auf Holz schneller ab als auf Plastik.",1,0,5
"6860",64,1,18,0,"Der Erfinder des Bikinis war ursprünglich Schuhdesigner.",0,1,3
"6861",64,1,18,0,"Lachse können bis zu 20 Jahre alt werden.",1,1,5
"6862",64,1,18,0,"Winston Churchill erhielt den Nobelpreis für Literatur.",0,0,5
"6863",64,1,18,0,"Seoul bedeutet auf koreanisch 'Die Hauptstadt'.",0,1,4
"6864",64,1,18,0,"Beim Rugby gibt es 30 Spieler.",1,1,4
"6865",64,1,18,0,"Der Speisesaal eines Klosters wird Refektorium genannt.",0,0,5
"6866",64,1,18,0,"Der Wassergehalt bei Beeren beträgt 90%.",1,1,5
"6867",64,1,18,0,"Zuckerwatte wurde von einem Flugzeugpiloten erfunden.",1,1,3
"6868",64,1,18,0,"Der mitteleuropäische Feldschwirl ist kein Zugvogel.",1,1,3
"6869",64,1,18,0,"Goethe schrieb genau 64 Jahre lang an seinem 'Faust'.",1,1,5
"6870",64,1,18,0,"Albany ist die Hauptstadt des US-Bundesstaates New Jersey.",0,1,4
"6871",64,1,18,0,"Die längsten Opern stammen von Gioacchino Rossini.",0,1,3
"6872",64,1,18,0,"In den USA gibt es die meisten Milliardäre auf der Welt.",0,1,5
"6873",64,2,18,0,"Wenn Nilpferde sich aufregen, färbt sich ihr Schweiß grün.",0,0,4
"6874",64,2,18,0,"Der nicht sichtbare Teil des Eisbergs heißt Eisbergkiel.",0,1,5
"6875",64,2,18,0,"Spanien ist ein Gründungsmitglied der UNO.",1,0,5
"6876",64,2,18,0,"Brad Pitt heißt eigentlich 'Henry Bradley Pitt'.",0,1,4
"6877",64,2,18,0,"Die Sektsteuer wurde von Friedrich Ebert eingeführt.",1,1,5
"6878",64,2,18,0,"Freddie Mercurys richtiger Name lautete Farrokh Bulsara.",0,0,6
"6879",64,2,18,0,"Ein Schwan trägt ca. 50.000 Federn am Körper.",1,1,4
"6880",64,2,18,0,"Es gibt 56 verschiedene Arten eine Krawatte zu binden.",0,1,3
"6881",64,2,18,0,"Sumatra ist die viertgrößte Insel der Welt.",1,1,5
"6882",64,2,18,0,"Frauen blinzeln fast doppelt so viel wie Männer.",1,1,3
"6883",64,2,18,0,"Die Insektenkunde wird auch Entomologie genannt.",1,1,5
"6884",64,2,18,0,"Das meiste Gold wird derzeit in Südafrika gefördert.",1,1,4
"6885",64,2,18,0,"Das Domino-Spiel besteht aus 28 Steinen.",1,1,5
"6886",64,2,18,0,"Die Azoren gehören zu Spanien.",0,1,4
"6887",64,2,18,0,"Lybien ist das einzige Land mit einer einfarbigen Flagge.",0,0,3
"6888",64,2,18,0,"Die Slowakei gehört nicht zu den NATO-Staaten.",0,1,4
"6889",64,2,18,0,"Der Nacktmull ist das schmerzempfindlichste Tier der Welt.",1,0,6
"6890",64,2,18,0,"French Fries' wurden in England erfunden.",0,0,4
"6891",64,2,18,0,"Der griechische Gott Apollon ist der Schutzherr der Küste.",0,1,3
"6892",64,2,18,0,"Die Schwarzerle zählt zu den Buchengewächsen.",0,1,4
"6893",64,2,18,0,"Die Norfolkinseln im Pazifik gehören zu Neuseeland.",0,1,4
"6894",64,2,18,0,"Die Erde wird in 340 Längenkreise unterteilt.",1,1,5
"6895",64,2,18,0,"Schweine können keinen Sonnenbrand bekommen.",1,0,5
"6896",64,2,18,0,"Ein Menschenfloh kann 20cm hoch springen.",1,1,5
"6897",64,2,18,0,"Der Film 'Pretty Woman' gewann keinen Oscar.",1,1,3
"6898",64,2,18,0,"Nicole Kidman hat panische Angst vor Schmetterlingen.",1,0,4
"6899",64,2,18,0,"Morpheus ist der griechische Gott der Träume.",0,1,5
"6900",64,2,18,0,"Der Maler Marc Chagall wurde 1887 in Russland geboren.",0,0,4
"6901",64,2,18,0,"Delphine schwimmen höchstens 54 Kilometer pro Stunde.",0,1,4
"6902",64,2,18,0,"Minerva ist die römische Göttin der Weisheit.",1,1,1
"6903",64,2,18,0,"Unsere Atmosphäre enthält rund 0,00025 % Ozon.",0,1,4
"6904",64,2,18,0,"Die Wüste Gobi ist eine Felswüste.",1,1,5
"6905",64,2,18,0,"Das Capybara ist das größte aller Beuteltiere.",1,1,5
"6906",64,2,18,0,"Robbie Williams heißt mit Zweitnamen 'Maximilian'.",1,1,4
"6907",64,2,18,0,"Der Mond passt vierzigmal in die Erdkugel.",0,1,5
"6908",64,2,18,0,"Der Basenji ist der einzige Hund, der nicht bellt.",0,1,4
"6909",64,2,18,0,"Die Luftpumpe ist eine französische Erfindung.",1,1,4
"6910",64,2,18,0,"Tom Cruise ist Legastheniker.",1,1,2
"6911",64,2,18,0,"Austern wechseln je nach Jahreszeit ihr Geschlecht.",0,1,5
"6912",64,2,18,0,"Giséle Bündchen hat einen Zwillingsbruder.",1,1,4
"6913",64,2,18,0,"Die Tochter von Sydney Poitier heißt Sydney Poitier.",1,1,4
"6914",64,2,18,0,"Patagonien ist ein Landschaftsabschnitt in Asien.",0,1,4
"6915",64,2,18,0,"Der Bereich zwischen den Augenbrauen heißt Glabella.",1,1,5
"6916",64,2,18,0,"Der höchste nordamerikanische Berg liegt in Wyoming.",0,1,4
"6917",64,2,18,0,"Bei den italienischen Wahlen 2008 traten 62 Parteien an.",1,1,5
"6918",64,2,18,0,"Bolivien ist der kleinste Binnenstaat Südamerikas.",0,1,4
"6919",64,2,18,0,"Alle Uhren im Film 'Pulp Fiction' stehen auf 4.10 Uhr.",1,1,6
"6920",64,2,18,0,"Die Angst vor dem Küssen nennt man Philemaphobie.",0,1,4
"6921",64,2,18,0,"Das Jojo war ursprünglich eine philippinische Jagdwaffe.",0,0,3
"6922",64,2,18,0,"Seepferdchen gehören zur Gattung der Fische.",1,1,4
"6923",64,2,18,0,"Manama ist die Hauptstadt Bahrains.",0,1,4
"6924",64,2,18,0,"Die Nachfolger Mohammeds bezeichnet man als Kalifen.",0,1,5
"6925",64,2,18,0,"Volleyball wurde in Florida erfunden.",1,1,2
"6926",64,2,18,0,"Die Insel Ösel gehört zu Dänemark.",0,0,6
"6927",64,2,18,0,"Schlangen sind taub, da kein Außenohr vorhanden ist.",0,1,4
"6928",64,1,18,0,"Kokosnüsse haben einen höheren Fettanteil als Pistazien.",1,1,5
"6929",64,1,18,0,"Der Ladogasee ist der größte See Europas.",0,0,4
"6930",64,1,18,0,"Eine Bienenkönigin legt durchschnittlich 500 Eier am Tag.",0,1,6
"6931",64,1,18,0,"Ein Nilpferd wiegt bei seiner Geburt ca. 150kg.",1,0,3
"6932",64,1,18,0,"Der Allradantrieb wurde 1938 in England erfunden.",0,1,4
"6933",64,1,18,0,"Nauru ist die kleinste souveräne Republik der Erde.",1,0,3
"6934",64,1,18,0,"Bob Dylan arbeitet nebenberuflich als Winzer.",0,1,4
"6935",64,1,18,0,"Weibliche Taranteln töten circa 99% ihrer Nachkommen.",1,1,5
"6936",64,1,18,0,"Spanholz besteht hauptsächlich aus Birkenholz.",1,1,4
"6937",64,1,18,0,"Die Volksrepublik China wurde 1947 gegründet.",1,1,5
"6938",64,1,18,0,"Balsaholz ist die schwerste aller Holzarten.",1,1,6
"6939",64,1,18,0,"Kleinohrigel haben keine Stacheln.",1,1,3
"6940",64,1,18,0,"Der Schwertwal gehört zur Gattung der Delfine.",0,1,5
"6941",64,1,18,0,"In Uganda ist die Amtssprache englisch.",0,1,4
"6942",64,1,18,0,"Island ist geologisch das jüngste Inselland der Welt.",0,1,4
"6943",64,1,18,0,"Alexander Graham Bell erfand das Tragflügelboot.",0,0,5
"6944",64,1,18,0,"Einen kastrierten Esel nennt man auch Macker oder Knilch.",0,1,5
"6945",64,1,18,0,"Frauen bekommen häufiger einen Schluckauf als Männer.",1,1,6
"6946",64,1,18,0,"Jean-Jaques Rousseau war alleinerziehender Vater.",1,1,2
"6947",64,1,18,0,"Wladimir Putin wurde in Murmansk geboren.",1,1,4
"6948",65,2,21,1,"Austern wechseln je nach Jahreszeit ihr Geschlecht.",1,1,3
"6949",65,2,21,1,"Tequila wird aus dem Herzen der roten Agave gewonnen.",0,0,3
"6950",65,2,21,1,"Albany ist die Hauptstadt des US-Bundesstaates New Jersey.",0,0,2
"6951",65,2,21,1,"Die Angst vor dem Küssen nennt man Philemaphobie.",1,0,3
"6952",65,2,21,1,"Schären sind Talgletscher in Skandinavien.",0,1,3
"6953",65,2,21,1,"Die längsten Opern stammen von Gioacchino Rossini.",0,1,4
"6954",65,2,21,1,"Morpheus ist der griechische Gott der Träume.",1,1,5
"6955",65,2,21,1,"Einen kastrierten Esel nennt man auch Macker oder Knilch.",0,0,2
"6956",65,2,21,1,"Sheryl Crow war Hürdenläuferin.",0,0,2
"6957",65,2,21,1,"Der nicht sichtbare Teil des Eisbergs heißt Eisbergkiel.",1,0,3
"6958",65,2,21,1,"Für Descartes wies Schielen bei Frauen auf Frigidität hin.",0,0,4
"6959",65,2,21,1,"Unsere Atmosphäre enthält rund 0,00025 % Ozon.",1,1,3
"6960",65,2,21,1,"Bob Dylan arbeitet nebenberuflich als Winzer.",0,0,2
"6961",65,2,21,1,"Der Ladogasee ist der größte See Europas.",0,0,5
"6962",65,2,21,1,"Delphine schwimmen höchstens 54 Kilometer pro Stunde.",1,0,5
"6963",65,2,21,1,"French Fries' wurden in England erfunden.",1,0,2
"6964",65,2,21,1,"Magnesiummangel kann zu Hautproblemen führen.",0,0,3
"6965",65,2,21,1,"Island ist geologisch das jüngste Inselland der Welt.",0,1,4
"6966",65,2,21,1,"Die Azoren gehören zu Spanien.",1,0,2
"6967",65,2,21,1,"Bolivien ist der kleinste Binnenstaat Südamerikas.",1,1,3
"6968",65,2,21,1,"Die kanadische Sängerin Celine Dion hat acht Geschwister.",0,1,3
"6969",65,2,21,1,"Der Basenji ist der einzige Hund, der nicht bellt.",1,1,1
"6970",65,2,21,1,"Brad Pitt heißt eigentlich 'Henry Bradley Pitt'.",1,1,4
"6971",65,2,21,1,"Freddie Mercurys richtiger Name lautete Farrokh Bulsara.",1,0,2
"6972",65,2,21,1,"Der höchste nordamerikanische Berg liegt in Wyoming.",1,0,2
"6973",65,2,21,1,"Die Insel Ösel gehört zu Dänemark.",1,1,2
"6974",65,2,21,1,"Der Schwertwal gehört zur Gattung der Delfine.",0,1,6
"6975",65,2,21,1,"Der Mond passt vierzigmal in die Erdkugel.",1,0,2
"6976",65,2,21,1,"Seoul bedeutet auf koreanisch 'Die Hauptstadt'.",0,1,3
"6977",65,2,21,1,"Die Norfolkinseln im Pazifik gehören zu Neuseeland.",1,1,3
"6978",65,2,21,1,"Wenn Nilpferde sich aufregen, färbt sich ihr Schweiß grün.",1,0,2
"6979",65,2,21,1,"In Uganda ist die Amtssprache englisch.",0,1,3
"6980",65,2,21,1,"Die Küstenseeschwalbe fliegt jedes Jahr fast 40000 km.",0,1,4
"6981",65,2,21,1,"Der Allradantrieb wurde 1938 in England erfunden.",0,1,3
"6982",65,2,21,1,"Winston Churchill erhielt den Nobelpreis für Literatur.",0,0,3
"6983",65,2,21,1,"Schlangen sind taub, da kein Außenohr vorhanden ist.",1,1,4
"6984",65,2,21,1,"Alexander Graham Bell erfand das Tragflügelboot.",0,0,4
"6985",65,2,21,1,"Eine Bienenkönigin legt durchschnittlich 500 Eier am Tag.",0,1,4
"6986",65,2,21,1,"Erdbeeren enthalten mehr Vitamin C als Orangen.",0,0,4
"6987",65,2,21,1,"Das Jojo war ursprünglich eine philippinische Jagdwaffe.",1,1,3
"6988",65,1,21,1,"Ein Menschenfloh kann 20cm hoch springen.",0,1,5
"6989",65,1,21,1,"Die Luftpumpe ist eine französische Erfindung.",0,0,2
"6990",65,1,21,1,"Lachse können bis zu 20 Jahre alt werden.",1,1,6
"6991",65,1,21,1,"Kleinohrigel haben keine Stacheln.",1,1,6
"6992",65,1,21,1,"Der Reißverschluss wurde in Norwegen erfunden.",1,1,6
"6993",65,1,21,1,"Beim Rugby gibt es 30 Spieler.",1,1,6
"6994",65,1,21,1,"Die Erde wird in 340 Längenkreise unterteilt.",0,0,1
"6995",65,1,21,1,"Das türkische Bad wurde in Griechenland erfunden.",0,0,1
"6996",65,1,21,1,"Schweine können keinen Sonnenbrand bekommen.",0,1,2
"6997",65,1,21,1,"Volleyball wurde in Florida erfunden.",0,1,1
"6998",65,1,21,1,"Der Bereich zwischen den Augenbrauen heißt Glabella.",0,1,3
"6999",65,1,21,1,"Keime sterben auf Holz schneller ab als auf Plastik.",1,1,6
"7000",65,1,21,1,"Tom Cruise ist Legastheniker.",0,0,2
"7001",65,1,21,1,"Der mitteleuropäische Feldschwirl ist kein Zugvogel.",1,1,2
"7002",65,1,21,1,"Tennis wurde in englischen Klöstern erfunden.",1,0,4
"7003",65,1,21,1,"Die Tochter von Sydney Poitier heißt Sydney Poitier.",0,0,2
"7004",65,1,21,1,"Die Volksrepublik China wurde 1947 gegründet.",1,0,1
"7005",65,1,21,1,"Wladimir Putin wurde in Murmansk geboren.",1,0,4
"7006",65,1,21,1,"Minerva ist die römische Göttin der Weisheit.",0,1,3
"7007",65,1,21,1,"Goethe schrieb genau 64 Jahre lang an seinem 'Faust'.",1,1,5
"7008",65,1,21,1,"Ein Nilpferd wiegt bei seiner Geburt ca. 150kg.",1,1,5
"7009",65,1,21,1,"In USA wird kein Teletext ausgestrahlt.",1,1,6
"7010",65,1,21,1,"Zuckerwatte wurde von einem Flugzeugpiloten erfunden.",1,1,5
"7011",65,1,21,1,"Das meiste Gold wird derzeit in Südafrika gefördert.",0,0,5
"7012",65,1,21,1,"Blaue Augen werden im Alter immer heller.",1,1,5
"7013",65,1,21,1,"Ein menschliches Haar wächst jährlich ca. 85 mm.",1,0,5
"7014",65,1,21,1,"Sumatra ist die viertgrößte Insel der Welt.",0,1,3
"7015",65,1,21,1,"Die Wüste Dahna liegt in Saudi-Arabien.",1,0,2
"7016",65,1,21,1,"Das Domino-Spiel besteht aus 28 Steinen.",0,0,2
"7017",65,1,21,1,"Nauru ist die kleinste souveräne Republik der Erde.",1,1,3
"7018",65,1,21,1,"Der Wassergehalt bei Beeren beträgt 90%.",1,1,4
"7019",65,1,21,1,"Jean-Jaques Rousseau war alleinerziehender Vater.",1,1,6
"7020",65,1,21,1,"Der Nacktmull ist das schmerzempfindlichste Tier der Welt.",0,1,5
"7021",65,1,21,1,"Kokosnüsse haben einen höheren Fettanteil als Pistazien.",1,1,6
"7022",65,1,21,1,"Seepferdchen gehören zur Gattung der Fische.",0,0,3
"7023",65,1,21,1,"Balsaholz ist die schwerste aller Holzarten.",1,1,3
"7024",65,1,21,1,"Spanien ist ein Gründungsmitglied der UNO.",0,0,3
"7025",65,1,21,1,"Frauen blinzeln fast doppelt so viel wie Männer.",0,1,5
"7026",65,1,21,1,"Ein Biber kann in einem Jahr über 200 Bäume fällen.",0,1,5
"7027",65,1,21,1,"Ein neugeborenes Panda-Baby ist kleiner als eine Maus.",1,1,6
"7028",65,1,21,1,"Die Sektsteuer wurde von Friedrich Ebert eingeführt.",0,1,1
"7029",65,1,21,1,"In Angola ist Spanisch die offizielle Amtssprache.",1,1,1
"7030",65,1,21,1,"Die Insektenkunde wird auch Entomologie genannt.",0,1,1
"7031",65,1,21,1,"Nicole Kidman hat panische Angst vor Schmetterlingen.",0,1,1
"7032",65,1,21,1,"Die Wüste Gobi ist eine Felswüste.",0,0,2
"7033",65,1,21,1,"Bei den italienischen Wahlen 2008 traten 62 Parteien an.",0,1,3
"7034",65,1,21,1,"Weibliche Taranteln töten circa 99% ihrer Nachkommen.",1,0,2
"7035",65,1,21,1,"Der Javagraben ist die tiefste Meerestiefe der Welt.",0,1,3
"7036",65,1,21,1,"Ein Schwan trägt ca. 50.000 Federn am Körper.",0,0,3
"7037",65,1,21,1,"Hernando Cortéz eroberte Mexiko.",1,1,4
"7038",65,1,21,1,"Spanholz besteht hauptsächlich aus Birkenholz.",1,1,6
"7039",65,1,21,1,"Sambia hieß früher Nordrhodesien.",1,0,2
"7040",65,1,21,1,"Robbie Williams heißt mit Zweitnamen 'Maximilian'.",0,0,5
"7041",65,1,21,1,"Der Name 'Wowereit' heißt auf Litauisch Eichhörnchen.",1,1,5
"7042",65,1,21,1,"Die Ostgoten zählten zum Stamm der Normannen.",1,1,3
"7043",65,1,21,1,"Alle Uhren im Film 'Pulp Fiction' stehen auf 4.10 Uhr.",0,1,3
"7044",65,1,21,1,"Giséle Bündchen hat einen Zwillingsbruder.",0,0,1
"7045",65,1,21,1,"Der Film 'Pretty Woman' gewann keinen Oscar.",0,0,2
"7046",65,2,21,1,"Manama ist die Hauptstadt Bahrains.",1,1,1
"7047",65,2,21,1,"Die erste elektronische Mail wurde im Jahr 1973 versendet.",0,1,2
"7048",65,2,21,1,"Der Goliathfrosch kann sogar kleine Krokodile verspeisen.",0,1,3
"7049",65,2,21,1,"Das Finn-Dingi ist ein Einmannboot beim Sportsegeln.",0,1,2
"7050",65,2,21,1,"Nur Menschen und Affen besitzen einen Bauchnabel.",0,0,3
"7051",65,2,21,1,"Der griechische Gott Apollon ist der Schutzherr der Küste.",1,0,5
"7052",65,2,21,1,"Es gibt 56 verschiedene Arten eine Krawatte zu binden.",1,0,1
"7053",65,2,21,1,"Die Augen eines Straußes sind größer als sein Gehirn.",1,1,5
"7054",65,2,21,1,"Der Erfinder des Bikinis war ursprünglich Schuhdesigner.",0,1,1
"7055",65,2,21,1,"Auf indischen Rupienscheinen sind 12 verschiedene Schriften.",0,1,2
"7056",65,2,21,1,"Die Schwarzerle zählt zu den Buchengewächsen.",1,0,1
"7057",65,2,21,1,"Die Nachfolger Mohammeds bezeichnet man als Kalifen.",1,1,2
"7058",65,2,21,1,"Der Maler Marc Chagall wurde 1887 in Russland geboren.",1,0,1
"7059",65,2,21,1,"Patagonien ist ein Landschaftsabschnitt in Asien.",1,0,4
"7060",65,2,21,1,"Lybien ist das einzige Land mit einer einfarbigen Flagge.",1,0,2
"7061",65,2,21,1,"In den USA gibt es die meisten Milliardäre auf der Welt.",0,1,2
"7062",65,2,21,1,"Das Lieblingsgetränk von Benedikt XVI. ist Fanta.",1,0,5
"7063",65,1,21,1,"Frauen bekommen häufiger einen Schluckauf als Männer.",1,1,6
"7064",66,2,21,1,"In Uganda ist die Amtssprache englisch.",1,1,2
"7065",66,1,21,1,"Der Film 'Pretty Woman' gewann keinen Oscar.",0,1,5
"7066",66,1,21,1,"Seepferdchen gehören zur Gattung der Fische.",0,1,3
"7067",66,1,21,1,"Ein Schwan trägt ca. 50.000 Federn am Körper.",0,0,3
"7068",66,2,21,1,"Bob Dylan arbeitet nebenberuflich als Winzer.",1,0,2
"7069",66,1,21,1,"Lachse können bis zu 20 Jahre alt werden.",1,1,4
"7070",66,1,21,1,"Ein Biber kann in einem Jahr über 200 Bäume fällen.",0,1,3
"7071",66,1,21,1,"Die Volksrepublik China wurde 1947 gegründet.",1,0,3
"7072",66,1,21,1,"Die Insektenkunde wird auch Entomologie genannt.",0,1,5
"7073",66,1,21,1,"Nauru ist die kleinste souveräne Republik der Erde.",1,0,1
"7074",66,1,21,1,"Ein Menschenfloh kann 20cm hoch springen.",0,1,3
"7075",66,1,21,1,"Hernando Cortéz eroberte Mexiko.",1,0,3
"7076",66,1,21,1,"Der mitteleuropäische Feldschwirl ist kein Zugvogel.",1,1,3
"7077",66,1,21,1,"Beim Rugby gibt es 30 Spieler.",1,0,3
"7078",66,1,21,1,"Nicole Kidman hat panische Angst vor Schmetterlingen.",0,0,2
"7079",66,1,21,1,"Zuckerwatte wurde von einem Flugzeugpiloten erfunden.",1,1,4
"7080",66,1,21,1,"Die Luftpumpe ist eine französische Erfindung.",0,0,2
"7081",66,1,21,1,"Die Erde wird in 340 Längenkreise unterteilt.",0,0,2
"7082",66,1,21,1,"Der Bereich zwischen den Augenbrauen heißt Glabella.",0,0,2
"7083",66,1,21,1,"Goethe schrieb genau 64 Jahre lang an seinem 'Faust'.",1,0,4
"7084",66,1,21,1,"Kleinohrigel haben keine Stacheln.",1,1,4
"7085",66,1,21,1,"Ein neugeborenes Panda-Baby ist kleiner als eine Maus.",1,1,4
"7086",66,1,21,1,"Balsaholz ist die schwerste aller Holzarten.",1,1,4
"7087",66,1,21,1,"Wladimir Putin wurde in Murmansk geboren.",1,1,4
"7088",66,1,21,1,"Das meiste Gold wird derzeit in Südafrika gefördert.",0,0,3
"7089",66,1,21,1,"Blaue Augen werden im Alter immer heller.",1,1,6
"7090",66,1,21,1,"Die Ostgoten zählten zum Stamm der Normannen.",1,0,4
"7091",66,1,21,1,"Jean-Jaques Rousseau war alleinerziehender Vater.",1,0,2
"7092",66,1,21,1,"Frauen blinzeln fast doppelt so viel wie Männer.",0,0,4
"7093",66,1,21,1,"Giséle Bündchen hat einen Zwillingsbruder.",0,0,4
"7094",66,1,21,1,"Volleyball wurde in Florida erfunden.",0,0,3
"7095",66,1,21,1,"Spanholz besteht hauptsächlich aus Birkenholz.",1,0,2
"7096",66,1,21,1,"Die Wüste Gobi ist eine Felswüste.",0,0,2
"7097",66,1,21,1,"Bei den italienischen Wahlen 2008 traten 62 Parteien an.",0,0,3
"7098",66,1,21,1,"Kokosnüsse haben einen höheren Fettanteil als Pistazien.",1,1,3
"7099",66,1,21,1,"Weibliche Taranteln töten circa 99% ihrer Nachkommen.",1,0,5
"7100",66,1,21,1,"Minerva ist die römische Göttin der Weisheit.",0,1,3
"7101",66,1,21,1,"Sumatra ist die viertgrößte Insel der Welt.",0,0,2
"7102",66,1,21,1,"Das Domino-Spiel besteht aus 28 Steinen.",0,1,4
"7103",66,1,21,1,"Frauen bekommen häufiger einen Schluckauf als Männer.",1,0,4
"7104",66,1,21,1,"Der Wassergehalt bei Beeren beträgt 90%.",1,1,5
"7105",66,1,21,1,"Die Wüste Dahna liegt in Saudi-Arabien.",1,1,3
"7106",66,1,21,1,"Der Name 'Wowereit' heißt auf Litauisch Eichhörnchen.",1,1,5
"7107",66,1,21,1,"Sambia hieß früher Nordrhodesien.",1,0,2
"7108",66,1,21,1,"Alle Uhren im Film 'Pulp Fiction' stehen auf 4.10 Uhr.",0,1,3
"7109",66,2,21,1,"Der griechische Gott Apollon ist der Schutzherr der Küste.",0,0,4
"7110",66,2,21,1,"Nur Menschen und Affen besitzen einen Bauchnabel.",1,0,4
"7111",66,2,21,1,"Delphine schwimmen höchstens 54 Kilometer pro Stunde.",0,1,3
"7112",66,2,21,1,"Winston Churchill erhielt den Nobelpreis für Literatur.",1,0,2
"7113",66,2,21,1,"Patagonien ist ein Landschaftsabschnitt in Asien.",0,0,2
"7114",66,2,21,1,"Der Goliathfrosch kann sogar kleine Krokodile verspeisen.",1,0,2
"7115",66,2,21,1,"Der höchste nordamerikanische Berg liegt in Wyoming.",0,0,4
"7116",66,2,21,1,"Magnesiummangel kann zu Hautproblemen führen.",1,1,3
"7117",66,2,21,1,"Schlangen sind taub, da kein Außenohr vorhanden ist.",0,0,3
"7118",66,2,21,1,"Die kanadische Sängerin Celine Dion hat acht Geschwister.",1,0,2
"7119",66,2,21,1,"Die Slowakei gehört nicht zu den NATO-Staaten.",0,1,3
"7120",66,2,21,1,"Alexander Graham Bell erfand das Tragflügelboot.",1,0,3
"7121",66,2,21,1,"Unsere Atmosphäre enthält rund 0,00025 % Ozon.",0,0,3
"7122",66,2,21,1,"Island ist geologisch das jüngste Inselland der Welt.",1,1,3
"7123",66,2,21,1,"Brad Pitt heißt eigentlich 'Henry Bradley Pitt'.",0,1,3
"7124",66,2,21,1,"Sheryl Crow war Hürdenläuferin.",1,0,3
"7125",66,2,21,1,"Das Finn-Dingi ist ein Einmannboot beim Sportsegeln.",1,1,3
"7126",66,2,21,1,"Der Allradantrieb wurde 1938 in England erfunden.",1,1,3
"7127",66,2,21,1,"Albany ist die Hauptstadt des US-Bundesstaates New Jersey.",1,1,3
"7128",66,2,21,1,"Auf indischen Rupienscheinen sind 12 verschiedene Schriften.",1,0,2
"7129",66,2,21,1,"Einen kastrierten Esel nennt man auch Macker oder Knilch.",1,1,4
"7130",66,2,21,1,"Das Zwerghörnchen ist das kleinste Säugetier Europas.",1,1,3
"7131",66,2,21,1,"Die Küstenseeschwalbe fliegt jedes Jahr fast 40000 km.",1,1,4
"7132",66,2,21,1,"Bolivien ist der kleinste Binnenstaat Südamerikas.",0,0,2
"7133",66,2,21,1,"Eine Bienenkönigin legt durchschnittlich 500 Eier am Tag.",1,0,2
"7134",66,2,21,1,"Die Augen eines Straußes sind größer als sein Gehirn.",0,1,3
"7135",66,2,21,1,"Die Nachfolger Mohammeds bezeichnet man als Kalifen.",0,0,3
"7136",66,2,21,1,"Der Speisesaal eines Klosters wird Refektorium genannt.",1,1,2
"7137",66,2,21,1,"Es gibt 56 verschiedene Arten eine Krawatte zu binden.",0,1,3
"7138",66,2,21,1,"Seoul bedeutet auf koreanisch 'Die Hauptstadt'.",1,1,3
"7139",66,2,21,1,"Der Mond passt vierzigmal in die Erdkugel.",0,1,2
"7140",66,2,21,1,"Lybien ist das einzige Land mit einer einfarbigen Flagge.",0,0,2
"7141",66,2,21,1,"Die längsten Opern stammen von Gioacchino Rossini.",1,1,3
"7142",66,2,21,1,"Der Basenji ist der einzige Hund, der nicht bellt.",0,0,2
"7143",66,2,21,1,"Morpheus ist der griechische Gott der Träume.",0,1,3
"7144",66,2,21,1,"Die Angst vor dem Küssen nennt man Philemaphobie.",0,1,2
"7145",66,2,21,1,"Das Jojo war ursprünglich eine philippinische Jagdwaffe.",0,1,3
"7146",66,2,21,1,"Freddie Mercurys richtiger Name lautete Farrokh Bulsara.",0,1,4
"7147",66,2,21,1,"Die erste elektronische Mail wurde im Jahr 1973 versendet.",1,1,3
"7148",66,2,21,1,"Der nicht sichtbare Teil des Eisbergs heißt Eisbergkiel.",0,0,3
"7149",66,2,21,1,"Der Erfinder des Bikinis war ursprünglich Schuhdesigner.",1,1,2
"7150",66,2,21,1,"Erdbeeren enthalten mehr Vitamin C als Orangen.",1,0,2
"7151",66,2,21,1,"Schären sind Talgletscher in Skandinavien.",1,1,3
"7152",66,2,21,1,"Wenn Nilpferde sich aufregen, färbt sich ihr Schweiß grün.",0,0,2
"7153",66,2,21,1,"Austern wechseln je nach Jahreszeit ihr Geschlecht.",0,1,2
"7154",66,2,21,1,"Das Lieblingsgetränk von Benedikt XVI. ist Fanta.",0,0,2
"7155",66,2,21,1,"In den USA gibt es die meisten Milliardäre auf der Welt.",1,1,3
"7156",66,2,21,1,"Der Ladogasee ist der größte See Europas.",1,0,2
"7157",66,2,21,1,"Tequila wird aus dem Herzen der roten Agave gewonnen.",1,1,3
"7158",66,2,21,1,"Der Maler Marc Chagall wurde 1887 in Russland geboren.",0,0,2
"7159",66,2,21,1,"Für Descartes wies Schielen bei Frauen auf Frigidität hin.",1,1,3
"7160",66,2,21,1,"Der Schwertwal gehört zur Gattung der Delfine.",1,1,3
"7161",66,2,21,1,"Manama ist die Hauptstadt Bahrains.",0,0,2
"7162",66,2,21,1,"Die Azoren gehören zu Spanien.",0,1,5
"7163",66,2,21,1,"Die Norfolkinseln im Pazifik gehören zu Neuseeland.",0,1,2
"7164",66,2,21,1,"Die Schwarzerle zählt zu den Buchengewächsen.",0,1,3
"7165",66,2,21,1,"French Fries' wurden in England erfunden.",0,0,2
"7166",66,2,21,1,"Die Insel Ösel gehört zu Dänemark.",0,0,2
"7167",66,1,21,1,"Die Tochter von Sydney Poitier heißt Sydney Poitier.",0,0,2
"7168",66,1,21,1,"Das türkische Bad wurde in Griechenland erfunden.",0,0,4
"7169",66,1,21,1,"Keime sterben auf Holz schneller ab als auf Plastik.",1,0,3
"7170",66,1,21,1,"Das Capybara ist das größte aller Beuteltiere.",0,0,2
"7171",66,1,21,1,"In Angola ist Spanisch die offizielle Amtssprache.",1,1,2
"7172",66,1,21,1,"Der Nacktmull ist das schmerzempfindlichste Tier der Welt.",0,0,2
"7173",66,1,21,1,"Spanien ist ein Gründungsmitglied der UNO.",0,0,2
"7174",66,1,21,1,"Die Sektsteuer wurde von Friedrich Ebert eingeführt.",0,0,2
"7175",66,1,21,1,"Tennis wurde in englischen Klöstern erfunden.",1,0,3
"7176",66,1,21,1,"Ein menschliches Haar wächst jährlich ca. 85 mm.",1,1,4
"7177",66,1,21,1,"Ein Nilpferd wiegt bei seiner Geburt ca. 150kg.",1,1,4
"7178",66,1,21,1,"Der Javagraben ist die tiefste Meerestiefe der Welt.",0,0,2
"7179",66,1,21,1,"Schweine können keinen Sonnenbrand bekommen.",0,0,3
"7180",66,1,21,1,"Robbie Williams heißt mit Zweitnamen 'Maximilian'.",0,0,2
"7181",66,1,21,1,"Tom Cruise ist Legastheniker.",0,0,4
"7182",66,1,21,1,"Der Reißverschluss wurde in Norwegen erfunden.",1,0,2
"7183",66,1,21,1,"In USA wird kein Teletext ausgestrahlt.",1,0,2
"7184",67,2,23,1,"Einen kastrierten Esel nennt man auch Macker oder Knilch.",1,0,3
"7185",67,2,23,1,"Island ist geologisch das jüngste Inselland der Welt.",1,0,1
"7186",67,2,23,1,"In Angola ist Spanisch die offizielle Amtssprache.",0,1,1
"7187",67,2,23,1,"Magnesiummangel kann zu Hautproblemen führen.",1,1,1
"7188",67,2,23,1,"Sheryl Crow war Hürdenläuferin.",1,0,1
"7189",67,2,23,1,"Der Allradantrieb wurde 1938 in England erfunden.",1,0,1
"7190",67,2,23,1,"Ein neugeborenes Panda-Baby ist kleiner als eine Maus.",0,0,2
"7191",67,2,23,1,"Sambia hieß früher Nordrhodesien.",0,0,1
"7192",67,2,23,1,"Bob Dylan arbeitet nebenberuflich als Winzer.",1,1,1
"7193",67,2,23,1,"Alexander Graham Bell erfand das Tragflügelboot.",1,0,1
"7194",67,2,23,1,"Hernando Cortéz eroberte Mexiko.",0,1,2
"7195",67,2,23,1,"Schären sind Talgletscher in Skandinavien.",1,1,1
"7196",67,2,23,1,"Winston Churchill erhielt den Nobelpreis für Literatur.",1,0,1
"7197",67,2,23,1,"Lachse können bis zu 20 Jahre alt werden.",0,1,2
"7198",67,2,23,1,"Nauru ist die kleinste souveräne Republik der Erde.",0,1,1
"7199",67,2,23,1,"Der Speisesaal eines Klosters wird Refektorium genannt.",1,0,1
"7200",67,2,23,1,"Eine Bienenkönigin legt durchschnittlich 500 Eier am Tag.",1,1,1
"7201",67,2,23,1,"Die längsten Opern stammen von Gioacchino Rossini.",1,0,1
"7202",67,2,23,1,"In den USA gibt es die meisten Milliardäre auf der Welt.",1,1,3
"7203",67,2,23,1,"Der Erfinder des Bikinis war ursprünglich Schuhdesigner.",1,1,1
"7204",67,2,23,1,"Die kanadische Sängerin Celine Dion hat acht Geschwister.",1,1,1
"7205",67,2,23,1,"Ein Nilpferd wiegt bei seiner Geburt ca. 150kg.",0,0,1
"7206",67,2,23,1,"Jean-Jaques Rousseau war alleinerziehender Vater.",0,0,1
"7207",67,2,23,1,"Keime sterben auf Holz schneller ab als auf Plastik.",0,1,2
"7208",67,2,23,1,"Die Wüste Dahna liegt in Saudi-Arabien.",0,1,1
"7209",67,2,23,1,"Albany ist die Hauptstadt des US-Bundesstaates New Jersey.",1,1,1
"7210",67,2,23,1,"Balsaholz ist die schwerste aller Holzarten.",0,0,1
"7211",67,2,23,1,"Beim Rugby gibt es 30 Spieler.",0,1,1
"7212",67,2,23,1,"Blaue Augen werden im Alter immer heller.",0,1,2
"7213",67,2,23,1,"In Uganda ist die Amtssprache englisch.",1,1,2
"7214",67,2,23,1,"Die Volksrepublik China wurde 1947 gegründet.",0,0,1
"7215",67,2,23,1,"Auf indischen Rupienscheinen sind 12 verschiedene Schriften.",1,1,2
"7216",67,2,23,1,"Wladimir Putin wurde in Murmansk geboren.",0,0,1
"7217",67,2,23,1,"Tequila wird aus dem Herzen der roten Agave gewonnen.",1,1,1
"7218",67,2,23,1,"Die erste elektronische Mail wurde im Jahr 1973 versendet.",1,1,2
"7219",67,2,23,1,"Seoul bedeutet auf koreanisch 'Die Hauptstadt'.",1,1,2
"7220",67,2,23,1,"Kokosnüsse haben einen höheren Fettanteil als Pistazien.",0,1,3
"7221",67,2,23,1,"Der Goliathfrosch kann sogar kleine Krokodile verspeisen.",1,1,1
"7222",67,2,23,1,"Der Wassergehalt bei Beeren beträgt 90%.",0,1,2
"7223",67,2,23,1,"Zuckerwatte wurde von einem Flugzeugpiloten erfunden.",0,1,1
"7224",67,2,23,1,"In USA wird kein Teletext ausgestrahlt.",0,1,2
"7225",67,2,23,1,"Frauen bekommen häufiger einen Schluckauf als Männer.",0,1,1
"7226",67,2,23,1,"Nur Menschen und Affen besitzen einen Bauchnabel.",1,0,2
"7227",67,1,23,1,"Der Film 'Pretty Woman' gewann keinen Oscar.",1,1,2
"7228",67,1,23,1,"Der griechische Gott Apollon ist der Schutzherr der Küste.",0,1,5
"7229",67,1,23,1,"Die Wüste Gobi ist eine Felswüste.",1,0,2
"7230",67,1,23,1,"Das Domino-Spiel besteht aus 28 Steinen.",1,1,1
"7231",67,1,23,1,"Der höchste nordamerikanische Berg liegt in Wyoming.",0,0,2
"7232",67,1,23,1,"Schlangen sind taub, da kein Außenohr vorhanden ist.",0,0,1
"7233",67,1,23,1,"Robbie Williams heißt mit Zweitnamen 'Maximilian'.",1,1,3
"7234",67,1,23,1,"Alle Uhren im Film 'Pulp Fiction' stehen auf 4.10 Uhr.",1,1,1
"7235",67,1,23,1,"Brad Pitt heißt eigentlich 'Henry Bradley Pitt'.",0,0,2
"7236",67,1,23,1,"Unsere Atmosphäre enthält rund 0,00025 % Ozon.",0,0,1
"7237",67,1,23,1,"Das Lieblingsgetränk von Benedikt XVI. ist Fanta.",0,0,1
"7238",67,1,23,1,"Die Schwarzerle zählt zu den Buchengewächsen.",0,0,1
"7239",67,1,23,1,"Frauen blinzeln fast doppelt so viel wie Männer.",1,1,1
"7240",67,1,23,1,"Die Augen eines Straußes sind größer als sein Gehirn.",0,1,6
"7241",67,1,23,1,"Der Nacktmull ist das schmerzempfindlichste Tier der Welt.",1,1,3
"7242",67,1,23,1,"Die Norfolkinseln im Pazifik gehören zu Neuseeland.",0,0,3
"7243",67,1,23,1,"Der Maler Marc Chagall wurde 1887 in Russland geboren.",0,1,1
"7244",67,1,23,1,"Die Sektsteuer wurde von Friedrich Ebert eingeführt.",1,1,2
"7245",67,1,23,1,"Bei den italienischen Wahlen 2008 traten 62 Parteien an.",1,1,1
"7246",67,1,23,1,"Tom Cruise ist Legastheniker.",1,1,1
"7247",67,1,23,1,"Ein Menschenfloh kann 20cm hoch springen.",1,0,1
"7248",67,1,23,1,"Freddie Mercurys richtiger Name lautete Farrokh Bulsara.",0,1,6
"7249",67,1,23,1,"Die Luftpumpe ist eine französische Erfindung.",1,1,1
"7250",67,1,23,1,"Giséle Bündchen hat einen Zwillingsbruder.",1,1,1
"7251",67,1,23,1,"Die Insel Ösel gehört zu Dänemark.",0,0,1
"7252",67,1,23,1,"Schweine können keinen Sonnenbrand bekommen.",1,1,1
"7253",67,1,23,1,"Der Bereich zwischen den Augenbrauen heißt Glabella.",1,0,1
"7254",67,1,23,1,"Seepferdchen gehören zur Gattung der Fische.",1,1,4
"7255",67,1,23,1,"Das Capybara ist das größte aller Beuteltiere.",1,1,1
"7256",67,1,23,1,"Der Mond passt vierzigmal in die Erdkugel.",0,1,3
"7257",67,1,23,1,"Bolivien ist der kleinste Binnenstaat Südamerikas.",0,1,6
"7258",67,1,23,1,"Austern wechseln je nach Jahreszeit ihr Geschlecht.",0,0,6
"7259",67,1,23,1,"Wenn Nilpferde sich aufregen, färbt sich ihr Schweiß grün.",0,0,1
"7260",67,1,23,1,"Die Angst vor dem Küssen nennt man Philemaphobie.",0,1,1
"7261",67,1,23,1,"Spanien ist ein Gründungsmitglied der UNO.",1,1,1
"7262",67,1,23,1,"Die Slowakei gehört nicht zu den NATO-Staaten.",0,1,1
"7263",67,1,23,1,"Manama ist die Hauptstadt Bahrains.",0,1,1
"7264",67,1,23,1,"Das meiste Gold wird derzeit in Südafrika gefördert.",1,0,3
"7265",67,1,23,1,"Die Tochter von Sydney Poitier heißt Sydney Poitier.",1,1,1
"7266",67,1,23,1,"Ein Biber kann in einem Jahr über 200 Bäume fällen.",1,1,1
"7267",67,1,23,1,"Das türkische Bad wurde in Griechenland erfunden.",1,1,1
"7268",67,1,23,1,"Das Jojo war ursprünglich eine philippinische Jagdwaffe.",0,0,1
"7269",67,1,23,1,"Morpheus ist der griechische Gott der Träume.",0,0,1
"7270",67,1,23,1,"Volleyball wurde in Florida erfunden.",1,0,1
"7271",67,1,23,1,"Delphine schwimmen höchstens 54 Kilometer pro Stunde.",0,0,1
"7272",67,1,23,1,"Der nicht sichtbare Teil des Eisbergs heißt Eisbergkiel.",0,1,1
"7273",67,1,23,1,"Der Javagraben ist die tiefste Meerestiefe der Welt.",1,1,1
"7274",67,1,23,1,"Die Erde wird in 340 Längenkreise unterteilt.",1,1,1
"7275",67,1,23,1,"French Fries' wurden in England erfunden.",0,0,1
"7276",67,1,23,1,"Sumatra ist die viertgrößte Insel der Welt.",1,1,1
"7277",67,1,23,1,"Minerva ist die römische Göttin der Weisheit.",1,1,6
"7278",67,1,23,1,"Ein Schwan trägt ca. 50.000 Federn am Körper.",1,1,1
"7279",67,1,23,1,"Der Basenji ist der einzige Hund, der nicht bellt.",0,0,1
"7280",67,1,23,1,"Die Azoren gehören zu Spanien.",0,1,6
"7281",67,1,23,1,"Die Insektenkunde wird auch Entomologie genannt.",1,0,6
"7282",67,1,23,1,"Es gibt 56 verschiedene Arten eine Krawatte zu binden.",0,0,1
"7283",67,1,23,1,"Patagonien ist ein Landschaftsabschnitt in Asien.",0,0,1
"7284",67,1,23,1,"Nicole Kidman hat panische Angst vor Schmetterlingen.",1,1,1
"7285",67,1,23,1,"Die Nachfolger Mohammeds bezeichnet man als Kalifen.",0,1,2
"7286",67,1,23,1,"Lybien ist das einzige Land mit einer einfarbigen Flagge.",0,0,1
"7287",67,2,23,1,"Das Zwerghörnchen ist das kleinste Säugetier Europas.",1,0,1
"7288",67,2,23,1,"Erdbeeren enthalten mehr Vitamin C als Orangen.",1,0,2
"7289",67,2,23,1,"Die Ostgoten zählten zum Stamm der Normannen.",0,1,1
"7290",67,2,23,1,"Kleinohrigel haben keine Stacheln.",0,0,1
"7291",67,2,23,1,"Ein menschliches Haar wächst jährlich ca. 85 mm.",0,0,2
"7292",67,2,23,1,"Für Descartes wies Schielen bei Frauen auf Frigidität hin.",1,0,1
"7293",67,2,23,1,"Der Reißverschluss wurde in Norwegen erfunden.",0,1,1
"7294",67,2,23,1,"Die Küstenseeschwalbe fliegt jedes Jahr fast 40000 km.",1,1,1
"7295",67,2,23,1,"Weibliche Taranteln töten circa 99% ihrer Nachkommen.",0,1,1
"7296",67,2,23,1,"Der Ladogasee ist der größte See Europas.",1,0,1
"7297",67,2,23,1,"Der mitteleuropäische Feldschwirl ist kein Zugvogel.",0,1,1
"7298",67,2,23,1,"Spanholz besteht hauptsächlich aus Birkenholz.",0,0,1
"7299",67,2,23,1,"Der Name 'Wowereit' heißt auf Litauisch Eichhörnchen.",0,1,1
"7300",67,2,23,1,"Das Finn-Dingi ist ein Einmannboot beim Sportsegeln.",1,0,1
"7301",67,2,23,1,"Tennis wurde in englischen Klöstern erfunden.",0,0,1
"7302",67,2,23,1,"Der Schwertwal gehört zur Gattung der Delfine.",1,0,1
"7303",67,2,23,1,"Goethe schrieb genau 64 Jahre lang an seinem 'Faust'.",0,0,1
"7304",68,1,22,1,"Minerva ist die römische Göttin der Weisheit.",1,1,3
"7305",68,1,22,1,"Wenn Nilpferde sich aufregen, färbt sich ihr Schweiß grün.",0,0,4
"7306",68,1,22,1,"Die Azoren gehören zu Spanien.",0,1,2
"7307",68,1,22,1,"Die Wüste Gobi ist eine Felswüste.",1,1,4
"7308",68,1,22,1,"Die Norfolkinseln im Pazifik gehören zu Neuseeland.",0,0,1
"7309",68,1,22,1,"Nicole Kidman hat panische Angst vor Schmetterlingen.",1,1,2
"7310",68,1,22,1,"Schweine können keinen Sonnenbrand bekommen.",1,1,5
"7311",68,1,22,1,"Austern wechseln je nach Jahreszeit ihr Geschlecht.",0,1,3
"7312",68,1,22,1,"Die Angst vor dem Küssen nennt man Philemaphobie.",0,1,2
"7313",68,1,22,1,"Ein Menschenfloh kann 20cm hoch springen.",1,1,2
"7314",68,1,22,1,"Das meiste Gold wird derzeit in Südafrika gefördert.",1,1,2
"7315",68,1,22,1,"Die Tochter von Sydney Poitier heißt Sydney Poitier.",1,1,1
"7316",68,1,22,1,"Die Insektenkunde wird auch Entomologie genannt.",1,1,1
"7317",68,1,22,1,"Das Lieblingsgetränk von Benedikt XVI. ist Fanta.",0,0,5
"7318",68,1,22,1,"Schlangen sind taub, da kein Außenohr vorhanden ist.",0,0,5
"7319",68,1,22,1,"Robbie Williams heißt mit Zweitnamen 'Maximilian'.",1,0,1
"7320",68,1,22,1,"Es gibt 56 verschiedene Arten eine Krawatte zu binden.",0,1,3
"7321",68,1,22,1,"Sumatra ist die viertgrößte Insel der Welt.",1,0,4
"7322",68,1,22,1,"Das Domino-Spiel besteht aus 28 Steinen.",1,1,2
"7323",68,1,22,1,"Spanien ist ein Gründungsmitglied der UNO.",1,1,4
"7324",68,1,22,1,"Der Javagraben ist die tiefste Meerestiefe der Welt.",1,0,5
"7325",68,1,22,1,"Die Augen eines Straußes sind größer als sein Gehirn.",0,1,3
"7326",68,1,22,1,"Das Capybara ist das größte aller Beuteltiere.",1,1,4
"7327",68,1,22,1,"Giséle Bündchen hat einen Zwillingsbruder.",1,1,1
"7328",68,1,22,1,"Alle Uhren im Film 'Pulp Fiction' stehen auf 4.10 Uhr.",1,1,1
"7329",68,1,22,1,"Die Nachfolger Mohammeds bezeichnet man als Kalifen.",0,1,1
"7330",68,1,22,1,"French Fries' wurden in England erfunden.",0,1,3
"7331",68,1,22,1,"Manama ist die Hauptstadt Bahrains.",0,1,1
"7332",68,1,22,1,"Seepferdchen gehören zur Gattung der Fische.",1,1,1
"7333",68,1,22,1,"Unsere Atmosphäre enthält rund 0,00025 % Ozon.",0,1,1
"7334",68,1,22,1,"Lybien ist das einzige Land mit einer einfarbigen Flagge.",0,0,5
"7335",68,1,22,1,"Der nicht sichtbare Teil des Eisbergs heißt Eisbergkiel.",0,1,3
"7336",68,1,22,1,"Der Mond passt vierzigmal in die Erdkugel.",0,0,2
"7337",68,1,22,1,"Brad Pitt heißt eigentlich 'Henry Bradley Pitt'.",0,1,2
"7338",68,1,22,1,"Die Sektsteuer wurde von Friedrich Ebert eingeführt.",1,1,2
"7339",68,1,22,1,"Die Schwarzerle zählt zu den Buchengewächsen.",0,0,1
"7340",68,1,22,1,"Der Maler Marc Chagall wurde 1887 in Russland geboren.",0,0,1
"7341",68,1,22,1,"Freddie Mercurys richtiger Name lautete Farrokh Bulsara.",0,0,1
"7342",68,1,22,1,"Delphine schwimmen höchstens 54 Kilometer pro Stunde.",0,1,3
"7343",68,1,22,1,"Das türkische Bad wurde in Griechenland erfunden.",1,0,3
"7344",68,1,22,1,"Der Nacktmull ist das schmerzempfindlichste Tier der Welt.",1,1,4
"7345",68,1,22,1,"Die Slowakei gehört nicht zu den NATO-Staaten.",0,0,2
"7346",68,1,22,1,"Die Erde wird in 340 Längenkreise unterteilt.",1,1,2
"7347",68,1,22,1,"Das Jojo war ursprünglich eine philippinische Jagdwaffe.",0,1,3
"7348",68,1,22,1,"Die Insel Ösel gehört zu Dänemark.",0,1,1
"7349",68,1,22,1,"Bolivien ist der kleinste Binnenstaat Südamerikas.",0,1,2
"7350",68,1,22,1,"Volleyball wurde in Florida erfunden.",1,0,1
"7351",68,2,22,1,"Einen kastrierten Esel nennt man auch Macker oder Knilch.",0,1,3
"7352",68,2,22,1,"Seoul bedeutet auf koreanisch 'Die Hauptstadt'.",0,0,6
"7353",68,2,22,1,"Winston Churchill erhielt den Nobelpreis für Literatur.",0,0,2
"7354",68,2,22,1,"Erdbeeren enthalten mehr Vitamin C als Orangen.",0,0,2
"7355",68,2,22,1,"Ein menschliches Haar wächst jährlich ca. 85 mm.",1,1,2
"7356",68,2,22,1,"In den USA gibt es die meisten Milliardäre auf der Welt.",0,1,5
"7357",68,2,22,1,"Wladimir Putin wurde in Murmansk geboren.",1,1,1
"7358",68,2,22,1,"Balsaholz ist die schwerste aller Holzarten.",1,1,1
"7359",68,2,22,1,"Kokosnüsse haben einen höheren Fettanteil als Pistazien.",1,1,6
"7360",68,2,22,1,"Alexander Graham Bell erfand das Tragflügelboot.",0,0,3
"7361",68,2,22,1,"Sambia hieß früher Nordrhodesien.",1,1,1
"7362",68,2,22,1,"Zuckerwatte wurde von einem Flugzeugpiloten erfunden.",1,0,2
"7363",68,2,22,1,"Schären sind Talgletscher in Skandinavien.",0,1,2
"7364",68,2,22,1,"Auf indischen Rupienscheinen sind 12 verschiedene Schriften.",0,1,1
"7365",68,2,22,1,"Nauru ist die kleinste souveräne Republik der Erde.",1,1,1
"7366",68,2,22,1,"Der Wassergehalt bei Beeren beträgt 90%.",1,0,3
"7367",68,2,22,1,"Der Erfinder des Bikinis war ursprünglich Schuhdesigner.",0,1,1
"7368",68,2,22,1,"Die erste elektronische Mail wurde im Jahr 1973 versendet.",0,1,2
"7369",68,2,22,1,"Die Wüste Dahna liegt in Saudi-Arabien.",1,1,1
"7370",68,2,22,1,"Magnesiummangel kann zu Hautproblemen führen.",0,1,5
"7371",68,2,22,1,"Eine Bienenkönigin legt durchschnittlich 500 Eier am Tag.",0,1,3
"7372",68,2,22,1,"Tennis wurde in englischen Klöstern erfunden.",1,1,2
"7373",68,2,22,1,"Island ist geologisch das jüngste Inselland der Welt.",0,0,1
"7374",68,2,22,1,"Der Ladogasee ist der größte See Europas.",0,0,3
"7375",68,2,22,1,"Die längsten Opern stammen von Gioacchino Rossini.",0,1,1
"7376",68,2,22,1,"Nur Menschen und Affen besitzen einen Bauchnabel.",0,0,2
"7377",68,2,22,1,"In Angola ist Spanisch die offizielle Amtssprache.",1,1,2
"7378",68,2,22,1,"Tequila wird aus dem Herzen der roten Agave gewonnen.",0,1,1
"7379",68,2,22,1,"Für Descartes wies Schielen bei Frauen auf Frigidität hin.",0,1,2
"7380",68,2,22,1,"Der Schwertwal gehört zur Gattung der Delfine.",0,1,4
"7381",68,2,22,1,"In Uganda ist die Amtssprache englisch.",0,1,2
"7382",68,2,22,1,"Die Küstenseeschwalbe fliegt jedes Jahr fast 40000 km.",0,1,2
"7383",68,2,22,1,"Der Speisesaal eines Klosters wird Refektorium genannt.",0,0,1
"7384",68,2,22,1,"Kleinohrigel haben keine Stacheln.",1,0,2
"7385",68,2,22,1,"Lachse können bis zu 20 Jahre alt werden.",1,1,2
"7386",68,2,22,1,"Bob Dylan arbeitet nebenberuflich als Winzer.",0,0,1
"7387",68,2,22,1,"Die kanadische Sängerin Celine Dion hat acht Geschwister.",0,1,1
"7388",68,2,22,1,"Keime sterben auf Holz schneller ab als auf Plastik.",1,0,3
"7389",68,2,22,1,"Blaue Augen werden im Alter immer heller.",1,0,4
"7390",68,2,22,1,"Hernando Cortéz eroberte Mexiko.",1,1,1
"7391",68,2,22,1,"Das Zwerghörnchen ist das kleinste Säugetier Europas.",0,1,1
"7392",68,2,22,1,"Der Reißverschluss wurde in Norwegen erfunden.",1,1,1
"7393",68,2,22,1,"Goethe schrieb genau 64 Jahre lang an seinem 'Faust'.",1,0,1
"7394",68,2,22,1,"Der Name 'Wowereit' heißt auf Litauisch Eichhörnchen.",1,0,2
"7395",68,2,22,1,"Spanholz besteht hauptsächlich aus Birkenholz.",1,0,4
"7396",68,2,22,1,"Beim Rugby gibt es 30 Spieler.",1,1,1
"7397",68,2,22,1,"Albany ist die Hauptstadt des US-Bundesstaates New Jersey.",0,1,2
"7398",68,2,22,1,"In USA wird kein Teletext ausgestrahlt.",1,0,1
"7399",68,2,22,1,"Die Ostgoten zählten zum Stamm der Normannen.",1,0,1
"7400",68,2,22,1,"Frauen bekommen häufiger einen Schluckauf als Männer.",1,1,2
"7401",68,2,22,1,"Die Volksrepublik China wurde 1947 gegründet.",1,0,3
"7402",68,2,22,1,"Sheryl Crow war Hürdenläuferin.",0,1,1
"7403",68,2,22,1,"Der Goliathfrosch kann sogar kleine Krokodile verspeisen.",0,0,2
"7404",68,2,22,1,"Der mitteleuropäische Feldschwirl ist kein Zugvogel.",1,1,1
"7405",68,2,22,1,"Weibliche Taranteln töten circa 99% ihrer Nachkommen.",1,1,1
"7406",68,2,22,1,"Ein Nilpferd wiegt bei seiner Geburt ca. 150kg.",1,0,3
"7407",68,2,22,1,"Jean-Jaques Rousseau war alleinerziehender Vater.",1,0,2
"7408",68,2,22,1,"Ein neugeborenes Panda-Baby ist kleiner als eine Maus.",1,0,2
"7409",68,2,22,1,"Der Allradantrieb wurde 1938 in England erfunden.",0,1,3
"7410",68,1,22,1,"Frauen blinzeln fast doppelt so viel wie Männer.",1,0,2
"7411",68,1,22,1,"Der Film 'Pretty Woman' gewann keinen Oscar.",1,0,1
"7412",68,1,22,1,"Morpheus ist der griechische Gott der Träume.",0,1,3
"7413",68,1,22,1,"Der griechische Gott Apollon ist der Schutzherr der Küste.",0,0,2
"7414",68,1,22,1,"Ein Biber kann in einem Jahr über 200 Bäume fällen.",1,1,2
"7415",68,1,22,1,"Die Luftpumpe ist eine französische Erfindung.",1,1,1
"7416",68,1,22,1,"Ein Schwan trägt ca. 50.000 Federn am Körper.",1,1,1
"7417",68,1,22,1,"Der Basenji ist der einzige Hund, der nicht bellt.",0,0,2
"7418",68,1,22,1,"Der höchste nordamerikanische Berg liegt in Wyoming.",0,1,1
"7419",68,1,22,1,"Der Bereich zwischen den Augenbrauen heißt Glabella.",1,1,6
"7420",68,1,22,1,"Tom Cruise ist Legastheniker.",1,1,2
"7421",68,1,22,1,"Bei den italienischen Wahlen 2008 traten 62 Parteien an.",1,0,3
"7422",68,1,22,1,"Patagonien ist ein Landschaftsabschnitt in Asien.",0,0,2
"7423",69,2,20,1,"Die Azoren gehören zu Spanien.",1,1,3
"7424",69,2,20,1,"Die Augen eines Straußes sind größer als sein Gehirn.",1,0,1
"7425",69,2,20,1,"Wenn Nilpferde sich aufregen, färbt sich ihr Schweiß grün.",1,0,1
"7426",69,2,20,1,"Unsere Atmosphäre enthält rund 0,00025 % Ozon.",1,0,2
"7427",69,2,20,1,"Es gibt 56 verschiedene Arten eine Krawatte zu binden.",1,1,1
"7428",69,2,20,1,"Die Angst vor dem Küssen nennt man Philemaphobie.",1,1,1
"7429",69,2,20,1,"Bolivien ist der kleinste Binnenstaat Südamerikas.",1,0,1
"7430",69,2,20,1,"Wladimir Putin wurde in Murmansk geboren.",0,0,1
"7431",69,2,20,1,"Der nicht sichtbare Teil des Eisbergs heißt Eisbergkiel.",1,1,3
"7432",69,2,20,1,"Goethe schrieb genau 64 Jahre lang an seinem 'Faust'.",0,0,2
"7433",69,2,20,1,"Nauru ist die kleinste souveräne Republik der Erde.",0,1,1
"7434",69,2,20,1,"Der Maler Marc Chagall wurde 1887 in Russland geboren.",1,0,1
"7435",69,2,20,1,"Die Ostgoten zählten zum Stamm der Normannen.",0,1,1
"7436",69,2,20,1,"Weibliche Taranteln töten circa 99% ihrer Nachkommen.",0,1,1
"7437",69,2,20,1,"Brad Pitt heißt eigentlich 'Henry Bradley Pitt'.",1,1,1
"7438",69,2,20,1,"Tennis wurde in englischen Klöstern erfunden.",0,0,1
"7439",69,2,20,1,"Der höchste nordamerikanische Berg liegt in Wyoming.",1,1,1
"7440",69,2,20,1,"Die Nachfolger Mohammeds bezeichnet man als Kalifen.",1,0,1
"7441",69,2,20,1,"Der mitteleuropäische Feldschwirl ist kein Zugvogel.",0,1,1
"7442",69,2,20,1,"Der Mond passt vierzigmal in die Erdkugel.",1,1,1
"7443",69,2,20,1,"Sambia hieß früher Nordrhodesien.",0,0,1
"7444",69,2,20,1,"Der Wassergehalt bei Beeren beträgt 90%.",0,1,1
"7445",69,2,20,1,"Zuckerwatte wurde von einem Flugzeugpiloten erfunden.",0,0,1
"7446",69,2,20,1,"Der griechische Gott Apollon ist der Schutzherr der Küste.",1,1,1
"7447",69,2,20,1,"Freddie Mercurys richtiger Name lautete Farrokh Bulsara.",1,0,1
"7448",69,2,20,1,"Der Basenji ist der einzige Hund, der nicht bellt.",1,1,1
"7449",69,2,20,1,"Jean-Jaques Rousseau war alleinerziehender Vater.",0,1,1
"7450",69,2,20,1,"Das Lieblingsgetränk von Benedikt XVI. ist Fanta.",1,0,1
"7451",69,2,20,1,"Ein Nilpferd wiegt bei seiner Geburt ca. 150kg.",0,1,1
"7452",69,2,20,1,"Die Wüste Dahna liegt in Saudi-Arabien.",0,1,1
"7453",69,2,20,1,"Lybien ist das einzige Land mit einer einfarbigen Flagge.",1,0,1
"7454",69,2,20,1,"Die Insel Ösel gehört zu Dänemark.",1,1,1
"7455",69,2,20,1,"Keime sterben auf Holz schneller ab als auf Plastik.",0,1,1
"7456",69,2,20,1,"Morpheus ist der griechische Gott der Träume.",1,0,1
"7457",69,2,20,1,"Ein neugeborenes Panda-Baby ist kleiner als eine Maus.",0,1,2
"7458",69,2,20,1,"Kleinohrigel haben keine Stacheln.",0,1,1
"7459",69,2,20,1,"Der Reißverschluss wurde in Norwegen erfunden.",0,0,1
"7460",69,2,20,1,"Blaue Augen werden im Alter immer heller.",0,0,1
"7461",69,2,20,1,"Frauen bekommen häufiger einen Schluckauf als Männer.",0,1,1
"7462",69,2,20,1,"Manama ist die Hauptstadt Bahrains.",1,0,1
"7463",69,2,20,1,"Hernando Cortéz eroberte Mexiko.",0,1,1
"7464",69,2,20,1,"Spanholz besteht hauptsächlich aus Birkenholz.",0,1,1
"7465",69,2,20,1,"In USA wird kein Teletext ausgestrahlt.",0,0,1
"7466",69,2,20,1,"Austern wechseln je nach Jahreszeit ihr Geschlecht.",1,1,1
"7467",69,2,20,1,"Kokosnüsse haben einen höheren Fettanteil als Pistazien.",0,1,1
"7468",69,2,20,1,"Patagonien ist ein Landschaftsabschnitt in Asien.",1,1,1
"7469",69,2,20,1,"French Fries' wurden in England erfunden.",1,0,4
"7470",69,1,20,1,"Der Erfinder des Bikinis war ursprünglich Schuhdesigner.",0,1,2
"7471",69,1,20,1,"Albany ist die Hauptstadt des US-Bundesstaates New Jersey.",0,0,2
"7472",69,1,20,1,"Schweine können keinen Sonnenbrand bekommen.",1,1,3
"7473",69,1,20,1,"Der Ladogasee ist der größte See Europas.",0,0,2
"7474",69,1,20,1,"Giséle Bündchen hat einen Zwillingsbruder.",1,1,3
"7475",69,1,20,1,"Der Bereich zwischen den Augenbrauen heißt Glabella.",1,0,2
"7476",69,1,20,1,"Eine Bienenkönigin legt durchschnittlich 500 Eier am Tag.",0,1,3
"7477",69,1,20,1,"Tom Cruise ist Legastheniker.",1,1,5
"7478",69,1,20,1,"Die Erde wird in 340 Längenkreise unterteilt.",1,1,5
"7479",69,1,20,1,"Das meiste Gold wird derzeit in Südafrika gefördert.",1,1,3
"7480",69,1,20,1,"Das Domino-Spiel besteht aus 28 Steinen.",1,0,3
"7481",69,1,20,1,"Für Descartes wies Schielen bei Frauen auf Frigidität hin.",0,0,3
"7482",69,1,20,1,"Sumatra ist die viertgrößte Insel der Welt.",1,0,4
"7483",69,1,20,1,"Der Nacktmull ist das schmerzempfindlichste Tier der Welt.",1,0,5
"7484",69,1,20,1,"In Uganda ist die Amtssprache englisch.",0,1,5
"7485",69,1,20,1,"Der Film 'Pretty Woman' gewann keinen Oscar.",1,0,5
"7486",69,1,20,1,"Das türkische Bad wurde in Griechenland erfunden.",1,1,3
"7487",69,1,20,1,"Das Zwerghörnchen ist das kleinste Säugetier Europas.",0,1,2
"7488",69,1,20,1,"Schären sind Talgletscher in Skandinavien.",0,0,1
"7489",69,1,20,1,"Seoul bedeutet auf koreanisch 'Die Hauptstadt'.",0,1,4
"7490",69,1,20,1,"Tequila wird aus dem Herzen der roten Agave gewonnen.",0,1,2
"7491",69,1,20,1,"Ein Schwan trägt ca. 50.000 Federn am Körper.",1,1,3
"7492",69,1,20,1,"Die Küstenseeschwalbe fliegt jedes Jahr fast 40000 km.",0,1,2
"7493",69,1,20,1,"Minerva ist die römische Göttin der Weisheit.",1,1,2
"7494",69,1,20,1,"Die Sektsteuer wurde von Friedrich Ebert eingeführt.",1,0,3
"7495",69,1,20,1,"Nicole Kidman hat panische Angst vor Schmetterlingen.",1,0,1
"7496",69,1,20,1,"Die Wüste Gobi ist eine Felswüste.",1,1,5
"7497",69,1,20,1,"Der Speisesaal eines Klosters wird Refektorium genannt.",0,0,2
"7498",69,1,20,1,"Ein Menschenfloh kann 20cm hoch springen.",1,1,4
"7499",69,1,20,1,"Die Luftpumpe ist eine französische Erfindung.",1,1,2
"7500",69,1,20,1,"Die Insektenkunde wird auch Entomologie genannt.",1,1,3
"7501",69,1,20,1,"Bei den italienischen Wahlen 2008 traten 62 Parteien an.",1,1,2
"7502",69,1,20,1,"Ein Biber kann in einem Jahr über 200 Bäume fällen.",1,1,2
"7503",69,1,20,1,"Das Finn-Dingi ist ein Einmannboot beim Sportsegeln.",0,1,3
"7504",69,1,20,1,"Auf indischen Rupienscheinen sind 12 verschiedene Schriften.",0,0,1
"7505",69,1,20,1,"Nur Menschen und Affen besitzen einen Bauchnabel.",0,1,2
"7506",69,1,20,1,"Erdbeeren enthalten mehr Vitamin C als Orangen.",0,0,5
"7507",69,1,20,1,"Seepferdchen gehören zur Gattung der Fische.",1,1,4
"7508",69,1,20,1,"Der Allradantrieb wurde 1938 in England erfunden.",0,1,1
"7509",69,1,20,1,"Spanien ist ein Gründungsmitglied der UNO.",1,0,3
"7510",69,1,20,1,"Die erste elektronische Mail wurde im Jahr 1973 versendet.",0,1,3
"7511",69,1,20,1,"Bob Dylan arbeitet nebenberuflich als Winzer.",0,0,3
"7512",69,1,20,1,"Island ist geologisch das jüngste Inselland der Welt.",0,1,3
"7513",69,1,20,1,"Die Tochter von Sydney Poitier heißt Sydney Poitier.",1,1,5
"7514",69,1,20,1,"Die kanadische Sängerin Celine Dion hat acht Geschwister.",0,0,3
"7515",69,1,20,1,"Der Javagraben ist die tiefste Meerestiefe der Welt.",1,1,6
"7516",69,1,20,1,"Alexander Graham Bell erfand das Tragflügelboot.",0,1,2
"7517",69,1,20,1,"Robbie Williams heißt mit Zweitnamen 'Maximilian'.",1,1,5
"7518",69,1,20,1,"Alle Uhren im Film 'Pulp Fiction' stehen auf 4.10 Uhr.",1,1,4
"7519",69,1,20,1,"Sheryl Crow war Hürdenläuferin.",0,1,2
"7520",69,1,20,1,"Der Goliathfrosch kann sogar kleine Krokodile verspeisen.",0,0,1
"7521",69,1,20,1,"In den USA gibt es die meisten Milliardäre auf der Welt.",0,0,1
"7522",69,1,20,1,"Frauen blinzeln fast doppelt so viel wie Männer.",1,1,3
"7523",69,1,20,1,"Winston Churchill erhielt den Nobelpreis für Literatur.",0,1,2
"7524",69,1,20,1,"Einen kastrierten Esel nennt man auch Macker oder Knilch.",0,0,2
"7525",69,1,20,1,"Der Schwertwal gehört zur Gattung der Delfine.",0,1,3
"7526",69,1,20,1,"Die längsten Opern stammen von Gioacchino Rossini.",0,1,3
"7527",69,1,20,1,"Magnesiummangel kann zu Hautproblemen führen.",0,0,2
"7528",69,1,20,1,"Volleyball wurde in Florida erfunden.",1,1,3
"7529",69,2,20,1,"Die Norfolkinseln im Pazifik gehören zu Neuseeland.",1,1,1
"7530",69,2,20,1,"Beim Rugby gibt es 30 Spieler.",0,0,1
"7531",69,2,20,1,"Delphine schwimmen höchstens 54 Kilometer pro Stunde.",1,1,1
"7532",69,2,20,1,"Die Volksrepublik China wurde 1947 gegründet.",0,0,1
"7533",69,2,20,1,"In Angola ist Spanisch die offizielle Amtssprache.",0,1,1
"7534",69,2,20,1,"Balsaholz ist die schwerste aller Holzarten.",0,0,1
"7535",69,2,20,1,"Ein menschliches Haar wächst jährlich ca. 85 mm.",0,0,1
"7536",69,2,20,1,"Der Name 'Wowereit' heißt auf Litauisch Eichhörnchen.",0,0,1
"7537",69,2,20,1,"Schlangen sind taub, da kein Außenohr vorhanden ist.",1,1,3
"7538",69,2,20,1,"Das Jojo war ursprünglich eine philippinische Jagdwaffe.",1,1,1
"7539",69,2,20,1,"Die Schwarzerle zählt zu den Buchengewächsen.",1,0,1
"7540",69,2,20,1,"Die Slowakei gehört nicht zu den NATO-Staaten.",1,1,1
"7541",69,2,20,1,"Lachse können bis zu 20 Jahre alt werden.",0,0,1
"7542",69,1,20,1,"Das Capybara ist das größte aller Beuteltiere.",1,0,2
"7543",70,1,19,1,"Das meiste Gold wird derzeit in Südafrika gefördert.",1,1,4
"7544",70,1,19,1,"Ein Biber kann in einem Jahr über 200 Bäume fällen.",1,1,5
"7545",70,1,19,1,"Der Bereich zwischen den Augenbrauen heißt Glabella.",1,1,2
"7546",70,2,19,1,"Beim Rugby gibt es 30 Spieler.",1,0,1
"7547",70,1,19,1,"Der Nacktmull ist das schmerzempfindlichste Tier der Welt.",1,1,4
"7548",70,1,19,1,"Frauen blinzeln fast doppelt so viel wie Männer.",1,1,4
"7549",70,1,19,1,"Sumatra ist die viertgrößte Insel der Welt.",1,1,3
"7550",70,1,19,1,"Die Küstenseeschwalbe fliegt jedes Jahr fast 40000 km.",0,1,3
"7551",70,1,19,1,"Albany ist die Hauptstadt des US-Bundesstaates New Jersey.",0,0,1
"7552",70,1,19,1,"Der Allradantrieb wurde 1938 in England erfunden.",0,1,2
"7553",70,1,19,1,"Der Goliathfrosch kann sogar kleine Krokodile verspeisen.",0,0,2
"7554",70,1,19,1,"Der Speisesaal eines Klosters wird Refektorium genannt.",0,1,4
"7555",70,1,19,1,"Die kanadische Sängerin Celine Dion hat acht Geschwister.",0,0,2
"7556",70,1,19,1,"Das Capybara ist das größte aller Beuteltiere.",1,1,2
"7557",70,1,19,1,"Die erste elektronische Mail wurde im Jahr 1973 versendet.",0,1,3
"7558",70,1,19,1,"Schweine können keinen Sonnenbrand bekommen.",1,0,6
"7559",70,1,19,1,"Der Erfinder des Bikinis war ursprünglich Schuhdesigner.",0,1,2
"7560",70,1,19,1,"Seepferdchen gehören zur Gattung der Fische.",1,0,5
"7561",70,1,19,1,"Das Finn-Dingi ist ein Einmannboot beim Sportsegeln.",0,1,1
"7562",70,1,19,1,"Alle Uhren im Film 'Pulp Fiction' stehen auf 4.10 Uhr.",1,1,3
"7563",70,1,19,1,"Tequila wird aus dem Herzen der roten Agave gewonnen.",0,1,1
"7564",70,1,19,1,"In Uganda ist die Amtssprache englisch.",0,1,4
"7565",70,1,19,1,"Die Insektenkunde wird auch Entomologie genannt.",1,1,2
"7566",70,1,19,1,"In den USA gibt es die meisten Milliardäre auf der Welt.",0,0,1
"7567",70,1,19,1,"Auf indischen Rupienscheinen sind 12 verschiedene Schriften.",0,1,2
"7568",70,1,19,1,"Die Luftpumpe ist eine französische Erfindung.",1,1,3
"7569",70,1,19,1,"Die Wüste Gobi ist eine Felswüste.",1,0,3
"7570",70,1,19,1,"Schären sind Talgletscher in Skandinavien.",0,1,2
"7571",70,1,19,1,"Tom Cruise ist Legastheniker.",1,0,4
"7572",70,1,19,1,"Erdbeeren enthalten mehr Vitamin C als Orangen.",0,0,5
"7573",70,1,19,1,"Alexander Graham Bell erfand das Tragflügelboot.",0,0,1
"7574",70,1,19,1,"Das Zwerghörnchen ist das kleinste Säugetier Europas.",0,1,3
"7575",70,1,19,1,"Nur Menschen und Affen besitzen einen Bauchnabel.",0,0,6
"7576",70,1,19,1,"Giséle Bündchen hat einen Zwillingsbruder.",1,0,1
"7577",70,1,19,1,"Die Tochter von Sydney Poitier heißt Sydney Poitier.",1,0,1
"7578",70,1,19,1,"Eine Bienenkönigin legt durchschnittlich 500 Eier am Tag.",0,0,4
"7579",70,1,19,1,"Seoul bedeutet auf koreanisch 'Die Hauptstadt'.",0,1,5
"7580",70,1,19,1,"Die längsten Opern stammen von Gioacchino Rossini.",0,1,4
"7581",70,1,19,1,"Minerva ist die römische Göttin der Weisheit.",1,1,6
"7582",70,1,19,1,"Der Film 'Pretty Woman' gewann keinen Oscar.",1,1,2
"7583",70,1,19,1,"Die Sektsteuer wurde von Friedrich Ebert eingeführt.",1,0,2
"7584",70,1,19,1,"Der Javagraben ist die tiefste Meerestiefe der Welt.",1,0,6
"7585",70,1,19,1,"Die Erde wird in 340 Längenkreise unterteilt.",1,0,3
"7586",70,1,19,1,"Magnesiummangel kann zu Hautproblemen führen.",0,1,1
"7587",70,1,19,1,"Einen kastrierten Esel nennt man auch Macker oder Knilch.",0,0,2
"7588",70,1,19,1,"Ein Menschenfloh kann 20cm hoch springen.",1,1,5
"7589",70,1,19,1,"Island ist geologisch das jüngste Inselland der Welt.",0,1,3
"7590",70,1,19,1,"Das Domino-Spiel besteht aus 28 Steinen.",1,0,4
"7591",70,2,19,1,"Die Schwarzerle zählt zu den Buchengewächsen.",0,1,1
"7592",70,2,19,1,"Patagonien ist ein Landschaftsabschnitt in Asien.",0,0,2
"7593",70,2,19,1,"In Angola ist Spanisch die offizielle Amtssprache.",1,1,3
"7594",70,2,19,1,"Weibliche Taranteln töten circa 99% ihrer Nachkommen.",1,1,4
"7595",70,2,19,1,"Blaue Augen werden im Alter immer heller.",1,1,2
"7596",70,2,19,1,"Die Slowakei gehört nicht zu den NATO-Staaten.",0,0,4
"7597",70,2,19,1,"Ein Nilpferd wiegt bei seiner Geburt ca. 150kg.",1,1,3
"7598",70,2,19,1,"Bolivien ist der kleinste Binnenstaat Südamerikas.",0,0,3
"7599",70,2,19,1,"Austern wechseln je nach Jahreszeit ihr Geschlecht.",0,0,1
"7600",70,2,19,1,"Die Azoren gehören zu Spanien.",0,1,2
"7601",70,2,19,1,"Die Angst vor dem Küssen nennt man Philemaphobie.",0,1,1
"7602",70,2,19,1,"Brad Pitt heißt eigentlich 'Henry Bradley Pitt'.",0,0,2
"7603",70,2,19,1,"Das Lieblingsgetränk von Benedikt XVI. ist Fanta.",0,1,1
"7604",70,2,19,1,"Tennis wurde in englischen Klöstern erfunden.",1,1,1
"7605",70,2,19,1,"Der mitteleuropäische Feldschwirl ist kein Zugvogel.",1,0,1
"7606",70,2,19,1,"Spanholz besteht hauptsächlich aus Birkenholz.",1,0,1
"7607",70,2,19,1,"Kleinohrigel haben keine Stacheln.",1,1,2
"7608",70,2,19,1,"Unsere Atmosphäre enthält rund 0,00025 % Ozon.",0,1,4
"7609",70,2,19,1,"Die Augen eines Straußes sind größer als sein Gehirn.",0,0,2
"7610",70,2,19,1,"Es gibt 56 verschiedene Arten eine Krawatte zu binden.",0,1,4
"7611",70,2,19,1,"Delphine schwimmen höchstens 54 Kilometer pro Stunde.",0,0,5
"7612",70,2,19,1,"In USA wird kein Teletext ausgestrahlt.",1,1,4
"7613",70,2,19,1,"Die Insel Ösel gehört zu Dänemark.",0,1,3
"7614",70,2,19,1,"Schlangen sind taub, da kein Außenohr vorhanden ist.",0,1,4
"7615",70,2,19,1,"Die Ostgoten zählten zum Stamm der Normannen.",1,1,2
"7616",70,2,19,1,"Der nicht sichtbare Teil des Eisbergs heißt Eisbergkiel.",0,0,1
"7617",70,2,19,1,"Der Basenji ist der einzige Hund, der nicht bellt.",0,0,1
"7618",70,2,19,1,"Der Maler Marc Chagall wurde 1887 in Russland geboren.",0,0,1
"7619",70,2,19,1,"Hernando Cortéz eroberte Mexiko.",1,1,5
"7620",70,2,19,1,"Der griechische Gott Apollon ist der Schutzherr der Küste.",0,0,5
"7621",70,2,19,1,"Sambia hieß früher Nordrhodesien.",1,1,1
"7622",70,2,19,1,"Keime sterben auf Holz schneller ab als auf Plastik.",1,0,4
"7623",70,2,19,1,"Lybien ist das einzige Land mit einer einfarbigen Flagge.",0,1,2
"7624",70,2,19,1,"Der Name 'Wowereit' heißt auf Litauisch Eichhörnchen.",1,1,1
"7625",70,2,19,1,"Lachse können bis zu 20 Jahre alt werden.",1,0,2
"7626",70,2,19,1,"Balsaholz ist die schwerste aller Holzarten.",1,1,1
"7627",70,2,19,1,"Freddie Mercurys richtiger Name lautete Farrokh Bulsara.",0,1,1
"7628",70,2,19,1,"Der Mond passt vierzigmal in die Erdkugel.",0,1,3
"7629",70,2,19,1,"Der höchste nordamerikanische Berg liegt in Wyoming.",0,0,1
"7630",70,2,19,1,"Die Wüste Dahna liegt in Saudi-Arabien.",1,0,1
"7631",70,2,19,1,"Wenn Nilpferde sich aufregen, färbt sich ihr Schweiß grün.",0,0,2
"7632",70,2,19,1,"Jean-Jaques Rousseau war alleinerziehender Vater.",1,0,1
"7633",70,2,19,1,"Ein menschliches Haar wächst jährlich ca. 85 mm.",1,1,2
"7634",70,2,19,1,"Die Norfolkinseln im Pazifik gehören zu Neuseeland.",0,1,1
"7635",70,2,19,1,"Nauru ist die kleinste souveräne Republik der Erde.",1,0,2
"7636",70,2,19,1,"Der Reißverschluss wurde in Norwegen erfunden.",1,1,3
"7637",70,2,19,1,"Zuckerwatte wurde von einem Flugzeugpiloten erfunden.",1,1,1
"7638",70,2,19,1,"Ein neugeborenes Panda-Baby ist kleiner als eine Maus.",1,0,2
"7639",70,2,19,1,"Die Nachfolger Mohammeds bezeichnet man als Kalifen.",0,1,3
"7640",70,2,19,1,"Kokosnüsse haben einen höheren Fettanteil als Pistazien.",1,1,5
"7641",70,2,19,1,"Wladimir Putin wurde in Murmansk geboren.",1,1,1
"7642",70,2,19,1,"Die Volksrepublik China wurde 1947 gegründet.",1,0,1
"7643",70,2,19,1,"Goethe schrieb genau 64 Jahre lang an seinem 'Faust'.",1,1,5
"7644",70,2,19,1,"Manama ist die Hauptstadt Bahrains.",0,0,1
"7645",70,2,19,1,"Frauen bekommen häufiger einen Schluckauf als Männer.",1,1,1
"7646",70,2,19,1,"French Fries' wurden in England erfunden.",0,1,2
"7647",70,2,19,1,"Morpheus ist der griechische Gott der Träume.",0,1,5
"7648",70,2,19,1,"Das Jojo war ursprünglich eine philippinische Jagdwaffe.",0,1,3
"7649",70,2,19,1,"Der Wassergehalt bei Beeren beträgt 90%.",1,1,3
"7650",70,1,19,1,"Bob Dylan arbeitet nebenberuflich als Winzer.",0,0,1
"7651",70,1,19,1,"Sheryl Crow war Hürdenläuferin.",0,0,1
"7652",70,1,19,1,"Das türkische Bad wurde in Griechenland erfunden.",1,1,3
"7653",70,1,19,1,"Der Ladogasee ist der größte See Europas.",0,0,3
"7654",70,1,19,1,"Winston Churchill erhielt den Nobelpreis für Literatur.",0,0,3
"7655",70,1,19,1,"Robbie Williams heißt mit Zweitnamen 'Maximilian'.",1,1,2
"7656",70,1,19,1,"Spanien ist ein Gründungsmitglied der UNO.",1,1,1
"7657",70,1,19,1,"Nicole Kidman hat panische Angst vor Schmetterlingen.",1,0,2
"7658",70,1,19,1,"Volleyball wurde in Florida erfunden.",1,1,2
"7659",70,1,19,1,"Bei den italienischen Wahlen 2008 traten 62 Parteien an.",1,0,1
"7660",70,1,19,1,"Der Schwertwal gehört zur Gattung der Delfine.",0,1,4
"7661",70,1,19,1,"Für Descartes wies Schielen bei Frauen auf Frigidität hin.",0,0,1
"7662",70,1,19,1,"Ein Schwan trägt ca. 50.000 Federn am Körper.",1,1,3
"7663",71,2,20,1,"Für Descartes wies Schielen bei Frauen auf Frigidität hin.",0,1,1
"7664",71,2,20,1,"Das Zwerghörnchen ist das kleinste Säugetier Europas.",0,1,1
"7665",71,2,20,1,"Die kanadische Sängerin Celine Dion hat acht Geschwister.",0,1,2
"7666",71,2,20,1,"Die längsten Opern stammen von Gioacchino Rossini.",0,1,1
"7667",71,2,20,1,"French Fries' wurden in England erfunden.",1,1,1
"7668",71,2,20,1,"Der Allradantrieb wurde 1938 in England erfunden.",0,0,2
"7669",71,2,20,1,"Der Maler Marc Chagall wurde 1887 in Russland geboren.",1,1,1
"7670",71,2,20,1,"Bob Dylan arbeitet nebenberuflich als Winzer.",0,0,1
"7671",71,2,20,1,"Die Augen eines Straußes sind größer als sein Gehirn.",1,1,1
"7672",71,2,20,1,"Der Speisesaal eines Klosters wird Refektorium genannt.",0,1,1
"7673",71,2,20,1,"Sheryl Crow war Hürdenläuferin.",0,1,1
"7674",71,2,20,1,"Brad Pitt heißt eigentlich 'Henry Bradley Pitt'.",1,1,1
"7675",71,2,20,1,"Bolivien ist der kleinste Binnenstaat Südamerikas.",1,1,1
"7676",71,2,20,1,"Die Küstenseeschwalbe fliegt jedes Jahr fast 40000 km.",0,1,2
"7677",71,2,20,1,"Die Azoren gehören zu Spanien.",1,1,1
"7678",71,2,20,1,"Winston Churchill erhielt den Nobelpreis für Literatur.",0,1,3
"7679",71,2,20,1,"Der Goliathfrosch kann sogar kleine Krokodile verspeisen.",0,0,4
"7680",71,2,20,1,"Island ist geologisch das jüngste Inselland der Welt.",0,1,1
"7681",71,2,20,1,"Der griechische Gott Apollon ist der Schutzherr der Küste.",1,1,1
"7682",71,2,20,1,"In den USA gibt es die meisten Milliardäre auf der Welt.",0,1,4
"7683",71,2,20,1,"Wenn Nilpferde sich aufregen, färbt sich ihr Schweiß grün.",1,0,1
"7684",71,2,20,1,"Eine Bienenkönigin legt durchschnittlich 500 Eier am Tag.",0,1,1
"7685",71,2,20,1,"Es gibt 56 verschiedene Arten eine Krawatte zu binden.",1,0,1
"7686",71,2,20,1,"Delphine schwimmen höchstens 54 Kilometer pro Stunde.",1,0,1
"7687",71,2,20,1,"In Uganda ist die Amtssprache englisch.",0,0,1
"7688",71,2,20,1,"Die Slowakei gehört nicht zu den NATO-Staaten.",1,0,1
"7689",71,2,20,1,"Albany ist die Hauptstadt des US-Bundesstaates New Jersey.",0,1,1
"7690",71,2,20,1,"Tequila wird aus dem Herzen der roten Agave gewonnen.",0,0,1
"7691",71,2,20,1,"Nur Menschen und Affen besitzen einen Bauchnabel.",0,1,3
"7692",71,2,20,1,"Der Schwertwal gehört zur Gattung der Delfine.",0,1,3
"7693",71,2,20,1,"Der Basenji ist der einzige Hund, der nicht bellt.",1,1,1
"7694",71,2,20,1,"Das Lieblingsgetränk von Benedikt XVI. ist Fanta.",1,0,1
"7695",71,2,20,1,"Auf indischen Rupienscheinen sind 12 verschiedene Schriften.",0,1,1
"7696",71,2,20,1,"Einen kastrierten Esel nennt man auch Macker oder Knilch.",0,1,3
"7697",71,2,20,1,"Seoul bedeutet auf koreanisch 'Die Hauptstadt'.",0,1,4
"7698",71,2,20,1,"Die Nachfolger Mohammeds bezeichnet man als Kalifen.",1,1,3
"7699",71,2,20,1,"Magnesiummangel kann zu Hautproblemen führen.",0,0,1
"7700",71,2,20,1,"Der Ladogasee ist der größte See Europas.",0,0,1
"7701",71,2,20,1,"Schären sind Talgletscher in Skandinavien.",0,1,1
"7702",71,2,20,1,"Manama ist die Hauptstadt Bahrains.",1,1,1
"7703",71,2,20,1,"Patagonien ist ein Landschaftsabschnitt in Asien.",1,1,1
"7704",71,2,20,1,"Die Norfolkinseln im Pazifik gehören zu Neuseeland.",1,1,1
"7705",71,2,20,1,"Die Insel Ösel gehört zu Dänemark.",1,1,1
"7706",71,2,20,1,"Das Jojo war ursprünglich eine philippinische Jagdwaffe.",1,0,1
"7707",71,2,20,1,"Die Schwarzerle zählt zu den Buchengewächsen.",1,1,1
"7708",71,2,20,1,"Der höchste nordamerikanische Berg liegt in Wyoming.",1,1,1
"7709",71,2,20,1,"Der Erfinder des Bikinis war ursprünglich Schuhdesigner.",0,0,1
"7710",71,2,20,1,"Schlangen sind taub, da kein Außenohr vorhanden ist.",1,1,1
"7711",71,1,20,1,"Ein Biber kann in einem Jahr über 200 Bäume fällen.",1,1,3
"7712",71,1,20,1,"Der Javagraben ist die tiefste Meerestiefe der Welt.",1,1,1
"7713",71,1,20,1,"Nauru ist die kleinste souveräne Republik der Erde.",0,1,1
"7714",71,1,20,1,"Blaue Augen werden im Alter immer heller.",0,0,2
"7715",71,1,20,1,"Ein Menschenfloh kann 20cm hoch springen.",1,1,1
"7716",71,1,20,1,"Die Ostgoten zählten zum Stamm der Normannen.",0,0,2
"7717",71,1,20,1,"Nicole Kidman hat panische Angst vor Schmetterlingen.",1,1,1
"7718",71,1,20,1,"Der Nacktmull ist das schmerzempfindlichste Tier der Welt.",1,1,1
"7719",71,1,20,1,"Wladimir Putin wurde in Murmansk geboren.",0,1,1
"7720",71,1,20,1,"Weibliche Taranteln töten circa 99% ihrer Nachkommen.",0,1,5
"7721",71,1,20,1,"In Angola ist Spanisch die offizielle Amtssprache.",0,1,5
"7722",71,1,20,1,"Hernando Cortéz eroberte Mexiko.",0,1,2
"7723",71,1,20,1,"Die Wüste Dahna liegt in Saudi-Arabien.",0,1,1
"7724",71,1,20,1,"Tom Cruise ist Legastheniker.",1,1,1
"7725",71,1,20,1,"Tennis wurde in englischen Klöstern erfunden.",0,0,1
"7726",71,1,20,1,"Frauen blinzeln fast doppelt so viel wie Männer.",1,0,5
"7727",71,1,20,1,"Die Sektsteuer wurde von Friedrich Ebert eingeführt.",1,1,1
"7728",71,1,20,1,"Beim Rugby gibt es 30 Spieler.",0,1,1
"7729",71,1,20,1,"Die Luftpumpe ist eine französische Erfindung.",1,1,1
"7730",71,1,20,1,"Die Erde wird in 340 Längenkreise unterteilt.",1,1,6
"7731",71,1,20,1,"Der mitteleuropäische Feldschwirl ist kein Zugvogel.",0,1,1
"7732",71,1,20,1,"Die Tochter von Sydney Poitier heißt Sydney Poitier.",1,1,1
"7733",71,1,20,1,"Sumatra ist die viertgrößte Insel der Welt.",1,1,1
"7734",71,1,20,1,"Die Insektenkunde wird auch Entomologie genannt.",1,1,1
"7735",71,1,20,1,"Seepferdchen gehören zur Gattung der Fische.",1,0,1
"7736",71,1,20,1,"Der Bereich zwischen den Augenbrauen heißt Glabella.",1,1,1
"7737",71,1,20,1,"Ein Nilpferd wiegt bei seiner Geburt ca. 150kg.",0,0,1
"7738",71,1,20,1,"Robbie Williams heißt mit Zweitnamen 'Maximilian'.",1,1,1
"7739",71,1,20,1,"Das türkische Bad wurde in Griechenland erfunden.",1,0,1
"7740",71,1,20,1,"Lachse können bis zu 20 Jahre alt werden.",0,1,4
"7741",71,1,20,1,"Kleinohrigel haben keine Stacheln.",0,0,1
"7742",71,1,20,1,"Minerva ist die römische Göttin der Weisheit.",1,1,6
"7743",71,1,20,1,"Balsaholz ist die schwerste aller Holzarten.",0,1,1
"7744",71,1,20,1,"Sambia hieß früher Nordrhodesien.",0,0,1
"7745",71,1,20,1,"Der Name 'Wowereit' heißt auf Litauisch Eichhörnchen.",0,1,1
"7746",71,1,20,1,"Zuckerwatte wurde von einem Flugzeugpiloten erfunden.",0,0,1
"7747",71,1,20,1,"Das Domino-Spiel besteht aus 28 Steinen.",1,1,5
"7748",71,1,20,1,"Die Volksrepublik China wurde 1947 gegründet.",0,1,2
"7749",71,1,20,1,"Keime sterben auf Holz schneller ab als auf Plastik.",0,0,1
"7750",71,1,20,1,"In USA wird kein Teletext ausgestrahlt.",0,0,1
"7751",71,1,20,1,"Giséle Bündchen hat einen Zwillingsbruder.",1,0,1
"7752",71,1,20,1,"Kokosnüsse haben einen höheren Fettanteil als Pistazien.",0,1,4
"7753",71,1,20,1,"Ein Schwan trägt ca. 50.000 Federn am Körper.",1,1,1
"7754",71,1,20,1,"Das Capybara ist das größte aller Beuteltiere.",1,0,1
"7755",71,1,20,1,"Die Wüste Gobi ist eine Felswüste.",1,1,1
"7756",71,1,20,1,"Schweine können keinen Sonnenbrand bekommen.",1,1,4
"7757",71,1,20,1,"Das meiste Gold wird derzeit in Südafrika gefördert.",1,1,1
"7758",71,1,20,1,"Goethe schrieb genau 64 Jahre lang an seinem 'Faust'.",0,1,6
"7759",71,1,20,1,"Jean-Jaques Rousseau war alleinerziehender Vater.",0,0,1
"7760",71,1,20,1,"Volleyball wurde in Florida erfunden.",1,1,1
"7761",71,1,20,1,"Spanien ist ein Gründungsmitglied der UNO.",1,1,5
"7762",71,1,20,1,"Der Film 'Pretty Woman' gewann keinen Oscar.",1,0,1
"7763",71,1,20,1,"Bei den italienischen Wahlen 2008 traten 62 Parteien an.",1,0,1
"7764",71,1,20,1,"Ein menschliches Haar wächst jährlich ca. 85 mm.",0,1,5
"7765",71,1,20,1,"Frauen bekommen häufiger einen Schluckauf als Männer.",0,0,1
"7766",71,1,20,1,"Spanholz besteht hauptsächlich aus Birkenholz.",0,1,1
"7767",71,1,20,1,"Der Reißverschluss wurde in Norwegen erfunden.",0,1,1
"7768",71,1,20,1,"Ein neugeborenes Panda-Baby ist kleiner als eine Maus.",0,0,4
"7769",71,1,20,1,"Alle Uhren im Film 'Pulp Fiction' stehen auf 4.10 Uhr.",1,1,1
"7770",71,2,20,1,"Erdbeeren enthalten mehr Vitamin C als Orangen.",0,1,1
"7771",71,2,20,1,"Unsere Atmosphäre enthält rund 0,00025 % Ozon.",1,1,4
"7772",71,2,20,1,"Freddie Mercurys richtiger Name lautete Farrokh Bulsara.",1,1,1
"7773",71,2,20,1,"Morpheus ist der griechische Gott der Träume.",1,1,6
"7774",71,2,20,1,"Die Angst vor dem Küssen nennt man Philemaphobie.",1,1,1
"7775",71,2,20,1,"Das Finn-Dingi ist ein Einmannboot beim Sportsegeln.",0,1,1
"7776",71,2,20,1,"Die erste elektronische Mail wurde im Jahr 1973 versendet.",0,1,1
"7777",71,2,20,1,"Austern wechseln je nach Jahreszeit ihr Geschlecht.",1,0,1
"7778",71,1,20,1,"Der Wassergehalt bei Beeren beträgt 90%.",0,1,5
"7779",71,2,20,1,"Der Mond passt vierzigmal in die Erdkugel.",1,1,3
"7780",71,2,20,1,"Der nicht sichtbare Teil des Eisbergs heißt Eisbergkiel.",1,1,3
"7781",71,2,20,1,"Lybien ist das einzige Land mit einer einfarbigen Flagge.",1,0,1
"7782",71,2,20,1,"Alexander Graham Bell erfand das Tragflügelboot.",0,1,1
"7783",72,1,18,1,"Ein neugeborenes Panda-Baby ist kleiner als eine Maus.",0,1,4
"7784",72,1,18,1,"In USA wird kein Teletext ausgestrahlt.",0,1,3
"7785",72,1,18,1,"Alle Uhren im Film 'Pulp Fiction' stehen auf 4.10 Uhr.",1,0,1
"7786",72,1,18,1,"Beim Rugby gibt es 30 Spieler.",0,1,1
"7787",72,1,18,1,"Tennis wurde in englischen Klöstern erfunden.",0,0,1
"7788",72,1,18,1,"Tom Cruise ist Legastheniker.",1,1,1
"7789",72,1,18,1,"Volleyball wurde in Florida erfunden.",1,1,1
"7790",72,1,18,1,"Weibliche Taranteln töten circa 99% ihrer Nachkommen.",0,1,3
"7791",72,1,18,1,"Der Wassergehalt bei Beeren beträgt 90%.",0,1,2
"7792",72,1,18,1,"Der Nacktmull ist das schmerzempfindlichste Tier der Welt.",1,0,4
"7793",72,1,18,1,"Minerva ist die römische Göttin der Weisheit.",1,1,5
"7794",72,1,18,1,"Balsaholz ist die schwerste aller Holzarten.",0,1,1
"7795",72,1,18,1,"Giséle Bündchen hat einen Zwillingsbruder.",1,1,1
"7796",72,1,18,1,"Kokosnüsse haben einen höheren Fettanteil als Pistazien.",0,1,2
"7797",72,1,18,1,"Die Wüste Dahna liegt in Saudi-Arabien.",0,0,1
"7798",72,1,18,1,"Robbie Williams heißt mit Zweitnamen 'Maximilian'.",1,0,1
"7799",72,1,18,1,"Seepferdchen gehören zur Gattung der Fische.",1,0,5
"7800",72,1,18,1,"In Angola ist Spanisch die offizielle Amtssprache.",0,0,1
"7801",72,1,18,1,"Der Javagraben ist die tiefste Meerestiefe der Welt.",1,0,1
"7802",72,1,18,1,"Lachse können bis zu 20 Jahre alt werden.",0,1,1
"7803",72,1,18,1,"Kleinohrigel haben keine Stacheln.",0,0,1
"7804",72,1,18,1,"Spanien ist ein Gründungsmitglied der UNO.",1,1,2
"7805",72,1,18,1,"Die Tochter von Sydney Poitier heißt Sydney Poitier.",1,0,1
"7806",72,1,18,1,"Der mitteleuropäische Feldschwirl ist kein Zugvogel.",0,0,1
"7807",72,1,18,1,"Ein Biber kann in einem Jahr über 200 Bäume fällen.",1,1,2
"7808",72,1,18,1,"Zuckerwatte wurde von einem Flugzeugpiloten erfunden.",0,0,1
"7809",72,1,18,1,"Die Volksrepublik China wurde 1947 gegründet.",0,0,1
"7810",72,1,18,1,"Der Bereich zwischen den Augenbrauen heißt Glabella.",1,1,1
"7811",72,1,18,1,"Frauen bekommen häufiger einen Schluckauf als Männer.",0,0,1
"7812",72,1,18,1,"Der Name 'Wowereit' heißt auf Litauisch Eichhörnchen.",0,0,1
"7813",72,1,18,1,"Ein Menschenfloh kann 20cm hoch springen.",1,1,1
"7814",72,1,18,1,"Die Sektsteuer wurde von Friedrich Ebert eingeführt.",1,1,1
"7815",72,1,18,1,"Ein Nilpferd wiegt bei seiner Geburt ca. 150kg.",0,0,3
"7816",72,1,18,1,"Nicole Kidman hat panische Angst vor Schmetterlingen.",1,0,1
"7817",72,1,18,1,"Goethe schrieb genau 64 Jahre lang an seinem 'Faust'.",0,1,3
"7818",72,1,18,1,"Das Capybara ist das größte aller Beuteltiere.",1,0,1
"7819",72,1,18,1,"Das meiste Gold wird derzeit in Südafrika gefördert.",1,0,3
"7820",72,1,18,1,"Ein Schwan trägt ca. 50.000 Federn am Körper.",1,1,1
"7821",72,1,18,1,"Keime sterben auf Holz schneller ab als auf Plastik.",0,1,3
"7822",72,1,18,1,"Spanholz besteht hauptsächlich aus Birkenholz.",0,0,1
"7823",72,1,18,1,"Bei den italienischen Wahlen 2008 traten 62 Parteien an.",1,1,1
"7824",72,1,18,1,"Die Luftpumpe ist eine französische Erfindung.",1,0,1
"7825",72,1,18,1,"Der Reißverschluss wurde in Norwegen erfunden.",0,1,1
"7826",72,1,18,1,"Das türkische Bad wurde in Griechenland erfunden.",1,0,1
"7827",72,1,18,1,"Die Erde wird in 340 Längenkreise unterteilt.",1,1,2
"7828",72,1,18,1,"Ein menschliches Haar wächst jährlich ca. 85 mm.",0,0,2
"7829",72,1,18,1,"Die Insektenkunde wird auch Entomologie genannt.",1,0,1
"7830",72,1,18,1,"Nauru ist die kleinste souveräne Republik der Erde.",0,1,1
"7831",72,1,18,1,"Der Film 'Pretty Woman' gewann keinen Oscar.",1,0,3
"7832",72,2,18,1,"Die Azoren gehören zu Spanien.",0,1,1
"7833",72,2,18,1,"Eine Bienenkönigin legt durchschnittlich 500 Eier am Tag.",1,1,3
"7834",72,2,18,1,"French Fries' wurden in England erfunden.",0,0,2
"7835",72,2,18,1,"Der Basenji ist der einzige Hund, der nicht bellt.",0,0,6
"7836",72,2,18,1,"Das Lieblingsgetränk von Benedikt XVI. ist Fanta.",0,1,1
"7837",72,2,18,1,"Das Jojo war ursprünglich eine philippinische Jagdwaffe.",0,0,3
"7838",72,2,18,1,"Der Ladogasee ist der größte See Europas.",1,0,3
"7839",72,2,18,1,"Der griechische Gott Apollon ist der Schutzherr der Küste.",0,1,3
"7840",72,2,18,1,"Brad Pitt heißt eigentlich 'Henry Bradley Pitt'.",0,1,1
"7841",72,2,18,1,"Der Erfinder des Bikinis war ursprünglich Schuhdesigner.",1,1,6
"7842",72,2,18,1,"Es gibt 56 verschiedene Arten eine Krawatte zu binden.",0,0,1
"7843",72,2,18,1,"Magnesiummangel kann zu Hautproblemen führen.",1,1,6
"7844",72,2,18,1,"Bob Dylan arbeitet nebenberuflich als Winzer.",1,0,1
"7845",72,2,18,1,"Die Norfolkinseln im Pazifik gehören zu Neuseeland.",0,1,1
"7846",72,2,18,1,"Tequila wird aus dem Herzen der roten Agave gewonnen.",1,0,1
"7847",72,2,18,1,"Der Goliathfrosch kann sogar kleine Krokodile verspeisen.",1,1,4
"7848",72,2,18,1,"In den USA gibt es die meisten Milliardäre auf der Welt.",1,0,3
"7849",72,2,18,1,"Die Küstenseeschwalbe fliegt jedes Jahr fast 40000 km.",1,0,1
"7850",72,2,18,1,"Einen kastrierten Esel nennt man auch Macker oder Knilch.",1,1,1
"7851",72,2,18,1,"Die Schwarzerle zählt zu den Buchengewächsen.",0,1,1
"7852",72,2,18,1,"Erdbeeren enthalten mehr Vitamin C als Orangen.",1,0,3
"7853",72,2,18,1,"Das Finn-Dingi ist ein Einmannboot beim Sportsegeln.",1,0,1
"7854",72,2,18,1,"Die Nachfolger Mohammeds bezeichnet man als Kalifen.",0,0,1
"7855",72,2,18,1,"Schlangen sind taub, da kein Außenohr vorhanden ist.",0,0,2
"7856",72,2,18,1,"Island ist geologisch das jüngste Inselland der Welt.",1,0,1
"7857",72,2,18,1,"Für Descartes wies Schielen bei Frauen auf Frigidität hin.",1,1,3
"7858",72,2,18,1,"Auf indischen Rupienscheinen sind 12 verschiedene Schriften.",1,1,1
"7859",72,2,18,1,"Wenn Nilpferde sich aufregen, färbt sich ihr Schweiß grün.",0,0,1
"7860",72,2,18,1,"Freddie Mercurys richtiger Name lautete Farrokh Bulsara.",0,1,2
"7861",72,2,18,1,"Schären sind Talgletscher in Skandinavien.",1,0,1
"7862",72,2,18,1,"Unsere Atmosphäre enthält rund 0,00025 % Ozon.",0,1,3
"7863",72,2,18,1,"Sheryl Crow war Hürdenläuferin.",1,0,1
"7864",72,2,18,1,"Seoul bedeutet auf koreanisch 'Die Hauptstadt'.",1,1,5
"7865",72,2,18,1,"Die kanadische Sängerin Celine Dion hat acht Geschwister.",1,0,1
"7866",72,2,18,1,"Lybien ist das einzige Land mit einer einfarbigen Flagge.",0,0,1
"7867",72,2,18,1,"Der höchste nordamerikanische Berg liegt in Wyoming.",0,1,1
"7868",72,2,18,1,"Die Angst vor dem Küssen nennt man Philemaphobie.",0,0,3
"7869",72,2,18,1,"Alexander Graham Bell erfand das Tragflügelboot.",1,0,1
"7870",72,2,18,1,"Morpheus ist der griechische Gott der Träume.",0,1,6
"7871",72,2,18,1,"Die erste elektronische Mail wurde im Jahr 1973 versendet.",1,0,1
"7872",72,2,18,1,"Der Speisesaal eines Klosters wird Refektorium genannt.",1,1,1
"7873",72,2,18,1,"Das Zwerghörnchen ist das kleinste Säugetier Europas.",1,1,1
"7874",72,2,18,1,"Die Augen eines Straußes sind größer als sein Gehirn.",0,0,1
"7875",72,2,18,1,"Die längsten Opern stammen von Gioacchino Rossini.",1,1,3
"7876",72,2,18,1,"Austern wechseln je nach Jahreszeit ihr Geschlecht.",0,1,4
"7877",72,2,18,1,"Der nicht sichtbare Teil des Eisbergs heißt Eisbergkiel.",0,1,3
"7878",72,2,18,1,"Patagonien ist ein Landschaftsabschnitt in Asien.",0,1,1
"7879",72,2,18,1,"Der Maler Marc Chagall wurde 1887 in Russland geboren.",0,1,3
"7880",72,2,18,1,"Der Allradantrieb wurde 1938 in England erfunden.",1,0,1
"7881",72,2,18,1,"In Uganda ist die Amtssprache englisch.",1,1,4
"7882",72,2,18,1,"Nur Menschen und Affen besitzen einen Bauchnabel.",1,0,1
"7883",72,2,18,1,"Bolivien ist der kleinste Binnenstaat Südamerikas.",0,0,1
"7884",72,2,18,1,"Die Slowakei gehört nicht zu den NATO-Staaten.",0,1,3
"7885",72,2,18,1,"Albany ist die Hauptstadt des US-Bundesstaates New Jersey.",1,0,1
"7886",72,2,18,1,"Manama ist die Hauptstadt Bahrains.",0,0,1
"7887",72,2,18,1,"Winston Churchill erhielt den Nobelpreis für Literatur.",1,1,3
"7888",72,2,18,1,"Die Insel Ösel gehört zu Dänemark.",0,1,1
"7889",72,1,18,1,"Die Ostgoten zählten zum Stamm der Normannen.",0,1,3
"7890",72,1,18,1,"Hernando Cortéz eroberte Mexiko.",0,0,1
"7891",72,1,18,1,"Sambia hieß früher Nordrhodesien.",0,0,1
"7892",72,1,18,1,"Schweine können keinen Sonnenbrand bekommen.",1,0,6
"7893",72,1,18,1,"Blaue Augen werden im Alter immer heller.",0,1,3
"7894",72,1,18,1,"Das Domino-Spiel besteht aus 28 Steinen.",1,0,1
"7895",72,1,18,1,"Die Wüste Gobi ist eine Felswüste.",1,1,1
"7896",72,1,18,1,"Sumatra ist die viertgrößte Insel der Welt.",1,1,1
"7897",72,1,18,1,"Jean-Jaques Rousseau war alleinerziehender Vater.",0,0,1
"7898",72,1,18,1,"Frauen blinzeln fast doppelt so viel wie Männer.",1,0,5
"7899",72,1,18,1,"Wladimir Putin wurde in Murmansk geboren.",0,0,1
"7900",73,2,23,1,"Die Sektsteuer wurde von Friedrich Ebert eingeführt.",0,0,1
"7901",73,2,23,1,"Das Capybara ist das größte aller Beuteltiere.",0,0,1
"7902",73,2,23,1,"Frauen blinzeln fast doppelt so viel wie Männer.",0,0,2
"7903",73,2,23,1,"Zuckerwatte wurde von einem Flugzeugpiloten erfunden.",1,0,2
"7904",73,2,23,1,"Der mitteleuropäische Feldschwirl ist kein Zugvogel.",1,0,2
"7905",73,2,23,1,"Das meiste Gold wird derzeit in Südafrika gefördert.",0,0,2
"7906",73,2,23,1,"Der Film 'Pretty Woman' gewann keinen Oscar.",0,0,2
"7907",73,2,23,1,"Die Tochter von Sydney Poitier heißt Sydney Poitier.",0,0,2
"7908",73,2,23,1,"Blaue Augen werden im Alter immer heller.",1,1,4
"7909",73,2,23,1,"Der Name 'Wowereit' heißt auf Litauisch Eichhörnchen.",1,1,2
"7910",73,2,23,1,"Hernando Cortéz eroberte Mexiko.",1,0,2
"7911",73,2,23,1,"Keime sterben auf Holz schneller ab als auf Plastik.",1,0,2
"7912",73,2,23,1,"Seepferdchen gehören zur Gattung der Fische.",0,1,2
"7913",73,2,23,1,"Nicole Kidman hat panische Angst vor Schmetterlingen.",0,1,2
"7914",73,2,23,1,"Goethe schrieb genau 64 Jahre lang an seinem 'Faust'.",1,1,2
"7915",73,2,23,1,"Die Volksrepublik China wurde 1947 gegründet.",1,1,2
"7916",73,2,23,1,"Frauen bekommen häufiger einen Schluckauf als Männer.",1,1,2
"7917",73,2,23,1,"Spanien ist ein Gründungsmitglied der UNO.",0,1,2
"7918",73,2,23,1,"Lachse können bis zu 20 Jahre alt werden.",1,1,2
"7919",73,2,23,1,"Minerva ist die römische Göttin der Weisheit.",0,1,2
"7920",73,2,23,1,"Sumatra ist die viertgrößte Insel der Welt.",0,1,2
"7921",73,2,23,1,"Die Wüste Gobi ist eine Felswüste.",0,1,2
"7922",73,2,23,1,"Bei den italienischen Wahlen 2008 traten 62 Parteien an.",0,1,2
"7923",73,2,23,1,"Die Erde wird in 340 Längenkreise unterteilt.",0,0,1
"7924",73,2,23,1,"Der Nacktmull ist das schmerzempfindlichste Tier der Welt.",0,1,2
"7925",73,2,23,1,"Ein Nilpferd wiegt bei seiner Geburt ca. 150kg.",1,0,1
"7926",73,2,23,1,"Die Insektenkunde wird auch Entomologie genannt.",0,1,2
"7927",73,2,23,1,"Die Luftpumpe ist eine französische Erfindung.",0,1,2
"7928",73,2,23,1,"In Angola ist Spanisch die offizielle Amtssprache.",1,1,2
"7929",73,2,23,1,"Wladimir Putin wurde in Murmansk geboren.",1,1,2
"7930",73,2,23,1,"Der Wassergehalt bei Beeren beträgt 90%.",1,1,5
"7931",73,2,23,1,"Spanholz besteht hauptsächlich aus Birkenholz.",1,1,5
"7932",73,2,23,1,"Ein neugeborenes Panda-Baby ist kleiner als eine Maus.",1,0,5
"7933",73,2,23,1,"Ein Menschenfloh kann 20cm hoch springen.",0,1,3
"7934",73,2,23,1,"Die Wüste Dahna liegt in Saudi-Arabien.",1,1,2
"7935",73,2,23,1,"Beim Rugby gibt es 30 Spieler.",1,0,2
"7936",73,2,23,1,"Das türkische Bad wurde in Griechenland erfunden.",0,0,2
"7937",73,2,23,1,"Der Javagraben ist die tiefste Meerestiefe der Welt.",0,1,2
"7938",73,2,23,1,"Kleinohrigel haben keine Stacheln.",1,0,2
"7939",73,2,23,1,"Alle Uhren im Film 'Pulp Fiction' stehen auf 4.10 Uhr.",0,1,2
"7940",73,2,23,1,"Schweine können keinen Sonnenbrand bekommen.",0,0,1
"7941",73,2,23,1,"Ein Biber kann in einem Jahr über 200 Bäume fällen.",0,1,2
"7942",73,2,23,1,"Sambia hieß früher Nordrhodesien.",1,0,2
"7943",73,2,23,1,"Volleyball wurde in Florida erfunden.",0,1,2
"7944",73,2,23,1,"Ein Schwan trägt ca. 50.000 Federn am Körper.",0,1,2
"7945",73,2,23,1,"In USA wird kein Teletext ausgestrahlt.",1,0,3
"7946",73,2,23,1,"Weibliche Taranteln töten circa 99% ihrer Nachkommen.",1,1,2
"7947",73,2,23,1,"Der Reißverschluss wurde in Norwegen erfunden.",1,1,2
"7948",73,2,23,1,"Nauru ist die kleinste souveräne Republik der Erde.",1,1,2
"7949",73,2,23,1,"Tennis wurde in englischen Klöstern erfunden.",1,1,2
"7950",73,2,23,1,"Balsaholz ist die schwerste aller Holzarten.",1,1,2
"7951",73,1,23,1,"Bolivien ist der kleinste Binnenstaat Südamerikas.",1,1,4
"7952",73,1,23,1,"Der Mond passt vierzigmal in die Erdkugel.",1,1,2
"7953",73,1,23,1,"Die kanadische Sängerin Celine Dion hat acht Geschwister.",0,0,2
"7954",73,1,23,1,"Seoul bedeutet auf koreanisch 'Die Hauptstadt'.",0,1,2
"7955",73,1,23,1,"Wenn Nilpferde sich aufregen, färbt sich ihr Schweiß grün.",1,0,2
"7956",73,1,23,1,"Bob Dylan arbeitet nebenberuflich als Winzer.",0,0,5
"7957",73,1,23,1,"Es gibt 56 verschiedene Arten eine Krawatte zu binden.",1,1,2
"7958",73,1,23,1,"Sheryl Crow war Hürdenläuferin.",0,0,2
"7959",73,1,23,1,"Der Goliathfrosch kann sogar kleine Krokodile verspeisen.",0,1,2
"7960",73,1,23,1,"Schären sind Talgletscher in Skandinavien.",0,0,2
"7961",73,1,23,1,"Die Slowakei gehört nicht zu den NATO-Staaten.",1,0,2
"7962",73,1,23,1,"Für Descartes wies Schielen bei Frauen auf Frigidität hin.",0,0,2
"7963",73,1,23,1,"Unsere Atmosphäre enthält rund 0,00025 % Ozon.",1,1,3
"7964",73,1,23,1,"Der Basenji ist der einzige Hund, der nicht bellt.",1,0,2
"7965",73,1,23,1,"Die Nachfolger Mohammeds bezeichnet man als Kalifen.",1,1,5
"7966",73,1,23,1,"Albany ist die Hauptstadt des US-Bundesstaates New Jersey.",0,1,3
"7967",73,1,23,1,"Der nicht sichtbare Teil des Eisbergs heißt Eisbergkiel.",1,1,5
"7968",73,1,23,1,"French Fries' wurden in England erfunden.",1,1,6
"7969",73,1,23,1,"Die Norfolkinseln im Pazifik gehören zu Neuseeland.",1,1,5
"7970",73,1,23,1,"Das Jojo war ursprünglich eine philippinische Jagdwaffe.",1,1,3
"7971",73,1,23,1,"Winston Churchill erhielt den Nobelpreis für Literatur.",0,0,2
"7972",73,1,23,1,"Das Finn-Dingi ist ein Einmannboot beim Sportsegeln.",0,0,2
"7973",73,1,23,1,"Der Speisesaal eines Klosters wird Refektorium genannt.",0,0,2
"7974",73,1,23,1,"Delphine schwimmen höchstens 54 Kilometer pro Stunde.",1,0,2
"7975",73,1,23,1,"Magnesiummangel kann zu Hautproblemen führen.",0,0,2
"7976",73,1,23,1,"In den USA gibt es die meisten Milliardäre auf der Welt.",0,1,2
"7977",73,1,23,1,"Die Azoren gehören zu Spanien.",1,1,5
"7978",73,1,23,1,"Das Zwerghörnchen ist das kleinste Säugetier Europas.",0,0,2
"7979",73,1,23,1,"Nur Menschen und Affen besitzen einen Bauchnabel.",0,0,2
"7980",73,1,23,1,"Das Lieblingsgetränk von Benedikt XVI. ist Fanta.",1,1,6
"7981",73,1,23,1,"Der Schwertwal gehört zur Gattung der Delfine.",0,0,2
"7982",73,1,23,1,"Der Erfinder des Bikinis war ursprünglich Schuhdesigner.",0,0,2
"7983",73,1,23,1,"Der Ladogasee ist der größte See Europas.",0,0,2
"7984",73,1,23,1,"Die längsten Opern stammen von Gioacchino Rossini.",0,1,2
"7985",73,1,23,1,"Brad Pitt heißt eigentlich 'Henry Bradley Pitt'.",1,1,6
"7986",73,1,23,1,"Die Schwarzerle zählt zu den Buchengewächsen.",1,1,5
"7987",73,1,23,1,"Morpheus ist der griechische Gott der Träume.",1,1,3
"7988",73,1,23,1,"Der Maler Marc Chagall wurde 1887 in Russland geboren.",1,1,5
"7989",73,1,23,1,"Die Angst vor dem Küssen nennt man Philemaphobie.",1,1,5
"7990",73,1,23,1,"Der höchste nordamerikanische Berg liegt in Wyoming.",1,1,5
"7991",73,1,23,1,"Patagonien ist ein Landschaftsabschnitt in Asien.",1,1,5
"7992",73,1,23,1,"Tequila wird aus dem Herzen der roten Agave gewonnen.",0,0,2
"7993",73,1,23,1,"Manama ist die Hauptstadt Bahrains.",1,0,2
"7994",73,1,23,1,"Die erste elektronische Mail wurde im Jahr 1973 versendet.",0,0,2
"7995",73,1,23,1,"Die Insel Ösel gehört zu Dänemark.",1,1,6
"7996",73,1,23,1,"Lybien ist das einzige Land mit einer einfarbigen Flagge.",1,1,5
"7997",73,1,23,1,"Freddie Mercurys richtiger Name lautete Farrokh Bulsara.",1,1,2
"7998",73,1,23,1,"Der griechische Gott Apollon ist der Schutzherr der Küste.",1,1,5
"7999",73,1,23,1,"Island ist geologisch das jüngste Inselland der Welt.",0,0,2
"8000",73,1,23,1,"Erdbeeren enthalten mehr Vitamin C als Orangen.",0,0,2
"8001",73,1,23,1,"Alexander Graham Bell erfand das Tragflügelboot.",0,0,2
"8002",73,1,23,1,"Einen kastrierten Esel nennt man auch Macker oder Knilch.",0,0,2
"8003",73,1,23,1,"Die Küstenseeschwalbe fliegt jedes Jahr fast 40000 km.",0,0,2
"8004",73,1,23,1,"In Uganda ist die Amtssprache englisch.",0,0,2
"8005",73,1,23,1,"Die Augen eines Straußes sind größer als sein Gehirn.",1,0,2
"8006",73,1,23,1,"Eine Bienenkönigin legt durchschnittlich 500 Eier am Tag.",0,0,2
"8007",73,1,23,1,"Auf indischen Rupienscheinen sind 12 verschiedene Schriften.",0,0,2
"8008",73,1,23,1,"Der Allradantrieb wurde 1938 in England erfunden.",0,1,2
"8009",73,1,23,1,"Austern wechseln je nach Jahreszeit ihr Geschlecht.",1,1,5
"8010",73,1,23,1,"Schlangen sind taub, da kein Außenohr vorhanden ist.",1,0,2
"8011",73,2,23,1,"Das Domino-Spiel besteht aus 28 Steinen.",0,1,2
"8012",73,2,23,1,"Die Ostgoten zählten zum Stamm der Normannen.",1,1,2
"8013",73,2,23,1,"Ein menschliches Haar wächst jährlich ca. 85 mm.",1,0,2
"8014",73,2,23,1,"Jean-Jaques Rousseau war alleinerziehender Vater.",1,1,2
"8015",73,2,23,1,"Giséle Bündchen hat einen Zwillingsbruder.",0,1,2
"8016",73,2,23,1,"Robbie Williams heißt mit Zweitnamen 'Maximilian'.",0,1,2
"8017",73,2,23,1,"Tom Cruise ist Legastheniker.",0,0,2
"8018",73,2,23,1,"Der Bereich zwischen den Augenbrauen heißt Glabella.",0,0,2
"8019",73,2,23,1,"Kokosnüsse haben einen höheren Fettanteil als Pistazien.",1,1,5
"8020",74,1,22,1,"Eine Bienenkönigin legt durchschnittlich 500 Eier am Tag.",0,1,2
"8021",74,1,22,1,"Die Azoren gehören zu Spanien.",1,1,5
"8022",74,1,22,1,"Erdbeeren enthalten mehr Vitamin C als Orangen.",0,0,4
"8023",74,1,22,1,"Lybien ist das einzige Land mit einer einfarbigen Flagge.",1,0,2
"8024",74,1,22,1,"Die Insel Ösel gehört zu Dänemark.",1,1,2
"8025",74,1,22,1,"Schären sind Talgletscher in Skandinavien.",0,0,1
"8026",74,1,22,1,"Bob Dylan arbeitet nebenberuflich als Winzer.",0,0,1
"8027",74,1,22,1,"Der Speisesaal eines Klosters wird Refektorium genannt.",0,1,3
"8028",74,1,22,1,"Die kanadische Sängerin Celine Dion hat acht Geschwister.",0,1,3
"8029",74,1,22,1,"Es gibt 56 verschiedene Arten eine Krawatte zu binden.",1,1,1
"8030",74,1,22,1,"In Uganda ist die Amtssprache englisch.",0,1,3
"8031",74,1,22,1,"Manama ist die Hauptstadt Bahrains.",1,1,1
"8032",74,1,22,1,"Der Mond passt vierzigmal in die Erdkugel.",1,1,4
"8033",74,1,22,1,"Die Angst vor dem Küssen nennt man Philemaphobie.",1,1,4
"8034",74,1,22,1,"Alexander Graham Bell erfand das Tragflügelboot.",0,0,2
"8035",74,1,22,1,"Albany ist die Hauptstadt des US-Bundesstaates New Jersey.",0,1,4
"8036",74,1,22,1,"Die Norfolkinseln im Pazifik gehören zu Neuseeland.",1,1,3
"8037",74,1,22,1,"Patagonien ist ein Landschaftsabschnitt in Asien.",1,1,4
"8038",74,1,22,1,"Der Ladogasee ist der größte See Europas.",0,0,5
"8039",74,1,22,1,"Morpheus ist der griechische Gott der Träume.",1,1,3
"8040",74,1,22,1,"Auf indischen Rupienscheinen sind 12 verschiedene Schriften.",0,0,2
"8041",74,1,22,1,"Der nicht sichtbare Teil des Eisbergs heißt Eisbergkiel.",1,1,4
"8042",74,1,22,1,"Die Augen eines Straußes sind größer als sein Gehirn.",1,1,6
"8043",74,1,22,1,"Der höchste nordamerikanische Berg liegt in Wyoming.",1,1,4
"8044",74,1,22,1,"In den USA gibt es die meisten Milliardäre auf der Welt.",0,0,2
"8045",74,1,22,1,"Freddie Mercurys richtiger Name lautete Farrokh Bulsara.",1,1,3
"8046",74,1,22,1,"Winston Churchill erhielt den Nobelpreis für Literatur.",0,1,3
"8047",74,1,22,1,"Die Schwarzerle zählt zu den Buchengewächsen.",1,1,4
"8048",74,1,22,1,"Austern wechseln je nach Jahreszeit ihr Geschlecht.",1,1,4
"8049",74,1,22,1,"Delphine schwimmen höchstens 54 Kilometer pro Stunde.",1,0,2
"8050",74,1,22,1,"Das Jojo war ursprünglich eine philippinische Jagdwaffe.",1,0,1
"8051",74,1,22,1,"Der Schwertwal gehört zur Gattung der Delfine.",0,0,3
"8052",74,1,22,1,"Der Basenji ist der einzige Hund, der nicht bellt.",1,0,2
"8053",74,1,22,1,"Magnesiummangel kann zu Hautproblemen führen.",0,1,3
"8054",74,1,22,1,"Einen kastrierten Esel nennt man auch Macker oder Knilch.",0,1,3
"8055",74,1,22,1,"Der Erfinder des Bikinis war ursprünglich Schuhdesigner.",0,1,2
"8056",74,1,22,1,"Wenn Nilpferde sich aufregen, färbt sich ihr Schweiß grün.",1,0,1
"8057",74,1,22,1,"Das Lieblingsgetränk von Benedikt XVI. ist Fanta.",1,1,4
"8058",74,1,22,1,"Sheryl Crow war Hürdenläuferin.",0,1,2
"8059",74,1,22,1,"Island ist geologisch das jüngste Inselland der Welt.",0,1,3
"8060",74,1,22,1,"Die Nachfolger Mohammeds bezeichnet man als Kalifen.",1,1,4
"8061",74,1,22,1,"Unsere Atmosphäre enthält rund 0,00025 % Ozon.",1,1,4
"8062",74,1,22,1,"Der griechische Gott Apollon ist der Schutzherr der Küste.",1,0,5
"8063",74,1,22,1,"Brad Pitt heißt eigentlich 'Henry Bradley Pitt'.",1,1,4
"8064",74,1,22,1,"Der Goliathfrosch kann sogar kleine Krokodile verspeisen.",0,1,3
"8065",74,1,22,1,"Seoul bedeutet auf koreanisch 'Die Hauptstadt'.",0,1,3
"8066",74,1,22,1,"Nur Menschen und Affen besitzen einen Bauchnabel.",0,0,5
"8067",74,1,22,1,"Die Slowakei gehört nicht zu den NATO-Staaten.",1,1,2
"8068",74,1,22,1,"Tequila wird aus dem Herzen der roten Agave gewonnen.",0,1,2
"8069",74,1,22,1,"French Fries' wurden in England erfunden.",1,1,5
"8070",74,1,22,1,"Das Finn-Dingi ist ein Einmannboot beim Sportsegeln.",0,0,2
"8071",74,2,22,1,"Tom Cruise ist Legastheniker.",1,1,3
"8072",74,2,22,1,"Weibliche Taranteln töten circa 99% ihrer Nachkommen.",0,0,3
"8073",74,2,22,1,"Zuckerwatte wurde von einem Flugzeugpiloten erfunden.",0,1,1
"8074",74,2,22,1,"Lachse können bis zu 20 Jahre alt werden.",0,0,3
"8075",74,2,22,1,"Alle Uhren im Film 'Pulp Fiction' stehen auf 4.10 Uhr.",1,1,2
"8076",74,2,22,1,"In Angola ist Spanisch die offizielle Amtssprache.",0,1,3
"8077",74,2,22,1,"Volleyball wurde in Florida erfunden.",1,0,2
"8078",74,2,22,1,"Ein menschliches Haar wächst jährlich ca. 85 mm.",0,1,4
"8079",74,2,22,1,"Der Nacktmull ist das schmerzempfindlichste Tier der Welt.",1,0,1
"8080",74,2,22,1,"Hernando Cortéz eroberte Mexiko.",0,1,2
"8081",74,2,22,1,"Nauru ist die kleinste souveräne Republik der Erde.",0,0,4
"8082",74,2,22,1,"Ein Menschenfloh kann 20cm hoch springen.",1,1,4
"8083",74,2,22,1,"Keime sterben auf Holz schneller ab als auf Plastik.",0,0,5
"8084",74,2,22,1,"Kleinohrigel haben keine Stacheln.",0,1,1
"8085",74,2,22,1,"Das türkische Bad wurde in Griechenland erfunden.",1,1,3
"8086",74,2,22,1,"Balsaholz ist die schwerste aller Holzarten.",0,0,1
"8087",74,2,22,1,"Bei den italienischen Wahlen 2008 traten 62 Parteien an.",1,1,3
"8088",74,2,22,1,"Die Sektsteuer wurde von Friedrich Ebert eingeführt.",1,1,2
"8089",74,2,22,1,"In USA wird kein Teletext ausgestrahlt.",0,1,4
"8090",74,2,22,1,"Minerva ist die römische Göttin der Weisheit.",1,0,2
"8091",74,2,22,1,"Jean-Jaques Rousseau war alleinerziehender Vater.",0,0,1
"8092",74,2,22,1,"Spanholz besteht hauptsächlich aus Birkenholz.",0,1,2
"8093",74,2,22,1,"Der Film 'Pretty Woman' gewann keinen Oscar.",1,0,2
"8094",74,2,22,1,"Der Wassergehalt bei Beeren beträgt 90%.",0,1,5
"8095",74,2,22,1,"Sumatra ist die viertgrößte Insel der Welt.",1,1,4
"8096",74,2,22,1,"Nicole Kidman hat panische Angst vor Schmetterlingen.",1,0,2
"8097",74,2,22,1,"Kokosnüsse haben einen höheren Fettanteil als Pistazien.",0,0,3
"8098",74,2,22,1,"Das meiste Gold wird derzeit in Südafrika gefördert.",1,1,3
"8099",74,2,22,1,"Der mitteleuropäische Feldschwirl ist kein Zugvogel.",0,1,3
"8100",74,2,22,1,"Ein Biber kann in einem Jahr über 200 Bäume fällen.",1,0,3
"8101",74,2,22,1,"Die Luftpumpe ist eine französische Erfindung.",1,1,2
"8102",74,2,22,1,"Die Erde wird in 340 Längenkreise unterteilt.",1,0,5
"8103",74,2,22,1,"Seepferdchen gehören zur Gattung der Fische.",1,0,1
"8104",74,2,22,1,"Sambia hieß früher Nordrhodesien.",0,1,4
"8105",74,2,22,1,"Die Volksrepublik China wurde 1947 gegründet.",0,1,2
"8106",74,2,22,1,"Der Name 'Wowereit' heißt auf Litauisch Eichhörnchen.",0,0,2
"8107",74,2,22,1,"Die Wüste Dahna liegt in Saudi-Arabien.",0,1,3
"8108",74,2,22,1,"Der Bereich zwischen den Augenbrauen heißt Glabella.",1,1,6
"8109",74,2,22,1,"Ein neugeborenes Panda-Baby ist kleiner als eine Maus.",0,0,5
"8110",74,2,22,1,"Das Capybara ist das größte aller Beuteltiere.",1,0,1
"8111",74,2,22,1,"Blaue Augen werden im Alter immer heller.",0,1,2
"8112",74,2,22,1,"Schweine können keinen Sonnenbrand bekommen.",1,0,3
"8113",74,2,22,1,"Giséle Bündchen hat einen Zwillingsbruder.",1,1,3
"8114",74,2,22,1,"Spanien ist ein Gründungsmitglied der UNO.",1,0,5
"8115",74,2,22,1,"Robbie Williams heißt mit Zweitnamen 'Maximilian'.",1,1,4
"8116",74,2,22,1,"Ein Nilpferd wiegt bei seiner Geburt ca. 150kg.",0,0,3
"8117",74,2,22,1,"Das Domino-Spiel besteht aus 28 Steinen.",1,1,4
"8118",74,2,22,1,"Die Ostgoten zählten zum Stamm der Normannen.",0,1,4
"8119",74,2,22,1,"Frauen blinzeln fast doppelt so viel wie Männer.",1,0,4
"8120",74,2,22,1,"Die Wüste Gobi ist eine Felswüste.",1,1,4
"8121",74,2,22,1,"Frauen bekommen häufiger einen Schluckauf als Männer.",0,1,3
"8122",74,2,22,1,"Ein Schwan trägt ca. 50.000 Federn am Körper.",1,1,2
"8123",74,2,22,1,"Die Insektenkunde wird auch Entomologie genannt.",1,1,4
"8124",74,2,22,1,"Der Javagraben ist die tiefste Meerestiefe der Welt.",1,0,6
"8125",74,2,22,1,"Wladimir Putin wurde in Murmansk geboren.",0,1,2
"8126",74,2,22,1,"Goethe schrieb genau 64 Jahre lang an seinem 'Faust'.",0,0,3
"8127",74,2,22,1,"Der Reißverschluss wurde in Norwegen erfunden.",0,1,4
"8128",74,1,22,1,"Die längsten Opern stammen von Gioacchino Rossini.",0,0,2
"8129",74,1,22,1,"Der Maler Marc Chagall wurde 1887 in Russland geboren.",1,1,2
"8130",74,1,22,1,"Das Zwerghörnchen ist das kleinste Säugetier Europas.",0,0,2
"8131",74,1,22,1,"Für Descartes wies Schielen bei Frauen auf Frigidität hin.",0,0,2
"8132",74,1,22,1,"Die erste elektronische Mail wurde im Jahr 1973 versendet.",0,1,2
"8133",74,1,22,1,"Der Allradantrieb wurde 1938 in England erfunden.",0,0,1
"8134",74,1,22,1,"Schlangen sind taub, da kein Außenohr vorhanden ist.",1,1,4
"8135",74,1,22,1,"Bolivien ist der kleinste Binnenstaat Südamerikas.",1,1,1
"8136",74,1,22,1,"Die Küstenseeschwalbe fliegt jedes Jahr fast 40000 km.",0,1,4
"8137",75,2,18,2,"Nur Menschen und Affen besitzen einen Bauchnabel.",1,1,3
"8138",75,2,18,2,"Die Tochter von Sydney Poitier heißt Sydney Poitier.",0,0,3
"8139",75,2,18,2,"Ein Biber kann in einem Jahr über 200 Bäume fällen.",0,1,3
"8140",75,2,18,2,"Island ist geologisch das jüngste Inselland der Welt.",1,1,3
"8141",75,2,18,2,"Seoul bedeutet auf koreanisch 'Die Hauptstadt'.",1,1,5
"8142",75,2,18,2,"Robbie Williams heißt mit Zweitnamen 'Maximilian'.",0,0,3
"8143",75,2,18,2,"Die Erde wird in 340 Längenkreise unterteilt.",0,1,3
"8144",75,2,18,2,"Die längsten Opern stammen von Gioacchino Rossini.",1,1,3
"8145",75,2,18,2,"Der Nacktmull ist das schmerzempfindlichste Tier der Welt.",0,1,3
"8146",75,2,18,2,"Tom Cruise ist Legastheniker.",0,0,2
"8147",75,2,18,2,"Das Zwerghörnchen ist das kleinste Säugetier Europas.",1,1,2
"8148",75,2,18,2,"Die kanadische Sängerin Celine Dion hat acht Geschwister.",1,0,3
"8149",75,2,18,2,"Ein Menschenfloh kann 20cm hoch springen.",0,1,3
"8150",75,2,18,2,"Magnesiummangel kann zu Hautproblemen führen.",1,1,4
"8151",75,2,18,2,"Minerva ist die römische Göttin der Weisheit.",0,1,6
"8152",75,2,18,2,"Der Javagraben ist die tiefste Meerestiefe der Welt.",0,1,3
"8153",75,2,18,2,"Für Descartes wies Schielen bei Frauen auf Frigidität hin.",1,1,5
"8154",75,2,18,2,"Giséle Bündchen hat einen Zwillingsbruder.",0,0,2
"8155",75,2,18,2,"Der Erfinder des Bikinis war ursprünglich Schuhdesigner.",1,1,3
"8156",75,2,18,2,"Eine Bienenkönigin legt durchschnittlich 500 Eier am Tag.",1,1,4
"8157",75,2,18,2,"Der Goliathfrosch kann sogar kleine Krokodile verspeisen.",1,1,4
"8158",75,2,18,2,"Einen kastrierten Esel nennt man auch Macker oder Knilch.",1,1,4
"8159",75,2,18,2,"Spanien ist ein Gründungsmitglied der UNO.",0,0,3
"8160",75,2,18,2,"Der Bereich zwischen den Augenbrauen heißt Glabella.",0,0,2
"8161",75,2,18,2,"Bob Dylan arbeitet nebenberuflich als Winzer.",1,1,3
"8162",75,2,18,2,"Der Ladogasee ist der größte See Europas.",1,0,2
"8163",75,2,18,2,"Tequila wird aus dem Herzen der roten Agave gewonnen.",1,1,3
"8164",75,2,18,2,"In den USA gibt es die meisten Milliardäre auf der Welt.",1,1,6
"8165",75,2,18,2,"Der Schwertwal gehört zur Gattung der Delfine.",1,1,4
"8166",75,2,18,2,"Ein Schwan trägt ca. 50.000 Federn am Körper.",0,1,3
"8167",75,2,18,2,"Schweine können keinen Sonnenbrand bekommen.",0,0,2
"8168",75,2,18,2,"Das Capybara ist das größte aller Beuteltiere.",0,1,3
"8169",75,2,18,2,"Die Luftpumpe ist eine französische Erfindung.",0,1,2
"8170",75,2,18,2,"In Uganda ist die Amtssprache englisch.",1,1,3
"8171",75,2,18,2,"Nicole Kidman hat panische Angst vor Schmetterlingen.",0,1,2
"8172",75,2,18,2,"Das meiste Gold wird derzeit in Südafrika gefördert.",0,1,4
"8173",75,2,18,2,"Die Sektsteuer wurde von Friedrich Ebert eingeführt.",0,0,2
"8174",75,2,18,2,"Alle Uhren im Film 'Pulp Fiction' stehen auf 4.10 Uhr.",0,1,3
"8175",75,2,18,2,"Erdbeeren enthalten mehr Vitamin C als Orangen.",1,0,2
"8176",75,2,18,2,"Der Speisesaal eines Klosters wird Refektorium genannt.",1,0,3
"8177",75,2,18,2,"Albany ist die Hauptstadt des US-Bundesstaates New Jersey.",1,0,5
"8178",75,2,18,2,"Sheryl Crow war Hürdenläuferin.",1,0,3
"8179",75,2,18,2,"Die Küstenseeschwalbe fliegt jedes Jahr fast 40000 km.",1,1,3
"8180",75,2,18,2,"Das Finn-Dingi ist ein Einmannboot beim Sportsegeln.",1,0,3
"8181",75,2,18,2,"Das Domino-Spiel besteht aus 28 Steinen.",0,0,3
"8182",75,2,18,2,"Auf indischen Rupienscheinen sind 12 verschiedene Schriften.",1,1,3
"8183",75,2,18,2,"Volleyball wurde in Florida erfunden.",0,0,3
"8184",75,2,18,2,"Das türkische Bad wurde in Griechenland erfunden.",0,1,4
"8185",75,2,18,2,"Sumatra ist die viertgrößte Insel der Welt.",0,0,3
"8186",75,2,18,2,"Winston Churchill erhielt den Nobelpreis für Literatur.",1,1,4
"8187",75,2,18,2,"Schären sind Talgletscher in Skandinavien.",1,1,4
"8188",75,2,18,2,"Die erste elektronische Mail wurde im Jahr 1973 versendet.",1,1,4
"8189",75,2,18,2,"Bei den italienischen Wahlen 2008 traten 62 Parteien an.",0,0,3
"8190",75,2,18,2,"Der Allradantrieb wurde 1938 in England erfunden.",1,1,3
"8191",75,2,18,2,"Seepferdchen gehören zur Gattung der Fische.",0,0,3
"8192",75,2,18,2,"Alexander Graham Bell erfand das Tragflügelboot.",1,0,2
"8193",75,1,18,2,"Die Schwarzerle zählt zu den Buchengewächsen.",1,1,3
"8194",75,1,18,2,"French Fries' wurden in England erfunden.",1,1,5
"8195",75,1,18,2,"Der Reißverschluss wurde in Norwegen erfunden.",0,1,3
"8196",75,1,18,2,"Unsere Atmosphäre enthält rund 0,00025 % Ozon.",1,1,6
"8197",75,1,18,2,"Weibliche Taranteln töten circa 99% ihrer Nachkommen.",0,1,4
"8198",75,1,18,2,"Die Volksrepublik China wurde 1947 gegründet.",0,1,3
"8199",75,1,18,2,"Der Maler Marc Chagall wurde 1887 in Russland geboren.",1,0,4
"8200",75,1,18,2,"Die Augen eines Straußes sind größer als sein Gehirn.",1,1,4
"8201",75,1,18,2,"Schlangen sind taub, da kein Außenohr vorhanden ist.",1,1,3
"8202",75,1,18,2,"Der Wassergehalt bei Beeren beträgt 90%.",0,1,2
"8203",75,1,18,2,"Patagonien ist ein Landschaftsabschnitt in Asien.",1,1,3
"8204",75,1,18,2,"Der Mond passt vierzigmal in die Erdkugel.",1,1,3
"8205",75,1,18,2,"Der höchste nordamerikanische Berg liegt in Wyoming.",1,1,3
"8206",75,1,18,2,"Zuckerwatte wurde von einem Flugzeugpiloten erfunden.",0,0,2
"8207",75,1,18,2,"Keime sterben auf Holz schneller ab als auf Plastik.",0,1,4
"8208",75,1,18,2,"Die Ostgoten zählten zum Stamm der Normannen.",0,1,2
"8209",75,1,18,2,"Kleinohrigel haben keine Stacheln.",0,0,2
"8210",75,1,18,2,"Die Norfolkinseln im Pazifik gehören zu Neuseeland.",1,1,3
"8211",75,1,18,2,"Wenn Nilpferde sich aufregen, färbt sich ihr Schweiß grün.",1,1,4
"8212",75,1,18,2,"Morpheus ist der griechische Gott der Träume.",1,1,6
"8213",75,1,18,2,"Spanholz besteht hauptsächlich aus Birkenholz.",0,1,2
"8214",75,1,18,2,"Der nicht sichtbare Teil des Eisbergs heißt Eisbergkiel.",1,1,4
"8215",75,1,18,2,"Lybien ist das einzige Land mit einer einfarbigen Flagge.",1,1,4
"8216",75,1,18,2,"Es gibt 56 verschiedene Arten eine Krawatte zu binden.",1,1,4
"8217",75,1,18,2,"Die Angst vor dem Küssen nennt man Philemaphobie.",1,1,4
"8218",75,1,18,2,"Das Jojo war ursprünglich eine philippinische Jagdwaffe.",1,1,5
"8219",75,1,18,2,"Ein menschliches Haar wächst jährlich ca. 85 mm.",0,0,5
"8220",75,1,18,2,"In Angola ist Spanisch die offizielle Amtssprache.",0,0,5
"8221",75,1,18,2,"Wladimir Putin wurde in Murmansk geboren.",0,1,2
"8222",75,1,18,2,"Austern wechseln je nach Jahreszeit ihr Geschlecht.",1,1,5
"8223",75,1,18,2,"Ein Nilpferd wiegt bei seiner Geburt ca. 150kg.",0,1,3
"8224",75,1,18,2,"Manama ist die Hauptstadt Bahrains.",1,0,3
"8225",75,1,18,2,"Blaue Augen werden im Alter immer heller.",0,0,4
"8226",75,1,18,2,"In USA wird kein Teletext ausgestrahlt.",0,0,3
"8227",75,1,18,2,"Bolivien ist der kleinste Binnenstaat Südamerikas.",1,1,5
"8228",75,1,18,2,"Frauen bekommen häufiger einen Schluckauf als Männer.",0,0,3
"8229",75,1,18,2,"Die Insel Ösel gehört zu Dänemark.",1,1,5
"8230",75,1,18,2,"Delphine schwimmen höchstens 54 Kilometer pro Stunde.",1,1,5
"8231",75,1,18,2,"Der mitteleuropäische Feldschwirl ist kein Zugvogel.",0,0,2
"8232",75,1,18,2,"Der Name 'Wowereit' heißt auf Litauisch Eichhörnchen.",0,0,3
"8233",75,1,18,2,"Hernando Cortéz eroberte Mexiko.",0,0,3
"8234",75,1,18,2,"Lachse können bis zu 20 Jahre alt werden.",0,1,4
"8235",75,1,18,2,"Jean-Jaques Rousseau war alleinerziehender Vater.",0,1,4
"8236",75,1,18,2,"Die Nachfolger Mohammeds bezeichnet man als Kalifen.",1,1,4
"8237",75,1,18,2,"Ein neugeborenes Panda-Baby ist kleiner als eine Maus.",0,0,4
"8238",75,1,18,2,"Balsaholz ist die schwerste aller Holzarten.",0,0,3
"8239",75,1,18,2,"Das Lieblingsgetränk von Benedikt XVI. ist Fanta.",1,1,4
"8240",75,1,18,2,"Kokosnüsse haben einen höheren Fettanteil als Pistazien.",0,1,5
"8241",75,1,18,2,"Die Azoren gehören zu Spanien.",1,1,5
"8242",75,1,18,2,"Die Wüste Dahna liegt in Saudi-Arabien.",0,1,4
"8243",75,1,18,2,"Brad Pitt heißt eigentlich 'Henry Bradley Pitt'.",1,0,3
"8244",75,1,18,2,"Sambia hieß früher Nordrhodesien.",0,1,5
"8245",75,1,18,2,"Tennis wurde in englischen Klöstern erfunden.",0,1,2
"8246",75,1,18,2,"Freddie Mercurys richtiger Name lautete Farrokh Bulsara.",1,1,6
"8247",75,1,18,2,"Der Basenji ist der einzige Hund, der nicht bellt.",1,1,5
"8248",75,1,18,2,"Die Slowakei gehört nicht zu den NATO-Staaten.",1,1,6
"8249",75,2,18,2,"Die Wüste Gobi ist eine Felswüste.",0,1,3
"8250",75,2,18,2,"Die Insektenkunde wird auch Entomologie genannt.",0,1,2
"8251",75,2,18,2,"Der Film 'Pretty Woman' gewann keinen Oscar.",0,1,3
"8252",75,2,18,2,"Frauen blinzeln fast doppelt so viel wie Männer.",0,0,4
"8253",76,1,18,1,"Der Wassergehalt bei Beeren beträgt 90%.",0,1,4
"8254",76,1,18,1,"In USA wird kein Teletext ausgestrahlt.",0,0,4
"8255",76,1,18,1,"Die Nachfolger Mohammeds bezeichnet man als Kalifen.",1,1,5
"8256",76,1,18,1,"Goethe schrieb genau 64 Jahre lang an seinem 'Faust'.",0,0,4
"8257",76,1,18,1,"Schlangen sind taub, da kein Außenohr vorhanden ist.",1,1,2
"8258",76,1,18,1,"Die Augen eines Straußes sind größer als sein Gehirn.",1,1,4
"8259",76,1,18,1,"Manama ist die Hauptstadt Bahrains.",1,0,2
"8260",76,1,18,1,"In Angola ist Spanisch die offizielle Amtssprache.",0,1,5
"8261",76,1,18,1,"Es gibt 56 verschiedene Arten eine Krawatte zu binden.",1,1,3
"8262",76,1,18,1,"Sambia hieß früher Nordrhodesien.",0,0,3
"8263",76,1,18,1,"Das Lieblingsgetränk von Benedikt XVI. ist Fanta.",1,0,2
"8264",76,1,18,1,"Ein neugeborenes Panda-Baby ist kleiner als eine Maus.",0,1,6
"8265",76,1,18,1,"Der Maler Marc Chagall wurde 1887 in Russland geboren.",1,1,2
"8266",76,1,18,1,"Zuckerwatte wurde von einem Flugzeugpiloten erfunden.",0,0,2
"8267",76,1,18,1,"Hernando Cortéz eroberte Mexiko.",0,1,6
"8268",76,1,18,1,"Kokosnüsse haben einen höheren Fettanteil als Pistazien.",0,1,3
"8269",76,1,18,1,"Der Reißverschluss wurde in Norwegen erfunden.",0,1,2
"8270",76,1,18,1,"Die Schwarzerle zählt zu den Buchengewächsen.",1,1,2
"8271",76,1,18,1,"Der höchste nordamerikanische Berg liegt in Wyoming.",1,1,1
"8272",76,1,18,1,"Tennis wurde in englischen Klöstern erfunden.",0,0,2
"8273",76,1,18,1,"Beim Rugby gibt es 30 Spieler.",0,1,1
"8274",76,1,18,1,"Der Basenji ist der einzige Hund, der nicht bellt.",1,0,3
"8275",76,1,18,1,"Die Angst vor dem Küssen nennt man Philemaphobie.",1,1,2
"8276",76,1,18,1,"Die Azoren gehören zu Spanien.",1,1,3
"8277",76,1,18,1,"Der Name 'Wowereit' heißt auf Litauisch Eichhörnchen.",0,1,3
"8278",76,1,18,1,"Die Ostgoten zählten zum Stamm der Normannen.",0,1,3
"8279",76,1,18,1,"Jean-Jaques Rousseau war alleinerziehender Vater.",0,0,2
"8280",76,1,18,1,"Ein Nilpferd wiegt bei seiner Geburt ca. 150kg.",0,1,3
"8281",76,1,18,1,"Die Slowakei gehört nicht zu den NATO-Staaten.",1,1,3
"8282",76,1,18,1,"Freddie Mercurys richtiger Name lautete Farrokh Bulsara.",1,1,6
"8283",76,1,18,1,"Lachse können bis zu 20 Jahre alt werden.",0,1,4
"8284",76,1,18,1,"Lybien ist das einzige Land mit einer einfarbigen Flagge.",1,1,2
"8285",76,1,18,1,"Der griechische Gott Apollon ist der Schutzherr der Küste.",1,0,5
"8286",76,1,18,1,"Blaue Augen werden im Alter immer heller.",0,0,4
"8287",76,1,18,1,"Bolivien ist der kleinste Binnenstaat Südamerikas.",1,1,4
"8288",76,1,18,1,"Kleinohrigel haben keine Stacheln.",0,0,2
"8289",76,1,18,1,"Die Wüste Dahna liegt in Saudi-Arabien.",0,1,3
"8290",76,1,18,1,"Balsaholz ist die schwerste aller Holzarten.",0,1,1
"8291",76,1,18,1,"Patagonien ist ein Landschaftsabschnitt in Asien.",1,1,5
"8292",76,1,18,1,"Weibliche Taranteln töten circa 99% ihrer Nachkommen.",0,1,4
"8293",76,1,18,1,"French Fries' wurden in England erfunden.",1,0,1
"8294",76,1,18,1,"Unsere Atmosphäre enthält rund 0,00025 % Ozon.",1,0,2
"8295",76,1,18,1,"Der mitteleuropäische Feldschwirl ist kein Zugvogel.",0,1,1
"8296",76,1,18,1,"Die Norfolkinseln im Pazifik gehören zu Neuseeland.",1,1,3
"8297",76,1,18,1,"Ein menschliches Haar wächst jährlich ca. 85 mm.",0,0,4
"8298",76,1,18,1,"Delphine schwimmen höchstens 54 Kilometer pro Stunde.",1,1,2
"8299",76,1,18,1,"Die Insel Ösel gehört zu Dänemark.",1,1,2
"8300",76,1,18,1,"Keime sterben auf Holz schneller ab als auf Plastik.",0,0,5
"8301",76,1,18,1,"Morpheus ist der griechische Gott der Träume.",1,1,6
"8302",76,1,18,1,"Die Volksrepublik China wurde 1947 gegründet.",0,1,2
"8303",76,1,18,1,"Der nicht sichtbare Teil des Eisbergs heißt Eisbergkiel.",1,0,2
"8304",76,1,18,1,"Der Mond passt vierzigmal in die Erdkugel.",1,1,3
"8305",76,1,18,1,"Brad Pitt heißt eigentlich 'Henry Bradley Pitt'.",1,1,3
"8306",76,1,18,1,"Wladimir Putin wurde in Murmansk geboren.",0,0,2
"8307",76,1,18,1,"Wenn Nilpferde sich aufregen, färbt sich ihr Schweiß grün.",1,0,1
"8308",76,1,18,1,"Spanholz besteht hauptsächlich aus Birkenholz.",0,1,3
"8309",76,2,18,1,"Der Bereich zwischen den Augenbrauen heißt Glabella.",1,1,2
"8310",76,2,18,1,"Der Schwertwal gehört zur Gattung der Delfine.",0,1,3
"8311",76,2,18,1,"Island ist geologisch das jüngste Inselland der Welt.",0,0,1
"8312",76,2,18,1,"Die Erde wird in 340 Längenkreise unterteilt.",1,0,5
"8313",76,2,18,1,"Seoul bedeutet auf koreanisch 'Die Hauptstadt'.",0,0,2
"8314",76,2,18,1,"Alle Uhren im Film 'Pulp Fiction' stehen auf 4.10 Uhr.",1,1,2
"8315",76,2,18,1,"Die kanadische Sängerin Celine Dion hat acht Geschwister.",0,0,1
"8316",76,2,18,1,"Sheryl Crow war Hürdenläuferin.",0,1,1
"8317",76,2,18,1,"Die Küstenseeschwalbe fliegt jedes Jahr fast 40000 km.",0,1,4
"8318",76,2,18,1,"Das Zwerghörnchen ist das kleinste Säugetier Europas.",0,0,4
"8319",76,2,18,1,"Bob Dylan arbeitet nebenberuflich als Winzer.",0,0,1
"8320",76,2,18,1,"Die längsten Opern stammen von Gioacchino Rossini.",0,1,2
"8321",76,2,18,1,"Das Capybara ist das größte aller Beuteltiere.",1,0,6
"8322",76,2,18,1,"Frauen blinzeln fast doppelt so viel wie Männer.",1,1,2
"8323",76,2,18,1,"Der Ladogasee ist der größte See Europas.",0,0,2
"8324",76,2,18,1,"In den USA gibt es die meisten Milliardäre auf der Welt.",0,1,5
"8325",76,2,18,1,"Der Goliathfrosch kann sogar kleine Krokodile verspeisen.",0,0,3
"8326",76,2,18,1,"Die erste elektronische Mail wurde im Jahr 1973 versendet.",0,1,3
"8327",76,2,18,1,"Der Speisesaal eines Klosters wird Refektorium genannt.",0,0,2
"8328",76,2,18,1,"Für Descartes wies Schielen bei Frauen auf Frigidität hin.",0,1,1
"8329",76,2,18,1,"Die Luftpumpe ist eine französische Erfindung.",1,1,1
"8330",76,2,18,1,"Ein Schwan trägt ca. 50.000 Federn am Körper.",1,1,2
"8331",76,2,18,1,"Der Allradantrieb wurde 1938 in England erfunden.",0,0,2
"8332",76,2,18,1,"Die Tochter von Sydney Poitier heißt Sydney Poitier.",1,0,1
"8333",76,2,18,1,"Der Nacktmull ist das schmerzempfindlichste Tier der Welt.",1,0,3
"8334",76,2,18,1,"Erdbeeren enthalten mehr Vitamin C als Orangen.",0,0,4
"8335",76,2,18,1,"Ein Menschenfloh kann 20cm hoch springen.",1,1,4
"8336",76,2,18,1,"Tequila wird aus dem Herzen der roten Agave gewonnen.",0,1,2
"8337",76,2,18,1,"Das türkische Bad wurde in Griechenland erfunden.",1,1,2
"8338",76,2,18,1,"Spanien ist ein Gründungsmitglied der UNO.",1,0,3
"8339",76,2,18,1,"Der Erfinder des Bikinis war ursprünglich Schuhdesigner.",0,0,1
"8340",76,2,18,1,"Winston Churchill erhielt den Nobelpreis für Literatur.",0,0,1
"8341",76,2,18,1,"Der Film 'Pretty Woman' gewann keinen Oscar.",1,1,3
"8342",76,2,18,1,"Giséle Bündchen hat einen Zwillingsbruder.",1,1,3
"8343",76,2,18,1,"Das Finn-Dingi ist ein Einmannboot beim Sportsegeln.",0,0,1
"8344",76,2,18,1,"Alexander Graham Bell erfand das Tragflügelboot.",0,0,2
"8345",76,2,18,1,"Schweine können keinen Sonnenbrand bekommen.",1,1,2
"8346",76,2,18,1,"Minerva ist die römische Göttin der Weisheit.",1,1,6
"8347",76,2,18,1,"Nur Menschen und Affen besitzen einen Bauchnabel.",0,1,3
"8348",76,2,18,1,"Robbie Williams heißt mit Zweitnamen 'Maximilian'.",1,1,2
"8349",76,2,18,1,"Das Domino-Spiel besteht aus 28 Steinen.",1,1,1
"8350",76,2,18,1,"Ein Biber kann in einem Jahr über 200 Bäume fällen.",1,0,2
"8351",76,2,18,1,"Die Wüste Gobi ist eine Felswüste.",1,1,3
"8352",76,2,18,1,"Bei den italienischen Wahlen 2008 traten 62 Parteien an.",1,1,2
"8353",76,2,18,1,"Tom Cruise ist Legastheniker.",1,0,1
"8354",76,2,18,1,"Nicole Kidman hat panische Angst vor Schmetterlingen.",1,1,2
"8355",76,2,18,1,"Das meiste Gold wird derzeit in Südafrika gefördert.",1,1,5
"8356",76,2,18,1,"Eine Bienenkönigin legt durchschnittlich 500 Eier am Tag.",0,1,2
"8357",76,2,18,1,"Einen kastrierten Esel nennt man auch Macker oder Knilch.",0,0,1
"8358",76,2,18,1,"Sumatra ist die viertgrößte Insel der Welt.",1,1,3
"8359",76,2,18,1,"Die Sektsteuer wurde von Friedrich Ebert eingeführt.",1,1,2
"8360",76,2,18,1,"Magnesiummangel kann zu Hautproblemen führen.",0,1,5
"8361",76,2,18,1,"In Uganda ist die Amtssprache englisch.",0,0,1
"8362",76,2,18,1,"Der Javagraben ist die tiefste Meerestiefe der Welt.",1,0,6
"8363",76,2,18,1,"Schären sind Talgletscher in Skandinavien.",0,1,2
"8364",76,2,18,1,"Seepferdchen gehören zur Gattung der Fische.",1,0,2
"8365",76,2,18,1,"Volleyball wurde in Florida erfunden.",1,1,1
"8366",76,2,18,1,"Die Insektenkunde wird auch Entomologie genannt.",1,1,4
"8367",76,2,18,1,"Auf indischen Rupienscheinen sind 12 verschiedene Schriften.",0,1,4
"8368",76,2,18,1,"Albany ist die Hauptstadt des US-Bundesstaates New Jersey.",0,0,3
"8369",76,1,18,1,"Das Jojo war ursprünglich eine philippinische Jagdwaffe.",1,1,4
"8370",76,1,18,1,"Austern wechseln je nach Jahreszeit ihr Geschlecht.",1,1,2
"8371",76,1,18,1,"Frauen bekommen häufiger einen Schluckauf als Männer.",0,1,3
"8372",76,1,18,1,"Nauru ist die kleinste souveräne Republik der Erde.",0,1,1
"8373",77,2,19,1,"In Angola ist Spanisch die offizielle Amtssprache.",0,1,1
"8374",77,2,19,1,"Goethe schrieb genau 64 Jahre lang an seinem 'Faust'.",0,0,3
"8375",77,2,19,1,"Die kanadische Sängerin Celine Dion hat acht Geschwister.",1,0,2
"8376",77,2,19,1,"Einen kastrierten Esel nennt man auch Macker oder Knilch.",1,1,1
"8377",77,2,19,1,"Zuckerwatte wurde von einem Flugzeugpiloten erfunden.",0,0,2
"8378",77,2,19,1,"Ein menschliches Haar wächst jährlich ca. 85 mm.",0,1,4
"8379",77,2,19,1,"Die längsten Opern stammen von Gioacchino Rossini.",1,1,3
"8380",77,2,19,1,"Das Zwerghörnchen ist das kleinste Säugetier Europas.",1,0,2
"8381",77,2,19,1,"Alexander Graham Bell erfand das Tragflügelboot.",1,1,3
"8382",77,2,19,1,"Sambia hieß früher Nordrhodesien.",0,1,1
"8383",77,2,19,1,"Nur Menschen und Affen besitzen einen Bauchnabel.",1,0,2
"8384",77,2,19,1,"Albany ist die Hauptstadt des US-Bundesstaates New Jersey.",1,1,3
"8385",77,2,19,1,"Frauen bekommen häufiger einen Schluckauf als Männer.",0,0,2
"8386",77,2,19,1,"Jean-Jaques Rousseau war alleinerziehender Vater.",0,1,1
"8387",77,2,19,1,"Der Speisesaal eines Klosters wird Refektorium genannt.",1,1,2
"8388",77,2,19,1,"Kokosnüsse haben einen höheren Fettanteil als Pistazien.",0,1,3
"8389",77,2,19,1,"Der Schwertwal gehört zur Gattung der Delfine.",1,0,3
"8390",77,2,19,1,"Kleinohrigel haben keine Stacheln.",0,0,2
"8391",77,2,19,1,"Das Finn-Dingi ist ein Einmannboot beim Sportsegeln.",1,1,3
"8392",77,2,19,1,"Der mitteleuropäische Feldschwirl ist kein Zugvogel.",0,1,2
"8393",77,2,19,1,"Der Name 'Wowereit' heißt auf Litauisch Eichhörnchen.",0,1,1
"8394",77,2,19,1,"Lachse können bis zu 20 Jahre alt werden.",0,1,2
"8395",77,2,19,1,"Spanholz besteht hauptsächlich aus Birkenholz.",0,0,3
"8396",77,2,19,1,"Die Küstenseeschwalbe fliegt jedes Jahr fast 40000 km.",1,1,2
"8397",77,2,19,1,"In den USA gibt es die meisten Milliardäre auf der Welt.",1,1,5
"8398",77,2,19,1,"Ein neugeborenes Panda-Baby ist kleiner als eine Maus.",0,0,2
"8399",77,2,19,1,"Die erste elektronische Mail wurde im Jahr 1973 versendet.",1,1,4
"8400",77,2,19,1,"Der Allradantrieb wurde 1938 in England erfunden.",1,1,1
"8401",77,2,19,1,"Sheryl Crow war Hürdenläuferin.",1,0,1
"8402",77,2,19,1,"Der Reißverschluss wurde in Norwegen erfunden.",0,1,2
"8403",77,2,19,1,"Bob Dylan arbeitet nebenberuflich als Winzer.",1,1,4
"8404",77,2,19,1,"Balsaholz ist die schwerste aller Holzarten.",0,1,3
"8405",77,2,19,1,"Für Descartes wies Schielen bei Frauen auf Frigidität hin.",1,1,5
"8406",77,2,19,1,"Winston Churchill erhielt den Nobelpreis für Literatur.",1,1,4
"8407",77,2,19,1,"Tequila wird aus dem Herzen der roten Agave gewonnen.",1,1,3
"8408",77,2,19,1,"Magnesiummangel kann zu Hautproblemen führen.",1,0,1
"8409",77,2,19,1,"Die Wüste Dahna liegt in Saudi-Arabien.",0,1,3
"8410",77,2,19,1,"Island ist geologisch das jüngste Inselland der Welt.",1,1,2
"8411",77,2,19,1,"Beim Rugby gibt es 30 Spieler.",0,1,1
"8412",77,2,19,1,"Seoul bedeutet auf koreanisch 'Die Hauptstadt'.",1,1,5
"8413",77,2,19,1,"Schären sind Talgletscher in Skandinavien.",1,1,3
"8414",77,2,19,1,"Der Wassergehalt bei Beeren beträgt 90%.",0,1,4
"8415",77,2,19,1,"In Uganda ist die Amtssprache englisch.",1,1,2
"8416",77,2,19,1,"Der Goliathfrosch kann sogar kleine Krokodile verspeisen.",1,0,1
"8417",77,2,19,1,"Der Erfinder des Bikinis war ursprünglich Schuhdesigner.",1,1,1
"8418",77,2,19,1,"Blaue Augen werden im Alter immer heller.",0,1,4
"8419",77,2,19,1,"Nauru ist die kleinste souveräne Republik der Erde.",0,1,1
"8420",77,2,19,1,"In USA wird kein Teletext ausgestrahlt.",0,1,3
"8421",77,2,19,1,"Ein Nilpferd wiegt bei seiner Geburt ca. 150kg.",0,1,3
"8422",77,2,19,1,"Die Ostgoten zählten zum Stamm der Normannen.",0,0,1
"8423",77,2,19,1,"Der Ladogasee ist der größte See Europas.",1,0,1
"8424",77,2,19,1,"Tennis wurde in englischen Klöstern erfunden.",0,1,1
"8425",77,2,19,1,"Wladimir Putin wurde in Murmansk geboren.",0,1,2
"8426",77,2,19,1,"Hernando Cortéz eroberte Mexiko.",0,0,1
"8427",77,2,19,1,"Eine Bienenkönigin legt durchschnittlich 500 Eier am Tag.",1,0,1
"8428",77,2,19,1,"Erdbeeren enthalten mehr Vitamin C als Orangen.",1,0,5
"8429",77,2,19,1,"Weibliche Taranteln töten circa 99% ihrer Nachkommen.",0,1,3
"8430",77,1,19,1,"Freddie Mercurys richtiger Name lautete Farrokh Bulsara.",1,1,3
"8431",77,1,19,1,"Sumatra ist die viertgrößte Insel der Welt.",0,0,2
"8432",77,1,19,1,"Schlangen sind taub, da kein Außenohr vorhanden ist.",1,1,6
"8433",77,1,19,1,"Lybien ist das einzige Land mit einer einfarbigen Flagge.",1,1,6
"8434",77,1,19,1,"Der Javagraben ist die tiefste Meerestiefe der Welt.",0,0,3
"8435",77,1,19,1,"Die Nachfolger Mohammeds bezeichnet man als Kalifen.",1,1,6
"8436",77,1,19,1,"Der Mond passt vierzigmal in die Erdkugel.",1,1,5
"8437",77,1,19,1,"Delphine schwimmen höchstens 54 Kilometer pro Stunde.",1,0,2
"8438",77,1,19,1,"Seepferdchen gehören zur Gattung der Fische.",0,0,6
"8439",77,1,19,1,"Alle Uhren im Film 'Pulp Fiction' stehen auf 4.10 Uhr.",0,0,1
"8440",77,1,19,1,"Manama ist die Hauptstadt Bahrains.",1,1,3
"8441",77,1,19,1,"Die Angst vor dem Küssen nennt man Philemaphobie.",1,1,6
"8442",77,1,19,1,"Die Insel Ösel gehört zu Dänemark.",1,1,2
"8443",77,1,19,1,"Das Domino-Spiel besteht aus 28 Steinen.",0,0,2
"8444",77,1,19,1,"Nicole Kidman hat panische Angst vor Schmetterlingen.",0,0,2
"8445",77,1,19,1,"Minerva ist die römische Göttin der Weisheit.",0,1,4
"8446",77,1,19,1,"Spanien ist ein Gründungsmitglied der UNO.",0,0,5
"8447",77,1,19,1,"Der nicht sichtbare Teil des Eisbergs heißt Eisbergkiel.",1,1,2
"8448",77,1,19,1,"Die Luftpumpe ist eine französische Erfindung.",0,1,1
"8449",77,1,19,1,"Schweine können keinen Sonnenbrand bekommen.",0,0,2
"8450",77,1,19,1,"Das türkische Bad wurde in Griechenland erfunden.",0,0,2
"8451",77,1,19,1,"Das Jojo war ursprünglich eine philippinische Jagdwaffe.",1,1,2
"8452",77,1,19,1,"Tom Cruise ist Legastheniker.",0,1,2
"8453",77,1,19,1,"Wenn Nilpferde sich aufregen, färbt sich ihr Schweiß grün.",1,1,6
"8454",77,1,19,1,"Bolivien ist der kleinste Binnenstaat Südamerikas.",1,1,1
"8455",77,1,19,1,"Ein Biber kann in einem Jahr über 200 Bäume fällen.",0,1,2
"8456",77,1,19,1,"Brad Pitt heißt eigentlich 'Henry Bradley Pitt'.",1,0,3
"8457",77,1,19,1,"Giséle Bündchen hat einen Zwillingsbruder.",0,1,3
"8458",77,1,19,1,"Der höchste nordamerikanische Berg liegt in Wyoming.",1,1,5
"8459",77,1,19,1,"Die Slowakei gehört nicht zu den NATO-Staaten.",1,1,2
"8460",77,1,19,1,"Robbie Williams heißt mit Zweitnamen 'Maximilian'.",0,0,3
"8461",77,1,19,1,"Austern wechseln je nach Jahreszeit ihr Geschlecht.",1,1,3
"8462",77,1,19,1,"Unsere Atmosphäre enthält rund 0,00025 % Ozon.",1,1,6
"8463",77,1,19,1,"Das Capybara ist das größte aller Beuteltiere.",0,1,4
"8464",77,1,19,1,"Morpheus ist der griechische Gott der Träume.",1,1,6
"8465",77,1,19,1,"Die Sektsteuer wurde von Friedrich Ebert eingeführt.",0,0,3
"8466",77,1,19,1,"Der Nacktmull ist das schmerzempfindlichste Tier der Welt.",0,1,3
"8467",77,1,19,1,"Ein Schwan trägt ca. 50.000 Federn am Körper.",0,0,3
"8468",77,1,19,1,"Der Maler Marc Chagall wurde 1887 in Russland geboren.",1,1,4
"8469",77,1,19,1,"Die Schwarzerle zählt zu den Buchengewächsen.",1,1,5
"8470",77,1,19,1,"Volleyball wurde in Florida erfunden.",0,1,3
"8471",77,1,19,1,"Die Insektenkunde wird auch Entomologie genannt.",0,0,2
"8472",77,1,19,1,"Die Norfolkinseln im Pazifik gehören zu Neuseeland.",1,1,5
"8473",77,1,19,1,"Die Augen eines Straußes sind größer als sein Gehirn.",1,1,4
"8474",77,1,19,1,"Die Erde wird in 340 Längenkreise unterteilt.",0,0,5
"8475",77,1,19,1,"Das meiste Gold wird derzeit in Südafrika gefördert.",0,1,2
"8476",77,1,19,1,"Der griechische Gott Apollon ist der Schutzherr der Küste.",1,0,4
"8477",77,1,19,1,"Es gibt 56 verschiedene Arten eine Krawatte zu binden.",1,1,5
"8478",77,1,19,1,"Das Lieblingsgetränk von Benedikt XVI. ist Fanta.",1,1,6
"8479",77,1,19,1,"Die Wüste Gobi ist eine Felswüste.",0,1,2
"8480",77,1,19,1,"Der Basenji ist der einzige Hund, der nicht bellt.",1,1,4
"8481",77,1,19,1,"Die Azoren gehören zu Spanien.",1,1,5
"8482",77,1,19,1,"French Fries' wurden in England erfunden.",1,0,3
"8483",77,1,19,1,"Der Film 'Pretty Woman' gewann keinen Oscar.",0,0,3
"8484",77,1,19,1,"Frauen blinzeln fast doppelt so viel wie Männer.",0,1,2
"8485",77,1,19,1,"Bei den italienischen Wahlen 2008 traten 62 Parteien an.",0,0,1
"8486",77,1,19,1,"Der Bereich zwischen den Augenbrauen heißt Glabella.",0,0,2
"8487",77,1,19,1,"Die Tochter von Sydney Poitier heißt Sydney Poitier.",0,0,1
"8488",77,1,19,1,"Patagonien ist ein Landschaftsabschnitt in Asien.",1,1,3
"8489",77,1,19,1,"Ein Menschenfloh kann 20cm hoch springen.",0,0,1
"8490",77,2,19,1,"Auf indischen Rupienscheinen sind 12 verschiedene Schriften.",1,1,3
"8491",77,2,19,1,"Die Volksrepublik China wurde 1947 gegründet.",0,1,2
"8492",79,1,18,0,"Austern wechseln je nach Jahreszeit ihr Geschlecht.",0,0,3
"8493",79,1,18,0,"Brad Pitt heißt eigentlich 'Henry Bradley Pitt'.",0,1,5
"8494",79,1,18,0,"Wenn Nilpferde sich aufregen, färbt sich ihr Schweiß grün.",0,0,3
"8495",79,1,18,0,"Der Schwertwal gehört zur Gattung der Delfine.",1,1,5
"8496",79,1,18,0,"Schären sind Talgletscher in Skandinavien.",1,1,6
"8497",79,1,18,0,"Magnesiummangel kann zu Hautproblemen führen.",1,1,5
"8498",79,1,18,0,"French Fries' wurden in England erfunden.",0,0,3
"8499",79,1,18,0,"Die Küstenseeschwalbe fliegt jedes Jahr fast 40000 km.",1,0,3
"8500",79,1,18,0,"Der höchste nordamerikanische Berg liegt in Wyoming.",0,1,3
"8501",79,1,18,0,"Die längsten Opern stammen von Gioacchino Rossini.",1,1,4
"8502",79,1,18,0,"Die erste elektronische Mail wurde im Jahr 1973 versendet.",1,1,5
"8503",79,1,18,0,"Der nicht sichtbare Teil des Eisbergs heißt Eisbergkiel.",0,1,4
"8504",79,1,18,0,"In Uganda ist die Amtssprache englisch.",1,0,3
"8505",79,1,18,0,"Die Angst vor dem Küssen nennt man Philemaphobie.",0,1,3
"8506",79,1,18,0,"Auf indischen Rupienscheinen sind 12 verschiedene Schriften.",1,1,5
"8507",79,1,18,0,"Das Zwerghörnchen ist das kleinste Säugetier Europas.",1,0,3
"8508",79,1,18,0,"Delphine schwimmen höchstens 54 Kilometer pro Stunde.",0,0,5
"8509",79,1,18,0,"Der Goliathfrosch kann sogar kleine Krokodile verspeisen.",1,1,5
"8510",79,1,18,0,"Der Ladogasee ist der größte See Europas.",1,1,5
"8511",79,1,18,0,"Die Nachfolger Mohammeds bezeichnet man als Kalifen.",0,1,5
"8512",79,1,18,0,"In den USA gibt es die meisten Milliardäre auf der Welt.",1,1,6
"8513",79,1,18,0,"Erdbeeren enthalten mehr Vitamin C als Orangen.",1,1,5
"8514",79,1,18,0,"Patagonien ist ein Landschaftsabschnitt in Asien.",0,1,6
"8515",79,1,18,0,"Manama ist die Hauptstadt Bahrains.",0,0,4
"8516",79,1,18,0,"Die Augen eines Straußes sind größer als sein Gehirn.",0,1,6
"8517",79,1,18,0,"Sheryl Crow war Hürdenläuferin.",1,0,3
"8518",79,1,18,0,"Der griechische Gott Apollon ist der Schutzherr der Küste.",0,1,5
"8519",79,1,18,0,"Der Maler Marc Chagall wurde 1887 in Russland geboren.",0,1,3
"8520",79,1,18,0,"Tequila wird aus dem Herzen der roten Agave gewonnen.",1,1,5
"8521",79,1,18,0,"Eine Bienenkönigin legt durchschnittlich 500 Eier am Tag.",1,0,2
"8522",79,1,18,0,"Bolivien ist der kleinste Binnenstaat Südamerikas.",0,1,4
"8523",79,1,18,0,"Der Allradantrieb wurde 1938 in England erfunden.",1,1,5
"8524",79,1,18,0,"Es gibt 56 verschiedene Arten eine Krawatte zu binden.",0,0,2
"8525",79,1,18,0,"Der Basenji ist der einzige Hund, der nicht bellt.",0,1,5
"8526",79,1,18,0,"Die Slowakei gehört nicht zu den NATO-Staaten.",0,1,3
"8527",79,1,18,0,"Morpheus ist der griechische Gott der Träume.",0,1,3
"8528",79,1,18,0,"Schlangen sind taub, da kein Außenohr vorhanden ist.",0,0,3
"8529",79,1,18,0,"Nur Menschen und Affen besitzen einen Bauchnabel.",1,1,5
"8530",79,1,18,0,"Das Lieblingsgetränk von Benedikt XVI. ist Fanta.",0,1,3
"8531",79,1,18,0,"Die Schwarzerle zählt zu den Buchengewächsen.",0,1,3
"8532",79,1,18,0,"Albany ist die Hauptstadt des US-Bundesstaates New Jersey.",1,1,4
"8533",79,1,18,0,"Die Norfolkinseln im Pazifik gehören zu Neuseeland.",0,1,5
"8534",79,1,18,0,"Alexander Graham Bell erfand das Tragflügelboot.",1,0,3
"8535",79,1,18,0,"Unsere Atmosphäre enthält rund 0,00025 % Ozon.",0,0,4
"8536",79,1,18,0,"Seoul bedeutet auf koreanisch 'Die Hauptstadt'.",1,1,5
"8537",79,1,18,0,"Die Azoren gehören zu Spanien.",0,0,3
"8538",79,1,18,0,"Bob Dylan arbeitet nebenberuflich als Winzer.",1,1,4
"8539",79,1,18,0,"Der Mond passt vierzigmal in die Erdkugel.",0,1,4
"8540",79,1,18,0,"Lybien ist das einzige Land mit einer einfarbigen Flagge.",0,0,4
"8541",79,1,18,0,"Der Speisesaal eines Klosters wird Refektorium genannt.",1,1,6
"8542",79,1,18,0,"Der Erfinder des Bikinis war ursprünglich Schuhdesigner.",1,0,3
"8543",79,1,18,0,"Einen kastrierten Esel nennt man auch Macker oder Knilch.",1,1,3
"8544",79,1,18,0,"Das Jojo war ursprünglich eine philippinische Jagdwaffe.",0,0,4
"8545",79,1,18,0,"Island ist geologisch das jüngste Inselland der Welt.",1,0,3
"8546",79,1,18,0,"Freddie Mercurys richtiger Name lautete Farrokh Bulsara.",0,0,4
"8547",79,1,18,0,"Das Finn-Dingi ist ein Einmannboot beim Sportsegeln.",1,1,5
"8548",79,1,18,0,"Für Descartes wies Schielen bei Frauen auf Frigidität hin.",1,1,5
"8549",79,2,18,0,"Frauen blinzeln fast doppelt so viel wie Männer.",0,0,5
"8550",79,2,18,0,"Ein Menschenfloh kann 20cm hoch springen.",0,1,6
"8551",79,2,18,0,"Ein neugeborenes Panda-Baby ist kleiner als eine Maus.",1,0,4
"8552",79,2,18,0,"Ein Biber kann in einem Jahr über 200 Bäume fällen.",0,1,5
"8553",79,2,18,0,"Der Film 'Pretty Woman' gewann keinen Oscar.",0,0,3
"8554",79,2,18,0,"Beim Rugby gibt es 30 Spieler.",1,0,5
"8555",79,2,18,0,"Robbie Williams heißt mit Zweitnamen 'Maximilian'.",0,0,3
"8556",79,2,18,0,"Die Ostgoten zählten zum Stamm der Normannen.",1,1,6
"8557",79,2,18,0,"Bei den italienischen Wahlen 2008 traten 62 Parteien an.",0,1,3
"8558",79,2,18,0,"Der Javagraben ist die tiefste Meerestiefe der Welt.",0,0,2
"8559",79,2,18,0,"Schweine können keinen Sonnenbrand bekommen.",0,1,4
"8560",79,2,18,0,"Der Nacktmull ist das schmerzempfindlichste Tier der Welt.",0,1,3
"8561",79,2,18,0,"Kokosnüsse haben einen höheren Fettanteil als Pistazien.",1,1,5
"8562",79,2,18,0,"Volleyball wurde in Florida erfunden.",0,0,2
"8563",79,2,18,0,"Der Name 'Wowereit' heißt auf Litauisch Eichhörnchen.",1,1,3
"8564",79,2,18,0,"Spanien ist ein Gründungsmitglied der UNO.",0,1,4
"8565",79,2,18,0,"Tom Cruise ist Legastheniker.",0,0,3
"8566",79,2,18,0,"Sumatra ist die viertgrößte Insel der Welt.",0,0,3
"8567",79,2,18,0,"Giséle Bündchen hat einen Zwillingsbruder.",0,1,3
"8568",79,2,18,0,"Das Capybara ist das größte aller Beuteltiere.",0,0,4
"8569",79,2,18,0,"Das türkische Bad wurde in Griechenland erfunden.",0,1,4
"8570",79,2,18,0,"Minerva ist die römische Göttin der Weisheit.",0,1,4
"8571",79,2,18,0,"Spanholz besteht hauptsächlich aus Birkenholz.",1,1,2
"8572",79,2,18,0,"Die Wüste Dahna liegt in Saudi-Arabien.",1,1,3
"8573",79,2,18,0,"Die Insektenkunde wird auch Entomologie genannt.",0,1,4
"8574",79,2,18,0,"Nicole Kidman hat panische Angst vor Schmetterlingen.",0,0,2
"8575",79,2,18,0,"Jean-Jaques Rousseau war alleinerziehender Vater.",1,0,5
"8576",79,2,18,0,"Die Luftpumpe ist eine französische Erfindung.",0,0,2
"8577",79,2,18,0,"Die Erde wird in 340 Längenkreise unterteilt.",0,0,4
"8578",79,2,18,0,"Goethe schrieb genau 64 Jahre lang an seinem 'Faust'.",1,1,5
"8579",79,2,18,0,"Sambia hieß früher Nordrhodesien.",1,1,3
"8580",79,2,18,0,"Der Wassergehalt bei Beeren beträgt 90%.",1,0,4
"8581",79,2,18,0,"Ein Schwan trägt ca. 50.000 Federn am Körper.",0,0,3
"8582",79,2,18,0,"Das Domino-Spiel besteht aus 28 Steinen.",0,1,4
"8583",79,2,18,0,"Tennis wurde in englischen Klöstern erfunden.",1,1,3
"8584",79,2,18,0,"Das meiste Gold wird derzeit in Südafrika gefördert.",0,1,2
"8585",79,2,18,0,"Balsaholz ist die schwerste aller Holzarten.",1,0,2
"8586",79,2,18,0,"Lachse können bis zu 20 Jahre alt werden.",1,1,3
"8587",79,2,18,0,"In USA wird kein Teletext ausgestrahlt.",1,1,2
"8588",79,2,18,0,"Ein menschliches Haar wächst jährlich ca. 85 mm.",1,0,6
"8589",79,2,18,0,"Alle Uhren im Film 'Pulp Fiction' stehen auf 4.10 Uhr.",0,1,3
"8590",79,2,18,0,"Kleinohrigel haben keine Stacheln.",1,0,2
"8591",79,2,18,0,"Die Tochter von Sydney Poitier heißt Sydney Poitier.",0,1,3
"8592",79,2,18,0,"Der Reißverschluss wurde in Norwegen erfunden.",1,1,3
"8593",79,2,18,0,"Wladimir Putin wurde in Murmansk geboren.",1,1,3
"8594",79,2,18,0,"Frauen bekommen häufiger einen Schluckauf als Männer.",1,0,3
"8595",79,2,18,0,"Die Wüste Gobi ist eine Felswüste.",0,1,3
"8596",79,2,18,0,"In Angola ist Spanisch die offizielle Amtssprache.",1,1,4
"8597",79,2,18,0,"Zuckerwatte wurde von einem Flugzeugpiloten erfunden.",1,0,4
"8598",79,2,18,0,"Die Sektsteuer wurde von Friedrich Ebert eingeführt.",0,1,6
"8599",79,2,18,0,"Der Bereich zwischen den Augenbrauen heißt Glabella.",0,0,2
"8600",79,2,18,0,"Seepferdchen gehören zur Gattung der Fische.",0,0,2
"8601",79,2,18,0,"Keime sterben auf Holz schneller ab als auf Plastik.",1,1,4
"8602",79,2,18,0,"Nauru ist die kleinste souveräne Republik der Erde.",1,0,3
"8603",79,2,18,0,"Blaue Augen werden im Alter immer heller.",1,0,4
"8604",79,2,18,0,"Weibliche Taranteln töten circa 99% ihrer Nachkommen.",1,0,3
"8605",79,2,18,0,"Hernando Cortéz eroberte Mexiko.",1,0,4
"8606",79,2,18,0,"Ein Nilpferd wiegt bei seiner Geburt ca. 150kg.",1,1,2
"8607",79,2,18,0,"Die Volksrepublik China wurde 1947 gegründet.",1,0,4
"8608",79,1,18,0,"Die Insel Ösel gehört zu Dänemark.",0,1,3
"8609",79,1,18,0,"Winston Churchill erhielt den Nobelpreis für Literatur.",1,0,3
"8610",79,1,18,0,"Die kanadische Sängerin Celine Dion hat acht Geschwister.",1,1,4
"8611",80,2,18,1,"Der Film 'Pretty Woman' gewann keinen Oscar.",1,0,3
"8612",80,2,18,1,"Der Bereich zwischen den Augenbrauen heißt Glabella.",1,1,2
"8613",80,2,18,1,"Minerva ist die römische Göttin der Weisheit.",1,0,3
"8614",80,2,18,1,"In USA wird kein Teletext ausgestrahlt.",0,0,2
"8615",80,2,18,1,"Sambia hieß früher Nordrhodesien.",0,1,3
"8616",80,2,18,1,"Schweine können keinen Sonnenbrand bekommen.",1,1,2
"8617",80,2,18,1,"Jean-Jaques Rousseau war alleinerziehender Vater.",0,1,2
"8618",80,2,18,1,"Die Ostgoten zählten zum Stamm der Normannen.",0,0,2
"8619",80,2,18,1,"Nauru ist die kleinste souveräne Republik der Erde.",0,0,3
"8620",80,2,18,1,"Wladimir Putin wurde in Murmansk geboren.",0,0,2
"8621",80,2,18,1,"Sumatra ist die viertgrößte Insel der Welt.",1,0,2
"8622",80,2,18,1,"Das türkische Bad wurde in Griechenland erfunden.",1,1,3
"8623",80,2,18,1,"Das Domino-Spiel besteht aus 28 Steinen.",1,1,3
"8624",80,2,18,1,"Die Tochter von Sydney Poitier heißt Sydney Poitier.",1,0,3
"8625",80,2,18,1,"Tom Cruise ist Legastheniker.",1,1,3
"8626",80,2,18,1,"Alle Uhren im Film 'Pulp Fiction' stehen auf 4.10 Uhr.",1,1,3
"8627",80,2,18,1,"Das meiste Gold wird derzeit in Südafrika gefördert.",1,0,3
"8628",80,2,18,1,"Der mitteleuropäische Feldschwirl ist kein Zugvogel.",0,0,3
"8629",80,2,18,1,"Der Nacktmull ist das schmerzempfindlichste Tier der Welt.",1,1,3
"8630",80,2,18,1,"Spanien ist ein Gründungsmitglied der UNO.",1,0,3
"8631",80,2,18,1,"Tennis wurde in englischen Klöstern erfunden.",0,1,3
"8632",80,2,18,1,"Lachse können bis zu 20 Jahre alt werden.",0,1,4
"8633",80,2,18,1,"Die Sektsteuer wurde von Friedrich Ebert eingeführt.",1,1,3
"8634",80,2,18,1,"Weibliche Taranteln töten circa 99% ihrer Nachkommen.",0,1,4
"8635",80,2,18,1,"Die Erde wird in 340 Längenkreise unterteilt.",1,1,3
"8636",80,2,18,1,"Seepferdchen gehören zur Gattung der Fische.",1,0,4
"8637",80,2,18,1,"Frauen bekommen häufiger einen Schluckauf als Männer.",0,1,4
"8638",80,2,18,1,"Ein Menschenfloh kann 20cm hoch springen.",1,1,4
"8639",80,2,18,1,"Kokosnüsse haben einen höheren Fettanteil als Pistazien.",0,1,5
"8640",80,2,18,1,"Beim Rugby gibt es 30 Spieler.",0,1,4
"8641",80,2,18,1,"Blaue Augen werden im Alter immer heller.",0,1,3
"8642",80,2,18,1,"Ein Biber kann in einem Jahr über 200 Bäume fällen.",1,1,4
"8643",80,2,18,1,"Ein menschliches Haar wächst jährlich ca. 85 mm.",0,1,3
"8644",80,2,18,1,"Hernando Cortéz eroberte Mexiko.",0,0,3
"8645",80,2,18,1,"Goethe schrieb genau 64 Jahre lang an seinem 'Faust'.",0,1,4
"8646",80,2,18,1,"Spanholz besteht hauptsächlich aus Birkenholz.",0,1,4
"8647",80,2,18,1,"Volleyball wurde in Florida erfunden.",1,1,4
"8648",80,2,18,1,"Bei den italienischen Wahlen 2008 traten 62 Parteien an.",1,1,3
"8649",80,2,18,1,"Der Wassergehalt bei Beeren beträgt 90%.",0,1,4
"8650",80,2,18,1,"Giséle Bündchen hat einen Zwillingsbruder.",1,1,4
"8651",80,2,18,1,"Die Wüste Dahna liegt in Saudi-Arabien.",0,1,4
"8652",80,2,18,1,"Die Luftpumpe ist eine französische Erfindung.",1,1,3
"8653",80,2,18,1,"Der Name 'Wowereit' heißt auf Litauisch Eichhörnchen.",0,1,2
"8654",80,2,18,1,"Ein Nilpferd wiegt bei seiner Geburt ca. 150kg.",0,1,3
"8655",80,2,18,1,"Robbie Williams heißt mit Zweitnamen 'Maximilian'.",1,1,2
"8656",80,2,18,1,"Die Wüste Gobi ist eine Felswüste.",1,0,2
"8657",80,2,18,1,"Der Javagraben ist die tiefste Meerestiefe der Welt.",1,1,3
"8658",80,2,18,1,"Die Volksrepublik China wurde 1947 gegründet.",0,0,3
"8659",80,2,18,1,"Kleinohrigel haben keine Stacheln.",0,0,2
"8660",80,2,18,1,"Die Insektenkunde wird auch Entomologie genannt.",1,1,3
"8661",80,2,18,1,"In Angola ist Spanisch die offizielle Amtssprache.",0,1,2
"8662",80,2,18,1,"Zuckerwatte wurde von einem Flugzeugpiloten erfunden.",0,0,2
"8663",80,2,18,1,"Ein Schwan trägt ca. 50.000 Federn am Körper.",1,1,2
"8664",80,2,18,1,"Der Reißverschluss wurde in Norwegen erfunden.",0,1,3
"8665",80,2,18,1,"Nicole Kidman hat panische Angst vor Schmetterlingen.",1,1,2
"8666",80,2,18,1,"Das Capybara ist das größte aller Beuteltiere.",1,1,3
"8667",80,2,18,1,"Keime sterben auf Holz schneller ab als auf Plastik.",0,1,3
"8668",80,2,18,1,"Frauen blinzeln fast doppelt so viel wie Männer.",1,1,3
"8669",80,2,18,1,"Ein neugeborenes Panda-Baby ist kleiner als eine Maus.",0,0,4
"8670",80,2,18,1,"Balsaholz ist die schwerste aller Holzarten.",0,1,3
"8671",80,1,18,1,"Das Zwerghörnchen ist das kleinste Säugetier Europas.",1,1,2
"8672",80,1,18,1,"Seoul bedeutet auf koreanisch 'Die Hauptstadt'.",1,1,3
"8673",80,1,18,1,"Die längsten Opern stammen von Gioacchino Rossini.",1,1,4
"8674",80,1,18,1,"Der Allradantrieb wurde 1938 in England erfunden.",1,0,3
"8675",80,1,18,1,"Für Descartes wies Schielen bei Frauen auf Frigidität hin.",1,0,2
"8676",80,1,18,1,"Lybien ist das einzige Land mit einer einfarbigen Flagge.",0,0,2
"8677",80,1,18,1,"Die Augen eines Straußes sind größer als sein Gehirn.",0,0,2
"8678",80,1,18,1,"Albany ist die Hauptstadt des US-Bundesstaates New Jersey.",1,0,2
"8679",80,1,18,1,"Der Ladogasee ist der größte See Europas.",1,1,4
"8680",80,1,18,1,"Magnesiummangel kann zu Hautproblemen führen.",1,1,4
"8681",80,1,18,1,"Unsere Atmosphäre enthält rund 0,00025 % Ozon.",0,1,2
"8682",80,1,18,1,"Bob Dylan arbeitet nebenberuflich als Winzer.",1,1,4
"8683",80,1,18,1,"Die Nachfolger Mohammeds bezeichnet man als Kalifen.",0,0,2
"8684",80,1,18,1,"Die Insel Ösel gehört zu Dänemark.",0,1,2
"8685",80,1,18,1,"Austern wechseln je nach Jahreszeit ihr Geschlecht.",0,1,2
"8686",80,1,18,1,"Alexander Graham Bell erfand das Tragflügelboot.",1,1,2
"8687",80,1,18,1,"Die Norfolkinseln im Pazifik gehören zu Neuseeland.",0,1,3
"8688",80,1,18,1,"Einen kastrierten Esel nennt man auch Macker oder Knilch.",1,1,4
"8689",80,1,18,1,"Der Schwertwal gehört zur Gattung der Delfine.",1,1,4
"8690",80,1,18,1,"Brad Pitt heißt eigentlich 'Henry Bradley Pitt'.",0,1,3
"8691",80,1,18,1,"Die Küstenseeschwalbe fliegt jedes Jahr fast 40000 km.",1,1,2
"8692",80,1,18,1,"In Uganda ist die Amtssprache englisch.",1,1,2
"8693",80,1,18,1,"Wenn Nilpferde sich aufregen, färbt sich ihr Schweiß grün.",0,0,2
"8694",80,1,18,1,"Nur Menschen und Affen besitzen einen Bauchnabel.",1,1,4
"8695",80,1,18,1,"Winston Churchill erhielt den Nobelpreis für Literatur.",1,1,4
"8696",80,1,18,1,"Die Azoren gehören zu Spanien.",0,1,2
"8697",80,1,18,1,"Die erste elektronische Mail wurde im Jahr 1973 versendet.",1,1,4
"8698",80,1,18,1,"Delphine schwimmen höchstens 54 Kilometer pro Stunde.",0,1,3
"8699",80,1,18,1,"Der Mond passt vierzigmal in die Erdkugel.",0,1,3
"8700",80,1,18,1,"Island ist geologisch das jüngste Inselland der Welt.",1,1,2
"8701",80,1,18,1,"Bolivien ist der kleinste Binnenstaat Südamerikas.",0,1,2
"8702",80,1,18,1,"Der Maler Marc Chagall wurde 1887 in Russland geboren.",0,1,1
"8703",80,1,18,1,"Die Slowakei gehört nicht zu den NATO-Staaten.",0,1,2
"8704",80,1,18,1,"Tequila wird aus dem Herzen der roten Agave gewonnen.",1,1,4
"8705",80,1,18,1,"In den USA gibt es die meisten Milliardäre auf der Welt.",1,1,4
"8706",80,1,18,1,"Der Erfinder des Bikinis war ursprünglich Schuhdesigner.",1,1,4
"8707",80,1,18,1,"Der Speisesaal eines Klosters wird Refektorium genannt.",1,1,3
"8708",80,1,18,1,"Das Lieblingsgetränk von Benedikt XVI. ist Fanta.",0,1,1
"8709",80,1,18,1,"Das Jojo war ursprünglich eine philippinische Jagdwaffe.",0,1,2
"8710",80,1,18,1,"Die kanadische Sängerin Celine Dion hat acht Geschwister.",1,1,3
"8711",80,1,18,1,"Der Basenji ist der einzige Hund, der nicht bellt.",0,1,1
"8712",80,1,18,1,"Es gibt 56 verschiedene Arten eine Krawatte zu binden.",0,0,1
"8713",80,1,18,1,"Morpheus ist der griechische Gott der Träume.",0,1,1
"8714",80,1,18,1,"Der höchste nordamerikanische Berg liegt in Wyoming.",0,1,2
"8715",80,1,18,1,"Die Angst vor dem Küssen nennt man Philemaphobie.",0,1,1
"8716",80,1,18,1,"Eine Bienenkönigin legt durchschnittlich 500 Eier am Tag.",1,1,3
"8717",80,1,18,1,"Patagonien ist ein Landschaftsabschnitt in Asien.",0,1,3
"8718",80,1,18,1,"Auf indischen Rupienscheinen sind 12 verschiedene Schriften.",1,1,4
"8719",80,1,18,1,"Die Schwarzerle zählt zu den Buchengewächsen.",0,1,2
"8720",80,1,18,1,"Der griechische Gott Apollon ist der Schutzherr der Küste.",0,1,1
"8721",80,1,18,1,"Sheryl Crow war Hürdenläuferin.",1,1,4
"8722",80,1,18,1,"Schären sind Talgletscher in Skandinavien.",1,1,5
"8723",80,1,18,1,"Das Finn-Dingi ist ein Einmannboot beim Sportsegeln.",1,1,2
"8724",80,1,18,1,"Der nicht sichtbare Teil des Eisbergs heißt Eisbergkiel.",0,1,2
"8725",80,1,18,1,"French Fries' wurden in England erfunden.",0,0,4
"8726",80,1,18,1,"Freddie Mercurys richtiger Name lautete Farrokh Bulsara.",0,1,1
"8727",80,1,18,1,"Manama ist die Hauptstadt Bahrains.",0,1,2
"8728",80,1,18,1,"Erdbeeren enthalten mehr Vitamin C als Orangen.",1,0,3
"8729",80,1,18,1,"Schlangen sind taub, da kein Außenohr vorhanden ist.",0,0,2
"8730",80,1,18,1,"Der Goliathfrosch kann sogar kleine Krokodile verspeisen.",1,0,3
"8731",81,1,19,1,"Der Reißverschluss wurde in Norwegen erfunden.",0,1,2
"8732",81,1,19,1,"Die längsten Opern stammen von Gioacchino Rossini.",1,1,2
"8733",81,1,19,1,"Goethe schrieb genau 64 Jahre lang an seinem 'Faust'.",0,1,5
"8734",81,1,19,1,"Beim Rugby gibt es 30 Spieler.",0,1,3
"8735",81,1,19,1,"Erdbeeren enthalten mehr Vitamin C als Orangen.",1,0,4
"8736",81,1,19,1,"In Uganda ist die Amtssprache englisch.",1,0,1
"8737",81,1,19,1,"Magnesiummangel kann zu Hautproblemen führen.",1,1,5
"8738",81,1,19,1,"Balsaholz ist die schwerste aller Holzarten.",0,0,1
"8739",81,1,19,1,"Tequila wird aus dem Herzen der roten Agave gewonnen.",1,1,5
"8740",81,1,19,1,"Alexander Graham Bell erfand das Tragflügelboot.",1,0,2
"8741",81,1,19,1,"Frauen bekommen häufiger einen Schluckauf als Männer.",0,0,1
"8742",81,1,19,1,"Der Erfinder des Bikinis war ursprünglich Schuhdesigner.",1,1,6
"8743",81,1,19,1,"Der Speisesaal eines Klosters wird Refektorium genannt.",1,1,5
"8744",81,1,19,1,"Spanholz besteht hauptsächlich aus Birkenholz.",0,1,3
"8745",81,1,19,1,"Für Descartes wies Schielen bei Frauen auf Frigidität hin.",1,1,5
"8746",81,1,19,1,"Blaue Augen werden im Alter immer heller.",0,1,5
"8747",81,1,19,1,"Kleinohrigel haben keine Stacheln.",0,0,1
"8748",81,1,19,1,"Bob Dylan arbeitet nebenberuflich als Winzer.",1,1,6
"8749",81,1,19,1,"Seoul bedeutet auf koreanisch 'Die Hauptstadt'.",1,1,4
"8750",81,1,19,1,"Das Finn-Dingi ist ein Einmannboot beim Sportsegeln.",1,1,4
"8751",81,1,19,1,"Nauru ist die kleinste souveräne Republik der Erde.",0,0,1
"8752",81,1,19,1,"Eine Bienenkönigin legt durchschnittlich 500 Eier am Tag.",1,0,1
"8753",81,1,19,1,"Lachse können bis zu 20 Jahre alt werden.",0,1,1
"8754",81,1,19,1,"Die Volksrepublik China wurde 1947 gegründet.",0,0,1
"8755",81,1,19,1,"Schären sind Talgletscher in Skandinavien.",1,1,2
"8756",81,1,19,1,"Die Wüste Dahna liegt in Saudi-Arabien.",0,1,1
"8757",81,1,19,1,"Ein menschliches Haar wächst jährlich ca. 85 mm.",0,0,1
"8758",81,1,19,1,"Die Ostgoten zählten zum Stamm der Normannen.",0,1,2
"8759",81,1,19,1,"Keime sterben auf Holz schneller ab als auf Plastik.",0,0,4
"8760",81,1,19,1,"In den USA gibt es die meisten Milliardäre auf der Welt.",1,1,6
"8761",81,1,19,1,"Hernando Cortéz eroberte Mexiko.",0,0,1
"8762",81,1,19,1,"Albany ist die Hauptstadt des US-Bundesstaates New Jersey.",1,0,1
"8763",81,1,19,1,"Winston Churchill erhielt den Nobelpreis für Literatur.",1,1,2
"8764",81,1,19,1,"Einen kastrierten Esel nennt man auch Macker oder Knilch.",1,1,4
"8765",81,1,19,1,"Ein Nilpferd wiegt bei seiner Geburt ca. 150kg.",0,0,1
"8766",81,1,19,1,"Die erste elektronische Mail wurde im Jahr 1973 versendet.",1,1,4
"8767",81,1,19,1,"Nur Menschen und Affen besitzen einen Bauchnabel.",1,1,5
"8768",81,1,19,1,"Der Schwertwal gehört zur Gattung der Delfine.",1,1,4
"8769",81,1,19,1,"Der Ladogasee ist der größte See Europas.",1,1,1
"8770",81,1,19,1,"Tennis wurde in englischen Klöstern erfunden.",0,0,1
"8771",81,1,19,1,"Die Küstenseeschwalbe fliegt jedes Jahr fast 40000 km.",1,1,4
"8772",81,1,19,1,"Der mitteleuropäische Feldschwirl ist kein Zugvogel.",0,0,1
"8773",81,1,19,1,"Kokosnüsse haben einen höheren Fettanteil als Pistazien.",0,0,1
"8774",81,1,19,1,"Wladimir Putin wurde in Murmansk geboren.",0,0,1
"8775",81,1,19,1,"Ein neugeborenes Panda-Baby ist kleiner als eine Maus.",0,0,6
"8776",81,1,19,1,"In USA wird kein Teletext ausgestrahlt.",0,0,2
"8777",81,1,19,1,"Die kanadische Sängerin Celine Dion hat acht Geschwister.",1,1,5
"8778",81,1,19,1,"Der Wassergehalt bei Beeren beträgt 90%.",0,1,3
"8779",81,1,19,1,"Der Goliathfrosch kann sogar kleine Krokodile verspeisen.",1,1,5
"8780",81,1,19,1,"Sheryl Crow war Hürdenläuferin.",1,1,1
"8781",81,1,19,1,"Der Name 'Wowereit' heißt auf Litauisch Eichhörnchen.",0,0,1
"8782",81,1,19,1,"Weibliche Taranteln töten circa 99% ihrer Nachkommen.",0,0,1
"8783",81,1,19,1,"Zuckerwatte wurde von einem Flugzeugpiloten erfunden.",0,0,1
"8784",81,1,19,1,"Jean-Jaques Rousseau war alleinerziehender Vater.",0,0,1
"8785",81,1,19,1,"Island ist geologisch das jüngste Inselland der Welt.",1,1,4
"8786",81,1,19,1,"In Angola ist Spanisch die offizielle Amtssprache.",0,1,2
"8787",81,1,19,1,"Sambia hieß früher Nordrhodesien.",0,0,1
"8788",81,1,19,1,"Auf indischen Rupienscheinen sind 12 verschiedene Schriften.",1,1,2
"8789",81,1,19,1,"Das Zwerghörnchen ist das kleinste Säugetier Europas.",1,0,1
"8790",81,1,19,1,"Der Allradantrieb wurde 1938 in England erfunden.",1,1,3
"8791",81,2,19,1,"Der Basenji ist der einzige Hund, der nicht bellt.",1,0,1
"8792",81,2,19,1,"Das Lieblingsgetränk von Benedikt XVI. ist Fanta.",1,1,2
"8793",81,2,19,1,"Der Mond passt vierzigmal in die Erdkugel.",1,0,1
"8794",81,2,19,1,"Minerva ist die römische Göttin der Weisheit.",0,0,6
"8795",81,2,19,1,"Die Luftpumpe ist eine französische Erfindung.",0,1,1
"8796",81,2,19,1,"Der Bereich zwischen den Augenbrauen heißt Glabella.",0,0,1
"8797",81,2,19,1,"Austern wechseln je nach Jahreszeit ihr Geschlecht.",1,1,3
"8798",81,2,19,1,"Der griechische Gott Apollon ist der Schutzherr der Küste.",1,0,2
"8799",81,2,19,1,"Delphine schwimmen höchstens 54 Kilometer pro Stunde.",1,0,1
"8800",81,2,19,1,"Die Sektsteuer wurde von Friedrich Ebert eingeführt.",0,0,1
"8801",81,2,19,1,"Die Schwarzerle zählt zu den Buchengewächsen.",1,1,2
"8802",81,2,19,1,"Lybien ist das einzige Land mit einer einfarbigen Flagge.",1,1,1
"8803",81,2,19,1,"Der höchste nordamerikanische Berg liegt in Wyoming.",1,0,1
"8804",81,2,19,1,"Robbie Williams heißt mit Zweitnamen 'Maximilian'.",0,1,2
"8805",81,2,19,1,"Frauen blinzeln fast doppelt so viel wie Männer.",0,1,2
"8806",81,2,19,1,"Der Javagraben ist die tiefste Meerestiefe der Welt.",0,0,6
"8807",81,2,19,1,"Bolivien ist der kleinste Binnenstaat Südamerikas.",1,0,1
"8808",81,2,19,1,"Manama ist die Hauptstadt Bahrains.",1,0,1
"8809",81,2,19,1,"Das türkische Bad wurde in Griechenland erfunden.",0,0,1
"8810",81,2,19,1,"Alle Uhren im Film 'Pulp Fiction' stehen auf 4.10 Uhr.",0,1,1
"8811",81,2,19,1,"Die Insel Ösel gehört zu Dänemark.",1,1,2
"8812",81,2,19,1,"Tom Cruise ist Legastheniker.",0,1,2
"8813",81,2,19,1,"Die Nachfolger Mohammeds bezeichnet man als Kalifen.",1,0,1
"8814",81,2,19,1,"French Fries' wurden in England erfunden.",1,0,3
"8815",81,2,19,1,"Giséle Bündchen hat einen Zwillingsbruder.",0,0,1
"8816",81,2,19,1,"Die Wüste Gobi ist eine Felswüste.",0,0,1
"8817",81,2,19,1,"Volleyball wurde in Florida erfunden.",0,1,2
"8818",81,2,19,1,"Bei den italienischen Wahlen 2008 traten 62 Parteien an.",0,1,1
"8819",81,2,19,1,"Die Augen eines Straußes sind größer als sein Gehirn.",1,1,4
"8820",81,2,19,1,"Seepferdchen gehören zur Gattung der Fische.",0,0,2
"8821",81,2,19,1,"Die Azoren gehören zu Spanien.",1,0,1
"8822",81,2,19,1,"Morpheus ist der griechische Gott der Träume.",1,1,1
"8823",81,2,19,1,"Schweine können keinen Sonnenbrand bekommen.",0,0,1
"8824",81,2,19,1,"Spanien ist ein Gründungsmitglied der UNO.",0,1,1
"8825",81,2,19,1,"Die Erde wird in 340 Längenkreise unterteilt.",0,1,2
"8826",81,2,19,1,"Patagonien ist ein Landschaftsabschnitt in Asien.",1,0,4
"8827",81,2,19,1,"Unsere Atmosphäre enthält rund 0,00025 % Ozon.",1,1,1
"8828",81,2,19,1,"Freddie Mercurys richtiger Name lautete Farrokh Bulsara.",1,1,3
"8829",81,2,19,1,"Die Slowakei gehört nicht zu den NATO-Staaten.",1,0,1
"8830",81,2,19,1,"Sumatra ist die viertgrößte Insel der Welt.",0,0,1
"8831",81,2,19,1,"Ein Biber kann in einem Jahr über 200 Bäume fällen.",0,1,1
"8832",81,2,19,1,"Ein Schwan trägt ca. 50.000 Federn am Körper.",0,1,1
"8833",81,2,19,1,"Der nicht sichtbare Teil des Eisbergs heißt Eisbergkiel.",1,1,2
"8834",81,2,19,1,"Nicole Kidman hat panische Angst vor Schmetterlingen.",0,0,1
"8835",81,2,19,1,"Brad Pitt heißt eigentlich 'Henry Bradley Pitt'.",1,1,1
"8836",81,2,19,1,"Schlangen sind taub, da kein Außenohr vorhanden ist.",1,1,5
"8837",81,2,19,1,"Das Capybara ist das größte aller Beuteltiere.",0,0,1
"8838",81,2,19,1,"Wenn Nilpferde sich aufregen, färbt sich ihr Schweiß grün.",1,0,2
"8839",81,2,19,1,"Die Insektenkunde wird auch Entomologie genannt.",0,0,1
"8840",81,2,19,1,"Ein Menschenfloh kann 20cm hoch springen.",0,1,3
"8841",81,2,19,1,"Die Norfolkinseln im Pazifik gehören zu Neuseeland.",1,0,1
"8842",81,2,19,1,"Der Nacktmull ist das schmerzempfindlichste Tier der Welt.",0,0,1
"8843",81,2,19,1,"Das Domino-Spiel besteht aus 28 Steinen.",0,1,1
"8844",81,2,19,1,"Der Film 'Pretty Woman' gewann keinen Oscar.",0,0,4
"8845",81,2,19,1,"Es gibt 56 verschiedene Arten eine Krawatte zu binden.",1,1,4
"8846",81,2,19,1,"Das meiste Gold wird derzeit in Südafrika gefördert.",0,0,1
"8847",81,2,19,1,"Das Jojo war ursprünglich eine philippinische Jagdwaffe.",1,0,1
"8848",81,2,19,1,"Der Maler Marc Chagall wurde 1887 in Russland geboren.",1,1,4
"8849",81,2,19,1,"Die Tochter von Sydney Poitier heißt Sydney Poitier.",0,1,3
"8850",81,2,19,1,"Die Angst vor dem Küssen nennt man Philemaphobie.",1,1,1
