"","subject","statement_identifier","procedure_identifier","within_identifier","between_identifier","response","repeated","rt","confidence","trial"
"1",1,1,1,1,1,0,1,6.14999999999986,3,NA
"2",1,2,1,1,1,1,0,4.47000000000003,6,NA
"3",1,3,1,1,1,0,0,5.95000000000004,2,NA
"4",1,4,1,1,1,0,0,4.63000000000011,4,NA
"5",1,5,1,1,1,0,1,4.46000000000004,6,NA
"6",1,6,1,1,1,0,0,4.71000000000004,3,NA
"7",1,7,1,1,1,1,1,8.09999999999991,2,NA
"8",1,8,1,1,1,1,1,3.51999999999998,3,NA
"9",1,9,1,1,1,1,1,3.26999999999998,3,NA
"10",1,10,1,1,1,1,1,5.91000000000008,5,NA
"11",1,11,1,1,1,0,1,4.12000000000012,6,NA
"12",1,12,1,1,1,1,1,4.51999999999998,4,NA
"13",1,13,1,1,1,0,0,7.97000000000003,5,NA
"14",1,14,1,1,1,1,1,4.81000000000017,3,NA
"15",1,15,1,1,1,0,0,5.85000000000014,3,NA
"16",1,16,1,1,1,1,1,3.87999999999988,6,NA
"17",1,17,1,1,1,1,1,3.65999999999985,3,NA
"18",1,18,1,1,1,0,0,6.94000000000005,2,NA
"19",1,19,1,1,1,0,0,5.51999999999998,4,NA
"20",1,20,1,1,1,1,0,3.91999999999979,4,NA
"21",1,21,1,1,1,1,0,4.97000000000003,2,NA
"22",1,22,1,1,1,1,1,6.01999999999998,3,NA
"23",1,23,1,1,1,0,0,8.05999999999995,3,NA
"24",1,24,1,1,1,1,1,6.88000000000011,3,NA
"25",1,25,1,1,1,0,1,5.84999999999991,5,NA
"26",1,26,1,1,1,1,0,4.82999999999993,5,NA
"27",1,27,1,1,1,1,1,4.33000000000015,4,NA
"28",1,28,1,1,1,0,0,6.86000000000013,2,NA
"29",1,29,1,1,1,0,1,3.85000000000014,6,NA
"30",1,30,1,1,1,0,0,8.3599999999999,2,NA
"31",1,31,1,1,1,1,0,8.06000000000017,4,NA
"32",1,32,1,1,1,1,1,2.37000000000012,5,NA
"33",1,33,1,1,1,0,0,4.80999999999995,1,NA
"34",1,34,1,1,1,0,1,2.71000000000004,6,NA
"35",1,35,1,1,1,0,0,2.63000000000011,6,NA
"36",1,36,1,1,1,0,1,4.38999999999987,5,NA
"37",1,37,1,1,1,0,1,5.40000000000009,6,NA
"38",1,38,1,1,1,1,0,6.91999999999985,3,NA
"39",1,39,1,1,1,0,0,4.63000000000011,5,NA
"40",1,40,1,1,1,1,0,8.75,3,NA
"41",1,41,1,1,1,0,1,3.49000000000001,2,NA
"42",1,42,1,1,1,1,1,3.34999999999991,4,NA
"43",1,43,1,1,1,0,0,4.81999999999994,2,NA
"44",1,44,1,1,1,1,1,2.55999999999994,6,NA
"45",1,45,1,1,1,0,0,5.31999999999994,6,NA
"46",1,46,1,1,1,1,0,7.70999999999981,2,NA
"47",1,47,1,1,1,1,1,2.69000000000006,6,NA
"48",1,48,1,1,1,1,1,2.46000000000004,6,NA
"49",1,49,1,1,1,1,1,3.20000000000005,5,NA
"50",1,50,1,1,1,1,1,6.3599999999999,5,NA
"51",1,51,1,1,1,1,1,3,3,NA
"52",1,52,1,1,1,1,0,4.39999999999986,5,NA
"53",1,53,1,1,1,1,0,3.69000000000006,3,NA
"54",1,54,1,1,1,1,0,4.20000000000004,5,NA
"55",1,55,1,1,1,1,1,6.15999999999985,4,NA
"56",1,56,1,1,1,0,0,7.68000000000006,4,NA
"57",1,57,1,1,1,0,0,9.16999999999985,2,NA
"58",1,58,1,1,1,1,1,3,5,NA
"59",1,59,1,1,1,1,0,3.01999999999998,4,NA
"60",2,23,1,1,1,1,0,4,1,NA
"61",2,59,1,1,1,1,0,3.68999999999994,1,NA
"62",2,27,1,1,1,0,1,4.44000000000005,2,NA
"63",2,26,1,1,1,1,0,2.23000000000002,3,NA
"64",2,2,1,1,1,0,0,3.79000000000008,1,NA
"65",2,3,1,1,1,1,0,2.54999999999995,3,NA
"66",2,12,1,1,1,1,1,2.93999999999994,1,NA
"67",2,24,1,1,1,1,1,3.17999999999984,3,NA
"68",2,43,1,1,1,0,0,2.65000000000009,1,NA
"69",2,58,1,1,1,1,1,2.25999999999999,6,NA
"70",2,25,1,1,1,1,1,2.34999999999991,5,NA
"71",2,54,1,1,1,1,0,3.01999999999998,2,NA
"72",2,46,1,1,1,0,0,3.61000000000013,2,NA
"73",2,8,1,1,1,1,1,2.66999999999984,3,NA
"74",2,19,1,1,1,0,0,2.81999999999994,2,NA
"75",2,41,1,1,1,1,1,1.65999999999985,3,NA
"76",2,37,1,1,1,1,1,2.60000000000014,3,NA
"77",2,47,1,1,1,1,1,3.56999999999994,2,NA
"78",2,55,1,1,1,0,1,2.70000000000005,3,NA
"79",2,30,1,1,1,0,0,2.91000000000008,1,NA
"80",2,56,1,1,1,1,0,2.88000000000011,3,NA
"81",2,20,1,1,1,1,0,2.42000000000007,3,NA
"82",2,33,1,1,1,1,0,3.45000000000005,1,NA
"83",2,34,1,1,1,0,1,3.5300000000002,3,NA
"84",2,18,1,1,1,1,0,4.48000000000002,3,NA
"85",2,32,1,1,1,1,1,3.17000000000007,4,NA
"86",2,1,1,1,1,0,1,3.03999999999996,2,NA
"87",2,57,1,1,1,1,0,4.55999999999995,2,NA
"88",2,6,1,1,1,1,0,2.59999999999991,3,NA
"89",2,45,1,1,1,0,0,3.88999999999987,2,NA
"90",2,7,1,1,1,1,1,2.29999999999995,3,NA
"91",2,11,1,1,1,1,1,3.32999999999993,2,NA
"92",2,36,1,1,1,1,1,2.10000000000014,4,NA
"93",2,29,1,1,1,1,1,1.84999999999991,2,NA
"94",2,38,1,1,1,1,0,3.48000000000002,2,NA
"95",2,50,1,1,1,1,1,4.48999999999995,4,NA
"96",2,42,1,1,1,1,1,1.37000000000012,2,NA
"97",2,9,1,1,1,1,1,1.91000000000008,4,NA
"98",2,13,1,1,1,0,0,4.56999999999994,1,NA
"99",2,22,1,1,1,1,1,3.40000000000009,4,NA
"100",2,44,1,1,1,1,1,1.56999999999994,4,NA
"101",2,4,1,1,1,0,0,3.52999999999997,3,NA
"102",2,48,1,1,1,0,1,4.90000000000009,2,NA
"103",2,31,1,1,1,0,0,4.25,3,NA
"104",2,35,1,1,1,1,0,2.21000000000004,6,NA
"105",2,17,1,1,1,1,1,2.82999999999993,2,NA
"106",2,49,1,1,1,1,1,1.75,4,NA
"107",2,5,1,1,1,0,1,5.05999999999995,4,NA
"108",2,16,1,1,1,0,1,4.43999999999983,2,NA
"109",2,40,1,1,1,0,0,4.63000000000011,3,NA
"110",2,39,1,1,1,0,0,6.09999999999991,1,NA
"111",2,60,1,1,1,0,0,3.07999999999993,3,NA
"112",2,14,1,1,1,1,1,3.8900000000001,3,NA
"113",2,21,1,1,1,1,0,2.91000000000008,4,NA
"114",2,28,1,1,1,1,0,2.00999999999999,2,NA
"115",2,15,1,1,1,1,0,3.00999999999999,5,NA
"116",2,53,1,1,1,0,0,3.99000000000001,2,NA
"117",2,52,1,1,1,1,0,3.55000000000018,1,NA
"118",2,10,1,1,1,0,1,3.07999999999993,4,NA
"119",2,51,1,1,1,1,1,1.65000000000009,5,NA
"120",4,32,1,1,1,1,1,2.20999999999981,6,NA
"121",4,61,1,1,1,0,0,3,3,NA
"122",4,58,1,1,1,1,1,2.76999999999998,6,NA
"123",4,62,1,1,1,0,0,3.56999999999994,3,NA
"124",4,63,1,1,1,1,0,5.77999999999997,2,NA
"125",4,64,1,1,1,0,0,3.75999999999999,2,NA
"126",4,65,1,1,1,1,0,4.22000000000003,4,NA
"127",4,66,1,1,1,1,0,2.88000000000011,5,NA
"128",4,42,1,1,1,1,1,2.17000000000007,6,NA
"129",4,67,1,1,1,1,0,3.09999999999991,3,NA
"130",4,49,1,1,1,1,1,2.30000000000018,6,NA
"131",4,9,1,1,1,1,1,4.15999999999985,4,NA
"132",4,50,1,1,1,1,1,2.81000000000017,6,NA
"133",4,68,1,1,1,0,0,3.07000000000011,4,NA
"134",4,24,1,1,1,1,1,2.65999999999985,5,NA
"135",4,69,1,1,1,0,0,2.58999999999992,3,NA
"136",4,11,1,1,1,1,1,2.43999999999983,5,NA
"137",4,70,1,1,1,0,0,3.75,4,NA
"138",4,47,1,1,1,1,1,4.12000000000012,4,NA
"139",4,51,1,1,1,1,1,5.98000000000002,3,NA
"140",4,71,1,1,1,0,0,5.87999999999988,1,NA
"141",4,5,1,1,1,1,1,3.90999999999985,4,NA
"142",4,22,1,1,1,1,1,2.88000000000011,6,NA
"143",4,72,1,1,1,1,0,4.3900000000001,1,NA
"144",4,16,1,1,1,1,1,2.63999999999987,5,NA
"145",4,73,1,1,1,1,0,5.68000000000006,5,NA
"146",4,1,1,1,1,1,1,1.93000000000006,6,NA
"147",4,74,1,1,1,1,0,3.14999999999986,1,NA
"148",4,10,1,1,1,1,1,6.75,2,NA
"149",4,75,1,1,1,0,0,3.13000000000011,3,NA
"150",4,41,1,1,1,1,1,2.45000000000005,6,NA
"151",4,76,1,1,1,0,0,2.91999999999984,3,NA
"152",4,77,1,1,1,0,0,8.87999999999988,2,NA
"153",4,78,1,1,1,1,0,3.09000000000015,1,NA
"154",4,29,1,1,1,1,1,1.85000000000014,4,NA
"155",4,55,1,1,1,1,1,1.96000000000004,6,NA
"156",4,34,1,1,1,0,1,2.99000000000001,4,NA
"157",4,79,1,1,1,1,0,4.64999999999986,1,NA
"158",4,80,1,1,1,0,0,3.3900000000001,3,NA
"159",4,7,1,1,1,1,1,1.96000000000004,6,NA
"160",4,81,1,1,1,0,0,5.76999999999998,3,NA
"161",4,82,1,1,1,0,0,3.5,3,NA
"162",4,8,1,1,1,1,1,3.29999999999995,6,NA
"163",4,36,1,1,1,0,1,8.33999999999992,2,NA
"164",4,83,1,1,1,0,0,3.23000000000002,1,NA
"165",4,44,1,1,1,1,1,2.57999999999993,6,NA
"166",4,84,1,1,1,0,0,3.30999999999994,1,NA
"167",4,85,1,1,1,1,0,3.56000000000017,2,NA
"168",4,14,1,1,1,1,1,3.15000000000009,6,NA
"169",4,86,1,1,1,0,0,6.04999999999996,3,NA
"170",4,87,1,1,1,1,0,2.74000000000001,5,NA
"171",4,37,1,1,1,1,1,2.23000000000002,6,NA
"172",4,48,1,1,1,1,1,2.59999999999991,6,NA
"173",4,27,1,1,1,1,1,5.15999999999985,3,NA
"174",4,25,1,1,1,1,1,2.29000000000019,6,NA
"175",4,88,1,1,1,0,0,2.98000000000002,1,NA
"176",4,89,1,1,1,1,0,3.38000000000011,3,NA
"177",4,12,1,1,1,1,1,2.01999999999998,5,NA
"178",4,17,1,1,1,1,1,2.0300000000002,6,NA
"179",4,90,1,1,1,0,0,3.34999999999991,2,NA
"180",5,91,1,1,1,1,0,6.6099999999999,3,NA
"181",5,92,1,1,1,1,0,3.21000000000004,4,NA
"182",5,7,1,1,1,1,1,3.03999999999996,3,NA
"183",5,93,1,1,1,1,0,3.15000000000009,2,NA
"184",5,44,1,1,1,1,1,3.3900000000001,3,NA
"185",5,94,1,1,1,1,0,2.67000000000007,4,NA
"186",5,27,1,1,1,1,1,3.36999999999989,3,NA
"187",5,10,1,1,1,1,1,3.82000000000016,4,NA
"188",5,95,1,1,1,1,0,2.49000000000001,2,NA
"189",5,96,1,1,1,1,0,5.41000000000008,3,NA
"190",5,97,1,1,1,1,0,3.25999999999999,4,NA
"191",5,58,1,1,1,1,1,2.34999999999991,5,NA
"192",5,98,1,1,1,1,0,7.04999999999996,4,NA
"193",5,25,1,1,1,1,1,2.45000000000005,5,NA
"194",5,37,1,1,1,1,1,3.5,5,NA
"195",5,11,1,1,1,1,1,4.59000000000015,5,NA
"196",5,99,1,1,1,0,0,5.28999999999996,4,NA
"197",5,100,1,1,1,1,0,2.87000000000012,5,NA
"198",5,32,1,1,1,1,1,2.09999999999991,5,NA
"199",5,101,1,1,1,0,0,4.86999999999989,2,NA
"200",5,102,1,1,1,1,0,1.70000000000005,5,NA
"201",5,49,1,1,1,1,1,2.23000000000002,5,NA
"202",5,103,1,1,1,1,0,2,6,NA
"203",5,104,1,1,1,1,0,3.60000000000014,5,NA
"204",5,55,1,1,1,1,1,2.80000000000018,4,NA
"205",5,24,1,1,1,1,1,2.8900000000001,4,NA
"206",5,22,1,1,1,1,1,2.37000000000012,5,NA
"207",5,9,1,1,1,1,1,1.65000000000009,6,NA
"208",5,105,1,1,1,1,0,3.31999999999994,4,NA
"209",5,5,1,1,1,1,1,2.61999999999989,6,NA
"210",5,14,1,1,1,1,1,3.12000000000012,4,NA
"211",5,1,1,1,1,1,1,2.09999999999991,3,NA
"212",5,50,1,1,1,1,1,1.67000000000007,6,NA
"213",5,106,1,1,1,0,0,8.89999999999986,2,NA
"214",5,42,1,1,1,1,1,3.34999999999991,5,NA
"215",5,17,1,1,1,0,1,4.90000000000009,2,NA
"216",5,107,1,1,1,1,0,3.36999999999989,4,NA
"217",5,36,1,1,1,1,1,2.52999999999997,4,NA
"218",5,108,1,1,1,1,0,4.11999999999989,3,NA
"219",5,48,1,1,1,1,1,2.41000000000008,5,NA
"220",5,109,1,1,1,1,0,3.20000000000005,5,NA
"221",5,110,1,1,1,0,0,8.21000000000004,3,NA
"222",5,111,1,1,1,0,0,3.14999999999986,3,NA
"223",5,112,1,1,1,0,0,3.04000000000019,6,NA
"224",5,113,1,1,1,1,0,3.54999999999995,4,NA
"225",5,114,1,1,1,1,0,4.88000000000011,1,NA
"226",5,34,1,1,1,0,1,9.56999999999994,2,NA
"227",5,51,1,1,1,1,1,3.23000000000002,4,NA
"228",5,115,1,1,1,1,0,3.21000000000004,3,NA
"229",5,47,1,1,1,1,1,5.26999999999998,2,NA
"230",5,116,1,1,1,1,0,2.26999999999998,4,NA
"231",5,41,1,1,1,1,1,2.5,1,NA
"232",5,8,1,1,1,1,1,1.83000000000016,5,NA
"233",5,16,1,1,1,0,1,4.80000000000018,2,NA
"234",5,117,1,1,1,1,0,5.27999999999997,1,NA
"235",5,118,1,1,1,1,0,3.17000000000007,5,NA
"236",5,119,1,1,1,1,0,3.81999999999994,2,NA
"237",5,29,1,1,1,0,1,3.12000000000012,1,NA
"238",5,12,1,1,1,1,1,2.79999999999995,2,NA
"239",5,120,1,1,1,0,0,8.13000000000011,1,NA
"240",6,92,1,1,1,1,0,5.98000000000002,1,NA
"241",6,105,1,1,1,0,0,5.92000000000007,1,NA
"242",6,111,1,1,1,0,0,4.79999999999996,2,NA
"243",6,14,1,1,1,1,1,9.47000000000003,3,NA
"244",6,99,1,1,1,0,0,5.86999999999989,1,NA
"245",6,96,1,1,1,0,0,5.13000000000011,2,NA
"246",6,1,1,1,1,1,1,4.83999999999992,4,NA
"247",6,113,1,1,1,0,0,8.63999999999987,3,NA
"248",6,107,1,1,1,1,0,5.11999999999989,2,NA
"249",6,109,1,1,1,0,0,8.67000000000007,2,NA
"250",6,29,1,1,1,1,1,4.06999999999994,3,NA
"251",6,58,1,1,1,1,1,4.17000000000007,4,NA
"252",6,51,1,1,1,1,1,4.65000000000009,3,NA
"253",6,110,1,1,1,1,0,5.25999999999999,1,NA
"254",6,8,1,1,1,0,1,6.41000000000008,1,NA
"255",6,12,1,1,1,0,1,4.24000000000001,1,NA
"256",6,5,1,1,1,0,1,6.56999999999994,4,NA
"257",6,25,1,1,1,1,1,4.21000000000004,3,NA
"258",6,22,1,1,1,1,1,4.83000000000015,2,NA
"259",6,16,1,1,1,1,1,6.56000000000017,2,NA
"260",6,27,1,1,1,1,1,8.54999999999995,3,NA
"261",6,114,1,1,1,1,0,9.04999999999995,1,NA
"262",6,41,1,1,1,1,1,4.07999999999993,2,NA
"263",6,95,1,1,1,0,0,4.61999999999989,3,NA
"264",6,91,1,1,1,0,0,9.67999999999984,1,NA
"265",6,118,1,1,1,1,0,5.79999999999996,1,NA
"266",6,98,1,1,1,1,0,4.05999999999995,4,NA
"267",6,42,1,1,1,1,1,2.75,3,NA
"268",6,116,1,1,1,0,0,6.81000000000017,3,NA
"269",6,34,1,1,1,1,1,5.59000000000015,2,NA
"270",6,104,1,1,1,0,0,8.76999999999998,1,NA
"271",6,115,1,1,1,0,0,5.71000000000004,1,NA
"272",6,32,1,1,1,1,1,3.31999999999994,3,NA
"273",6,97,1,1,1,1,0,4.84000000000015,1,NA
"274",6,100,1,1,1,1,0,6.04999999999996,1,NA
"275",6,112,1,1,1,0,0,5.82999999999993,1,NA
"276",6,37,1,1,1,1,1,3.31999999999994,3,NA
"277",6,7,1,1,1,1,1,4.18000000000006,2,NA
"278",6,120,1,1,1,0,0,6.15000000000009,4,NA
"279",6,55,1,1,1,1,1,3.17000000000007,4,NA
"280",6,10,1,1,1,1,1,4.07000000000016,2,NA
"281",6,11,1,1,1,1,1,3.79000000000019,2,NA
"282",6,108,1,1,1,1,0,3.66000000000008,1,NA
"283",6,106,1,1,1,0,0,4.42000000000007,1,NA
"284",6,24,1,1,1,1,1,3.08000000000016,2,NA
"285",6,50,1,1,1,0,1,4.09999999999991,3,NA
"286",6,103,1,1,1,1,0,8.38000000000011,4,NA
"287",6,119,1,1,1,1,0,3.52999999999997,3,NA
"288",6,49,1,1,1,1,1,8.37000000000012,2,NA
"289",6,9,1,1,1,1,1,3.27000000000021,3,NA
"290",6,94,1,1,1,1,0,5.24000000000001,1,NA
"291",6,47,1,1,1,0,1,5.19000000000005,1,NA
"292",6,17,1,1,1,1,1,3.41000000000008,3,NA
"293",6,36,1,1,1,1,1,3.19000000000006,1,NA
"294",7,49,1,1,1,0,0,4.88000000000011,1,NA
"295",7,16,1,1,1,0,0,7.66999999999985,3,NA
"296",7,47,1,1,1,1,0,3.37000000000012,5,NA
"297",7,29,1,1,1,0,0,5.31999999999994,6,NA
"298",7,25,1,1,1,0,0,3.42999999999984,6,NA
"299",7,9,1,1,1,0,0,6.51999999999998,2,NA
"300",7,58,1,1,1,1,0,4.53999999999996,6,NA
"301",7,26,1,1,1,1,1,4.34999999999991,6,NA
"302",7,31,1,1,1,0,1,3.06999999999994,6,NA
"303",7,4,1,1,1,0,1,2.24000000000001,6,NA
"304",7,60,1,1,1,0,1,5.34999999999991,6,NA
"305",7,37,1,1,1,0,0,5.92000000000007,6,NA
"306",7,21,1,1,1,1,1,4.75,3,NA
"307",7,1,1,1,1,1,0,3.18000000000006,4,NA
"308",7,2,1,1,1,1,1,1.87999999999988,6,NA
"309",7,18,1,1,1,0,1,4.40000000000009,2,NA
"310",7,51,1,1,1,1,0,4.94999999999982,4,NA
"311",7,34,1,1,1,0,0,4.06000000000017,6,NA
"312",7,15,1,1,1,1,1,5.30999999999995,5,NA
"313",7,44,1,1,1,1,0,6.67000000000007,3,NA
"314",7,24,1,1,1,1,0,5.41000000000008,4,NA
"315",7,38,1,1,1,0,1,4.80000000000018,5,NA
"316",7,23,1,1,1,0,1,6.31999999999994,3,NA
"317",7,45,1,1,1,0,1,2.67000000000007,6,NA
"318",7,53,1,1,1,1,1,4.57999999999993,4,NA
"319",7,13,1,1,1,0,1,8.72000000000003,5,NA
"320",7,20,1,1,1,1,1,3.08000000000016,5,NA
"321",7,7,1,1,1,0,0,7.79000000000019,3,NA
"322",7,54,1,1,1,1,1,5.17000000000007,4,NA
"323",7,30,1,1,1,1,1,5.09999999999991,4,NA
"324",7,52,1,1,1,0,1,2.43000000000006,6,NA
"325",7,35,1,1,1,1,1,6.29999999999996,6,NA
"326",7,33,1,1,1,1,1,3.10000000000014,3,NA
"327",7,32,1,1,1,1,0,7.62000000000012,4,NA
"328",7,41,1,1,1,0,0,3.35000000000014,5,NA
"329",7,11,1,1,1,0,0,9.77999999999997,6,NA
"330",7,48,1,1,1,1,0,9.76999999999998,4,NA
"331",7,8,1,1,1,0,0,9.59000000000015,2,NA
"332",7,14,1,1,1,1,0,6.24000000000001,4,NA
"333",7,46,1,1,1,1,1,8.71000000000004,5,NA
"334",7,55,1,1,1,0,0,9.17999999999984,2,NA
"335",7,6,1,1,1,0,1,3.5,3,NA
"336",7,3,1,1,1,1,1,3.92999999999984,4,NA
"337",7,36,1,1,1,0,0,9.04999999999995,5,NA
"338",7,50,1,1,1,1,0,4.04999999999996,5,NA
"339",7,40,1,1,1,1,1,1.85000000000014,6,NA
"340",7,57,1,1,1,1,1,6.82999999999993,4,NA
"341",7,19,1,1,1,0,1,4.41000000000008,5,NA
"342",7,39,1,1,1,0,1,2.34000000000015,5,NA
"343",7,10,1,1,1,1,0,8.18999999999983,5,NA
"344",7,42,1,1,1,1,0,4.78999999999996,5,NA
"345",7,22,1,1,1,1,0,6.72000000000003,3,NA
"346",7,43,1,1,1,1,1,4.01999999999998,4,NA
"347",7,12,1,1,1,1,0,3.47000000000003,4,NA
"348",7,17,1,1,1,0,0,7.01999999999998,2,NA
"349",7,56,1,1,1,1,1,3.62999999999988,4,NA
"350",7,27,1,1,1,1,0,3.93000000000006,5,NA
"351",7,59,1,1,1,1,1,3.03999999999996,4,NA
"352",7,28,1,1,1,1,1,6.96000000000004,4,NA
"353",9,88,1,1,1,0,0,2.17999999999984,5,NA
"354",9,63,1,1,1,0,0,6.15000000000009,6,NA
"355",9,83,1,1,1,1,0,3.57000000000016,2,NA
"356",9,6,1,1,1,0,1,2.65999999999985,3,NA
"357",9,67,1,1,1,0,0,3.02000000000021,2,NA
"358",9,74,1,1,1,0,0,3.57000000000016,1,NA
"359",9,79,1,1,1,1,0,3.33000000000016,2,NA
"360",9,43,1,1,1,0,1,3.55999999999994,1,NA
"361",9,90,1,1,1,1,0,2.68000000000006,5,NA
"362",9,30,1,1,1,1,1,2.83000000000016,6,NA
"363",9,68,1,1,1,0,0,4.63000000000011,2,NA
"364",9,71,1,1,1,1,0,3.63000000000011,1,NA
"365",9,87,1,1,1,1,0,3.72000000000003,2,NA
"366",9,26,1,1,1,0,1,3.25999999999999,2,NA
"367",9,53,1,1,1,0,1,5.75,2,NA
"368",9,52,1,1,1,1,1,4.85000000000014,4,NA
"369",9,77,1,1,1,0,0,3.64999999999986,2,NA
"370",9,28,1,1,1,0,1,2.56999999999988,4,NA
"371",9,89,1,1,1,0,0,2.42000000000007,5,NA
"372",9,23,1,1,1,1,1,3.15000000000009,4,NA
"373",9,70,1,1,1,0,0,4.98000000000002,2,NA
"374",9,21,1,1,1,1,1,4.73000000000002,1,NA
"375",9,46,1,1,1,1,1,2.90000000000009,5,NA
"376",9,40,1,1,1,0,1,3.5,4,NA
"377",9,4,1,1,1,1,1,4.04999999999996,4,NA
"378",9,18,1,1,1,1,1,5.07999999999993,2,NA
"379",9,2,1,1,1,1,1,4.95000000000004,2,NA
"380",9,75,1,1,1,0,0,4.23000000000002,1,NA
"381",9,73,1,1,1,1,0,3.15000000000009,6,NA
"382",9,69,1,1,1,0,0,5.59000000000015,1,NA
"383",9,82,1,1,1,0,0,3.64999999999986,2,NA
"384",9,15,1,1,1,0,1,2.88000000000011,2,NA
"385",9,56,1,1,1,1,1,5.23000000000002,3,NA
"386",9,62,1,1,1,1,0,3.39999999999986,2,NA
"387",9,86,1,1,1,1,0,4.38000000000011,2,NA
"388",9,31,1,1,1,1,1,3.38000000000011,5,NA
"389",9,39,1,1,1,1,1,3.69000000000006,5,NA
"390",9,85,1,1,1,1,0,4.33000000000015,2,NA
"391",9,61,1,1,1,1,0,3.28999999999996,2,NA
"392",9,20,1,1,1,1,1,4.07000000000016,4,NA
"393",9,76,1,1,1,0,0,3.41000000000008,2,NA
"394",9,54,1,1,1,0,1,3.96000000000004,1,NA
"395",9,59,1,1,1,1,1,2.50999999999999,2,NA
"396",9,3,1,1,1,0,1,3.96000000000004,2,NA
"397",9,19,1,1,1,0,1,2.73000000000002,6,NA
"398",9,13,1,1,1,0,1,4.99000000000001,2,NA
"399",9,45,1,1,1,1,1,4.22000000000003,4,NA
"400",9,35,1,1,1,1,1,2.36999999999989,4,NA
"401",9,65,1,1,1,1,0,3.32999999999993,2,NA
"402",9,66,1,1,1,1,0,2.64999999999986,1,NA
"403",9,80,1,1,1,0,0,2.75999999999999,3,NA
"404",9,64,1,1,1,0,0,3.23000000000002,5,NA
"405",9,84,1,1,1,1,0,3.47000000000003,2,NA
"406",9,38,1,1,1,1,1,2.67000000000007,1,NA
"407",9,57,1,1,1,1,1,3.09999999999991,2,NA
"408",9,60,1,1,1,1,1,3.61999999999989,4,NA
"409",9,81,1,1,1,1,0,2.63000000000011,5,NA
"410",9,33,1,1,1,1,1,2.43000000000006,4,NA
"411",9,72,1,1,1,1,0,4.29999999999996,2,NA
"412",9,78,1,1,1,0,0,3.72000000000003,2,NA
"413",11,111,1,1,1,1,0,2.56000000000006,1,NA
"414",11,112,1,1,1,0,0,2.8900000000001,6,NA
"415",11,28,1,1,1,1,1,2.37,1,NA
"416",11,101,1,1,1,1,0,1.59999999999991,4,NA
"417",11,54,1,1,1,1,1,3.69999999999993,1,NA
"418",11,13,1,1,1,1,1,1.58000000000004,6,NA
"419",11,94,1,1,1,0,0,2.87,3,NA
"420",11,39,1,1,1,1,1,1.53999999999996,3,NA
"421",11,45,1,1,1,1,1,2.42000000000007,3,NA
"422",11,103,1,1,1,1,0,2.66999999999984,4,NA
"423",11,60,1,1,1,1,1,1.87000000000012,6,NA
"424",11,96,1,1,1,1,0,1.56999999999994,5,NA
"425",11,15,1,1,1,1,1,1.63000000000011,3,NA
"426",11,99,1,1,1,1,0,1.97000000000003,2,NA
"427",11,114,1,1,1,1,0,2.31999999999994,5,NA
"428",11,3,1,1,1,1,1,1.25999999999999,3,NA
"429",11,18,1,1,1,1,1,2.17000000000007,4,NA
"430",11,52,1,1,1,1,1,3.50999999999999,5,NA
"431",11,97,1,1,1,1,0,4.61999999999989,1,NA
"432",11,116,1,1,1,1,0,2.25,1,NA
"433",11,91,1,1,1,1,0,1.55999999999994,4,NA
"434",11,20,1,1,1,1,1,2.51999999999998,6,NA
"435",11,113,1,1,1,1,0,3.12999999999988,1,NA
"436",11,6,1,1,1,1,1,1.66999999999984,2,NA
"437",11,19,1,1,1,1,1,1.88000000000011,6,NA
"438",11,21,1,1,1,1,1,2.77000000000021,5,NA
"439",11,59,1,1,1,1,1,4.02999999999997,3,NA
"440",11,109,1,1,1,1,0,2.29999999999995,1,NA
"441",11,98,1,1,1,0,0,2.49000000000001,5,NA
"442",11,43,1,1,1,1,1,1.69000000000006,4,NA
"443",11,117,1,1,1,1,0,4.50999999999999,2,NA
"444",11,108,1,1,1,1,0,2.62999999999988,4,NA
"445",11,4,1,1,1,1,1,2.48000000000002,1,NA
"446",11,100,1,1,1,1,0,2.05000000000018,6,NA
"447",11,53,1,1,1,1,1,1.54999999999995,5,NA
"448",11,33,1,1,1,0,1,3.29999999999995,1,NA
"449",11,57,1,1,1,1,1,4.79000000000013,1,NA
"450",11,31,1,1,1,0,1,3.56999999999994,1,NA
"451",11,102,1,1,1,1,0,1.48000000000002,2,NA
"452",11,106,1,1,1,0,0,3,6,NA
"453",11,115,1,1,1,1,0,2.58999999999992,2,NA
"454",11,26,1,1,1,1,1,2.65000000000009,4,NA
"455",11,93,1,1,1,1,0,3.22000000000003,2,NA
"456",11,23,1,1,1,1,1,4.00999999999999,3,NA
"457",11,38,1,1,1,0,1,4.06000000000017,1,NA
"458",11,119,1,1,1,1,0,3.99000000000001,1,NA
"459",11,35,1,1,1,0,1,6.58999999999992,1,NA
"460",11,56,1,1,1,1,1,2.03999999999996,3,NA
"461",11,40,1,1,1,1,1,2.49000000000001,3,NA
"462",11,95,1,1,1,0,0,4.24000000000001,4,NA
"463",11,30,1,1,1,1,1,2.10000000000014,2,NA
"464",11,120,1,1,1,1,0,4.32999999999993,1,NA
"465",11,92,1,1,1,1,0,2.61000000000013,1,NA
"466",11,46,1,1,1,0,1,2.12999999999988,1,NA
"467",11,110,1,1,1,0,0,3.18000000000006,1,NA
"468",11,105,1,1,1,1,0,1.73000000000002,3,NA
"469",11,104,1,1,1,1,0,1.76999999999998,1,NA
"470",11,2,1,1,1,1,1,1.50999999999999,1,NA
"471",11,107,1,1,1,1,0,2.75999999999999,1,NA
"472",11,118,1,1,1,0,0,2.57999999999993,1,NA
"473",12,113,1,1,1,0,0,3.45000000000005,2,NA
"474",12,19,1,1,1,0,1,2.59999999999991,6,NA
"475",12,103,1,1,1,0,0,3.47000000000003,3,NA
"476",12,59,1,1,1,1,1,2.72000000000003,6,NA
"477",12,96,1,1,1,0,0,4.59999999999991,6,NA
"478",12,45,1,1,1,0,1,4.24000000000001,4,NA
"479",12,33,1,1,1,1,1,5.09000000000015,3,NA
"480",12,116,1,1,1,1,0,3.35000000000014,5,NA
"481",12,107,1,1,1,1,0,4.29999999999996,3,NA
"482",12,114,1,1,1,1,0,7.38999999999987,2,NA
"483",12,112,1,1,1,0,0,6.10000000000014,5,NA
"484",12,57,1,1,1,0,1,4.63999999999987,1,NA
"485",12,92,1,1,1,0,0,4.31999999999994,1,NA
"486",12,20,1,1,1,1,1,3.72000000000003,6,NA
"487",12,98,1,1,1,0,0,3.94999999999982,6,NA
"488",12,31,1,1,1,1,1,2.57999999999993,6,NA
"489",12,23,1,1,1,0,1,5.68000000000006,6,NA
"490",12,111,1,1,1,1,0,3.90000000000003,1,NA
"491",12,106,1,1,1,1,0,4.12000000000012,4,NA
"492",12,118,1,1,1,0,0,4.63999999999987,2,NA
"493",12,110,1,1,1,0,0,3.25999999999999,6,NA
"494",12,40,1,1,1,1,1,2.71000000000004,6,NA
"495",12,6,1,1,1,0,1,2.25,6,NA
"496",12,56,1,1,1,1,1,2.37000000000012,6,NA
"497",12,18,1,1,1,1,1,3.04999999999995,6,NA
"498",12,104,1,1,1,1,0,3.50999999999999,2,NA
"499",12,120,1,1,1,1,0,4.59000000000015,2,NA
"500",12,54,1,1,1,1,1,5.30999999999995,4,NA
"501",12,93,1,1,1,1,0,3.94000000000006,2,NA
"502",12,15,1,1,1,1,1,3.58000000000016,6,NA
"503",12,60,1,1,1,1,1,3.09999999999991,6,NA
"504",12,46,1,1,1,1,1,1.54999999999995,1,NA
"505",12,100,1,1,1,1,0,4.59999999999991,4,NA
"506",12,28,1,1,1,0,1,4.09000000000015,1,NA
"507",12,30,1,1,1,1,1,3.57999999999993,6,NA
"508",12,102,1,1,1,1,0,3.91000000000008,2,NA
"509",12,117,1,1,1,1,0,4.2199999999998,2,NA
"510",12,38,1,1,1,1,1,6.99000000000001,6,NA
"511",12,4,1,1,1,0,1,4.81999999999994,1,NA
"512",12,53,1,1,1,1,1,2.89999999999986,6,NA
"513",12,108,1,1,1,0,0,3.04999999999995,2,NA
"514",12,35,1,1,1,1,1,2.3900000000001,6,NA
"515",12,91,1,1,1,1,0,4.17000000000007,2,NA
"516",12,94,1,1,1,1,0,2.92000000000007,5,NA
"517",12,119,1,1,1,1,0,2.88000000000011,2,NA
"518",12,115,1,1,1,1,0,5.79000000000019,2,NA
"519",12,101,1,1,1,1,0,2.59000000000015,6,NA
"520",12,13,1,1,1,1,1,2.20999999999981,6,NA
"521",12,21,1,1,1,1,1,1.35000000000014,6,NA
"522",12,52,1,1,1,0,1,4.84999999999991,1,NA
"523",12,109,1,1,1,1,0,3.85000000000014,2,NA
"524",12,26,1,1,1,0,1,2.59000000000015,6,NA
"525",12,43,1,1,1,1,1,3.09000000000015,2,NA
"526",12,39,1,1,1,1,1,2.25999999999999,6,NA
"527",12,99,1,1,1,1,0,3.10000000000014,1,NA
"528",12,2,1,1,1,1,1,1.76999999999998,6,NA
"529",12,3,1,1,1,1,1,2.52000000000021,6,NA
"530",12,95,1,1,1,1,0,3.32999999999993,1,NA
"531",12,97,1,1,1,0,0,3.15999999999985,1,NA
"532",12,105,1,1,1,0,0,3.50999999999999,1,NA
"533",13,17,1,1,1,0,0,3.24000000000001,1,NA
"534",13,63,1,1,1,1,1,3.4699999999998,1,NA
"535",13,74,1,1,1,1,1,3.29999999999995,1,NA
"536",13,1,1,1,1,0,0,3.75999999999999,1,NA
"537",13,72,1,1,1,1,1,3.70000000000005,1,NA
"538",13,48,1,1,1,0,0,3.87000000000012,1,NA
"539",13,80,1,1,1,1,1,2.77999999999997,2,NA
"540",13,37,1,1,1,0,0,4.91999999999985,1,NA
"541",13,10,1,1,1,0,0,3.68999999999983,1,NA
"542",13,79,1,1,1,1,1,3.25999999999999,1,NA
"543",13,68,1,1,1,1,1,4.98000000000002,2,NA
"544",13,32,1,1,1,1,0,4.89999999999986,2,NA
"545",13,29,1,1,1,1,0,3.92000000000007,3,NA
"546",13,14,1,1,1,1,0,4.07999999999993,2,NA
"547",13,8,1,1,1,0,0,3.17000000000007,3,NA
"548",13,86,1,1,1,1,1,3.20000000000005,4,NA
"549",13,41,1,1,1,0,0,4.5,1,NA
"550",13,25,1,1,1,1,0,3.82999999999993,3,NA
"551",13,85,1,1,1,1,1,3.73000000000002,3,NA
"552",13,89,1,1,1,1,1,3.67000000000007,2,NA
"553",13,5,1,1,1,0,0,3.80000000000018,4,NA
"554",13,69,1,1,1,0,1,2.59999999999991,3,NA
"555",13,27,1,1,1,0,0,4.87000000000012,1,NA
"556",13,71,1,1,1,1,1,4.30000000000013,1,NA
"557",13,84,1,1,1,1,1,2.37000000000012,4,NA
"558",13,78,1,1,1,1,1,3.00999999999999,2,NA
"559",13,50,1,1,1,0,0,3.1099999999999,1,NA
"560",13,62,1,1,1,1,1,4.19000000000005,4,NA
"561",13,77,1,1,1,1,1,2.34999999999991,3,NA
"562",13,55,1,1,1,0,0,4.7199999999998,1,NA
"563",13,12,1,1,1,1,0,3.23000000000002,2,NA
"564",13,73,1,1,1,1,1,3.36999999999989,3,NA
"565",13,88,1,1,1,0,1,4.47000000000003,1,NA
"566",13,42,1,1,1,0,0,4.66999999999985,2,NA
"567",13,34,1,1,1,1,0,3.90999999999985,2,NA
"568",13,36,1,1,1,1,0,4.21000000000004,1,NA
"569",13,61,1,1,1,0,1,3.42000000000007,1,NA
"570",13,16,1,1,1,0,0,2.62000000000012,1,NA
"571",13,87,1,1,1,1,1,4.93999999999983,1,NA
"572",13,67,1,1,1,0,1,2.97000000000003,1,NA
"573",13,90,1,1,1,1,1,2.07999999999993,3,NA
"574",13,22,1,1,1,1,0,4.58999999999992,2,NA
"575",13,9,1,1,1,1,0,3.25,3,NA
"576",13,83,1,1,1,1,1,3.42000000000007,3,NA
"577",13,75,1,1,1,1,1,3.74000000000001,2,NA
"578",13,82,1,1,1,1,1,2.61999999999989,2,NA
"579",13,51,1,1,1,1,0,4.55999999999995,2,NA
"580",13,44,1,1,1,0,0,3.06999999999994,1,NA
"581",13,58,1,1,1,1,0,3.19000000000006,2,NA
"582",13,66,1,1,1,1,1,2.40000000000009,3,NA
"583",13,24,1,1,1,1,0,4.22999999999979,2,NA
"584",13,64,1,1,1,1,1,2.96000000000004,3,NA
"585",13,65,1,1,1,1,1,3.59999999999991,1,NA
"586",13,81,1,1,1,0,1,1.99000000000001,3,NA
"587",13,70,1,1,1,1,1,2.90000000000009,2,NA
"588",13,47,1,1,1,0,0,3.77999999999997,1,NA
"589",13,7,1,1,1,0,0,3.44000000000006,2,NA
"590",13,76,1,1,1,1,1,3.25999999999999,2,NA
"591",13,11,1,1,1,0,0,3.67999999999984,1,NA
"592",13,49,1,1,1,1,0,3.35000000000014,1,NA
"593",14,22,1,1,1,0,0,9.9699999999998,4,NA
"594",14,42,1,1,1,0,0,8.61999999999989,4,NA
"595",14,27,1,1,1,1,0,9.57000000000016,3,NA
"596",14,76,1,1,1,1,1,4.72000000000003,4,NA
"597",14,11,1,1,1,1,0,8.39999999999986,3,NA
"598",14,9,1,1,1,0,0,9.92999999999984,2,NA
"599",14,55,1,1,1,1,0,9.29999999999995,3,NA
"600",14,32,1,1,1,1,0,5.15000000000009,4,NA
"601",14,16,1,1,1,1,0,8.50999999999999,3,NA
"602",14,64,1,1,1,1,1,6.70000000000004,4,NA
"603",14,72,1,1,1,1,1,7.91000000000003,4,NA
"604",14,51,1,1,1,1,0,4.69999999999982,3,NA
"605",14,85,1,1,1,1,1,4.38000000000011,4,NA
"606",14,70,1,1,1,1,1,4.31999999999994,3,NA
"607",14,44,1,1,1,1,0,9.34999999999991,3,NA
"608",14,50,1,1,1,0,0,7.72000000000003,3,NA
"609",14,41,1,1,1,1,0,7.1400000000001,2,NA
"610",14,8,1,1,1,1,0,7.93000000000006,3,NA
"611",14,65,1,1,1,1,1,6.04999999999996,2,NA
"612",14,81,1,1,1,1,1,4.41999999999985,4,NA
"613",14,25,1,1,1,1,0,7.79999999999996,3,NA
"614",14,37,1,1,1,0,0,7.16000000000008,5,NA
"615",14,67,1,1,1,0,1,4.69000000000005,4,NA
"616",14,86,1,1,1,1,1,4.3599999999999,4,NA
"617",14,89,1,1,1,1,1,4.54000000000019,3,NA
"618",14,5,1,1,1,1,0,4.29999999999996,3,NA
"619",14,78,1,1,1,1,1,7.72000000000003,2,NA
"620",14,71,1,1,1,1,1,6.80999999999995,3,NA
"621",14,80,1,1,1,0,1,6.37000000000012,4,NA
"622",14,29,1,1,1,1,0,5.32000000000016,3,NA
"623",14,34,1,1,1,1,0,9.61999999999989,2,NA
"624",14,83,1,1,1,0,1,4.86000000000013,5,NA
"625",14,47,1,1,1,1,0,7.29999999999996,3,NA
"626",14,66,1,1,1,1,1,5.48000000000002,3,NA
"627",14,1,1,1,1,1,0,4.36000000000013,4,NA
"628",14,69,1,1,1,0,1,2.64999999999986,6,NA
"629",14,88,1,1,1,1,1,2.91999999999984,3,NA
"630",14,49,1,1,1,1,0,8.13999999999987,3,NA
"631",14,62,1,1,1,0,1,8.42999999999984,4,NA
"632",14,24,1,1,1,1,0,7.24000000000001,3,NA
"633",14,79,1,1,1,1,1,3.0300000000002,1,NA
"634",14,14,1,1,1,1,0,9.66999999999985,3,NA
"635",14,77,1,1,1,1,1,4.17999999999984,2,NA
"636",14,17,1,1,1,0,0,6.51999999999998,4,NA
"637",14,61,1,1,1,1,1,5.02999999999997,4,NA
"638",14,68,1,1,1,0,1,4.1099999999999,5,NA
"639",14,87,1,1,1,1,1,2.44000000000006,4,NA
"640",14,74,1,1,1,1,1,4.79999999999996,4,NA
"641",14,84,1,1,1,1,1,2.38000000000011,6,NA
"642",14,90,1,1,1,1,1,4.50999999999976,4,NA
"643",14,12,1,1,1,1,0,5.86000000000013,3,NA
"644",14,75,1,1,1,0,1,7.04999999999973,2,NA
"645",14,7,1,1,1,0,0,7.63000000000022,3,NA
"646",14,63,1,1,1,1,1,4.73000000000002,3,NA
"647",15,80,1,1,1,1,1,3.25999999999999,1,NA
"648",15,73,1,1,1,1,1,6.68000000000006,1,NA
"649",15,86,1,1,1,0,1,8.06999999999994,2,NA
"650",15,35,1,1,1,0,0,5.36000000000013,1,NA
"651",15,46,1,1,1,1,0,9.37999999999988,1,NA
"652",15,67,1,1,1,0,1,4.65000000000009,3,NA
"653",15,69,1,1,1,1,1,3.41999999999984,2,NA
"654",15,83,1,1,1,0,1,9.02999999999997,2,NA
"655",15,2,1,1,1,0,0,6.20000000000004,1,NA
"656",15,38,1,1,1,1,0,3.37999999999988,1,NA
"657",15,61,1,1,1,1,1,4.17999999999984,1,NA
"658",15,66,1,1,1,1,1,8.49000000000001,3,NA
"659",15,19,1,1,1,0,0,3.90000000000009,2,NA
"660",15,33,1,1,1,1,0,7.37999999999988,2,NA
"661",15,15,1,1,1,0,0,4.32999999999993,4,NA
"662",15,31,1,1,1,0,0,7.80999999999995,1,NA
"663",15,39,1,1,1,0,0,7.34999999999991,1,NA
"664",15,78,1,1,1,0,1,5.35000000000014,1,NA
"665",15,87,1,1,1,1,1,3.51999999999998,2,NA
"666",15,85,1,1,1,1,1,6.67000000000007,2,NA
"667",15,64,1,1,1,1,1,4.79000000000019,1,NA
"668",15,28,1,1,1,1,0,5.90000000000009,2,NA
"669",15,6,1,1,1,0,0,3.61999999999989,3,NA
"670",15,60,1,1,1,0,0,6.61000000000013,2,NA
"671",15,63,1,1,1,1,1,3.90999999999985,3,NA
"672",15,79,1,1,1,1,1,6.54999999999996,2,NA
"673",15,56,1,1,1,0,0,7.31999999999994,2,NA
"674",15,77,1,1,1,1,1,4.02999999999997,2,NA
"675",15,3,1,1,1,0,0,4.12999999999988,2,NA
"676",15,81,1,1,1,1,1,5.76999999999998,1,NA
"677",15,52,1,1,1,0,0,8.3900000000001,1,NA
"678",15,71,1,1,1,1,1,6.11999999999989,1,NA
"679",15,23,1,1,1,1,0,6.5,2,NA
"680",15,76,1,1,1,0,1,6,2,NA
"681",15,59,1,1,1,1,0,6.27999999999997,2,NA
"682",15,30,1,1,1,0,0,6.36000000000013,2,NA
"683",15,62,1,1,1,1,1,2.51999999999998,1,NA
"684",15,88,1,1,1,0,1,4.02999999999997,3,NA
"685",15,43,1,1,1,1,0,4.01999999999998,3,NA
"686",15,82,1,1,1,1,1,7.05999999999995,2,NA
"687",15,20,1,1,1,1,0,4.70000000000004,5,NA
"688",15,53,1,1,1,0,0,7.8599999999999,3,NA
"689",15,18,1,1,1,1,0,5.48000000000002,3,NA
"690",15,26,1,1,1,1,0,9.02999999999997,4,NA
"691",15,75,1,1,1,0,1,6.32999999999993,2,NA
"692",15,13,1,1,1,1,0,4.3900000000001,1,NA
"693",15,70,1,1,1,1,1,5.55000000000018,3,NA
"694",15,84,1,1,1,1,1,4.57999999999993,2,NA
"695",15,74,1,1,1,0,1,3.56999999999994,4,NA
"696",16,46,1,1,1,1,0,5.24000000000001,3,NA
"697",16,62,1,1,1,1,1,4.68000000000006,4,NA
"698",16,75,1,1,1,1,1,3.94000000000006,4,NA
"699",16,64,1,1,1,1,1,3.20000000000005,3,NA
"700",16,40,1,1,1,1,0,2.87000000000012,5,NA
"701",16,59,1,1,1,0,0,6.07999999999993,2,NA
"702",16,63,1,1,1,1,1,3.1099999999999,3,NA
"703",16,19,1,1,1,0,0,3.84000000000015,4,NA
"704",16,45,1,1,1,0,0,4.05999999999995,2,NA
"705",16,87,1,1,1,1,1,6.06999999999994,3,NA
"706",16,23,1,1,1,1,0,5.11000000000007,2,NA
"707",16,4,1,1,1,1,0,4.3599999999999,2,NA
"708",16,83,1,1,1,1,1,3.72000000000003,3,NA
"709",16,15,1,1,1,1,0,4.43000000000006,3,NA
"710",16,77,1,1,1,0,1,3.19999999999982,2,NA
"711",16,54,1,1,1,0,0,6.24000000000001,3,NA
"712",16,78,1,1,1,1,1,3.68000000000006,2,NA
"713",16,18,1,1,1,1,0,5.74000000000001,3,NA
"714",16,26,1,1,1,1,0,2.79999999999995,4,NA
"715",16,76,1,1,1,1,1,2.53999999999996,3,NA
"716",16,13,1,1,1,1,0,4.21000000000004,4,NA
"717",16,21,1,1,1,0,0,4.06999999999994,1,NA
"718",16,38,1,1,1,1,0,3.47000000000003,2,NA
"719",16,43,1,1,1,1,0,3.69000000000006,4,NA
"720",16,57,1,1,1,0,0,4.69999999999982,2,NA
"721",16,69,1,1,1,1,1,2.83000000000016,4,NA
"722",16,73,1,1,1,1,1,4.45000000000004,3,NA
"723",16,81,1,1,1,1,1,2.42000000000007,5,NA
"724",16,28,1,1,1,0,0,2.94000000000006,3,NA
"725",16,56,1,1,1,1,0,2.93000000000006,3,NA
"726",16,6,1,1,1,1,0,6.99000000000001,2,NA
"727",16,90,1,1,1,1,1,3.81999999999994,4,NA
"728",16,67,1,1,1,1,1,3.07999999999993,3,NA
"729",16,71,1,1,1,1,1,4.09000000000015,3,NA
"730",16,80,1,1,1,1,1,2.75,4,NA
"731",16,89,1,1,1,1,1,3.1099999999999,4,NA
"732",16,74,1,1,1,0,1,3.43000000000006,2,NA
"733",16,79,1,1,1,1,1,2.6400000000001,4,NA
"734",16,66,1,1,1,0,1,2.84000000000015,3,NA
"735",16,30,1,1,1,1,0,4.97000000000003,3,NA
"736",16,72,1,1,1,1,1,3.65000000000009,3,NA
"737",16,61,1,1,1,0,1,3.93999999999983,2,NA
"738",16,85,1,1,1,1,1,3.30000000000018,3,NA
"739",16,53,1,1,1,0,0,3.44999999999982,3,NA
"740",16,70,1,1,1,1,1,3.00999999999999,4,NA
"741",16,88,1,1,1,1,1,2.23000000000002,4,NA
"742",16,31,1,1,1,0,0,6.70000000000004,2,NA
"743",16,86,1,1,1,1,1,2.55000000000018,3,NA
"744",16,60,1,1,1,1,0,5.07999999999993,3,NA
"745",16,82,1,1,1,1,1,2.23000000000002,5,NA
"746",16,33,1,1,1,0,0,3.25,2,NA
"747",16,20,1,1,1,1,0,3.69000000000006,4,NA
"748",16,2,1,1,1,0,0,4.57999999999993,2,NA
"749",16,52,1,1,1,1,0,5.40000000000009,2,NA
"750",16,65,1,1,1,1,1,2.40000000000009,4,NA
"751",16,35,1,1,1,1,0,3.82999999999993,2,NA
"752",16,39,1,1,1,1,0,2.74000000000001,5,NA
"753",16,68,1,1,1,1,1,3.43000000000006,2,NA
"754",16,84,1,1,1,1,1,2.13000000000011,4,NA
"755",16,3,1,1,1,1,0,4.61999999999989,1,NA
"756",17,64,1,1,1,1,1,2.73000000000002,4,NA
"757",17,76,1,1,1,0,1,4.15000000000009,3,NA
"758",17,77,1,1,1,1,1,3.13999999999987,2,NA
"759",17,107,1,1,1,1,0,4.07999999999993,1,NA
"760",17,70,1,1,1,1,1,2.49000000000001,5,NA
"761",17,109,1,1,1,0,0,4.13000000000011,2,NA
"762",17,108,1,1,1,1,0,4.33999999999992,2,NA
"763",17,101,1,1,1,1,0,2.68999999999983,3,NA
"764",17,115,1,1,1,0,0,4.1099999999999,2,NA
"765",17,63,1,1,1,1,1,2.75,3,NA
"766",17,98,1,1,1,1,0,3.87000000000012,3,NA
"767",17,94,1,1,1,1,0,3.79999999999995,2,NA
"768",17,87,1,1,1,1,1,2.66999999999984,3,NA
"769",17,84,1,1,1,1,1,2.98000000000002,4,NA
"770",17,74,1,1,1,1,1,3.74000000000001,3,NA
"771",17,66,1,1,1,1,1,3.04999999999995,4,NA
"772",17,75,1,1,1,1,1,3.07999999999993,3,NA
"773",17,71,1,1,1,1,1,3.65000000000009,2,NA
"774",17,86,1,1,1,1,1,3.58000000000016,5,NA
"775",17,89,1,1,1,0,1,4.17000000000007,2,NA
"776",17,117,1,1,1,1,0,4.31999999999994,2,NA
"777",17,61,1,1,1,1,1,4.20000000000004,2,NA
"778",17,97,1,1,1,1,0,4.15000000000009,1,NA
"779",17,120,1,1,1,1,0,3.92000000000007,2,NA
"780",17,116,1,1,1,1,0,5.04999999999996,2,NA
"781",17,111,1,1,1,0,0,4.56999999999994,2,NA
"782",17,92,1,1,1,0,0,4.45999999999981,1,NA
"783",17,119,1,1,1,1,0,4.41000000000008,2,NA
"784",17,82,1,1,1,1,1,3.24000000000001,5,NA
"785",17,90,1,1,1,1,1,3.79999999999995,4,NA
"786",17,118,1,1,1,1,0,3.35000000000014,3,NA
"787",17,88,1,1,1,0,1,3.49000000000001,2,NA
"788",17,104,1,1,1,1,0,2.13999999999987,2,NA
"789",17,95,1,1,1,1,0,3.1099999999999,3,NA
"790",17,110,1,1,1,1,0,6,2,NA
"791",17,96,1,1,1,0,0,4.27999999999997,2,NA
"792",17,93,1,1,1,1,0,3.51999999999998,2,NA
"793",17,102,1,1,1,0,0,5.77999999999997,2,NA
"794",17,100,1,1,1,1,0,5.46000000000004,4,NA
"795",17,81,1,1,1,1,1,5.55000000000018,4,NA
"796",17,65,1,1,1,1,1,2.55999999999994,5,NA
"797",17,85,1,1,1,1,1,2.66000000000008,4,NA
"798",17,69,1,1,1,1,1,6.01999999999998,1,NA
"799",17,114,1,1,1,1,0,3.22000000000003,2,NA
"800",17,105,1,1,1,1,0,4.54999999999996,5,NA
"801",17,113,1,1,1,0,0,4.65000000000009,2,NA
"802",17,83,1,1,1,1,1,4.35000000000014,4,NA
"803",17,80,1,1,1,1,1,1.80999999999994,3,NA
"804",17,99,1,1,1,1,0,4.96000000000004,3,NA
"805",17,72,1,1,1,1,1,2.97000000000003,3,NA
"806",17,106,1,1,1,0,0,2.30000000000018,6,NA
"807",17,68,1,1,1,1,1,3.8900000000001,4,NA
"808",17,62,1,1,1,1,1,5.42999999999984,3,NA
"809",17,73,1,1,1,1,1,2.90000000000009,5,NA
"810",17,79,1,1,1,1,1,3.98000000000002,2,NA
"811",17,78,1,1,1,1,1,2.52999999999997,3,NA
"812",17,91,1,1,1,1,0,3.51999999999998,4,NA
"813",17,112,1,1,1,0,0,5.00999999999999,2,NA
"814",17,103,1,1,1,1,0,2.76999999999998,2,NA
"815",17,67,1,1,1,0,1,5.88000000000011,2,NA
"816",18,114,1,1,1,0,0,3.53999999999996,6,NA
"817",18,104,1,1,1,1,0,3.34000000000015,2,NA
"818",18,120,1,1,1,1,0,4.43000000000006,1,NA
"819",18,63,1,1,1,1,1,5.5300000000002,1,NA
"820",18,116,1,1,1,1,0,3.48000000000002,4,NA
"821",18,100,1,1,1,0,0,2.75,5,NA
"822",18,109,1,1,1,1,0,5.26999999999998,1,NA
"823",18,70,1,1,1,0,1,6.89999999999986,3,NA
"824",18,119,1,1,1,1,0,6.13000000000011,3,NA
"825",18,74,1,1,1,0,1,6.42000000000007,1,NA
"826",18,82,1,1,1,1,1,2.76999999999998,6,NA
"827",18,87,1,1,1,0,1,3.75,2,NA
"828",18,117,1,1,1,1,0,6.09999999999991,1,NA
"829",18,96,1,1,1,0,0,4.03999999999996,2,NA
"830",18,90,1,1,1,1,1,2.84999999999991,3,NA
"831",18,106,1,1,1,0,0,3.62000000000012,5,NA
"832",18,65,1,1,1,1,1,4.5,3,NA
"833",18,93,1,1,1,0,0,5.38000000000011,2,NA
"834",18,91,1,1,1,0,0,5.84999999999991,4,NA
"835",18,95,1,1,1,0,0,6.82999999999993,2,NA
"836",18,64,1,1,1,0,1,5.40000000000009,2,NA
"837",18,79,1,1,1,1,1,4.13000000000011,4,NA
"838",18,85,1,1,1,0,1,4.5499999999999,1,NA
"839",18,88,1,1,1,0,1,4.75999999999999,3,NA
"840",18,110,1,1,1,0,0,3.76999999999998,5,NA
"841",18,66,1,1,1,1,1,2.75,2,NA
"842",18,105,1,1,1,1,0,4.33000000000015,4,NA
"843",18,67,1,1,1,0,1,3.68000000000006,5,NA
"844",18,61,1,1,1,0,1,5.39999999999986,1,NA
"845",18,118,1,1,1,1,0,3.96000000000004,3,NA
"846",18,97,1,1,1,0,0,5.23000000000002,4,NA
"847",18,112,1,1,1,0,0,3.93999999999983,6,NA
"848",18,72,1,1,1,0,1,6.89999999999986,1,NA
"849",18,98,1,1,1,0,0,4.09999999999991,4,NA
"850",18,84,1,1,1,0,1,4.25999999999999,5,NA
"851",18,75,1,1,1,1,1,4.73000000000002,2,NA
"852",18,81,1,1,1,1,1,4.68000000000006,4,NA
"853",18,108,1,1,1,0,0,7.05000000000018,3,NA
"854",18,78,1,1,1,0,1,4.52999999999997,4,NA
"855",18,76,1,1,1,0,1,4.57999999999993,2,NA
"856",18,94,1,1,1,0,0,4.60000000000014,6,NA
"857",18,99,1,1,1,0,0,3.36999999999989,1,NA
"858",18,113,1,1,1,0,0,4.55999999999995,2,NA
"859",18,80,1,1,1,1,1,4.65000000000009,2,NA
"860",18,111,1,1,1,0,0,3.04999999999995,1,NA
"861",18,102,1,1,1,0,0,2.9699999999998,5,NA
"862",18,115,1,1,1,1,0,5.01999999999998,1,NA
"863",18,69,1,1,1,1,1,6.17999999999984,6,NA
"864",18,103,1,1,1,1,0,4.99000000000001,6,NA
"865",18,73,1,1,1,1,1,4.22000000000003,5,NA
"866",18,77,1,1,1,0,1,3.59000000000015,1,NA
"867",18,92,1,1,1,1,0,3.83999999999992,2,NA
"868",18,89,1,1,1,1,1,4.08999999999992,2,NA
"869",18,86,1,1,1,1,1,3.75999999999999,3,NA
"870",18,107,1,1,1,1,0,2.18000000000006,3,NA
"871",18,71,1,1,1,0,1,3.97999999999979,2,NA
"872",18,68,1,1,1,0,1,2.86000000000013,5,NA
"873",18,83,1,1,1,0,1,3.19999999999982,6,NA
"874",18,101,1,1,1,1,0,4.28999999999996,2,NA
"875",19,44,1,1,1,1,0,2.5,4,NA
"876",19,50,1,1,1,1,0,4.75,5,NA
"877",19,106,1,1,1,1,1,3.26999999999998,3,NA
"878",19,93,1,1,1,0,1,2.47000000000003,4,NA
"879",19,22,1,1,1,0,0,4.17000000000007,4,NA
"880",19,14,1,1,1,1,0,6.29999999999996,5,NA
"881",19,113,1,1,1,0,1,2.28999999999996,5,NA
"882",19,5,1,1,1,1,0,2.11000000000013,6,NA
"883",19,119,1,1,1,0,1,5.96000000000004,2,NA
"884",19,99,1,1,1,0,1,4.40000000000009,4,NA
"885",19,115,1,1,1,1,1,2.64999999999986,3,NA
"886",19,34,1,1,1,1,0,4.8900000000001,3,NA
"887",19,92,1,1,1,1,1,2.58000000000016,4,NA
"888",19,16,1,1,1,0,0,4.43000000000006,2,NA
"889",19,96,1,1,1,1,1,2.28999999999996,2,NA
"890",19,48,1,1,1,0,0,3.81000000000017,1,NA
"891",19,91,1,1,1,0,1,3.84999999999991,1,NA
"892",19,102,1,1,1,1,1,3.22000000000003,3,NA
"893",19,118,1,1,1,1,1,1.91000000000008,3,NA
"894",19,49,1,1,1,0,0,3.09999999999991,1,NA
"895",19,29,1,1,1,0,0,2.5,3,NA
"896",19,8,1,1,1,0,0,3.60000000000014,1,NA
"897",19,104,1,1,1,0,1,2.40000000000009,1,NA
"898",19,58,1,1,1,1,0,4.09999999999991,5,NA
"899",19,7,1,1,1,0,0,4.48000000000002,1,NA
"900",19,120,1,1,1,1,1,5.45000000000004,3,NA
"901",19,25,1,1,1,1,0,4.86000000000013,1,NA
"902",19,47,1,1,1,1,0,3.08000000000016,2,NA
"903",19,41,1,1,1,0,0,2.82999999999993,3,NA
"904",19,55,1,1,1,0,0,3.12000000000012,6,NA
"905",19,11,1,1,1,0,0,5.51999999999992,2,NA
"906",19,10,1,1,1,1,0,9.23000000000002,4,NA
"907",19,9,1,1,1,1,0,5.56000000000017,2,NA
"908",19,12,1,1,1,1,0,1.98000000000002,3,NA
"909",19,24,1,1,1,1,0,3.07000000000016,3,NA
"910",19,101,1,1,1,0,1,2.91000000000008,3,NA
"911",19,27,1,1,1,0,0,4.25,6,NA
"912",19,98,1,1,1,1,1,5.93000000000006,6,NA
"913",19,17,1,1,1,0,0,3.63999999999987,1,NA
"914",19,94,1,1,1,0,1,3.55000000000018,4,NA
"915",19,112,1,1,1,1,1,2.06999999999994,6,NA
"916",19,114,1,1,1,0,1,2.34999999999991,6,NA
"917",19,117,1,1,1,1,1,5.95000000000004,1,NA
"918",19,36,1,1,1,0,0,3.66999999999984,5,NA
"919",19,42,1,1,1,0,0,2.93999999999983,1,NA
"920",19,109,1,1,1,0,1,2.93000000000006,1,NA
"921",19,97,1,1,1,0,1,1.81999999999994,1,NA
"922",19,110,1,1,1,0,1,3.39999999999986,1,NA
"923",19,100,1,1,1,1,1,2.23000000000002,3,NA
"924",19,32,1,1,1,1,0,2.75999999999999,4,NA
"925",19,108,1,1,1,1,1,1.65000000000009,5,NA
"926",19,105,1,1,1,1,1,2.21000000000004,3,NA
"927",19,1,1,1,1,0,0,3.84999999999991,2,NA
"928",19,116,1,1,1,1,1,2.99000000000001,2,NA
"929",19,51,1,1,1,1,0,2.15000000000009,2,NA
"930",19,37,1,1,1,0,0,3.84000000000015,2,NA
"931",19,107,1,1,1,1,1,1.87000000000012,2,NA
"932",19,111,1,1,1,1,1,3.63999999999987,1,NA
"933",19,95,1,1,1,1,1,1.93000000000006,1,NA
"934",19,103,1,1,1,1,1,1.88000000000011,6,NA
"935",20,119,1,1,1,1,1,4.12000000000012,1,NA
"936",20,97,1,1,1,1,1,2.92000000000007,1,NA
"937",20,14,1,1,1,0,0,3.64999999999986,1,NA
"938",20,114,1,1,1,0,1,3.51999999999998,1,NA
"939",20,99,1,1,1,0,1,3.02999999999997,2,NA
"940",20,22,1,1,1,0,0,3.5,2,NA
"941",20,10,1,1,1,0,0,3.61999999999989,2,NA
"942",20,7,1,1,1,0,0,3.01999999999998,1,NA
"943",20,104,1,1,1,1,1,4.32999999999993,1,NA
"944",20,25,1,1,1,1,0,6.75,1,NA
"945",20,12,1,1,1,0,0,2.85000000000014,1,NA
"946",20,111,1,1,1,1,1,3.92000000000007,1,NA
"947",20,102,1,1,1,0,1,3.84000000000015,1,NA
"948",20,108,1,1,1,0,1,3.57999999999993,1,NA
"949",20,32,1,1,1,1,0,6.17000000000007,1,NA
"950",20,116,1,1,1,1,1,3.90000000000009,2,NA
"951",20,36,1,1,1,0,0,6.8599999999999,1,NA
"952",20,1,1,1,1,0,0,3.49000000000001,1,NA
"953",20,44,1,1,1,1,0,4.49000000000001,1,NA
"954",20,101,1,1,1,1,1,3.16999999999984,1,NA
"955",20,42,1,1,1,0,0,4.51999999999998,1,NA
"956",20,94,1,1,1,1,1,2.97000000000003,1,NA
"957",20,117,1,1,1,1,1,4.95000000000004,1,NA
"958",20,58,1,1,1,0,0,7.83999999999992,1,NA
"959",20,96,1,1,1,1,1,2.82000000000016,2,NA
"960",20,17,1,1,1,0,0,3.09000000000015,1,NA
"961",20,100,1,1,1,1,1,3.28999999999996,1,NA
"962",20,95,1,1,1,1,1,3.36999999999983,2,NA
"963",20,112,1,1,1,1,1,3.47000000000003,3,NA
"964",20,27,1,1,1,1,0,4.26999999999998,1,NA
"965",20,48,1,1,1,0,0,3.23000000000002,1,NA
"966",20,103,1,1,1,1,1,3.86000000000013,1,NA
"967",20,41,1,1,1,0,0,3.51999999999998,1,NA
"968",20,118,1,1,1,0,1,3.5300000000002,3,NA
"969",20,113,1,1,1,0,1,5.40999999999985,1,NA
"970",20,92,1,1,1,1,1,3.32999999999993,1,NA
"971",20,93,1,1,1,1,1,4.3900000000001,1,NA
"972",20,29,1,1,1,0,0,6.40000000000009,1,NA
"973",20,11,1,1,1,1,0,4.06999999999994,1,NA
"974",20,106,1,1,1,1,1,2.78999999999996,1,NA
"975",20,55,1,1,1,1,0,4.61999999999989,1,NA
"976",20,50,1,1,1,1,0,3.94000000000006,1,NA
"977",20,8,1,1,1,0,0,3.30000000000018,2,NA
"978",20,24,1,1,1,1,0,4.19999999999982,1,NA
"979",20,110,1,1,1,0,1,4.83999999999992,1,NA
"980",20,34,1,1,1,0,0,3.14999999999986,3,NA
"981",20,5,1,1,1,0,0,3.68000000000006,2,NA
"982",20,9,1,1,1,0,0,4.74000000000001,1,NA
"983",20,105,1,1,1,1,1,3.2199999999998,3,NA
"984",20,109,1,1,1,1,1,2.8599999999999,2,NA
"985",20,115,1,1,1,1,1,2.29999999999995,2,NA
"986",20,37,1,1,1,0,0,4.40000000000009,1,NA
"987",20,98,1,1,1,1,1,2.77999999999997,1,NA
"988",20,120,1,1,1,1,1,4.31999999999994,1,NA
"989",20,16,1,1,1,1,0,3.19000000000006,1,NA
"990",20,107,1,1,1,1,1,2.67000000000007,1,NA
"991",20,47,1,1,1,0,0,3.26999999999998,1,NA
"992",20,51,1,1,1,1,0,2.87000000000012,1,NA
"993",20,91,1,1,1,1,1,2.97000000000003,1,NA
"994",20,49,1,1,1,1,0,4.56999999999994,1,NA
"995",21,112,1,1,1,0,1,3.5,2,NA
"996",21,53,1,1,1,0,0,3.75,1,NA
"997",21,111,1,1,1,1,1,4.28999999999996,2,NA
"998",21,108,1,1,1,0,1,2.69000000000006,1,NA
"999",21,101,1,1,1,1,1,2.65000000000009,4,NA
"1000",21,59,1,1,1,0,0,3.51999999999998,1,NA
"1001",21,110,1,1,1,0,1,3.73000000000002,3,NA
"1002",21,115,1,1,1,1,1,3.24000000000001,4,NA
"1003",21,99,1,1,1,1,1,1.69000000000006,6,NA
"1004",21,19,1,1,1,0,0,2.40000000000009,2,NA
"1005",21,96,1,1,1,1,1,2,1,NA
"1006",21,92,1,1,1,1,1,2.00999999999999,4,NA
"1007",21,113,1,1,1,1,1,3.09999999999991,2,NA
"1008",21,56,1,1,1,0,0,4.11999999999989,1,NA
"1009",21,46,1,1,1,1,0,3.45000000000005,1,NA
"1010",21,45,1,1,1,0,0,3.80000000000018,5,NA
"1011",21,107,1,1,1,1,1,1.79999999999995,1,NA
"1012",21,95,1,1,1,0,1,3.94999999999982,1,NA
"1013",21,104,1,1,1,1,1,3.68000000000001,1,NA
"1014",21,21,1,1,1,1,0,4.54999999999996,1,NA
"1015",21,114,1,1,1,1,1,4.31999999999994,1,NA
"1016",21,13,1,1,1,1,0,3.36999999999989,1,NA
"1017",21,3,1,1,1,0,0,4.20000000000004,1,NA
"1018",21,6,1,1,1,0,0,4.38999999999987,1,NA
"1019",21,26,1,1,1,0,0,3.67999999999984,1,NA
"1020",21,57,1,1,1,1,0,3.67000000000007,1,NA
"1021",21,35,1,1,1,0,0,3.42000000000007,1,NA
"1022",21,2,1,1,1,0,0,4.15000000000009,1,NA
"1023",21,54,1,1,1,1,0,4.75,2,NA
"1024",21,30,1,1,1,1,0,3.6099999999999,1,NA
"1025",21,106,1,1,1,1,1,2.36000000000013,6,NA
"1026",21,18,1,1,1,1,0,4,1,NA
"1027",21,93,1,1,1,1,1,3.90000000000009,1,NA
"1028",21,120,1,1,1,1,1,3.97000000000003,4,NA
"1029",21,91,1,1,1,1,1,1.85000000000014,4,NA
"1030",21,100,1,1,1,1,1,2.22000000000003,4,NA
"1031",21,94,1,1,1,0,1,3.52999999999997,1,NA
"1032",21,40,1,1,1,1,0,2.65000000000009,2,NA
"1033",21,20,1,1,1,0,0,4.22000000000003,1,NA
"1034",21,33,1,1,1,1,0,3.81999999999994,1,NA
"1035",21,105,1,1,1,1,1,2.15999999999985,6,NA
"1036",21,39,1,1,1,0,0,4.88000000000011,1,NA
"1037",21,118,1,1,1,1,1,2.16999999999984,2,NA
"1038",21,116,1,1,1,1,1,2.40000000000009,2,NA
"1039",21,52,1,1,1,1,0,4.01999999999998,1,NA
"1040",21,103,1,1,1,1,1,3.32999999999993,2,NA
"1041",21,60,1,1,1,0,0,4.25999999999999,1,NA
"1042",21,23,1,1,1,1,0,4.91999999999985,1,NA
"1043",21,43,1,1,1,0,0,3.81999999999994,1,NA
"1044",21,98,1,1,1,1,1,3.26999999999998,2,NA
"1045",21,109,1,1,1,1,1,4.8900000000001,2,NA
"1046",21,4,1,1,1,0,0,3.46000000000004,1,NA
"1047",21,117,1,1,1,1,1,2.31999999999994,6,NA
"1048",21,15,1,1,1,0,0,5.27999999999997,1,NA
"1049",21,102,1,1,1,1,1,3.25999999999999,1,NA
"1050",21,119,1,1,1,1,1,2.44000000000006,1,NA
"1051",21,28,1,1,1,1,0,4.62999999999988,1,NA
"1052",21,38,1,1,1,0,0,3.82000000000016,1,NA
"1053",21,97,1,1,1,1,1,3,2,NA
"1054",21,31,1,1,1,0,0,3.80999999999994,1,NA
"1055",22,18,1,1,1,0,0,3.23000000000002,1,NA
"1056",22,115,1,1,1,1,1,2.36999999999989,6,NA
"1057",22,107,1,1,1,1,1,2.21000000000004,6,NA
"1058",22,117,1,1,1,1,1,2.06000000000017,6,NA
"1059",22,31,1,1,1,0,0,3.13000000000011,1,NA
"1060",22,106,1,1,1,1,1,2.3599999999999,6,NA
"1061",22,105,1,1,1,1,1,2.17999999999984,6,NA
"1062",22,19,1,1,1,0,0,2.25,5,NA
"1063",22,112,1,1,1,1,1,2,6,NA
"1064",22,26,1,1,1,0,0,2.47000000000003,6,NA
"1065",22,102,1,1,1,1,1,1.99000000000001,6,NA
"1066",22,57,1,1,1,0,0,4.06999999999994,4,NA
"1067",22,93,1,1,1,1,1,1.97000000000003,6,NA
"1068",22,114,1,1,1,1,1,1.8900000000001,6,NA
"1069",22,96,1,1,1,1,1,1.43000000000006,6,NA
"1070",22,39,1,1,1,0,0,2.39999999999986,4,NA
"1071",22,94,1,1,1,1,1,1.80000000000018,3,NA
"1072",22,97,1,1,1,1,1,1.87000000000012,5,NA
"1073",22,35,1,1,1,1,0,1.92000000000007,1,NA
"1074",22,38,1,1,1,0,0,1.92000000000007,1,NA
"1075",22,111,1,1,1,1,1,2.08000000000016,6,NA
"1076",22,119,1,1,1,1,1,1.57999999999993,6,NA
"1077",22,56,1,1,1,0,0,1.48000000000002,3,NA
"1078",22,20,1,1,1,1,0,2.56999999999994,3,NA
"1079",22,15,1,1,1,0,0,2.05999999999994,1,NA
"1080",22,108,1,1,1,1,1,1.87000000000012,5,NA
"1081",22,98,1,1,1,1,1,1.55000000000018,6,NA
"1082",22,53,1,1,1,0,0,1.76999999999998,4,NA
"1083",22,3,1,1,1,0,0,1.39999999999986,1,NA
"1084",22,40,1,1,1,0,0,2.21000000000004,5,NA
"1085",22,46,1,1,1,0,0,1.72000000000003,1,NA
"1086",22,23,1,1,1,0,0,2.29999999999995,3,NA
"1087",22,113,1,1,1,1,1,2.13999999999987,6,NA
"1088",22,91,1,1,1,1,1,1.49000000000001,6,NA
"1089",22,100,1,1,1,1,1,1.23000000000002,6,NA
"1090",22,109,1,1,1,1,1,1.82999999999993,6,NA
"1091",22,118,1,1,1,1,1,1.37999999999988,6,NA
"1092",22,104,1,1,1,1,1,1.22000000000003,6,NA
"1093",22,99,1,1,1,0,1,1.49000000000001,4,NA
"1094",22,33,1,1,1,0,0,2.06999999999994,2,NA
"1095",22,103,1,1,1,1,1,1.54999999999995,6,NA
"1096",22,92,1,1,1,1,1,1.26999999999998,6,NA
"1097",22,120,1,1,1,1,1,1.37000000000012,6,NA
"1098",22,4,1,1,1,1,0,2.03999999999996,4,NA
"1099",22,52,1,1,1,1,0,1.62000000000012,6,NA
"1100",22,95,1,1,1,1,1,1.49000000000001,6,NA
"1101",22,45,1,1,1,1,0,2.25,6,NA
"1102",22,60,1,1,1,1,0,2.91999999999984,6,NA
"1103",22,101,1,1,1,1,1,1.31999999999994,6,NA
"1104",22,6,1,1,1,1,0,2.09000000000015,5,NA
"1105",22,30,1,1,1,1,0,2.31999999999994,3,NA
"1106",22,28,1,1,1,1,0,2.01999999999998,3,NA
"1107",22,59,1,1,1,0,0,2.16999999999984,2,NA
"1108",22,116,1,1,1,0,1,3.59999999999991,3,NA
"1109",22,43,1,1,1,0,0,3.39999999999986,3,NA
"1110",22,21,1,1,1,0,0,2.18000000000006,2,NA
"1111",22,54,1,1,1,0,0,3.31999999999994,4,NA
"1112",22,110,1,1,1,1,1,2.28999999999996,6,NA
"1113",22,13,1,1,1,1,0,2.30000000000018,6,NA
"1114",22,2,1,1,1,0,0,2.21000000000004,2,NA
"1115",23,91,1,1,1,1,1,3.04999999999995,3,NA
"1116",23,63,1,1,1,0,0,5.77999999999997,3,NA
"1117",23,68,1,1,1,1,0,4.30999999999995,3,NA
"1118",23,78,1,1,1,1,0,3.5,2,NA
"1119",23,113,1,1,1,0,1,4.98000000000002,2,NA
"1120",23,69,1,1,1,1,0,5.09999999999991,4,NA
"1121",23,116,1,1,1,1,1,6.43000000000006,2,NA
"1122",23,83,1,1,1,0,0,5.13000000000011,3,NA
"1123",23,95,1,1,1,1,1,3.17000000000007,3,NA
"1124",23,61,1,1,1,0,0,4.34999999999991,3,NA
"1125",23,81,1,1,1,1,0,2.78999999999991,4,NA
"1126",23,86,1,1,1,1,0,5.29999999999996,3,NA
"1127",23,74,1,1,1,0,0,5.85000000000014,3,NA
"1128",23,114,1,1,1,0,1,2.52999999999997,3,NA
"1129",23,101,1,1,1,1,1,3.02999999999997,4,NA
"1130",23,109,1,1,1,1,1,5.47999999999979,3,NA
"1131",23,94,1,1,1,1,1,2.37999999999988,3,NA
"1132",23,73,1,1,1,1,0,4.68999999999983,5,NA
"1133",23,97,1,1,1,1,1,1.92999999999984,3,NA
"1134",23,99,1,1,1,1,1,2.65000000000009,3,NA
"1135",23,117,1,1,1,1,1,2.05999999999994,4,NA
"1136",23,66,1,1,1,0,0,2.2800000000002,3,NA
"1137",23,84,1,1,1,1,0,2.79999999999995,2,NA
"1138",23,118,1,1,1,1,1,2.16999999999984,3,NA
"1139",23,105,1,1,1,1,1,2.36999999999989,3,NA
"1140",23,92,1,1,1,1,1,2.53999999999996,3,NA
"1141",23,100,1,1,1,1,1,2.13999999999987,3,NA
"1142",23,115,1,1,1,1,1,2.03999999999996,3,NA
"1143",23,90,1,1,1,1,0,4.08999999999992,3,NA
"1144",23,67,1,1,1,0,0,3.27999999999997,3,NA
"1145",23,119,1,1,1,1,1,2.26999999999998,3,NA
"1146",23,88,1,1,1,1,0,3.1400000000001,3,NA
"1147",23,76,1,1,1,0,0,5.84999999999991,2,NA
"1148",23,102,1,1,1,1,1,1.52999999999997,3,NA
"1149",23,96,1,1,1,1,1,1.54999999999995,6,NA
"1150",23,98,1,1,1,1,1,2.73000000000002,5,NA
"1151",23,108,1,1,1,1,1,2.07000000000016,3,NA
"1152",23,93,1,1,1,1,1,3.84999999999991,5,NA
"1153",23,80,1,1,1,1,0,2.5,2,NA
"1154",23,107,1,1,1,1,1,1.66999999999984,3,NA
"1155",23,111,1,1,1,1,1,1.50999999999999,5,NA
"1156",23,64,1,1,1,0,0,3.11999999999989,3,NA
"1157",23,62,1,1,1,1,0,5.01999999999998,5,NA
"1158",23,79,1,1,1,0,0,5.07999999999993,3,NA
"1159",23,75,1,1,1,1,0,4.30999999999995,3,NA
"1160",23,106,1,1,1,1,1,2.46000000000004,3,NA
"1161",23,65,1,1,1,1,0,2.3900000000001,2,NA
"1162",23,87,1,1,1,0,0,3.18000000000006,4,NA
"1163",23,110,1,1,1,1,1,4.5300000000002,2,NA
"1164",23,89,1,1,1,0,0,3.3599999999999,2,NA
"1165",23,85,1,1,1,0,0,5,2,NA
"1166",23,72,1,1,1,0,0,4.71000000000004,2,NA
"1167",23,70,1,1,1,0,0,3.25,2,NA
"1168",23,82,1,1,1,1,0,2.77999999999997,3,NA
"1169",23,104,1,1,1,1,1,4.07000000000016,2,NA
"1170",23,120,1,1,1,1,1,2.93000000000006,3,NA
"1171",23,77,1,1,1,0,0,3.63000000000011,2,NA
"1172",23,71,1,1,1,0,0,3.5,2,NA
"1173",23,103,1,1,1,1,1,3.46000000000004,3,NA
"1174",23,112,1,1,1,1,1,6.78999999999996,1,NA
"1175",24,71,1,1,1,1,0,2.87,5,NA
"1176",24,106,1,1,1,1,1,2.00999999999999,6,NA
"1177",24,76,1,1,1,1,0,2.85000000000002,2,NA
"1178",24,104,1,1,1,1,1,1.70000000000005,6,NA
"1179",24,112,1,1,1,1,1,2.00999999999999,5,NA
"1180",24,72,1,1,1,1,0,4.68000000000006,2,NA
"1181",24,84,1,1,1,1,0,2.24000000000001,5,NA
"1182",24,114,1,1,1,1,1,1.30000000000018,4,NA
"1183",24,89,1,1,1,0,0,2.97000000000003,3,NA
"1184",24,92,1,1,1,1,1,1.88000000000011,5,NA
"1185",24,93,1,1,1,1,1,1.84000000000015,5,NA
"1186",24,73,1,1,1,1,0,1.96000000000004,6,NA
"1187",24,81,1,1,1,1,0,2.05999999999994,4,NA
"1188",24,79,1,1,1,0,0,3.09999999999991,3,NA
"1189",24,64,1,1,1,1,0,3.06999999999994,3,NA
"1190",24,108,1,1,1,1,1,1.67999999999984,5,NA
"1191",24,65,1,1,1,0,0,3.20000000000005,1,NA
"1192",24,88,1,1,1,1,0,2.90000000000009,2,NA
"1193",24,63,1,1,1,1,0,3.17000000000007,2,NA
"1194",24,66,1,1,1,0,0,3.16000000000008,3,NA
"1195",24,75,1,1,1,0,0,4.38000000000011,2,NA
"1196",24,69,1,1,1,1,0,2.97000000000003,3,NA
"1197",24,70,1,1,1,0,0,4.55999999999995,3,NA
"1198",24,110,1,1,1,1,1,1.90000000000009,4,NA
"1199",24,115,1,1,1,1,1,1.59999999999991,5,NA
"1200",24,97,1,1,1,1,1,1.37000000000012,5,NA
"1201",24,111,1,1,1,1,1,1.88999999999987,5,NA
"1202",24,96,1,1,1,1,1,1.19000000000006,6,NA
"1203",24,85,1,1,1,1,0,3.37000000000012,3,NA
"1204",24,98,1,1,1,0,1,4.18000000000006,4,NA
"1205",24,100,1,1,1,1,1,3.51999999999998,2,NA
"1206",24,107,1,1,1,1,1,2.22000000000003,4,NA
"1207",24,90,1,1,1,1,0,3.01999999999992,5,NA
"1208",24,68,1,1,1,1,0,2.56999999999994,3,NA
"1209",24,87,1,1,1,1,0,1.75,3,NA
"1210",24,117,1,1,1,1,1,2.33999999999992,5,NA
"1211",24,86,1,1,1,0,0,3.75,2,NA
"1212",24,67,1,1,1,0,0,2.75999999999999,3,NA
"1213",24,80,1,1,1,0,0,3.90000000000009,3,NA
"1214",24,103,1,1,1,0,1,3.59999999999991,3,NA
"1215",24,83,1,1,1,1,0,3.15000000000009,5,NA
"1216",24,116,1,1,1,1,1,2.26999999999998,5,NA
"1217",24,94,1,1,1,1,1,1.88999999999987,3,NA
"1218",24,119,1,1,1,1,1,2.15000000000009,5,NA
"1219",24,82,1,1,1,0,0,3.00999999999999,2,NA
"1220",24,61,1,1,1,1,0,2.90000000000009,4,NA
"1221",24,91,1,1,1,1,1,1.78999999999996,5,NA
"1222",24,99,1,1,1,1,1,3.45000000000005,4,NA
"1223",24,95,1,1,1,1,1,2.22000000000003,5,NA
"1224",24,113,1,1,1,1,1,1.91000000000008,5,NA
"1225",24,109,1,1,1,1,1,1.95000000000005,6,NA
"1226",24,105,1,1,1,1,1,1.97000000000003,5,NA
"1227",24,102,1,1,1,1,1,2.88999999999987,4,NA
"1228",24,101,1,1,1,1,1,3.00999999999999,5,NA
"1229",24,120,1,1,1,1,1,3.24000000000001,6,NA
"1230",24,78,1,1,1,1,0,4.63000000000011,5,NA
"1231",24,77,1,1,1,0,0,4.07000000000016,2,NA
"1232",24,118,1,1,1,1,1,2.76999999999998,4,NA
"1233",24,74,1,1,1,0,0,3.02999999999997,2,NA
"1234",24,62,1,1,1,1,0,4.38000000000011,3,NA
"1235",25,28,1,1,1,1,0,2.46000000000004,2,NA
"1236",25,47,1,1,1,0,1,3.47000000000003,1,NA
"1237",25,34,1,1,1,1,1,2.80999999999994,3,NA
"1238",25,42,1,1,1,1,1,2.57999999999993,5,NA
"1239",25,36,1,1,1,1,1,5.87000000000012,1,NA
"1240",25,40,1,1,1,1,0,2.48999999999978,3,NA
"1241",25,38,1,1,1,1,0,2.55999999999994,5,NA
"1242",25,24,1,1,1,1,1,2.47000000000003,4,NA
"1243",25,29,1,1,1,1,1,1.70000000000005,6,NA
"1244",25,22,1,1,1,0,1,5.22000000000003,1,NA
"1245",25,21,1,1,1,1,0,3.39999999999986,2,NA
"1246",25,5,1,1,1,0,1,3.34999999999991,6,NA
"1247",25,20,1,1,1,1,0,2.26999999999998,6,NA
"1248",25,51,1,1,1,1,1,3.01999999999998,4,NA
"1249",25,59,1,1,1,1,0,2.91000000000008,2,NA
"1250",25,58,1,1,1,1,1,3.32000000000016,5,NA
"1251",25,14,1,1,1,1,1,1.79999999999995,6,NA
"1252",25,15,1,1,1,0,0,4.20000000000004,6,NA
"1253",25,8,1,1,1,1,1,2.27000000000021,6,NA
"1254",25,1,1,1,1,1,1,2.57999999999993,6,NA
"1255",25,31,1,1,1,0,0,3.08000000000016,6,NA
"1256",25,3,1,1,1,1,0,2.59000000000015,4,NA
"1257",25,50,1,1,1,1,1,2.01999999999998,6,NA
"1258",25,18,1,1,1,1,0,4.58999999999992,3,NA
"1259",25,11,1,1,1,0,1,3.08000000000016,2,NA
"1260",25,19,1,1,1,1,0,2.84999999999991,5,NA
"1261",25,33,1,1,1,0,0,1.5,2,NA
"1262",25,45,1,1,1,0,0,3.36000000000007,6,NA
"1263",25,41,1,1,1,1,1,1.91999999999984,6,NA
"1264",25,30,1,1,1,1,0,2.41000000000008,3,NA
"1265",25,39,1,1,1,1,0,4.26999999999998,6,NA
"1266",25,10,1,1,1,1,1,2.54999999999995,6,NA
"1267",25,57,1,1,1,0,0,3.29999999999995,2,NA
"1268",25,35,1,1,1,0,0,3.10000000000014,2,NA
"1269",25,49,1,1,1,1,1,1.64999999999986,6,NA
"1270",25,54,1,1,1,1,0,3.56999999999994,5,NA
"1271",25,6,1,1,1,0,0,4.11000000000013,4,NA
"1272",25,7,1,1,1,1,1,1.58999999999992,6,NA
"1273",25,43,1,1,1,1,0,3.92000000000007,4,NA
"1274",25,27,1,1,1,1,1,1.75,6,NA
"1275",25,37,1,1,1,1,1,1.47000000000003,6,NA
"1276",25,4,1,1,1,0,0,2.61999999999989,2,NA
"1277",25,55,1,1,1,1,1,1.6400000000001,6,NA
"1278",25,56,1,1,1,1,0,3.84000000000015,2,NA
"1279",25,2,1,1,1,0,0,3.64999999999986,2,NA
"1280",25,52,1,1,1,1,0,2.04999999999995,6,NA
"1281",25,53,1,1,1,1,0,3.40000000000009,3,NA
"1282",25,12,1,1,1,1,1,1.82000000000016,2,NA
"1283",25,32,1,1,1,1,1,1.55000000000018,6,NA
"1284",25,44,1,1,1,1,1,1.40000000000009,6,NA
"1285",25,60,1,1,1,1,0,2.41999999999984,6,NA
"1286",25,46,1,1,1,0,0,2.82999999999993,2,NA
"1287",25,48,1,1,1,1,1,1.90000000000009,6,NA
"1288",25,23,1,1,1,1,0,2.74000000000001,3,NA
"1289",25,26,1,1,1,1,0,3.72000000000003,3,NA
"1290",25,16,1,1,1,0,1,2.00999999999999,3,NA
"1291",25,13,1,1,1,1,0,1.83000000000016,6,NA
"1292",25,25,1,1,1,1,1,2.00999999999999,6,NA
"1293",25,9,1,1,1,1,1,1.60000000000014,6,NA
"1294",25,17,1,1,1,1,1,1.61999999999989,6,NA
"1295",26,41,1,1,1,0,1,3.54999999999995,6,NA
"1296",26,44,1,1,1,1,1,4.08000000000015,3,NA
"1297",26,30,1,1,1,0,0,6.22000000000003,5,NA
"1298",26,15,1,1,1,0,0,7.00999999999999,5,NA
"1299",26,5,1,1,1,1,1,4.6400000000001,4,NA
"1300",26,43,1,1,1,0,0,7.16000000000008,2,NA
"1301",26,49,1,1,1,1,1,6.8900000000001,2,NA
"1302",26,27,1,1,1,1,1,3.69000000000006,3,NA
"1303",26,52,1,1,1,1,0,5.23000000000002,4,NA
"1304",26,35,1,1,1,1,0,7.27999999999997,2,NA
"1305",26,40,1,1,1,1,0,4.31999999999994,4,NA
"1306",26,20,1,1,1,1,0,6.19000000000005,2,NA
"1307",26,25,1,1,1,0,1,9.66999999999985,3,NA
"1308",26,14,1,1,1,1,1,7.07999999999993,2,NA
"1309",26,22,1,1,1,1,1,8.67999999999984,2,NA
"1310",26,6,1,1,1,1,0,3.79000000000019,4,NA
"1311",26,1,1,1,1,1,1,3.17999999999984,3,NA
"1312",26,31,1,1,1,0,0,7.20999999999981,2,NA
"1313",26,26,1,1,1,1,0,3.61000000000013,4,NA
"1314",26,33,1,1,1,1,0,4.99000000000001,2,NA
"1315",26,21,1,1,1,1,0,7.86999999999989,2,NA
"1316",26,29,1,1,1,1,1,3.19000000000006,4,NA
"1317",26,12,1,1,1,1,1,2.91999999999984,3,NA
"1318",26,48,1,1,1,1,1,4.69,3,NA
"1319",26,16,1,1,1,1,1,3.95000000000005,2,NA
"1320",26,10,1,1,1,1,1,3.37000000000012,3,NA
"1321",26,11,1,1,1,1,1,3.56999999999994,2,NA
"1322",26,53,1,1,1,1,0,3.57999999999993,4,NA
"1323",26,9,1,1,1,1,1,2.29999999999995,6,NA
"1324",26,58,1,1,1,1,1,2.69000000000006,6,NA
"1325",26,4,1,1,1,0,0,4.12999999999988,5,NA
"1326",26,23,1,1,1,0,0,5.02999999999997,3,NA
"1327",26,47,1,1,1,0,1,4.79999999999996,3,NA
"1328",26,45,1,1,1,0,0,4.86000000000013,3,NA
"1329",26,50,1,1,1,1,1,3.40000000000009,5,NA
"1330",26,3,1,1,1,0,0,3.76999999999998,2,NA
"1331",26,8,1,1,1,1,1,5.06999999999994,2,NA
"1332",26,51,1,1,1,1,1,5.93999999999983,3,NA
"1333",26,59,1,1,1,1,0,4.97000000000003,3,NA
"1334",26,42,1,1,1,1,1,4.69000000000005,3,NA
"1335",26,24,1,1,1,1,1,3.71000000000004,3,NA
"1336",26,39,1,1,1,0,0,5.19999999999982,4,NA
"1337",26,13,1,1,1,0,0,5.75999999999999,2,NA
"1338",26,37,1,1,1,0,1,5.97000000000003,3,NA
"1339",26,7,1,1,1,1,1,3.53999999999996,3,NA
"1340",26,46,1,1,1,1,0,6.21000000000004,2,NA
"1341",26,36,1,1,1,1,1,7.70000000000004,3,NA
"1342",26,56,1,1,1,1,0,2.94000000000006,3,NA
"1343",26,34,1,1,1,1,1,7.77999999999997,3,NA
"1344",26,60,1,1,1,1,0,6.3900000000001,3,NA
"1345",26,57,1,1,1,1,0,7.46000000000004,2,NA
"1346",26,28,1,1,1,0,0,4.24000000000001,3,NA
"1347",26,55,1,1,1,1,1,4.77999999999997,5,NA
"1348",26,19,1,1,1,1,0,3.81000000000017,4,NA
"1349",26,54,1,1,1,1,0,3.84999999999991,4,NA
"1350",26,38,1,1,1,1,0,3.65000000000009,2,NA
"1351",26,32,1,1,1,0,1,3.32999999999993,3,NA
"1352",27,8,1,1,1,0,1,4.43000000000006,6,NA
"1353",27,79,1,1,1,0,0,2.93000000000006,3,NA
"1354",27,63,1,1,1,0,0,5.43999999999983,2,NA
"1355",27,17,1,1,1,0,1,4.23000000000002,1,NA
"1356",27,86,1,1,1,0,0,5.81999999999994,3,NA
"1357",27,44,1,1,1,1,1,4.27999999999997,2,NA
"1358",27,29,1,1,1,0,1,3.12000000000012,6,NA
"1359",27,65,1,1,1,1,0,3.3900000000001,1,NA
"1360",27,14,1,1,1,0,1,5.49000000000001,4,NA
"1361",27,9,1,1,1,1,1,3.69999999999982,3,NA
"1362",27,51,1,1,1,1,1,2.56999999999994,1,NA
"1363",27,47,1,1,1,0,1,6.81999999999994,1,NA
"1364",27,24,1,1,1,0,1,4.54999999999996,1,NA
"1365",27,42,1,1,1,0,1,5.46000000000004,1,NA
"1366",27,73,1,1,1,0,0,5.05999999999989,6,NA
"1367",27,37,1,1,1,0,1,4.00999999999999,6,NA
"1368",27,68,1,1,1,1,0,5.40999999999985,1,NA
"1369",27,76,1,1,1,1,0,4.11000000000013,1,NA
"1370",27,10,1,1,1,0,1,3.86999999999989,4,NA
"1371",27,75,1,1,1,1,0,5.12000000000012,1,NA
"1372",27,85,1,1,1,0,0,4.28999999999996,1,NA
"1373",27,50,1,1,1,0,1,5.1400000000001,2,NA
"1374",27,84,1,1,1,0,0,3.55999999999994,3,NA
"1375",27,11,1,1,1,0,1,5.37000000000012,2,NA
"1376",27,49,1,1,1,0,1,3.76999999999998,1,NA
"1377",27,41,1,1,1,1,1,4.00999999999999,1,NA
"1378",27,27,1,1,1,0,1,6.5,1,NA
"1379",27,58,1,1,1,0,1,3.77999999999997,6,NA
"1380",27,70,1,1,1,0,0,4.08999999999992,2,NA
"1381",27,66,1,1,1,1,0,3.98000000000002,1,NA
"1382",27,32,1,1,1,0,1,4.50999999999999,1,NA
"1383",27,83,1,1,1,0,0,5.23000000000002,1,NA
"1384",27,88,1,1,1,0,0,4.31999999999994,1,NA
"1385",27,80,1,1,1,1,0,3.71000000000004,1,NA
"1386",27,22,1,1,1,0,1,6.75,5,NA
"1387",27,89,1,1,1,0,0,2.82999999999993,1,NA
"1388",27,74,1,1,1,0,0,3.80999999999994,1,NA
"1389",27,12,1,1,1,1,1,3.20000000000005,1,NA
"1390",27,72,1,1,1,1,0,4.67000000000007,1,NA
"1391",27,82,1,1,1,0,0,5.07999999999993,4,NA
"1392",27,7,1,1,1,0,1,3.97000000000003,2,NA
"1393",27,78,1,1,1,0,0,4.09000000000015,6,NA
"1394",27,25,1,1,1,0,1,3.63999999999987,1,NA
"1395",27,16,1,1,1,0,1,3.47999999999979,1,NA
"1396",27,67,1,1,1,0,0,3.42999999999984,3,NA
"1397",27,87,1,1,1,1,0,3.94000000000006,2,NA
"1398",27,77,1,1,1,0,0,3.82999999999993,1,NA
"1399",27,90,1,1,1,0,0,3.45000000000005,1,NA
"1400",27,64,1,1,1,0,0,3.51999999999998,3,NA
"1401",27,62,1,1,1,1,0,9.77999999999997,4,NA
"1402",27,5,1,1,1,1,1,3.06999999999994,1,NA
"1403",27,34,1,1,1,0,1,3.47000000000003,6,NA
"1404",27,69,1,1,1,0,0,4.37999999999988,3,NA
"1405",27,71,1,1,1,1,0,6.69000000000005,4,NA
"1406",27,61,1,1,1,1,0,4.33000000000015,3,NA
"1407",27,48,1,1,1,0,1,4,1,NA
"1408",27,1,1,1,1,0,1,4,2,NA
"1409",27,81,1,1,1,1,0,4.66000000000008,4,NA
"1410",27,55,1,1,1,0,1,5.65000000000009,2,NA
"1411",27,36,1,1,1,1,1,4.35000000000014,6,NA
"1412",28,101,1,1,1,1,0,4.91999999999996,4,NA
"1413",28,47,1,1,1,1,1,2.91999999999996,6,NA
"1414",28,120,1,1,1,1,0,3.43999999999994,3,NA
"1415",28,97,1,1,1,1,0,3.01999999999998,6,NA
"1416",28,24,1,1,1,1,1,2.91999999999996,3,NA
"1417",28,49,1,1,1,1,1,3,6,NA
"1418",28,34,1,1,1,1,1,4.78999999999996,5,NA
"1419",28,14,1,1,1,1,1,2.44000000000006,6,NA
"1420",28,25,1,1,1,1,1,1.9699999999998,6,NA
"1421",28,11,1,1,1,1,1,1.19000000000006,6,NA
"1422",28,112,1,1,1,1,0,2.25,6,NA
"1423",28,37,1,1,1,1,1,3.54999999999995,5,NA
"1424",28,10,1,1,1,1,1,1.14999999999986,6,NA
"1425",28,114,1,1,1,0,0,2.17000000000007,2,NA
"1426",28,29,1,1,1,1,1,1.48000000000002,6,NA
"1427",28,9,1,1,1,1,1,1.53999999999996,6,NA
"1428",28,102,1,1,1,1,0,2.67000000000007,5,NA
"1429",28,58,1,1,1,1,1,1.30999999999994,6,NA
"1430",28,117,1,1,1,0,0,4,3,NA
"1431",28,32,1,1,1,1,1,1.25,6,NA
"1432",28,8,1,1,1,1,1,1.69000000000006,6,NA
"1433",28,98,1,1,1,1,0,3.19000000000006,5,NA
"1434",28,94,1,1,1,1,0,2.44000000000006,6,NA
"1435",28,50,1,1,1,1,1,2.28999999999996,5,NA
"1436",28,7,1,1,1,1,1,1.98000000000002,6,NA
"1437",28,113,1,1,1,1,0,5.47000000000003,2,NA
"1438",28,111,1,1,1,1,0,2.74000000000001,4,NA
"1439",28,51,1,1,1,1,1,1.8599999999999,5,NA
"1440",28,115,1,1,1,1,0,2.5,4,NA
"1441",28,48,1,1,1,1,1,2.10000000000014,6,NA
"1442",28,119,1,1,1,1,0,3.06999999999994,4,NA
"1443",28,44,1,1,1,1,1,1.80000000000018,6,NA
"1444",28,110,1,1,1,0,0,2.82999999999993,3,NA
"1445",28,36,1,1,1,1,1,1.71000000000004,5,NA
"1446",28,104,1,1,1,1,0,3.12999999999988,4,NA
"1447",28,103,1,1,1,1,0,2.40000000000009,6,NA
"1448",28,42,1,1,1,1,1,1.83999999999992,6,NA
"1449",28,106,1,1,1,1,0,3.20000000000005,4,NA
"1450",28,105,1,1,1,1,0,3.12000000000012,5,NA
"1451",28,95,1,1,1,0,0,2.79999999999995,3,NA
"1452",28,107,1,1,1,1,0,2.0300000000002,5,NA
"1453",28,92,1,1,1,1,0,2.27000000000021,4,NA
"1454",28,91,1,1,1,1,0,2.32000000000016,4,NA
"1455",28,118,1,1,1,0,0,3.54999999999995,4,NA
"1456",28,27,1,1,1,1,1,1.67999999999984,5,NA
"1457",28,108,1,1,1,1,0,4.23000000000002,4,NA
"1458",28,100,1,1,1,1,0,2.79999999999995,3,NA
"1459",28,16,1,1,1,1,1,2.71000000000004,4,NA
"1460",28,116,1,1,1,1,0,3.41999999999984,4,NA
"1461",28,5,1,1,1,1,1,3.40000000000009,6,NA
"1462",28,22,1,1,1,0,1,6.56000000000017,3,NA
"1463",28,17,1,1,1,1,1,2.25999999999999,5,NA
"1464",28,109,1,1,1,0,0,4.51999999999998,3,NA
"1465",28,41,1,1,1,1,1,2.25,4,NA
"1466",28,99,1,1,1,1,0,4.67000000000007,5,NA
"1467",28,55,1,1,1,1,1,1.47000000000003,5,NA
"1468",28,96,1,1,1,1,0,2.30999999999994,5,NA
"1469",28,93,1,1,1,1,0,3.24000000000001,4,NA
"1470",28,12,1,1,1,1,1,2.02999999999997,6,NA
"1471",28,1,1,1,1,1,1,2.36999999999989,3,NA
"1472",29,115,1,1,1,0,0,5.03999999999996,4,NA
"1473",29,113,1,1,1,1,0,5.10000000000014,2,NA
"1474",29,25,1,1,1,1,1,3.11999999999989,4,NA
"1475",29,97,1,1,1,0,0,3.07999999999993,1,NA
"1476",29,101,1,1,1,0,0,3.88999999999987,3,NA
"1477",29,116,1,1,1,1,0,3.24000000000001,5,NA
"1478",29,92,1,1,1,1,0,3.06999999999994,3,NA
"1479",29,55,1,1,1,1,1,2.31999999999994,6,NA
"1480",29,32,1,1,1,1,1,6.42000000000007,3,NA
"1481",29,47,1,1,1,1,1,4.98000000000002,4,NA
"1482",29,34,1,1,1,0,1,6.56999999999994,5,NA
"1483",29,14,1,1,1,1,1,6.29999999999996,3,NA
"1484",29,24,1,1,1,0,1,3.02999999999997,5,NA
"1485",29,94,1,1,1,0,0,2.83000000000016,6,NA
"1486",29,96,1,1,1,1,0,3.01999999999998,3,NA
"1487",29,91,1,1,1,1,0,4.08000000000015,6,NA
"1488",29,49,1,1,1,1,1,3.96000000000004,1,NA
"1489",29,106,1,1,1,1,0,2.69999999999982,5,NA
"1490",29,114,1,1,1,1,0,4.90000000000009,1,NA
"1491",29,5,1,1,1,1,1,6.31999999999994,4,NA
"1492",29,120,1,1,1,1,0,4.50999999999999,4,NA
"1493",29,11,1,1,1,0,1,4.79999999999996,2,NA
"1494",29,104,1,1,1,1,0,3.79999999999995,1,NA
"1495",29,100,1,1,1,1,0,2.85000000000014,5,NA
"1496",29,112,1,1,1,1,0,2.5,6,NA
"1497",29,109,1,1,1,0,0,3.92000000000007,1,NA
"1498",29,22,1,1,1,1,1,5.79999999999996,1,NA
"1499",29,36,1,1,1,1,1,3.12999999999988,6,NA
"1500",29,8,1,1,1,0,1,4.12000000000012,1,NA
"1501",29,1,1,1,1,0,1,4.26999999999998,1,NA
"1502",29,44,1,1,1,1,1,2.11000000000013,5,NA
"1503",29,108,1,1,1,1,0,4.48000000000002,1,NA
"1504",29,48,1,1,1,1,1,3.64999999999986,1,NA
"1505",29,103,1,1,1,0,0,3.83999999999992,1,NA
"1506",29,98,1,1,1,0,0,4.17999999999984,6,NA
"1507",29,93,1,1,1,0,0,3.65000000000009,1,NA
"1508",29,58,1,1,1,1,1,2.65999999999985,4,NA
"1509",29,16,1,1,1,1,1,4.59999999999991,1,NA
"1510",29,105,1,1,1,0,0,4.63000000000011,1,NA
"1511",29,95,1,1,1,1,0,3.75999999999999,3,NA
"1512",29,99,1,1,1,0,0,3.26999999999998,1,NA
"1513",29,37,1,1,1,0,1,7.67999999999984,1,NA
"1514",29,119,1,1,1,1,0,3.5,2,NA
"1515",29,27,1,1,1,1,1,1.99000000000001,3,NA
"1516",29,42,1,1,1,1,1,5.88000000000011,4,NA
"1517",29,51,1,1,1,1,1,3.73000000000002,2,NA
"1518",29,50,1,1,1,1,1,4.3900000000001,5,NA
"1519",29,9,1,1,1,1,1,3.95000000000005,3,NA
"1520",29,110,1,1,1,1,0,5.15999999999985,1,NA
"1521",29,118,1,1,1,0,0,5,1,NA
"1522",29,7,1,1,1,0,1,3.4699999999998,4,NA
"1523",29,107,1,1,1,0,0,3.70000000000005,1,NA
"1524",29,117,1,1,1,0,0,3.42000000000007,1,NA
"1525",29,111,1,1,1,0,0,1.15999999999985,1,NA
"1526",29,41,1,1,1,1,1,6.01999999999998,3,NA
"1527",29,17,1,1,1,0,1,4.06999999999994,1,NA
"1528",29,102,1,1,1,1,0,3.00999999999999,1,NA
"1529",29,29,1,1,1,1,1,2.40000000000009,1,NA
"1530",29,12,1,1,1,1,1,2.25999999999999,4,NA
"1531",29,10,1,1,1,1,1,6.11000000000013,1,NA
"1532",30,114,1,1,1,1,0,4.81999999999994,2,NA
"1533",30,7,1,1,1,0,1,3.55999999999994,3,NA
"1534",30,96,1,1,1,1,0,3.61000000000013,4,NA
"1535",30,105,1,1,1,1,0,3.82999999999993,4,NA
"1536",30,97,1,1,1,0,0,4.6400000000001,1,NA
"1537",30,37,1,1,1,0,1,2.85000000000014,4,NA
"1538",30,100,1,1,1,1,0,3.15000000000009,5,NA
"1539",30,12,1,1,1,1,1,3.99000000000001,3,NA
"1540",30,29,1,1,1,0,1,2.31999999999994,4,NA
"1541",30,34,1,1,1,1,1,5,2,NA
"1542",30,9,1,1,1,1,1,1.70000000000005,2,NA
"1543",30,101,1,1,1,1,0,5.80999999999995,5,NA
"1544",30,113,1,1,1,1,0,5.79999999999996,3,NA
"1545",30,108,1,1,1,1,0,2.65999999999985,5,NA
"1546",30,58,1,1,1,1,1,4.00999999999999,3,NA
"1547",30,27,1,1,1,1,1,5.1400000000001,4,NA
"1548",30,55,1,1,1,1,1,2.98000000000002,5,NA
"1549",30,116,1,1,1,1,0,3.25,5,NA
"1550",30,41,1,1,1,0,1,3.62000000000012,3,NA
"1551",30,25,1,1,1,1,1,4.26999999999992,5,NA
"1552",30,36,1,1,1,0,1,1.97000000000003,4,NA
"1553",30,49,1,1,1,1,1,3.40000000000009,4,NA
"1554",30,8,1,1,1,0,1,2.11999999999989,6,NA
"1555",30,24,1,1,1,0,1,7.36999999999989,4,NA
"1556",30,47,1,1,1,0,1,4.6400000000001,3,NA
"1557",30,104,1,1,1,1,0,3.57999999999993,1,NA
"1558",30,115,1,1,1,1,0,5.34999999999991,2,NA
"1559",30,14,1,1,1,1,1,6.54999999999996,4,NA
"1560",30,99,1,1,1,1,0,5.40000000000009,2,NA
"1561",30,109,1,1,1,1,0,3.51999999999998,1,NA
"1562",30,120,1,1,1,0,0,3.71000000000004,4,NA
"1563",30,17,1,1,1,1,1,3.77999999999997,2,NA
"1564",30,110,1,1,1,0,0,5.57000000000016,4,NA
"1565",30,93,1,1,1,1,0,3.19000000000006,4,NA
"1566",30,106,1,1,1,0,0,4.28999999999996,3,NA
"1567",30,112,1,1,1,0,0,4.52999999999997,6,NA
"1568",30,44,1,1,1,1,1,3.45000000000005,3,NA
"1569",30,103,1,1,1,1,0,5.01999999999998,4,NA
"1570",30,5,1,1,1,0,1,3.86999999999989,3,NA
"1571",30,107,1,1,1,1,0,3.52000000000021,4,NA
"1572",30,117,1,1,1,1,0,4.40999999999985,3,NA
"1573",30,16,1,1,1,0,1,2.98000000000002,3,NA
"1574",30,32,1,1,1,0,1,2.57000000000016,5,NA
"1575",30,102,1,1,1,0,0,4.43000000000006,4,NA
"1576",30,118,1,1,1,1,0,4.96000000000004,2,NA
"1577",30,92,1,1,1,1,0,2.73000000000002,5,NA
"1578",30,91,1,1,1,1,0,6.92000000000007,3,NA
"1579",30,48,1,1,1,1,1,4.69000000000005,4,NA
"1580",30,119,1,1,1,1,0,2.5,5,NA
"1581",30,98,1,1,1,1,0,4.94999999999982,6,NA
"1582",30,51,1,1,1,1,1,2.20000000000005,6,NA
"1583",30,22,1,1,1,1,1,5.37999999999988,2,NA
"1584",30,111,1,1,1,0,0,4.18000000000006,1,NA
"1585",30,10,1,1,1,1,1,4.87000000000012,4,NA
"1586",30,1,1,1,1,1,1,2.86000000000013,5,NA
"1587",30,94,1,1,1,1,0,6.67000000000007,2,NA
"1588",30,95,1,1,1,0,0,3.52999999999997,3,NA
"1589",30,42,1,1,1,0,1,5.51999999999998,2,NA
"1590",30,50,1,1,1,0,1,2.67999999999984,4,NA
"1591",30,11,1,1,1,1,1,2.55000000000018,1,NA
"1592",31,36,1,1,1,1,0,4.42000000000007,2,NA
"1593",31,46,1,1,1,1,1,4.12000000000012,4,NA
"1594",31,51,1,1,1,1,0,3.61999999999989,3,NA
"1595",31,10,1,1,1,0,0,4.25,4,NA
"1596",31,7,1,1,1,0,0,3.4699999999998,3,NA
"1597",31,16,1,1,1,0,0,6.94000000000005,1,NA
"1598",31,49,1,1,1,1,0,5.00999999999999,1,NA
"1599",31,47,1,1,1,0,0,3.01999999999998,5,NA
"1600",31,55,1,1,1,1,0,3.04999999999995,4,NA
"1601",31,60,1,1,1,1,1,2.75999999999999,4,NA
"1602",31,4,1,1,1,0,1,2.12999999999988,3,NA
"1603",31,1,1,1,1,0,0,7.11999999999989,2,NA
"1604",31,48,1,1,1,0,0,6.09999999999985,2,NA
"1605",31,43,1,1,1,0,1,4.83000000000015,4,NA
"1606",31,41,1,1,1,0,0,6.68000000000006,1,NA
"1607",31,21,1,1,1,1,1,2.68999999999983,4,NA
"1608",31,22,1,1,1,1,0,4.46000000000004,4,NA
"1609",31,5,1,1,1,0,0,4.04999999999996,4,NA
"1610",31,27,1,1,1,1,0,4.97000000000003,2,NA
"1611",31,38,1,1,1,1,1,3.59000000000015,3,NA
"1612",31,25,1,1,1,0,0,5.13999999999987,1,NA
"1613",31,58,1,1,1,0,0,5.63999999999987,2,NA
"1614",31,31,1,1,1,1,1,2.27999999999997,5,NA
"1615",31,20,1,1,1,1,1,3.37999999999988,5,NA
"1616",31,54,1,1,1,0,1,8.26999999999998,3,NA
"1617",31,44,1,1,1,0,0,2.97000000000003,2,NA
"1618",31,45,1,1,1,1,1,3.3900000000001,4,NA
"1619",31,33,1,1,1,1,1,4.59999999999991,4,NA
"1620",31,39,1,1,1,1,1,3.85000000000014,4,NA
"1621",31,19,1,1,1,1,1,5.2199999999998,3,NA
"1622",31,32,1,1,1,1,0,3.59999999999991,4,NA
"1623",31,53,1,1,1,1,1,5.11999999999989,1,NA
"1624",31,11,1,1,1,0,0,5.23000000000002,1,NA
"1625",31,13,1,1,1,1,1,3.35000000000014,5,NA
"1626",31,57,1,1,1,1,1,5.26999999999998,3,NA
"1627",31,24,1,1,1,0,0,5.58999999999992,2,NA
"1628",31,6,1,1,1,1,1,2.5,4,NA
"1629",31,52,1,1,1,1,1,2.75,5,NA
"1630",31,3,1,1,1,1,1,5.91000000000008,2,NA
"1631",31,12,1,1,1,1,0,5.02000000000021,2,NA
"1632",31,37,1,1,1,0,0,4.76999999999998,2,NA
"1633",31,23,1,1,1,0,1,4.52000000000021,1,NA
"1634",31,34,1,1,1,0,0,6.52999999999997,5,NA
"1635",31,14,1,1,1,0,0,6.29999999999996,1,NA
"1636",31,8,1,1,1,0,0,4.58000000000015,1,NA
"1637",31,29,1,1,1,0,0,4.43000000000006,5,NA
"1638",31,18,1,1,1,1,1,4.75,4,NA
"1639",31,26,1,1,1,1,1,4.8900000000001,4,NA
"1640",31,56,1,1,1,1,1,2.5,4,NA
"1641",31,2,1,1,1,0,1,4.66999999999985,1,NA
"1642",31,40,1,1,1,0,1,4.95000000000004,1,NA
"1643",31,17,1,1,1,0,0,4.84000000000015,2,NA
"1644",31,42,1,1,1,1,0,7.3599999999999,2,NA
"1645",31,28,1,1,1,1,1,2.87999999999988,4,NA
"1646",31,9,1,1,1,1,0,4.01999999999998,5,NA
"1647",31,30,1,1,1,1,1,3.45000000000005,5,NA
"1648",31,35,1,1,1,1,1,3.12000000000012,5,NA
"1649",31,59,1,1,1,1,1,3.76999999999998,3,NA
"1650",31,50,1,1,1,1,0,2.44999999999982,6,NA
"1651",31,15,1,1,1,1,1,3.67000000000007,3,NA
"1652",32,31,1,1,1,1,1,4.1099999999999,3,NA
"1653",32,23,1,1,1,1,1,7.79999999999996,4,NA
"1654",32,36,1,1,1,0,0,5.72000000000003,4,NA
"1655",32,58,1,1,1,1,0,2.56000000000017,5,NA
"1656",32,18,1,1,1,0,1,8.33999999999992,3,NA
"1657",32,35,1,1,1,0,1,2.54999999999995,6,NA
"1658",32,48,1,1,1,1,0,4.61999999999989,4,NA
"1659",32,53,1,1,1,0,1,2.96000000000004,2,NA
"1660",32,59,1,1,1,1,1,3.54999999999995,3,NA
"1661",32,20,1,1,1,1,1,6.86000000000013,4,NA
"1662",32,47,1,1,1,1,0,3.22000000000003,6,NA
"1663",32,1,1,1,1,1,0,4.95000000000004,4,NA
"1664",32,50,1,1,1,1,0,4.41000000000008,2,NA
"1665",32,40,1,1,1,1,1,3.01999999999998,2,NA
"1666",32,49,1,1,1,1,0,4.42999999999984,2,NA
"1667",32,60,1,1,1,1,1,3.3599999999999,4,NA
"1668",32,54,1,1,1,0,1,4.11999999999989,2,NA
"1669",32,34,1,1,1,0,0,4.36999999999989,6,NA
"1670",32,12,1,1,1,1,0,2.85000000000014,2,NA
"1671",32,7,1,1,1,0,0,2.84000000000015,3,NA
"1672",32,29,1,1,1,0,0,2.21000000000004,6,NA
"1673",32,5,1,1,1,0,0,3.46999999999974,3,NA
"1674",32,30,1,1,1,0,1,3.65000000000009,1,NA
"1675",32,21,1,1,1,1,1,2.64999999999986,2,NA
"1676",32,56,1,1,1,1,1,2.83999999999992,4,NA
"1677",32,15,1,1,1,0,1,4.78999999999996,3,NA
"1678",32,28,1,1,1,1,1,5.05999999999995,3,NA
"1679",32,2,1,1,1,0,1,3.72999999999979,2,NA
"1680",32,4,1,1,1,0,1,4.92999999999984,4,NA
"1681",32,26,1,1,1,1,1,3.25999999999999,4,NA
"1682",32,57,1,1,1,1,1,3.14999999999986,2,NA
"1683",32,52,1,1,1,1,1,7.50999999999999,1,NA
"1684",32,51,1,1,1,1,0,3.11999999999989,4,NA
"1685",32,6,1,1,1,0,1,9.11000000000013,2,NA
"1686",32,32,1,1,1,1,0,2.72000000000003,4,NA
"1687",32,24,1,1,1,0,0,5.22000000000003,2,NA
"1688",32,14,1,1,1,1,0,5.54999999999996,1,NA
"1689",32,33,1,1,1,0,1,5.10000000000014,2,NA
"1690",32,8,1,1,1,1,0,3.34999999999991,1,NA
"1691",32,27,1,1,1,1,0,4,3,NA
"1692",32,16,1,1,1,0,0,3.67000000000007,2,NA
"1693",32,11,1,1,1,0,0,3.97000000000003,5,NA
"1694",32,9,1,1,1,1,0,6.00999999999999,3,NA
"1695",32,55,1,1,1,0,0,3.94000000000006,6,NA
"1696",32,37,1,1,1,0,0,3.57999999999993,4,NA
"1697",32,46,1,1,1,1,1,2.8900000000001,2,NA
"1698",32,25,1,1,1,1,0,5.92000000000007,2,NA
"1699",32,42,1,1,1,1,0,3.07000000000016,1,NA
"1700",32,19,1,1,1,0,1,6.3900000000001,3,NA
"1701",32,22,1,1,1,1,0,7.67999999999984,2,NA
"1702",32,45,1,1,1,0,1,5.76999999999998,3,NA
"1703",32,10,1,1,1,0,0,8.50999999999999,3,NA
"1704",32,17,1,1,1,0,0,2.96000000000004,5,NA
"1705",32,39,1,1,1,0,1,2.48000000000002,4,NA
"1706",32,3,1,1,1,1,1,2.75,4,NA
"1707",32,13,1,1,1,1,1,2.39999999999986,5,NA
"1708",32,41,1,1,1,0,0,4.81999999999994,1,NA
"1709",32,43,1,1,1,1,1,3.10000000000014,1,NA
"1710",32,44,1,1,1,1,0,2.97999999999979,2,NA
"1711",32,38,1,1,1,1,1,3.45000000000005,2,NA
"1712",33,65,1,1,1,1,0,2.79999999999995,2,NA
"1713",33,63,1,1,1,0,0,3.92000000000007,4,NA
"1714",33,21,1,1,1,1,1,2.98000000000002,3,NA
"1715",33,35,1,1,1,1,1,2.36999999999989,2,NA
"1716",33,74,1,1,1,1,0,2.67000000000007,3,NA
"1717",33,52,1,1,1,1,1,2.5,1,NA
"1718",33,71,1,1,1,0,0,4.74000000000001,1,NA
"1719",33,66,1,1,1,1,0,1.76999999999998,4,NA
"1720",33,90,1,1,1,1,0,3.75,2,NA
"1721",33,84,1,1,1,1,0,4.19000000000005,4,NA
"1722",33,87,1,1,1,0,0,3.3900000000001,3,NA
"1723",33,15,1,1,1,1,1,1.85000000000014,3,NA
"1724",33,59,1,1,1,1,1,2.11999999999989,2,NA
"1725",33,6,1,1,1,1,1,1.45000000000005,1,NA
"1726",33,33,1,1,1,0,1,3.23000000000002,1,NA
"1727",33,3,1,1,1,1,1,2.4699999999998,2,NA
"1728",33,75,1,1,1,1,0,3.75,1,NA
"1729",33,28,1,1,1,1,1,1.94000000000006,2,NA
"1730",33,53,1,1,1,0,1,2.82999999999993,1,NA
"1731",33,13,1,1,1,1,1,2.01999999999998,5,NA
"1732",33,73,1,1,1,1,0,2.90999999999985,2,NA
"1733",33,77,1,1,1,1,0,1.90999999999985,4,NA
"1734",33,2,1,1,1,1,1,2.45000000000005,1,NA
"1735",33,30,1,1,1,1,1,2.15000000000009,1,NA
"1736",33,85,1,1,1,1,0,2.09999999999991,4,NA
"1737",33,68,1,1,1,1,0,3.13999999999987,4,NA
"1738",33,69,1,1,1,1,0,2.16999999999984,3,NA
"1739",33,45,1,1,1,1,1,2.12000000000012,3,NA
"1740",33,89,1,1,1,0,0,2.65000000000009,1,NA
"1741",33,56,1,1,1,1,1,2.06999999999994,4,NA
"1742",33,38,1,1,1,1,1,1.92999999999984,3,NA
"1743",33,80,1,1,1,1,0,2.15000000000009,5,NA
"1744",33,72,1,1,1,1,0,4.48000000000002,1,NA
"1745",33,78,1,1,1,1,0,3.18999999999983,1,NA
"1746",33,40,1,1,1,1,1,2.16000000000008,6,NA
"1747",33,76,1,1,1,0,0,2.59999999999991,2,NA
"1748",33,46,1,1,1,1,1,2.44999999999982,5,NA
"1749",33,26,1,1,1,1,1,1.95000000000005,4,NA
"1750",33,54,1,1,1,1,1,2.51999999999998,4,NA
"1751",33,4,1,1,1,1,1,3.26999999999998,3,NA
"1752",33,19,1,1,1,1,1,1.94000000000006,5,NA
"1753",33,62,1,1,1,1,0,1.83999999999992,4,NA
"1754",33,60,1,1,1,1,1,1.71000000000004,3,NA
"1755",33,57,1,1,1,1,1,3.98000000000002,2,NA
"1756",33,64,1,1,1,1,0,2.28999999999996,5,NA
"1757",33,23,1,1,1,1,1,2.34000000000015,3,NA
"1758",33,20,1,1,1,1,1,2.71000000000004,3,NA
"1759",33,39,1,1,1,1,1,1.76999999999998,4,NA
"1760",33,83,1,1,1,1,0,4.30000000000018,4,NA
"1761",33,18,1,1,1,0,1,5.29999999999996,1,NA
"1762",33,88,1,1,1,0,0,2.38000000000011,5,NA
"1763",33,79,1,1,1,0,0,4.07999999999993,2,NA
"1764",33,61,1,1,1,1,0,4.31999999999994,1,NA
"1765",33,43,1,1,1,1,1,2.37999999999988,2,NA
"1766",33,70,1,1,1,0,0,3.67999999999984,4,NA
"1767",33,81,1,1,1,1,0,2.54999999999995,4,NA
"1768",33,31,1,1,1,1,1,2.16000000000008,5,NA
"1769",33,86,1,1,1,1,0,2.43999999999983,4,NA
"1770",33,82,1,1,1,0,0,2.43000000000006,1,NA
"1771",33,67,1,1,1,0,0,3.37999999999988,3,NA
"1772",34,77,1,1,1,0,0,1.82000000000016,2,NA
"1773",34,19,1,1,1,0,1,2.81999999999994,4,NA
"1774",34,90,1,1,1,0,0,1.86999999999989,4,NA
"1775",34,75,1,1,1,0,0,2.77999999999997,2,NA
"1776",34,89,1,1,1,0,0,2.25,1,NA
"1777",34,76,1,1,1,0,0,2.07999999999993,1,NA
"1778",34,74,1,1,1,0,0,1.89999999999986,3,NA
"1779",34,54,1,1,1,0,1,8.35000000000014,1,NA
"1780",34,65,1,1,1,1,0,2.65999999999985,2,NA
"1781",34,53,1,1,1,1,1,2.04999999999995,1,NA
"1782",34,83,1,1,1,0,0,1.60000000000014,4,NA
"1783",34,3,1,1,1,1,1,2.40999999999985,2,NA
"1784",34,67,1,1,1,0,0,1.52999999999997,6,NA
"1785",34,71,1,1,1,0,0,2.93999999999983,1,NA
"1786",34,39,1,1,1,1,1,2.46000000000004,3,NA
"1787",34,57,1,1,1,1,1,2.04999999999995,4,NA
"1788",34,43,1,1,1,1,1,3.15000000000009,2,NA
"1789",34,56,1,1,1,1,1,2.61000000000013,4,NA
"1790",34,86,1,1,1,1,0,2.47000000000003,3,NA
"1791",34,15,1,1,1,0,1,1.40000000000009,4,NA
"1792",34,33,1,1,1,1,1,2.98000000000002,4,NA
"1793",34,35,1,1,1,1,1,3.46000000000004,1,NA
"1794",34,38,1,1,1,1,1,3.39999999999986,1,NA
"1795",34,31,1,1,1,1,1,3.01999999999998,6,NA
"1796",34,40,1,1,1,1,1,5.23000000000002,3,NA
"1797",34,20,1,1,1,1,1,3.48000000000002,4,NA
"1798",34,80,1,1,1,0,0,3.72000000000003,2,NA
"1799",34,28,1,1,1,0,1,6.02999999999997,1,NA
"1800",34,64,1,1,1,1,0,4.38000000000011,1,NA
"1801",34,81,1,1,1,1,0,8.02999999999997,1,NA
"1802",34,68,1,1,1,0,0,5.02999999999992,1,NA
"1803",34,82,1,1,1,0,0,1.82999999999993,4,NA
"1804",34,66,1,1,1,1,0,1.86999999999989,4,NA
"1805",34,60,1,1,1,1,1,4.26999999999998,3,NA
"1806",34,79,1,1,1,0,0,4.00999999999999,3,NA
"1807",34,88,1,1,1,0,0,2.81999999999994,1,NA
"1808",34,46,1,1,1,1,1,3.00999999999999,1,NA
"1809",34,23,1,1,1,1,1,3.18000000000006,4,NA
"1810",34,4,1,1,1,0,1,3.45000000000005,3,NA
"1811",34,72,1,1,1,1,0,3.77999999999997,1,NA
"1812",34,2,1,1,1,0,1,5.46000000000004,1,NA
"1813",34,73,1,1,1,1,0,1.70000000000005,4,NA
"1814",34,84,1,1,1,1,0,2.28999999999996,5,NA
"1815",34,26,1,1,1,1,1,2.91000000000008,4,NA
"1816",34,69,1,1,1,1,0,1.88999999999987,1,NA
"1817",34,18,1,1,1,0,1,2.89999999999986,1,NA
"1818",34,13,1,1,1,1,1,2.25,3,NA
"1819",34,70,1,1,1,0,0,4.82999999999993,3,NA
"1820",34,62,1,1,1,0,0,2.61999999999989,4,NA
"1821",34,45,1,1,1,0,1,7.96000000000004,1,NA
"1822",34,78,1,1,1,1,0,1.75,4,NA
"1823",34,87,1,1,1,0,0,1.47000000000003,4,NA
"1824",34,61,1,1,1,1,0,1.97000000000003,4,NA
"1825",34,59,1,1,1,1,1,4.5,5,NA
"1826",34,52,1,1,1,1,1,4.33000000000015,1,NA
"1827",34,21,1,1,1,0,1,3.38000000000011,1,NA
"1828",34,30,1,1,1,0,1,3.33000000000016,1,NA
"1829",34,85,1,1,1,1,0,3.23000000000002,1,NA
"1830",35,114,1,1,1,0,0,5.20000000000004,2,NA
"1831",35,31,1,1,1,0,1,3.08999999999992,5,NA
"1832",35,111,1,1,1,1,0,3.70000000000005,3,NA
"1833",35,28,1,1,1,1,1,3.33999999999992,4,NA
"1834",35,112,1,1,1,1,0,4.32000000000016,5,NA
"1835",35,117,1,1,1,1,0,5.16999999999985,1,NA
"1836",35,91,1,1,1,1,0,3.77999999999997,2,NA
"1837",35,2,1,1,1,0,1,6.17000000000007,2,NA
"1838",35,110,1,1,1,1,0,6.04999999999996,2,NA
"1839",35,39,1,1,1,0,1,4.13000000000011,4,NA
"1840",35,119,1,1,1,1,0,4.04999999999996,2,NA
"1841",35,52,1,1,1,0,1,4.75999999999999,4,NA
"1842",35,33,1,1,1,1,1,6.67000000000007,3,NA
"1843",35,107,1,1,1,0,0,2.77999999999997,4,NA
"1844",35,95,1,1,1,0,0,5.29999999999996,3,NA
"1845",35,18,1,1,1,1,1,7.20000000000004,3,NA
"1846",35,102,1,1,1,1,0,4.10000000000014,3,NA
"1847",35,103,1,1,1,0,0,3.98000000000002,6,NA
"1848",35,30,1,1,1,1,1,4.53999999999996,5,NA
"1849",35,59,1,1,1,1,1,3.81999999999994,4,NA
"1850",35,96,1,1,1,0,0,3.51999999999998,3,NA
"1851",35,104,1,1,1,0,0,5.96000000000004,2,NA
"1852",35,40,1,1,1,1,1,5.03999999999991,4,NA
"1853",35,38,1,1,1,1,1,4.15999999999985,4,NA
"1854",35,109,1,1,1,1,0,5.13999999999987,1,NA
"1855",35,19,1,1,1,0,1,4.37999999999988,2,NA
"1856",35,101,1,1,1,0,0,3.61999999999989,5,NA
"1857",35,98,1,1,1,0,0,3.25,2,NA
"1858",35,108,1,1,1,1,0,5.64999999999986,1,NA
"1859",35,57,1,1,1,1,1,4.22000000000003,4,NA
"1860",35,45,1,1,1,0,1,6.12000000000012,3,NA
"1861",35,26,1,1,1,1,1,3,4,NA
"1862",35,92,1,1,1,0,0,5.45999999999981,4,NA
"1863",35,23,1,1,1,1,1,4.95000000000004,2,NA
"1864",35,53,1,1,1,1,1,4.73000000000002,3,NA
"1865",35,113,1,1,1,0,0,3.42999999999984,2,NA
"1866",35,116,1,1,1,1,0,2.97000000000003,3,NA
"1867",35,20,1,1,1,1,1,3.22000000000003,3,NA
"1868",35,99,1,1,1,1,0,8.70000000000005,3,NA
"1869",35,94,1,1,1,0,0,3.77999999999997,4,NA
"1870",35,105,1,1,1,1,0,5.29999999999996,1,NA
"1871",35,4,1,1,1,1,1,4.19000000000005,1,NA
"1872",35,120,1,1,1,0,0,7,4,NA
"1873",35,115,1,1,1,0,0,5.81999999999994,2,NA
"1874",35,35,1,1,1,0,1,3.87000000000012,5,NA
"1875",35,46,1,1,1,0,1,5.18999999999983,4,NA
"1876",35,56,1,1,1,1,1,3.47999999999979,4,NA
"1877",35,118,1,1,1,1,0,3.31999999999994,5,NA
"1878",35,13,1,1,1,0,1,4.79999999999996,1,NA
"1879",35,21,1,1,1,1,1,5.40000000000009,3,NA
"1880",35,97,1,1,1,1,0,3.11999999999989,2,NA
"1881",35,100,1,1,1,0,0,5.06999999999994,3,NA
"1882",35,3,1,1,1,1,1,2.57999999999993,4,NA
"1883",35,60,1,1,1,1,1,3.26999999999998,4,NA
"1884",35,93,1,1,1,0,0,4.02999999999997,4,NA
"1885",35,106,1,1,1,0,0,3.34000000000015,6,NA
"1886",35,15,1,1,1,1,1,7.25999999999999,1,NA
"1887",35,43,1,1,1,1,1,3.92999999999984,1,NA
"1888",35,54,1,1,1,1,1,6.72000000000003,4,NA
"1889",35,6,1,1,1,1,1,2.75,4,NA
"1890",36,20,1,1,1,1,1,2.58000000000004,5,NA
"1891",36,60,1,1,1,1,1,2.28000000000009,3,NA
"1892",36,116,1,1,1,0,0,3.28999999999996,2,NA
"1893",36,15,1,1,1,1,1,3.24000000000001,1,NA
"1894",36,114,1,1,1,0,0,3.54999999999995,3,NA
"1895",36,94,1,1,1,1,0,4.09000000000003,2,NA
"1896",36,28,1,1,1,1,1,3.93999999999994,2,NA
"1897",36,119,1,1,1,0,0,2.56999999999994,3,NA
"1898",36,106,1,1,1,0,0,2.34000000000003,3,NA
"1899",36,102,1,1,1,0,0,3.70999999999992,3,NA
"1900",36,120,1,1,1,0,0,2.74000000000001,2,NA
"1901",36,26,1,1,1,1,1,1.61999999999989,1,NA
"1902",36,113,1,1,1,1,0,3.02000000000021,2,NA
"1903",36,97,1,1,1,1,0,2.06999999999994,1,NA
"1904",36,38,1,1,1,1,1,3.01999999999998,3,NA
"1905",36,56,1,1,1,1,1,2.5,2,NA
"1906",36,99,1,1,1,1,0,3.8900000000001,1,NA
"1907",36,39,1,1,1,1,1,5.57999999999993,1,NA
"1908",36,4,1,1,1,0,1,3.26999999999998,1,NA
"1909",36,103,1,1,1,1,0,2.07000000000016,4,NA
"1910",36,53,1,1,1,0,1,3.64999999999986,1,NA
"1911",36,3,1,1,1,1,1,2.80999999999994,3,NA
"1912",36,59,1,1,1,1,1,2.05999999999994,2,NA
"1913",36,6,1,1,1,0,1,2.29999999999995,1,NA
"1914",36,46,1,1,1,1,1,3.06999999999994,3,NA
"1915",36,100,1,1,1,1,0,3.44999999999982,3,NA
"1916",36,35,1,1,1,1,1,3.27000000000021,3,NA
"1917",36,115,1,1,1,1,0,2.49000000000001,2,NA
"1918",36,2,1,1,1,1,1,2.69999999999982,1,NA
"1919",36,111,1,1,1,1,0,2.94999999999982,1,NA
"1920",36,118,1,1,1,1,0,3.43000000000006,3,NA
"1921",36,98,1,1,1,1,0,4.73000000000002,2,NA
"1922",36,101,1,1,1,0,0,2.92999999999984,2,NA
"1923",36,43,1,1,1,1,1,3.18000000000006,2,NA
"1924",36,30,1,1,1,1,1,3.60000000000014,3,NA
"1925",36,105,1,1,1,1,0,3.46999999999997,1,NA
"1926",36,21,1,1,1,1,1,2.24000000000001,3,NA
"1927",36,107,1,1,1,0,0,2.25,2,NA
"1928",36,96,1,1,1,0,0,3.5,2,NA
"1929",36,117,1,1,1,0,0,4.12000000000012,1,NA
"1930",36,33,1,1,1,1,1,3.26999999999998,2,NA
"1931",36,57,1,1,1,1,1,3.54999999999995,2,NA
"1932",36,92,1,1,1,0,0,2.76999999999998,3,NA
"1933",36,54,1,1,1,1,1,3.00999999999999,3,NA
"1934",36,23,1,1,1,0,1,3.58999999999992,2,NA
"1935",36,18,1,1,1,1,1,3.5,1,NA
"1936",36,109,1,1,1,0,0,2.86000000000013,1,NA
"1937",36,45,1,1,1,0,1,2.97000000000003,6,NA
"1938",36,104,1,1,1,1,0,2.82999999999993,2,NA
"1939",36,110,1,1,1,0,0,3.45000000000005,1,NA
"1940",36,112,1,1,1,0,0,3.01999999999998,6,NA
"1941",36,40,1,1,1,1,1,2.49000000000001,6,NA
"1942",36,31,1,1,1,1,1,2.29999999999995,3,NA
"1943",36,95,1,1,1,1,0,2.62999999999988,2,NA
"1944",36,93,1,1,1,0,0,2.69000000000006,3,NA
"1945",36,13,1,1,1,1,1,2.67000000000007,2,NA
"1946",36,52,1,1,1,1,1,3.54999999999995,2,NA
"1947",36,19,1,1,1,0,1,2.44999999999982,2,NA
"1948",36,91,1,1,1,1,0,2.43000000000006,1,NA
"1949",36,108,1,1,1,0,0,3.23000000000002,3,NA
"1950",37,42,1,1,1,0,0,4.12999999999988,1,NA
"1951",37,47,1,1,1,1,0,2.58999999999992,1,NA
"1952",37,77,1,1,1,1,1,2.69000000000006,1,NA
"1953",37,76,1,1,1,1,1,3.29999999999995,6,NA
"1954",37,9,1,1,1,0,0,3.00999999999999,2,NA
"1955",37,58,1,1,1,1,0,3.25999999999999,2,NA
"1956",37,79,1,1,1,1,1,2.29999999999995,2,NA
"1957",37,69,1,1,1,1,1,2.2199999999998,4,NA
"1958",37,16,1,1,1,0,0,3,1,NA
"1959",37,82,1,1,1,1,1,2.26999999999998,6,NA
"1960",37,10,1,1,1,0,0,6.81999999999994,1,NA
"1961",37,48,1,1,1,0,0,3.70000000000005,1,NA
"1962",37,83,1,1,1,1,1,3.70000000000005,6,NA
"1963",37,71,1,1,1,1,1,3.22999999999979,6,NA
"1964",37,37,1,1,1,0,0,3.42000000000007,1,NA
"1965",37,87,1,1,1,1,1,2.01999999999998,6,NA
"1966",37,41,1,1,1,0,0,3.70000000000005,5,NA
"1967",37,81,1,1,1,1,1,1.67000000000007,6,NA
"1968",37,24,1,1,1,0,0,4.51999999999998,1,NA
"1969",37,80,1,1,1,1,1,2.83999999999992,5,NA
"1970",37,89,1,1,1,1,1,2.34999999999991,6,NA
"1971",37,72,1,1,1,0,1,3.26999999999998,1,NA
"1972",37,68,1,1,1,1,1,1.87000000000012,6,NA
"1973",37,64,1,1,1,0,1,1.69000000000006,1,NA
"1974",37,70,1,1,1,1,1,1.60000000000014,6,NA
"1975",37,90,1,1,1,1,1,2.14999999999986,1,NA
"1976",37,73,1,1,1,1,1,2.55999999999994,1,NA
"1977",37,88,1,1,1,1,1,4.04999999999996,6,NA
"1978",37,22,1,1,1,1,0,3.14999999999986,1,NA
"1979",37,49,1,1,1,0,0,2.29999999999995,1,NA
"1980",37,12,1,1,1,1,0,2.46000000000004,3,NA
"1981",37,1,1,1,1,0,0,3.02999999999997,1,NA
"1982",37,66,1,1,1,1,1,1.74000000000001,3,NA
"1983",37,65,1,1,1,1,1,1.43000000000006,1,NA
"1984",37,27,1,1,1,0,0,2.66000000000008,1,NA
"1985",37,50,1,1,1,0,0,2.56999999999994,1,NA
"1986",37,36,1,1,1,1,0,2.71000000000004,1,NA
"1987",37,25,1,1,1,1,0,1.92000000000007,1,NA
"1988",37,84,1,1,1,1,1,2.61000000000013,6,NA
"1989",37,51,1,1,1,0,0,3.28999999999996,1,NA
"1990",37,61,1,1,1,0,1,1.76999999999998,1,NA
"1991",37,67,1,1,1,0,1,2.92000000000007,2,NA
"1992",37,29,1,1,1,0,0,2.72000000000003,6,NA
"1993",37,8,1,1,1,0,0,2.74000000000001,1,NA
"1994",37,86,1,1,1,0,1,3.34000000000015,3,NA
"1995",37,14,1,1,1,0,0,2.83999999999992,1,NA
"1996",37,63,1,1,1,0,1,2.62999999999988,1,NA
"1997",37,62,1,1,1,0,1,3.46000000000004,1,NA
"1998",37,85,1,1,1,1,1,6.77999999999997,1,NA
"1999",37,44,1,1,1,1,0,3.12000000000012,3,NA
"2000",37,78,1,1,1,1,1,2.61999999999989,1,NA
"2001",37,5,1,1,1,0,0,1.58000000000016,1,NA
"2002",37,17,1,1,1,0,0,1.94000000000006,1,NA
"2003",37,74,1,1,1,1,1,1.67999999999984,6,NA
"2004",37,55,1,1,1,0,0,3.3900000000001,1,NA
"2005",37,7,1,1,1,0,0,3.1400000000001,1,NA
"2006",37,75,1,1,1,1,1,4.81999999999994,6,NA
"2007",37,11,1,1,1,1,0,3.33999999999992,1,NA
"2008",37,34,1,1,1,1,0,2.66999999999984,2,NA
"2009",37,32,1,1,1,0,0,5.20000000000004,1,NA
"2010",38,67,1,1,1,1,1,1.25999999999999,5,NA
"2011",38,62,1,1,1,1,1,2.81999999999994,3,NA
"2012",38,89,1,1,1,0,1,2.41999999999984,2,NA
"2013",38,29,1,1,1,1,0,2.37000000000012,4,NA
"2014",38,90,1,1,1,1,1,1.31999999999994,2,NA
"2015",38,83,1,1,1,0,1,3.1400000000001,2,NA
"2016",38,71,1,1,1,0,1,2.49000000000001,2,NA
"2017",38,48,1,1,1,1,0,1.77999999999997,4,NA
"2018",38,25,1,1,1,1,0,4.75,2,NA
"2019",38,22,1,1,1,1,0,4.23000000000002,2,NA
"2020",38,78,1,1,1,0,1,2.51999999999998,2,NA
"2021",38,77,1,1,1,1,1,2.65000000000009,1,NA
"2022",38,12,1,1,1,1,0,3.62000000000012,2,NA
"2023",38,75,1,1,1,0,1,2.4699999999998,2,NA
"2024",38,87,1,1,1,1,1,1.31999999999994,3,NA
"2025",38,65,1,1,1,1,1,1.70000000000005,2,NA
"2026",38,73,1,1,1,0,1,2.61999999999989,5,NA
"2027",38,49,1,1,1,1,0,2.19000000000006,2,NA
"2028",38,88,1,1,1,0,1,3.30999999999994,2,NA
"2029",38,37,1,1,1,0,0,2.05999999999994,6,NA
"2030",38,36,1,1,1,1,0,4.32999999999993,3,NA
"2031",38,9,1,1,1,1,0,3.07999999999993,2,NA
"2032",38,11,1,1,1,1,0,2.50999999999999,3,NA
"2033",38,7,1,1,1,0,0,3.61000000000013,2,NA
"2034",38,74,1,1,1,0,1,2.96000000000004,2,NA
"2035",38,41,1,1,1,0,0,1.62999999999982,3,NA
"2036",38,8,1,1,1,1,0,2.32999999999993,2,NA
"2037",38,69,1,1,1,1,1,1.34999999999991,5,NA
"2038",38,5,1,1,1,0,0,2.70000000000005,4,NA
"2039",38,72,1,1,1,1,1,4.66000000000008,2,NA
"2040",38,34,1,1,1,0,0,1.91999999999984,6,NA
"2041",38,61,1,1,1,1,1,2.82000000000016,3,NA
"2042",38,42,1,1,1,1,0,2.48000000000002,2,NA
"2043",38,58,1,1,1,1,0,2.37000000000012,2,NA
"2044",38,64,1,1,1,1,1,1.31999999999994,5,NA
"2045",38,80,1,1,1,1,1,1.70000000000005,2,NA
"2046",38,10,1,1,1,1,0,2.39999999999986,4,NA
"2047",38,50,1,1,1,1,0,2.38000000000011,5,NA
"2048",38,68,1,1,1,1,1,3.04999999999995,2,NA
"2049",38,76,1,1,1,0,1,1.79999999999995,2,NA
"2050",38,70,1,1,1,1,1,4.12000000000012,2,NA
"2051",38,32,1,1,1,1,0,2.23000000000002,4,NA
"2052",38,51,1,1,1,1,0,3.87000000000012,3,NA
"2053",38,17,1,1,1,0,0,1.98000000000002,2,NA
"2054",38,63,1,1,1,1,1,3.03999999999996,4,NA
"2055",38,1,1,1,1,0,0,3.14999999999986,3,NA
"2056",38,55,1,1,1,0,0,4.52999999999997,3,NA
"2057",38,81,1,1,1,1,1,1.8900000000001,2,NA
"2058",38,27,1,1,1,1,0,2.26999999999998,3,NA
"2059",38,44,1,1,1,1,0,3.93000000000006,2,NA
"2060",38,16,1,1,1,0,0,4.40000000000009,2,NA
"2061",38,85,1,1,1,1,1,3.58999999999992,2,NA
"2062",38,14,1,1,1,1,0,3.83999999999992,3,NA
"2063",38,47,1,1,1,1,0,2.34999999999991,5,NA
"2064",38,66,1,1,1,1,1,1.49000000000001,4,NA
"2065",38,82,1,1,1,0,1,1.8900000000001,2,NA
"2066",38,79,1,1,1,0,1,1.33999999999992,4,NA
"2067",38,86,1,1,1,1,1,2.89999999999986,3,NA
"2068",38,84,1,1,1,1,1,1.04999999999995,5,NA
"2069",38,24,1,1,1,0,0,4.1099999999999,4,NA
"2070",39,60,1,1,1,0,0,2.27999999999997,6,NA
"2071",39,6,1,1,1,1,0,6.32000000000016,4,NA
"2072",39,43,1,1,1,1,0,2.28999999999996,3,NA
"2073",39,82,1,1,1,0,1,3.16000000000008,2,NA
"2074",39,19,1,1,1,1,0,2.37999999999988,4,NA
"2075",39,90,1,1,1,1,1,1.69000000000006,4,NA
"2076",39,33,1,1,1,0,0,3.29999999999995,2,NA
"2077",39,57,1,1,1,1,0,3.47000000000003,5,NA
"2078",39,81,1,1,1,1,1,2.56999999999994,3,NA
"2079",39,28,1,1,1,0,0,3.95000000000005,2,NA
"2080",39,56,1,1,1,1,0,2.44000000000006,4,NA
"2081",39,21,1,1,1,1,0,2.75,4,NA
"2082",39,61,1,1,1,1,1,1.87999999999988,5,NA
"2083",39,52,1,1,1,0,0,5.08999999999992,1,NA
"2084",39,31,1,1,1,1,0,2.99000000000001,5,NA
"2085",39,70,1,1,1,1,1,4.25,5,NA
"2086",39,46,1,1,1,1,0,1.97999999999979,6,NA
"2087",39,65,1,1,1,1,1,2.06999999999994,3,NA
"2088",39,77,1,1,1,1,1,2.76999999999998,2,NA
"2089",39,76,1,1,1,1,1,3.34999999999991,4,NA
"2090",39,59,1,1,1,1,0,2.81999999999994,5,NA
"2091",39,39,1,1,1,1,0,3.21000000000004,5,NA
"2092",39,79,1,1,1,0,1,1.92000000000007,4,NA
"2093",39,66,1,1,1,0,1,1.81999999999994,2,NA
"2094",39,3,1,1,1,1,0,2.85000000000014,2,NA
"2095",39,54,1,1,1,0,0,3.73000000000002,2,NA
"2096",39,85,1,1,1,1,1,2.24000000000001,4,NA
"2097",39,53,1,1,1,0,0,3.18000000000006,2,NA
"2098",39,64,1,1,1,1,1,2.68000000000006,4,NA
"2099",39,86,1,1,1,1,1,2.37999999999982,5,NA
"2100",39,75,1,1,1,0,1,3.58999999999992,3,NA
"2101",39,35,1,1,1,0,0,2.3900000000001,2,NA
"2102",39,67,1,1,1,1,1,4.71000000000004,2,NA
"2103",39,88,1,1,1,1,1,2.5,4,NA
"2104",39,38,1,1,1,1,0,3.5,2,NA
"2105",39,40,1,1,1,0,0,3.32999999999993,5,NA
"2106",39,68,1,1,1,1,1,2.22000000000003,4,NA
"2107",39,72,1,1,1,0,1,4,2,NA
"2108",39,62,1,1,1,1,1,2.86000000000013,4,NA
"2109",39,78,1,1,1,1,1,2.3900000000001,4,NA
"2110",39,80,1,1,1,1,1,2.94000000000006,4,NA
"2111",39,69,1,1,1,0,1,3.80000000000018,1,NA
"2112",39,26,1,1,1,1,0,4.08000000000015,2,NA
"2113",39,20,1,1,1,1,0,2.96000000000004,5,NA
"2114",39,87,1,1,1,1,1,3.37000000000012,4,NA
"2115",39,4,1,1,1,1,0,3.78999999999996,2,NA
"2116",39,63,1,1,1,1,1,3.09999999999991,5,NA
"2117",39,89,1,1,1,0,1,3.01999999999998,2,NA
"2118",39,18,1,1,1,1,0,6.53999999999996,5,NA
"2119",39,13,1,1,1,1,0,3.53999999999996,3,NA
"2120",39,83,1,1,1,1,1,3.29999999999995,5,NA
"2121",39,15,1,1,1,0,0,2.44000000000006,2,NA
"2122",39,84,1,1,1,1,1,2.70000000000005,2,NA
"2123",39,73,1,1,1,1,1,2.06999999999994,4,NA
"2124",39,23,1,1,1,1,0,3.1099999999999,4,NA
"2125",39,2,1,1,1,0,0,4.15000000000009,5,NA
"2126",39,30,1,1,1,0,0,2.58000000000016,4,NA
"2127",39,74,1,1,1,1,1,2.75999999999999,3,NA
"2128",39,71,1,1,1,1,1,4.96000000000004,4,NA
"2129",39,45,1,1,1,0,0,8.05000000000018,2,NA
"2130",40,15,1,1,1,1,0,5.45000000000004,3,NA
"2131",40,2,1,1,1,1,0,7.12000000000012,4,NA
"2132",40,13,1,1,1,1,0,4.57999999999993,3,NA
"2133",40,73,1,1,1,1,1,3.68000000000006,3,NA
"2134",40,43,1,1,1,0,0,3.46000000000004,1,NA
"2135",40,26,1,1,1,0,0,3.84999999999991,3,NA
"2136",40,52,1,1,1,1,0,5.12000000000012,2,NA
"2137",40,64,1,1,1,0,1,3.97000000000003,1,NA
"2138",40,28,1,1,1,0,0,6.70000000000004,1,NA
"2139",40,21,1,1,1,0,0,5.08999999999992,1,NA
"2140",40,65,1,1,1,1,1,2.62999999999988,1,NA
"2141",40,77,1,1,1,1,1,4.69999999999982,1,NA
"2142",40,54,1,1,1,1,0,5.57999999999993,1,NA
"2143",40,85,1,1,1,1,1,7.10000000000008,1,NA
"2144",40,61,1,1,1,0,1,6.40000000000009,1,NA
"2145",40,82,1,1,1,0,1,4.74000000000001,1,NA
"2146",40,67,1,1,1,1,1,3.38000000000011,3,NA
"2147",40,86,1,1,1,1,1,7.39999999999986,2,NA
"2148",40,23,1,1,1,0,0,7.01999999999998,1,NA
"2149",40,83,1,1,1,0,1,3.75,1,NA
"2150",40,20,1,1,1,1,0,4.15000000000009,2,NA
"2151",40,70,1,1,1,0,1,3.65000000000009,1,NA
"2152",40,19,1,1,1,1,0,2.52999999999997,5,NA
"2153",40,18,1,1,1,0,0,6.54999999999996,1,NA
"2154",40,53,1,1,1,0,0,3.20000000000005,1,NA
"2155",40,59,1,1,1,1,0,3.25999999999999,3,NA
"2156",40,62,1,1,1,1,1,2.99000000000001,3,NA
"2157",40,6,1,1,1,1,0,4.43000000000006,3,NA
"2158",40,45,1,1,1,0,0,3.62999999999988,1,NA
"2159",40,31,1,1,1,1,0,3.90000000000009,1,NA
"2160",40,78,1,1,1,1,1,2.75,1,NA
"2161",40,33,1,1,1,0,0,4.28999999999996,1,NA
"2162",40,71,1,1,1,1,1,4.61999999999989,1,NA
"2163",40,46,1,1,1,1,0,5.63000000000011,1,NA
"2164",40,39,1,1,1,0,0,4.99000000000001,5,NA
"2165",40,66,1,1,1,1,1,3.89999999999986,1,NA
"2166",40,89,1,1,1,1,1,7.36000000000013,2,NA
"2167",40,69,1,1,1,0,1,8.43000000000006,1,NA
"2168",40,60,1,1,1,1,0,5.04999999999996,1,NA
"2169",40,72,1,1,1,0,1,3.94000000000006,1,NA
"2170",40,63,1,1,1,1,1,4.14999999999986,1,NA
"2171",40,76,1,1,1,0,1,3.12000000000012,1,NA
"2172",40,35,1,1,1,1,0,3.64999999999986,1,NA
"2173",40,84,1,1,1,1,1,3.47000000000003,2,NA
"2174",40,56,1,1,1,1,0,3.3900000000001,1,NA
"2175",40,68,1,1,1,1,1,3.45000000000005,1,NA
"2176",40,90,1,1,1,1,1,2.13000000000011,1,NA
"2177",40,3,1,1,1,1,0,3.51999999999998,1,NA
"2178",40,88,1,1,1,1,1,3.82000000000016,1,NA
"2179",40,30,1,1,1,1,0,3.50999999999999,1,NA
"2180",40,79,1,1,1,1,1,2.23000000000002,1,NA
"2181",40,81,1,1,1,1,1,2.13000000000011,4,NA
"2182",40,38,1,1,1,0,0,5.00999999999999,1,NA
"2183",40,75,1,1,1,0,1,2.47000000000003,1,NA
"2184",40,80,1,1,1,1,1,4.57000000000016,1,NA
"2185",40,57,1,1,1,0,0,6.03999999999996,1,NA
"2186",40,40,1,1,1,1,0,2.35000000000014,1,NA
"2187",40,87,1,1,1,0,1,2.19000000000006,1,NA
"2188",40,4,1,1,1,0,0,3.66999999999984,1,NA
"2189",40,74,1,1,1,0,1,2.65000000000009,1,NA
"2190",41,65,1,1,1,1,1,2.52999999999997,2,NA
"2191",41,113,1,1,1,1,0,4.26999999999998,2,NA
"2192",41,89,1,1,1,1,1,4.74000000000001,1,NA
"2193",41,61,1,1,1,0,1,6.70000000000004,1,NA
"2194",41,62,1,1,1,1,1,2.84000000000015,2,NA
"2195",41,105,1,1,1,1,0,3.5300000000002,1,NA
"2196",41,69,1,1,1,1,1,3.23000000000002,2,NA
"2197",41,99,1,1,1,1,0,4.41999999999985,1,NA
"2198",41,77,1,1,1,0,1,3.35000000000014,2,NA
"2199",41,93,1,1,1,1,0,3.82999999999993,1,NA
"2200",41,107,1,1,1,0,0,4.13000000000011,2,NA
"2201",41,110,1,1,1,1,0,5.01999999999998,1,NA
"2202",41,78,1,1,1,1,1,4.03999999999996,1,NA
"2203",41,80,1,1,1,0,1,4.79999999999996,2,NA
"2204",41,73,1,1,1,0,1,4.98000000000002,5,NA
"2205",41,97,1,1,1,0,0,5.55999999999995,1,NA
"2206",41,117,1,1,1,0,0,3.69999999999982,1,NA
"2207",41,101,1,1,1,1,0,4.35000000000014,2,NA
"2208",41,109,1,1,1,0,0,4.71000000000004,1,NA
"2209",41,66,1,1,1,1,1,3.32999999999993,1,NA
"2210",41,120,1,1,1,1,0,4.95000000000004,2,NA
"2211",41,92,1,1,1,0,0,3.25999999999999,1,NA
"2212",41,112,1,1,1,1,0,3.36000000000013,3,NA
"2213",41,71,1,1,1,0,1,3.57999999999993,1,NA
"2214",41,115,1,1,1,1,0,7.48000000000002,2,NA
"2215",41,108,1,1,1,1,0,3.38000000000011,1,NA
"2216",41,63,1,1,1,0,1,3.99000000000001,1,NA
"2217",41,119,1,1,1,1,0,2.45000000000005,1,NA
"2218",41,81,1,1,1,1,1,3.81999999999994,3,NA
"2219",41,72,1,1,1,1,1,4.06999999999994,1,NA
"2220",41,98,1,1,1,1,0,7.54999999999996,2,NA
"2221",41,86,1,1,1,1,1,7.00999999999999,2,NA
"2222",41,102,1,1,1,0,0,3.20000000000005,3,NA
"2223",41,64,1,1,1,1,1,4.36000000000013,2,NA
"2224",41,67,1,1,1,1,1,3.55999999999994,2,NA
"2225",41,94,1,1,1,1,0,4.95000000000004,2,NA
"2226",41,68,1,1,1,1,1,9.19999999999982,2,NA
"2227",41,103,1,1,1,0,0,2.72000000000003,1,NA
"2228",41,87,1,1,1,1,1,2.37999999999988,1,NA
"2229",41,106,1,1,1,0,0,4.65000000000009,3,NA
"2230",41,90,1,1,1,1,1,4.91000000000008,2,NA
"2231",41,116,1,1,1,0,0,5.93000000000006,1,NA
"2232",41,118,1,1,1,0,0,4.77000000000021,2,NA
"2233",41,85,1,1,1,1,1,7.99000000000001,2,NA
"2234",41,74,1,1,1,0,1,2.1400000000001,1,NA
"2235",41,91,1,1,1,1,0,2.32999999999993,1,NA
"2236",41,75,1,1,1,1,1,5.39999999999986,1,NA
"2237",41,70,1,1,1,0,1,8.1400000000001,3,NA
"2238",41,84,1,1,1,1,1,4.52999999999997,1,NA
"2239",41,96,1,1,1,1,0,3.5,1,NA
"2240",41,76,1,1,1,0,1,4.97000000000003,1,NA
"2241",41,104,1,1,1,1,0,1.99000000000001,1,NA
"2242",41,83,1,1,1,1,1,5.40000000000009,4,NA
"2243",41,79,1,1,1,1,1,9.56999999999994,1,NA
"2244",41,114,1,1,1,1,0,2.35000000000014,1,NA
"2245",41,95,1,1,1,1,0,3.91999999999984,1,NA
"2246",41,82,1,1,1,0,1,5.71000000000004,2,NA
"2247",41,111,1,1,1,0,0,1.85000000000014,1,NA
"2248",41,88,1,1,1,1,1,4.62000000000012,1,NA
"2249",41,100,1,1,1,1,0,2.9699999999998,2,NA
"2250",42,72,1,1,1,1,1,3.60000000000014,1,NA
"2251",42,118,1,1,1,1,0,2.05000000000018,5,NA
"2252",42,66,1,1,1,1,1,1.34999999999991,5,NA
"2253",42,98,1,1,1,0,0,1.88000000000011,2,NA
"2254",42,117,1,1,1,0,0,5.31999999999994,1,NA
"2255",42,63,1,1,1,0,1,2.95000000000005,1,NA
"2256",42,61,1,1,1,1,1,2,1,NA
"2257",42,110,1,1,1,1,0,2.70000000000005,1,NA
"2258",42,102,1,1,1,0,0,1.43000000000006,4,NA
"2259",42,62,1,1,1,1,1,1.93000000000006,3,NA
"2260",42,79,1,1,1,1,1,2.15000000000009,2,NA
"2261",42,69,1,1,1,1,1,2.11999999999989,2,NA
"2262",42,91,1,1,1,1,0,2.19000000000006,2,NA
"2263",42,97,1,1,1,0,0,4.18999999999983,1,NA
"2264",42,84,1,1,1,1,1,3.37999999999988,1,NA
"2265",42,67,1,1,1,1,1,2.02999999999997,6,NA
"2266",42,76,1,1,1,1,1,2.12999999999988,4,NA
"2267",42,109,1,1,1,1,0,2.3599999999999,2,NA
"2268",42,101,1,1,1,1,0,4.93000000000006,3,NA
"2269",42,94,1,1,1,1,0,3.86000000000013,1,NA
"2270",42,120,1,1,1,1,0,3.46000000000004,1,NA
"2271",42,107,1,1,1,0,0,2.67000000000007,2,NA
"2272",42,105,1,1,1,1,0,3.16999999999984,1,NA
"2273",42,119,1,1,1,1,0,2.39999999999986,2,NA
"2274",42,80,1,1,1,1,1,2.16999999999984,2,NA
"2275",42,71,1,1,1,0,1,3.1400000000001,1,NA
"2276",42,83,1,1,1,1,1,3.86000000000013,3,NA
"2277",42,93,1,1,1,0,0,3.48000000000002,2,NA
"2278",42,73,1,1,1,1,1,3.31999999999994,2,NA
"2279",42,77,1,1,1,1,1,2.43000000000006,2,NA
"2280",42,86,1,1,1,0,1,4.68000000000006,2,NA
"2281",42,111,1,1,1,0,0,2.26999999999998,2,NA
"2282",42,96,1,1,1,1,0,3.06999999999994,2,NA
"2283",42,116,1,1,1,1,0,3.06999999999994,1,NA
"2284",42,65,1,1,1,1,1,2.95000000000005,2,NA
"2285",42,70,1,1,1,0,1,2.47000000000003,3,NA
"2286",42,90,1,1,1,1,1,3.87000000000012,1,NA
"2287",42,88,1,1,1,1,1,4.31000000000017,2,NA
"2288",42,113,1,1,1,0,0,4.34999999999991,2,NA
"2289",42,78,1,1,1,1,1,2.73000000000002,2,NA
"2290",42,99,1,1,1,1,0,2.20000000000005,2,NA
"2291",42,115,1,1,1,1,0,2.22000000000003,3,NA
"2292",42,114,1,1,1,1,0,3.43000000000006,1,NA
"2293",42,100,1,1,1,1,0,2.70000000000005,3,NA
"2294",42,112,1,1,1,0,0,2.94000000000006,3,NA
"2295",42,106,1,1,1,0,0,1.60000000000014,6,NA
"2296",42,87,1,1,1,0,1,5.25,2,NA
"2297",42,104,1,1,1,0,0,3.35000000000014,1,NA
"2298",42,74,1,1,1,0,1,1.86999999999989,1,NA
"2299",42,108,1,1,1,1,0,2.16000000000008,3,NA
"2300",42,95,1,1,1,1,0,2.45000000000005,2,NA
"2301",42,81,1,1,1,0,1,2.59999999999991,2,NA
"2302",42,68,1,1,1,0,1,3.10000000000014,2,NA
"2303",42,85,1,1,1,0,1,4.07999999999993,1,NA
"2304",42,64,1,1,1,1,1,3.82000000000016,1,NA
"2305",42,89,1,1,1,1,1,4.23000000000002,1,NA
"2306",42,92,1,1,1,0,0,3.5300000000002,1,NA
"2307",42,103,1,1,1,1,0,2.12000000000012,6,NA
"2308",42,82,1,1,1,0,1,2.45999999999981,5,NA
"2309",42,75,1,1,1,1,1,3.30999999999994,2,NA
"2310",43,34,1,1,1,1,0,3.13000000000011,3,NA
"2311",43,37,1,1,1,1,0,3.96000000000004,2,NA
"2312",43,109,1,1,1,1,1,2.20000000000005,1,NA
"2313",43,22,1,1,1,1,0,5.66999999999985,1,NA
"2314",43,36,1,1,1,1,0,3.67000000000007,2,NA
"2315",43,105,1,1,1,0,1,2.73000000000002,6,NA
"2316",43,49,1,1,1,1,0,4.57999999999993,2,NA
"2317",43,47,1,1,1,0,0,4.84999999999991,2,NA
"2318",43,48,1,1,1,1,0,6.1099999999999,3,NA
"2319",43,5,1,1,1,0,0,5.56999999999994,2,NA
"2320",43,12,1,1,1,1,0,2.92000000000007,1,NA
"2321",43,111,1,1,1,1,1,2.51999999999998,2,NA
"2322",43,51,1,1,1,1,0,6.73000000000002,1,NA
"2323",43,93,1,1,1,1,1,3.58999999999992,2,NA
"2324",43,114,1,1,1,0,1,5.26999999999998,1,NA
"2325",43,10,1,1,1,0,0,7.55999999999995,6,NA
"2326",43,58,1,1,1,1,0,4.15999999999985,2,NA
"2327",43,41,1,1,1,0,0,3.86999999999989,2,NA
"2328",43,98,1,1,1,0,1,4.00999999999999,2,NA
"2329",43,104,1,1,1,1,1,2.57000000000016,2,NA
"2330",43,92,1,1,1,1,1,2.86000000000013,2,NA
"2331",43,97,1,1,1,1,1,3.54999999999995,1,NA
"2332",43,118,1,1,1,1,1,4.24000000000001,3,NA
"2333",43,120,1,1,1,1,1,3.31000000000017,2,NA
"2334",43,101,1,1,1,0,1,4.29999999999996,2,NA
"2335",43,44,1,1,1,1,0,5.15999999999985,2,NA
"2336",43,17,1,1,1,0,0,3.49000000000001,2,NA
"2337",43,24,1,1,1,1,0,5.10000000000014,1,NA
"2338",43,106,1,1,1,0,1,3.91000000000008,4,NA
"2339",43,107,1,1,1,0,1,3.18000000000006,4,NA
"2340",43,29,1,1,1,0,0,6.31999999999994,3,NA
"2341",43,116,1,1,1,0,1,4.97000000000003,2,NA
"2342",43,16,1,1,1,1,0,4.02999999999992,1,NA
"2343",43,9,1,1,1,1,0,7.29000000000019,2,NA
"2344",43,91,1,1,1,0,1,3.49000000000001,3,NA
"2345",43,99,1,1,1,1,1,3.58000000000016,2,NA
"2346",43,110,1,1,1,0,1,3.78999999999996,2,NA
"2347",43,50,1,1,1,1,0,8.87999999999988,3,NA
"2348",43,117,1,1,1,1,1,4.87999999999988,2,NA
"2349",43,8,1,1,1,1,0,7.87000000000012,2,NA
"2350",43,42,1,1,1,1,0,4.4699999999998,1,NA
"2351",43,1,1,1,1,0,0,4.75999999999999,2,NA
"2352",43,11,1,1,1,0,0,7.75,3,NA
"2353",43,32,1,1,1,0,0,5.97000000000003,2,NA
"2354",43,119,1,1,1,1,1,2.56999999999994,3,NA
"2355",43,103,1,1,1,1,1,1.85000000000014,3,NA
"2356",43,95,1,1,1,1,1,2.37999999999988,2,NA
"2357",43,115,1,1,1,1,1,3.21000000000004,2,NA
"2358",43,113,1,1,1,1,1,2.72000000000003,1,NA
"2359",43,7,1,1,1,0,0,4.61000000000013,2,NA
"2360",43,100,1,1,1,1,1,2.99000000000001,2,NA
"2361",43,25,1,1,1,0,0,6.18000000000006,2,NA
"2362",43,94,1,1,1,1,1,4.78999999999996,1,NA
"2363",43,27,1,1,1,0,0,5.94000000000005,3,NA
"2364",43,112,1,1,1,0,1,4.59999999999991,2,NA
"2365",43,14,1,1,1,1,0,6.48000000000002,2,NA
"2366",43,102,1,1,1,0,1,5.28999999999996,1,NA
"2367",43,96,1,1,1,1,1,3.79999999999995,2,NA
"2368",43,55,1,1,1,1,0,5.25999999999999,2,NA
"2369",44,116,1,1,1,1,1,2.37999999999988,3,NA
"2370",44,34,1,1,1,1,0,2.66000000000008,4,NA
"2371",44,98,1,1,1,0,1,2.16999999999984,2,NA
"2372",44,25,1,1,1,0,0,3.66999999999984,2,NA
"2373",44,41,1,1,1,0,0,2.66999999999984,5,NA
"2374",44,96,1,1,1,1,1,1.75,2,NA
"2375",44,112,1,1,1,1,1,2.36999999999989,5,NA
"2376",44,101,1,1,1,0,1,2.36999999999989,5,NA
"2377",44,107,1,1,1,1,1,1.64999999999986,3,NA
"2378",44,5,1,1,1,0,0,4.48000000000002,2,NA
"2379",44,44,1,1,1,0,0,2.41999999999984,5,NA
"2380",44,102,1,1,1,1,1,2.25999999999999,4,NA
"2381",44,12,1,1,1,1,0,2.49000000000001,5,NA
"2382",44,114,1,1,1,0,1,3.05000000000018,1,NA
"2383",44,113,1,1,1,1,1,2.51999999999998,5,NA
"2384",44,105,1,1,1,0,1,3.5,1,NA
"2385",44,111,1,1,1,1,1,2.83000000000016,3,NA
"2386",44,118,1,1,1,1,1,1.90000000000009,5,NA
"2387",44,110,1,1,1,0,1,3.07999999999993,6,NA
"2388",44,29,1,1,1,1,0,1.98000000000002,5,NA
"2389",44,108,1,1,1,1,1,1.81999999999994,2,NA
"2390",44,92,1,1,1,1,1,2.55000000000018,3,NA
"2391",44,10,1,1,1,0,0,2.72000000000003,4,NA
"2392",44,16,1,1,1,1,0,2.58999999999992,2,NA
"2393",44,36,1,1,1,0,0,2.57999999999993,2,NA
"2394",44,22,1,1,1,1,0,3.54999999999995,5,NA
"2395",44,95,1,1,1,1,1,2.88000000000011,2,NA
"2396",44,48,1,1,1,1,0,3.12000000000012,5,NA
"2397",44,47,1,1,1,1,0,2.78999999999996,1,NA
"2398",44,24,1,1,1,1,0,2.57999999999993,3,NA
"2399",44,51,1,1,1,1,0,4.20000000000004,2,NA
"2400",44,32,1,1,1,1,0,3.74000000000001,3,NA
"2401",44,109,1,1,1,1,1,2.47000000000003,6,NA
"2402",44,42,1,1,1,1,0,2.99000000000001,5,NA
"2403",44,100,1,1,1,1,1,3.80000000000018,5,NA
"2404",44,1,1,1,1,1,0,3.67999999999984,4,NA
"2405",44,55,1,1,1,0,0,3.39999999999986,4,NA
"2406",44,58,1,1,1,1,0,3.57999999999993,3,NA
"2407",44,94,1,1,1,1,1,2.95000000000005,3,NA
"2408",44,37,1,1,1,0,0,3.13000000000011,4,NA
"2409",44,99,1,1,1,1,1,2.24000000000001,4,NA
"2410",44,17,1,1,1,0,0,2.72000000000003,4,NA
"2411",44,93,1,1,1,1,1,2.63999999999987,3,NA
"2412",44,50,1,1,1,1,0,2.57999999999993,4,NA
"2413",44,27,1,1,1,0,0,3.52999999999997,5,NA
"2414",44,91,1,1,1,0,1,2.66000000000008,4,NA
"2415",44,115,1,1,1,0,1,2.87999999999988,3,NA
"2416",44,104,1,1,1,1,1,1.74000000000001,5,NA
"2417",44,11,1,1,1,1,0,3.21000000000004,2,NA
"2418",44,117,1,1,1,1,1,2.63000000000011,5,NA
"2419",44,106,1,1,1,1,1,3.63999999999987,3,NA
"2420",44,119,1,1,1,1,1,2.28999999999996,5,NA
"2421",44,9,1,1,1,1,0,2.78999999999996,4,NA
"2422",44,49,1,1,1,1,0,3.13000000000011,5,NA
"2423",44,97,1,1,1,1,1,1.91000000000008,5,NA
"2424",44,103,1,1,1,1,1,2.10000000000014,5,NA
"2425",44,14,1,1,1,0,0,2.82000000000016,1,NA
"2426",44,120,1,1,1,1,1,1.88999999999987,5,NA
"2427",44,7,1,1,1,1,0,2.90000000000009,3,NA
"2428",44,8,1,1,1,1,0,2.20999999999981,3,NA
"2429",46,38,1,1,1,0,0,2.79999999999995,1,NA
"2430",46,95,1,1,1,1,1,3.95000000000005,1,NA
"2431",46,39,1,1,1,1,0,3.67000000000007,1,NA
"2432",46,91,1,1,1,1,1,2.18000000000006,1,NA
"2433",46,59,1,1,1,0,0,4.15000000000009,1,NA
"2434",46,101,1,1,1,0,1,2.49000000000001,4,NA
"2435",46,105,1,1,1,1,1,2.99000000000001,1,NA
"2436",46,98,1,1,1,0,1,3.81999999999994,3,NA
"2437",46,92,1,1,1,0,1,2.12000000000012,1,NA
"2438",46,54,1,1,1,0,0,4,1,NA
"2439",46,108,1,1,1,0,1,2.5,3,NA
"2440",46,23,1,1,1,1,0,2.49000000000001,4,NA
"2441",46,109,1,1,1,0,1,2.25999999999999,1,NA
"2442",46,20,1,1,1,0,0,4.16000000000008,4,NA
"2443",46,52,1,1,1,1,0,3.62999999999988,1,NA
"2444",46,120,1,1,1,1,1,3.07000000000016,1,NA
"2445",46,31,1,1,1,0,0,3.79999999999995,2,NA
"2446",46,26,1,1,1,1,0,2.02999999999997,3,NA
"2447",46,118,1,1,1,1,1,1.86999999999989,3,NA
"2448",46,107,1,1,1,1,1,1.62000000000012,1,NA
"2449",46,100,1,1,1,0,1,2.09999999999985,1,NA
"2450",46,2,1,1,1,0,0,2.61999999999989,2,NA
"2451",46,13,1,1,1,1,0,3.59999999999991,1,NA
"2452",46,113,1,1,1,0,1,2.80999999999994,1,NA
"2453",46,43,1,1,1,1,0,2.95000000000005,1,NA
"2454",46,53,1,1,1,0,0,3.04999999999995,2,NA
"2455",46,46,1,1,1,0,0,2.89999999999986,1,NA
"2456",46,106,1,1,1,0,1,3.01999999999998,2,NA
"2457",46,93,1,1,1,0,1,2.64999999999986,1,NA
"2458",46,18,1,1,1,0,0,3.95000000000005,1,NA
"2459",46,21,1,1,1,0,0,4.09000000000015,1,NA
"2460",46,40,1,1,1,1,0,2.24000000000001,5,NA
"2461",46,30,1,1,1,0,0,5.81999999999994,1,NA
"2462",46,97,1,1,1,1,1,2.74000000000001,1,NA
"2463",46,112,1,1,1,1,1,3.51999999999998,2,NA
"2464",46,15,1,1,1,0,0,4.90000000000009,2,NA
"2465",46,117,1,1,1,0,1,2.4699999999998,1,NA
"2466",46,56,1,1,1,1,0,2.86999999999989,1,NA
"2467",46,33,1,1,1,1,0,3.29999999999995,1,NA
"2468",46,114,1,1,1,1,1,3.25999999999999,1,NA
"2469",46,111,1,1,1,0,1,1.59000000000015,2,NA
"2470",46,102,1,1,1,0,1,2.68000000000006,1,NA
"2471",46,99,1,1,1,1,1,2.83000000000016,1,NA
"2472",46,4,1,1,1,0,0,4.12999999999988,1,NA
"2473",46,45,1,1,1,1,0,2.61000000000013,1,NA
"2474",46,116,1,1,1,0,1,2.69999999999982,2,NA
"2475",46,60,1,1,1,1,0,2.25,1,NA
"2476",46,35,1,1,1,1,0,5.48000000000002,1,NA
"2477",46,119,1,1,1,1,1,2.54999999999995,1,NA
"2478",46,110,1,1,1,0,1,3.66999999999984,2,NA
"2479",46,19,1,1,1,1,0,3.22000000000003,2,NA
"2480",46,104,1,1,1,1,1,2.40999999999985,1,NA
"2481",46,6,1,1,1,0,0,2.92999999999984,1,NA
"2482",46,96,1,1,1,1,1,2.88000000000011,2,NA
"2483",46,115,1,1,1,1,1,2.1400000000001,1,NA
"2484",46,94,1,1,1,0,1,2.94000000000006,2,NA
"2485",46,28,1,1,1,0,0,3.53999999999996,2,NA
"2486",46,3,1,1,1,1,0,2.72000000000003,1,NA
"2487",46,57,1,1,1,1,0,5.04999999999996,1,NA
"2488",46,103,1,1,1,1,1,2.17999999999984,2,NA
"2489",47,102,1,1,1,1,1,2.17999999999984,6,NA
"2490",47,112,1,1,1,1,1,6.28999999999996,3,NA
"2491",47,74,1,1,1,0,0,5.58000000000015,1,NA
"2492",47,107,1,1,1,1,1,5,3,NA
"2493",47,104,1,1,1,1,1,3.43000000000006,3,NA
"2494",47,81,1,1,1,1,0,6.95000000000004,4,NA
"2495",47,61,1,1,1,1,0,6.85000000000014,1,NA
"2496",47,63,1,1,1,1,0,6.55000000000018,1,NA
"2497",47,116,1,1,1,0,1,6.32000000000016,1,NA
"2498",47,106,1,1,1,1,1,2.80999999999994,6,NA
"2499",47,86,1,1,1,0,0,5,3,NA
"2500",47,115,1,1,1,0,1,3.27000000000021,5,NA
"2501",47,62,1,1,1,1,0,8.32999999999993,3,NA
"2502",47,89,1,1,1,1,0,4.68000000000006,1,NA
"2503",47,95,1,1,1,0,1,4.00999999999999,4,NA
"2504",47,90,1,1,1,0,0,6.47999999999979,1,NA
"2505",47,73,1,1,1,1,0,9.93999999999983,2,NA
"2506",47,88,1,1,1,0,0,5.88000000000005,1,NA
"2507",47,93,1,1,1,0,1,7.09999999999991,1,NA
"2508",47,67,1,1,1,0,0,4.31999999999994,3,NA
"2509",47,103,1,1,1,1,1,7.11999999999989,2,NA
"2510",47,111,1,1,1,0,1,5.59999999999991,1,NA
"2511",47,84,1,1,1,0,0,6.34000000000015,1,NA
"2512",47,79,1,1,1,0,0,6.21000000000004,1,NA
"2513",47,75,1,1,1,1,0,4.36000000000013,2,NA
"2514",47,99,1,1,1,0,1,4.8599999999999,1,NA
"2515",47,68,1,1,1,1,0,6.41000000000008,2,NA
"2516",47,91,1,1,1,1,1,5.76999999999998,3,NA
"2517",47,98,1,1,1,1,1,7.45000000000004,2,NA
"2518",47,76,1,1,1,0,0,7.09999999999991,1,NA
"2519",47,69,1,1,1,0,0,6.90000000000009,1,NA
"2520",47,117,1,1,1,0,1,6.87000000000012,1,NA
"2521",47,101,1,1,1,1,1,7.50999999999999,1,NA
"2522",47,72,1,1,1,0,0,5.56000000000017,1,NA
"2523",47,109,1,1,1,1,1,5.33999999999992,3,NA
"2524",47,64,1,1,1,0,0,7.90000000000009,1,NA
"2525",47,96,1,1,1,1,1,7.85000000000014,5,NA
"2526",47,114,1,1,1,0,1,8,1,NA
"2527",47,77,1,1,1,1,0,5.38999999999987,1,NA
"2528",47,85,1,1,1,0,0,6.54999999999996,3,NA
"2529",47,105,1,1,1,0,1,9.13000000000011,1,NA
"2530",47,120,1,1,1,0,1,3.43000000000006,3,NA
"2531",47,80,1,1,1,1,0,7.67999999999984,1,NA
"2532",47,119,1,1,1,0,1,5.35000000000014,3,NA
"2533",47,78,1,1,1,0,0,3.89999999999986,1,NA
"2534",47,94,1,1,1,0,1,9.29999999999995,1,NA
"2535",47,92,1,1,1,1,1,3.5300000000002,5,NA
"2536",47,66,1,1,1,0,0,6,2,NA
"2537",47,65,1,1,1,1,0,4.02999999999997,1,NA
"2538",47,82,1,1,1,0,0,3.06999999999994,2,NA
"2539",47,97,1,1,1,0,1,5.52000000000021,1,NA
"2540",47,118,1,1,1,1,1,8.20000000000005,2,NA
"2541",47,71,1,1,1,1,0,6.34999999999991,1,NA
"2542",47,100,1,1,1,1,1,6.5,2,NA
"2543",47,108,1,1,1,1,1,5.25,1,NA
"2544",47,70,1,1,1,0,0,5.89999999999986,2,NA
"2545",47,113,1,1,1,0,1,9.43000000000006,1,NA
"2546",47,87,1,1,1,1,0,9.02999999999997,1,NA
"2547",48,102,1,1,1,1,1,3.88999999999987,2,NA
"2548",48,107,1,1,1,1,1,3.13999999999987,2,NA
"2549",48,63,1,1,1,1,0,7.88999999999987,1,NA
"2550",48,62,1,1,1,1,0,5.94000000000005,1,NA
"2551",48,82,1,1,1,0,0,6.42000000000007,1,NA
"2552",48,116,1,1,1,1,1,6.81999999999994,2,NA
"2553",48,113,1,1,1,1,1,5.69000000000005,2,NA
"2554",48,92,1,1,1,1,1,2.37999999999988,2,NA
"2555",48,72,1,1,1,1,0,5.44000000000005,2,NA
"2556",48,75,1,1,1,1,0,7.62000000000012,2,NA
"2557",48,111,1,1,1,1,1,2.34999999999991,1,NA
"2558",48,68,1,1,1,0,0,7.88000000000011,2,NA
"2559",48,118,1,1,1,1,1,3.91999999999984,2,NA
"2560",48,101,1,1,1,0,1,8.66000000000008,1,NA
"2561",48,64,1,1,1,1,0,5.13000000000011,5,NA
"2562",48,112,1,1,1,1,1,2.42000000000007,4,NA
"2563",48,89,1,1,1,1,0,3.28999999999996,3,NA
"2564",48,103,1,1,1,1,1,2.56999999999994,6,NA
"2565",48,105,1,1,1,1,1,2.24000000000001,3,NA
"2566",48,73,1,1,1,1,0,4.93000000000001,3,NA
"2567",48,100,1,1,1,1,1,2.51999999999998,2,NA
"2568",48,81,1,1,1,1,0,4.49000000000001,3,NA
"2569",48,120,1,1,1,1,1,4.50999999999999,4,NA
"2570",48,114,1,1,1,1,1,4.3900000000001,2,NA
"2571",48,99,1,1,1,1,1,4.89999999999986,3,NA
"2572",48,85,1,1,1,0,0,8.24000000000001,3,NA
"2573",48,69,1,1,1,1,0,5.45000000000004,4,NA
"2574",48,90,1,1,1,1,0,5.43999999999983,3,NA
"2575",48,110,1,1,1,1,1,4.41999999999985,2,NA
"2576",48,71,1,1,1,1,0,7.19000000000005,1,NA
"2577",48,83,1,1,1,1,0,5.58999999999992,4,NA
"2578",48,115,1,1,1,1,1,6.78999999999996,2,NA
"2579",48,79,1,1,1,0,0,4.22000000000003,2,NA
"2580",48,76,1,1,1,0,0,5.86999999999989,4,NA
"2581",48,74,1,1,1,0,0,4.74000000000001,5,NA
"2582",48,65,1,1,1,1,0,3.95000000000005,2,NA
"2583",48,98,1,1,1,0,1,2.8599999999999,5,NA
"2584",48,104,1,1,1,0,1,5.12999999999988,1,NA
"2585",48,108,1,1,1,1,1,3.36999999999989,1,NA
"2586",48,88,1,1,1,1,0,5.51999999999998,1,NA
"2587",48,77,1,1,1,1,0,3.67000000000007,1,NA
"2588",48,61,1,1,1,1,0,5.10000000000014,1,NA
"2589",48,66,1,1,1,1,0,4.33000000000015,2,NA
"2590",48,97,1,1,1,1,1,5.8900000000001,1,NA
"2591",48,67,1,1,1,0,0,7.32000000000016,3,NA
"2592",48,117,1,1,1,1,1,3.51999999999998,1,NA
"2593",48,80,1,1,1,1,0,2.73000000000002,2,NA
"2594",48,109,1,1,1,1,1,2.65000000000009,1,NA
"2595",48,91,1,1,1,1,1,5.83999999999992,3,NA
"2596",48,93,1,1,1,1,1,3.8599999999999,3,NA
"2597",48,94,1,1,1,1,1,5.70000000000004,1,NA
"2598",48,70,1,1,1,1,0,6.13000000000011,2,NA
"2599",48,106,1,1,1,1,1,4.57999999999993,1,NA
"2600",48,96,1,1,1,1,1,2.88999999999987,1,NA
"2601",48,95,1,1,1,1,1,4.07000000000016,1,NA
"2602",48,119,1,1,1,1,1,4.89999999999986,3,NA
"2603",48,86,1,1,1,1,0,5.82999999999993,3,NA
"2604",48,78,1,1,1,1,0,3.67000000000007,1,NA
"2605",48,87,1,1,1,1,0,2.72000000000003,2,NA
"2606",48,84,1,1,1,0,0,6.20999999999981,2,NA
"2607",49,10,1,1,1,1,1,2.51999999999998,1,NA
"2608",49,21,1,1,1,0,0,3.27999999999997,1,NA
"2609",49,38,1,1,1,0,0,2.90000000000009,5,NA
"2610",49,50,1,1,1,1,1,2.25999999999999,6,NA
"2611",49,34,1,1,1,1,1,3.25999999999999,2,NA
"2612",49,44,1,1,1,1,1,3.17999999999984,3,NA
"2613",49,28,1,1,1,0,0,3.65999999999985,2,NA
"2614",49,47,1,1,1,0,1,3.89999999999986,2,NA
"2615",49,18,1,1,1,1,0,4.01999999999998,2,NA
"2616",49,12,1,1,1,1,1,3.42000000000007,4,NA
"2617",49,14,1,1,1,0,1,7.09999999999991,2,NA
"2618",49,55,1,1,1,1,1,3.27999999999997,4,NA
"2619",49,39,1,1,1,0,0,6.15000000000009,3,NA
"2620",49,25,1,1,1,1,1,2.52999999999997,3,NA
"2621",49,57,1,1,1,0,0,4.37999999999988,2,NA
"2622",49,26,1,1,1,1,0,2.40000000000009,5,NA
"2623",49,40,1,1,1,0,0,2.73000000000002,3,NA
"2624",49,16,1,1,1,1,1,1.73000000000002,5,NA
"2625",49,11,1,1,1,1,1,3.94000000000006,3,NA
"2626",49,41,1,1,1,1,1,2.74000000000001,1,NA
"2627",49,42,1,1,1,1,1,3.1400000000001,6,NA
"2628",49,46,1,1,1,0,0,5.12999999999988,2,NA
"2629",49,6,1,1,1,1,0,4.01999999999998,3,NA
"2630",49,30,1,1,1,0,0,2.41000000000008,2,NA
"2631",49,15,1,1,1,1,0,4.8900000000001,2,NA
"2632",49,24,1,1,1,1,1,3.14999999999986,5,NA
"2633",49,8,1,1,1,0,1,3.5,5,NA
"2634",49,13,1,1,1,1,0,4.67000000000007,4,NA
"2635",49,54,1,1,1,1,0,4.59999999999991,2,NA
"2636",49,51,1,1,1,1,1,2.69,5,NA
"2637",49,20,1,1,1,0,0,5.85000000000014,1,NA
"2638",49,17,1,1,1,0,1,9.04999999999995,1,NA
"2639",49,23,1,1,1,1,0,3.58999999999992,1,NA
"2640",49,5,1,1,1,0,1,4.40999999999985,4,NA
"2641",49,32,1,1,1,0,1,3.97000000000003,2,NA
"2642",49,45,1,1,1,0,0,3.68000000000006,3,NA
"2643",49,33,1,1,1,1,0,3.77999999999997,2,NA
"2644",49,19,1,1,1,1,0,3.65000000000009,4,NA
"2645",49,48,1,1,1,1,1,3.51999999999998,6,NA
"2646",49,56,1,1,1,1,0,2.25,5,NA
"2647",49,60,1,1,1,1,0,3.88000000000011,3,NA
"2648",49,58,1,1,1,1,1,4.08999999999992,3,NA
"2649",49,7,1,1,1,0,1,3.5,3,NA
"2650",49,29,1,1,1,1,1,3.80999999999994,4,NA
"2651",49,2,1,1,1,0,0,7.54000000000019,5,NA
"2652",49,31,1,1,1,1,0,4.31000000000017,3,NA
"2653",49,22,1,1,1,1,1,3.69000000000006,4,NA
"2654",49,3,1,1,1,1,0,3.60000000000014,2,NA
"2655",49,1,1,1,1,1,1,3.37000000000012,2,NA
"2656",49,59,1,1,1,1,0,2.56999999999994,4,NA
"2657",49,4,1,1,1,0,0,2.70000000000005,5,NA
"2658",49,52,1,1,1,1,0,4.24000000000001,4,NA
"2659",49,43,1,1,1,0,0,5.15000000000009,3,NA
"2660",49,9,1,1,1,0,1,4.69000000000005,5,NA
"2661",49,35,1,1,1,1,0,2.06999999999994,6,NA
"2662",49,27,1,1,1,1,1,2.61999999999989,4,NA
"2663",49,37,1,1,1,1,1,3.57999999999993,2,NA
"2664",49,49,1,1,1,1,1,4.78999999999996,2,NA
"2665",49,36,1,1,1,1,1,4.87999999999988,5,NA
"2666",49,53,1,1,1,0,0,2.97000000000003,2,NA
"2667",50,41,1,1,1,1,1,1.96000000000004,6,NA
"2668",50,3,1,1,1,0,0,2.81999999999994,3,NA
"2669",50,37,1,1,1,1,1,2.57000000000016,4,NA
"2670",50,24,1,1,1,1,1,5.00999999999999,2,NA
"2671",50,20,1,1,1,1,0,2.35000000000014,3,NA
"2672",50,25,1,1,1,1,1,2.52999999999997,5,NA
"2673",50,50,1,1,1,1,1,1.42000000000007,6,NA
"2674",50,57,1,1,1,0,0,3.65000000000009,1,NA
"2675",50,53,1,1,1,0,0,2.82999999999993,1,NA
"2676",50,29,1,1,1,1,1,2.04999999999995,4,NA
"2677",50,47,1,1,1,1,1,2.43000000000006,2,NA
"2678",50,14,1,1,1,1,1,1.82000000000016,6,NA
"2679",50,5,1,1,1,1,1,2.84999999999991,6,NA
"2680",50,6,1,1,1,0,0,3.07999999999993,2,NA
"2681",50,28,1,1,1,1,0,2.98000000000002,2,NA
"2682",50,33,1,1,1,0,0,1.57999999999993,2,NA
"2683",50,10,1,1,1,1,1,3.3599999999999,1,NA
"2684",50,43,1,1,1,0,0,2.21000000000004,2,NA
"2685",50,34,1,1,1,1,1,2.41999999999984,5,NA
"2686",50,26,1,1,1,1,0,3.47000000000003,3,NA
"2687",50,22,1,1,1,0,1,2.80999999999994,1,NA
"2688",50,30,1,1,1,0,0,3.68999999999983,1,NA
"2689",50,58,1,1,1,1,1,1.98000000000002,5,NA
"2690",50,56,1,1,1,0,0,3.71000000000004,2,NA
"2691",50,1,1,1,1,1,1,3.27999999999997,2,NA
"2692",50,21,1,1,1,0,0,3.17000000000007,1,NA
"2693",50,27,1,1,1,1,1,1.13999999999987,5,NA
"2694",50,17,1,1,1,1,1,2.27999999999997,6,NA
"2695",50,51,1,1,1,1,1,1.67000000000007,6,NA
"2696",50,11,1,1,1,1,1,2.02999999999997,4,NA
"2697",50,38,1,1,1,1,0,2.73000000000002,2,NA
"2698",50,55,1,1,1,1,1,2.34999999999991,3,NA
"2699",50,59,1,1,1,1,0,2.09999999999991,2,NA
"2700",50,49,1,1,1,1,1,2.02999999999997,2,NA
"2701",50,60,1,1,1,0,0,2.22000000000003,2,NA
"2702",50,54,1,1,1,0,0,3.54000000000019,2,NA
"2703",50,48,1,1,1,0,1,3.20000000000005,1,NA
"2704",50,31,1,1,1,1,0,3.0300000000002,1,NA
"2705",50,16,1,1,1,0,1,3.01999999999998,2,NA
"2706",50,42,1,1,1,1,1,3.15000000000009,2,NA
"2707",50,4,1,1,1,0,0,2.57999999999993,2,NA
"2708",50,13,1,1,1,1,0,3.60000000000014,1,NA
"2709",50,46,1,1,1,1,0,2.8900000000001,2,NA
"2710",50,40,1,1,1,1,0,1.42999999999984,6,NA
"2711",50,2,1,1,1,0,0,3.68999999999983,3,NA
"2712",50,36,1,1,1,1,1,1.86999999999989,6,NA
"2713",50,7,1,1,1,1,1,1.62000000000012,5,NA
"2714",50,15,1,1,1,1,0,2.04999999999995,6,NA
"2715",50,35,1,1,1,1,0,1.74000000000001,4,NA
"2716",50,52,1,1,1,1,0,3.00999999999999,3,NA
"2717",50,9,1,1,1,0,1,3.73000000000002,2,NA
"2718",50,12,1,1,1,0,1,2.31999999999994,2,NA
"2719",50,32,1,1,1,1,1,2.80000000000018,4,NA
"2720",50,44,1,1,1,1,1,1.81999999999994,6,NA
"2721",50,45,1,1,1,0,0,2.29999999999995,2,NA
"2722",50,8,1,1,1,1,1,2.07999999999993,4,NA
"2723",50,18,1,1,1,1,0,5.67000000000007,3,NA
"2724",50,19,1,1,1,0,0,2.58999999999992,2,NA
"2725",50,39,1,1,1,0,0,3.12999999999988,4,NA
"2726",50,23,1,1,1,1,0,3.84999999999991,2,NA
"2727",52,74,1,1,1,0,0,5.51999999999998,1,NA
"2728",52,58,1,1,1,1,1,5.17999999999984,3,NA
"2729",52,73,1,1,1,1,0,9.75999999999999,3,NA
"2730",52,17,1,1,1,1,1,3.25999999999999,3,NA
"2731",52,87,1,1,1,0,0,6.23000000000002,5,NA
"2732",52,82,1,1,1,1,0,5.05999999999995,5,NA
"2733",52,27,1,1,1,1,1,3.45000000000005,4,NA
"2734",52,50,1,1,1,1,1,4.1099999999999,4,NA
"2735",52,65,1,1,1,1,0,3.31999999999994,3,NA
"2736",52,63,1,1,1,1,0,3.77999999999997,4,NA
"2737",52,66,1,1,1,1,0,3.86000000000013,3,NA
"2738",52,71,1,1,1,1,0,5.98000000000002,3,NA
"2739",52,37,1,1,1,0,1,5.20000000000004,5,NA
"2740",52,67,1,1,1,0,0,3.18000000000006,5,NA
"2741",52,14,1,1,1,0,1,7.16000000000008,2,NA
"2742",52,24,1,1,1,0,1,5.51999999999998,3,NA
"2743",52,75,1,1,1,1,0,4.92999999999984,3,NA
"2744",52,42,1,1,1,1,1,3.66999999999984,2,NA
"2745",52,41,1,1,1,0,1,5.76999999999998,2,NA
"2746",52,12,1,1,1,1,1,2.7199999999998,3,NA
"2747",52,7,1,1,1,0,1,8.36999999999989,2,NA
"2748",52,85,1,1,1,0,0,4.25,3,NA
"2749",52,32,1,1,1,1,1,6.82999999999987,2,NA
"2750",52,34,1,1,1,1,1,5.88000000000011,4,NA
"2751",52,44,1,1,1,1,1,3.04999999999995,2,NA
"2752",52,11,1,1,1,0,1,5.08000000000015,6,NA
"2753",52,64,1,1,1,1,0,4.51000000000022,2,NA
"2754",52,89,1,1,1,1,0,4.30999999999995,2,NA
"2755",52,55,1,1,1,1,1,3.82999999999993,3,NA
"2756",52,8,1,1,1,1,1,3.74000000000001,3,NA
"2757",52,90,1,1,1,1,0,8.14999999999986,3,NA
"2758",52,69,1,1,1,1,0,6,2,NA
"2759",52,79,1,1,1,1,0,4.59999999999991,2,NA
"2760",52,72,1,1,1,1,0,6.36999999999989,2,NA
"2761",52,61,1,1,1,1,0,7.42999999999984,3,NA
"2762",52,10,1,1,1,1,1,8.21000000000004,4,NA
"2763",52,49,1,1,1,1,1,7.70000000000004,3,NA
"2764",52,25,1,1,1,1,1,4.03999999999996,3,NA
"2765",52,47,1,1,1,0,1,3.84999999999991,4,NA
"2766",52,48,1,1,1,1,1,7.07999999999993,4,NA
"2767",52,80,1,1,1,1,0,3.96000000000004,3,NA
"2768",52,62,1,1,1,1,0,5.87000000000012,4,NA
"2769",52,29,1,1,1,0,1,1.76999999999998,6,NA
"2770",52,36,1,1,1,1,1,4.28999999999996,5,NA
"2771",52,70,1,1,1,1,0,4.11000000000013,3,NA
"2772",52,68,1,1,1,1,0,5.21000000000004,4,NA
"2773",52,77,1,1,1,1,0,4.27999999999997,1,NA
"2774",52,81,1,1,1,1,0,3.65000000000009,4,NA
"2775",52,51,1,1,1,0,1,4.02999999999997,5,NA
"2776",52,16,1,1,1,1,1,6.75,2,NA
"2777",52,84,1,1,1,1,0,4.98000000000002,2,NA
"2778",52,5,1,1,1,1,1,7.08000000000015,3,NA
"2779",52,1,1,1,1,0,1,5.20000000000004,3,NA
"2780",52,78,1,1,1,1,0,3.22000000000003,3,NA
"2781",52,76,1,1,1,1,0,7.73000000000002,3,NA
"2782",52,88,1,1,1,0,0,6.47000000000003,1,NA
"2783",52,83,1,1,1,1,0,7.27999999999997,2,NA
"2784",52,86,1,1,1,1,0,3.77999999999997,2,NA
"2785",53,41,1,1,1,1,1,5.38000000000011,3,NA
"2786",53,102,1,1,1,0,0,4.93000000000006,4,NA
"2787",53,8,1,1,1,1,1,4.40000000000009,3,NA
"2788",53,118,1,1,1,1,0,3.35000000000014,5,NA
"2789",53,7,1,1,1,1,1,4.06999999999994,3,NA
"2790",53,101,1,1,1,0,0,8.15000000000009,2,NA
"2791",53,29,1,1,1,1,1,8.62999999999988,4,NA
"2792",53,92,1,1,1,1,0,5.14999999999986,4,NA
"2793",53,49,1,1,1,1,1,4.73000000000002,3,NA
"2794",53,9,1,1,1,0,1,6.07000000000016,3,NA
"2795",53,114,1,1,1,0,0,6.43000000000006,5,NA
"2796",53,32,1,1,1,0,1,4.87999999999988,5,NA
"2797",53,91,1,1,1,1,0,3.12999999999988,4,NA
"2798",53,25,1,1,1,1,1,3.8900000000001,4,NA
"2799",53,47,1,1,1,1,1,4.85000000000008,3,NA
"2800",53,12,1,1,1,1,1,2.17000000000007,5,NA
"2801",53,16,1,1,1,0,1,4.80999999999995,5,NA
"2802",53,100,1,1,1,1,0,4.15000000000009,4,NA
"2803",53,48,1,1,1,0,1,2.5,6,NA
"2804",53,1,1,1,1,0,1,6.82999999999993,5,NA
"2805",53,117,1,1,1,0,0,5.01999999999998,4,NA
"2806",53,109,1,1,1,1,0,5.79999999999996,2,NA
"2807",53,105,1,1,1,1,0,6.18000000000006,4,NA
"2808",53,111,1,1,1,1,0,3.31999999999994,5,NA
"2809",53,110,1,1,1,0,0,6.54999999999996,3,NA
"2810",53,34,1,1,1,1,1,4.43000000000006,1,NA
"2811",53,55,1,1,1,0,1,4.01999999999998,6,NA
"2812",53,17,1,1,1,0,1,7.14999999999986,5,NA
"2813",53,103,1,1,1,1,0,2.81999999999994,6,NA
"2814",53,112,1,1,1,0,0,5.75,6,NA
"2815",53,98,1,1,1,1,0,5.5,4,NA
"2816",53,14,1,1,1,1,1,5.07999999999993,3,NA
"2817",53,99,1,1,1,0,0,6.56000000000017,3,NA
"2818",53,27,1,1,1,1,1,3.22000000000003,5,NA
"2819",53,93,1,1,1,1,0,5.20000000000004,5,NA
"2820",53,22,1,1,1,1,1,3.49000000000001,6,NA
"2821",53,116,1,1,1,1,0,5.18000000000006,4,NA
"2822",53,96,1,1,1,0,0,4.76999999999998,4,NA
"2823",53,58,1,1,1,0,1,4.07999999999993,3,NA
"2824",53,42,1,1,1,1,1,4.67000000000007,5,NA
"2825",53,115,1,1,1,1,0,3.97000000000003,5,NA
"2826",53,104,1,1,1,0,0,3.92999999999984,4,NA
"2827",53,11,1,1,1,1,1,3.82999999999993,5,NA
"2828",53,113,1,1,1,0,0,6.98000000000002,1,NA
"2829",53,24,1,1,1,1,1,4.25,5,NA
"2830",53,51,1,1,1,0,1,7.6099999999999,5,NA
"2831",53,107,1,1,1,0,0,2.6400000000001,1,NA
"2832",53,106,1,1,1,1,0,5.36000000000013,3,NA
"2833",53,97,1,1,1,1,0,5.57000000000016,2,NA
"2834",53,95,1,1,1,0,0,2.86999999999989,6,NA
"2835",54,27,1,1,1,0,1,5.33000000000015,4,NA
"2836",54,108,1,1,1,0,0,1.92000000000007,4,NA
"2837",54,32,1,1,1,1,1,2.73000000000002,5,NA
"2838",54,104,1,1,1,0,0,3.34999999999991,1,NA
"2839",54,58,1,1,1,1,1,2.74000000000001,6,NA
"2840",54,101,1,1,1,0,0,2.74000000000001,5,NA
"2841",54,120,1,1,1,0,0,3.00999999999999,4,NA
"2842",54,100,1,1,1,1,0,2.23000000000002,4,NA
"2843",54,97,1,1,1,1,0,3.15999999999985,5,NA
"2844",54,103,1,1,1,0,0,2.67000000000007,3,NA
"2845",54,106,1,1,1,0,0,3.5300000000002,2,NA
"2846",54,112,1,1,1,1,0,2.26999999999998,1,NA
"2847",54,16,1,1,1,1,1,2.41999999999984,2,NA
"2848",54,117,1,1,1,0,0,3,1,NA
"2849",54,105,1,1,1,0,0,3,2,NA
"2850",54,17,1,1,1,1,1,2.15000000000009,6,NA
"2851",54,41,1,1,1,1,1,1.8599999999999,6,NA
"2852",54,5,1,1,1,0,1,1.93000000000006,3,NA
"2853",54,44,1,1,1,1,1,1.82000000000016,6,NA
"2854",54,37,1,1,1,1,1,3.36000000000013,5,NA
"2855",54,94,1,1,1,1,0,2.88000000000011,4,NA
"2856",54,49,1,1,1,1,1,2.33999999999992,6,NA
"2857",54,48,1,1,1,0,1,2.69000000000006,5,NA
"2858",54,50,1,1,1,0,1,3.93999999999977,3,NA
"2859",54,95,1,1,1,1,0,3.13000000000011,4,NA
"2860",54,114,1,1,1,1,0,2.44000000000006,2,NA
"2861",54,102,1,1,1,1,0,3.08999999999992,5,NA
"2862",54,118,1,1,1,1,0,4.30999999999995,4,NA
"2863",54,22,1,1,1,1,1,3.58999999999992,5,NA
"2864",54,10,1,1,1,1,1,3.84000000000015,3,NA
"2865",54,1,1,1,1,0,1,2.29999999999995,5,NA
"2866",54,116,1,1,1,1,0,3,4,NA
"2867",54,25,1,1,1,1,1,5.02999999999997,6,NA
"2868",54,115,1,1,1,0,0,2.58000000000016,3,NA
"2869",54,11,1,1,1,1,1,3.42000000000007,1,NA
"2870",54,110,1,1,1,1,0,2.7800000000002,2,NA
"2871",54,47,1,1,1,0,1,2.11000000000013,5,NA
"2872",54,9,1,1,1,1,1,2.24000000000001,6,NA
"2873",54,29,1,1,1,1,1,1.81999999999994,4,NA
"2874",54,7,1,1,1,1,1,3.70000000000005,6,NA
"2875",54,119,1,1,1,0,0,2.77999999999997,4,NA
"2876",54,98,1,1,1,0,0,2.3599999999999,6,NA
"2877",54,93,1,1,1,0,0,4.18000000000006,4,NA
"2878",54,12,1,1,1,1,1,1.44999999999982,6,NA
"2879",54,36,1,1,1,0,1,3.96000000000004,1,NA
"2880",54,91,1,1,1,0,0,3,1,NA
"2881",54,109,1,1,1,0,0,2.69000000000006,3,NA
"2882",54,113,1,1,1,1,0,3.49000000000001,2,NA
"2883",54,96,1,1,1,1,0,2.83000000000016,3,NA
"2884",54,107,1,1,1,0,0,1.8900000000001,1,NA
"2885",54,51,1,1,1,1,1,2.57999999999993,4,NA
"2886",54,42,1,1,1,1,1,1.77999999999997,5,NA
"2887",54,8,1,1,1,1,1,1.63000000000011,6,NA
"2888",54,34,1,1,1,1,1,3.54999999999995,5,NA
"2889",54,92,1,1,1,0,0,2.15000000000009,1,NA
"2890",54,14,1,1,1,0,1,2.45000000000005,3,NA
"2891",54,55,1,1,1,1,1,3.94000000000006,4,NA
"2892",54,99,1,1,1,0,0,3.56999999999994,1,NA
"2893",54,111,1,1,1,0,0,1.65999999999985,1,NA
"2894",54,24,1,1,1,1,1,3.42000000000007,5,NA
"2895",55,27,1,1,1,0,0,3.80999999999994,4,NA
"2896",55,16,1,1,1,0,0,3.29000000000019,4,NA
"2897",55,44,1,1,1,1,0,3.59999999999991,4,NA
"2898",55,58,1,1,1,1,0,2.20000000000005,4,NA
"2899",55,38,1,1,1,1,1,2.62999999999988,4,NA
"2900",55,42,1,1,1,1,0,2.56999999999994,2,NA
"2901",55,28,1,1,1,0,1,3.72000000000003,4,NA
"2902",55,33,1,1,1,1,1,2.28999999999996,4,NA
"2903",55,8,1,1,1,1,0,3.24000000000001,4,NA
"2904",55,24,1,1,1,1,0,3.53999999999996,3,NA
"2905",55,23,1,1,1,1,1,4.89999999999986,3,NA
"2906",55,6,1,1,1,0,1,2.41000000000008,3,NA
"2907",55,57,1,1,1,1,1,2.6400000000001,5,NA
"2908",55,14,1,1,1,0,0,4.85000000000008,2,NA
"2909",55,5,1,1,1,1,0,2.87000000000012,3,NA
"2910",55,22,1,1,1,1,0,3.51999999999998,4,NA
"2911",55,21,1,1,1,1,1,2.65000000000009,4,NA
"2912",55,7,1,1,1,0,0,2.16000000000008,3,NA
"2913",55,41,1,1,1,0,0,2.35000000000014,3,NA
"2914",55,20,1,1,1,1,1,2.13000000000011,4,NA
"2915",55,43,1,1,1,0,1,3.97000000000003,3,NA
"2916",55,11,1,1,1,1,0,4.56999999999994,3,NA
"2917",55,47,1,1,1,0,0,5.27999999999997,2,NA
"2918",55,18,1,1,1,1,1,3.40000000000009,3,NA
"2919",55,53,1,1,1,1,1,2.1099999999999,4,NA
"2920",55,56,1,1,1,0,1,4.48000000000002,2,NA
"2921",55,35,1,1,1,0,1,4.23000000000002,4,NA
"2922",55,55,1,1,1,1,0,4.00999999999999,3,NA
"2923",55,17,1,1,1,1,0,3.23000000000002,1,NA
"2924",55,50,1,1,1,1,0,3.2199999999998,2,NA
"2925",55,19,1,1,1,1,1,3,4,NA
"2926",55,12,1,1,1,1,0,2.22000000000003,2,NA
"2927",55,54,1,1,1,1,1,4.57999999999993,2,NA
"2928",55,4,1,1,1,1,1,2.52999999999997,4,NA
"2929",55,34,1,1,1,1,0,3.63000000000011,2,NA
"2930",55,15,1,1,1,1,1,2.28999999999996,5,NA
"2931",55,2,1,1,1,1,1,1.15000000000009,5,NA
"2932",55,32,1,1,1,1,0,2.23000000000002,2,NA
"2933",55,40,1,1,1,1,1,1.92000000000007,5,NA
"2934",55,39,1,1,1,1,1,2.27999999999997,6,NA
"2935",55,46,1,1,1,1,1,2.64999999999986,3,NA
"2936",55,29,1,1,1,0,0,3.36999999999989,6,NA
"2937",55,37,1,1,1,1,0,2.33999999999992,3,NA
"2938",55,36,1,1,1,1,0,2.54999999999995,4,NA
"2939",55,1,1,1,1,0,0,4.47000000000003,3,NA
"2940",55,51,1,1,1,1,0,2.13999999999987,2,NA
"2941",55,59,1,1,1,1,1,1.96000000000004,5,NA
"2942",55,60,1,1,1,1,1,1.87000000000012,5,NA
"2943",55,13,1,1,1,1,1,1.71000000000004,5,NA
"2944",55,3,1,1,1,1,1,1.87000000000012,5,NA
"2945",55,10,1,1,1,0,0,5.31999999999994,6,NA
"2946",55,49,1,1,1,1,0,2.06000000000017,2,NA
"2947",55,30,1,1,1,1,1,1.68000000000006,5,NA
"2948",55,26,1,1,1,0,1,1.76999999999998,5,NA
"2949",55,45,1,1,1,0,1,4.35000000000014,6,NA
"2950",55,9,1,1,1,1,0,2.56999999999994,2,NA
"2951",55,25,1,1,1,1,0,2.21000000000004,2,NA
"2952",55,48,1,1,1,0,0,3.67000000000007,1,NA
"2953",55,52,1,1,1,1,1,2,5,NA
"2954",55,31,1,1,1,1,1,1.29999999999995,5,NA
"2955",56,38,1,1,1,1,1,2.21000000000004,6,NA
"2956",56,40,1,1,1,1,1,2.54999999999995,4,NA
"2957",56,48,1,1,1,0,0,2.21000000000004,6,NA
"2958",56,7,1,1,1,0,0,4.25,1,NA
"2959",56,33,1,1,1,1,1,1.74000000000001,5,NA
"2960",56,4,1,1,1,1,1,3.05999999999994,3,NA
"2961",56,53,1,1,1,1,1,1.90000000000009,6,NA
"2962",56,31,1,1,1,1,1,2.89999999999986,4,NA
"2963",56,14,1,1,1,0,0,5.80999999999995,1,NA
"2964",56,37,1,1,1,0,0,2.45000000000005,2,NA
"2965",56,12,1,1,1,0,0,3.80999999999994,1,NA
"2966",56,5,1,1,1,0,0,3.22000000000003,4,NA
"2967",56,44,1,1,1,1,0,3.37000000000012,3,NA
"2968",56,32,1,1,1,1,0,4.04999999999996,3,NA
"2969",56,54,1,1,1,1,1,4.25,5,NA
"2970",56,45,1,1,1,1,1,2.62000000000012,4,NA
"2971",56,28,1,1,1,1,1,2.95000000000005,3,NA
"2972",56,47,1,1,1,1,0,3.25999999999999,1,NA
"2973",56,49,1,1,1,1,0,4.49000000000001,1,NA
"2974",56,8,1,1,1,0,0,4.82999999999987,1,NA
"2975",56,46,1,1,1,0,1,5.89999999999986,1,NA
"2976",56,50,1,1,1,0,0,4.70000000000004,2,NA
"2977",56,34,1,1,1,1,0,3.17000000000007,2,NA
"2978",56,3,1,1,1,1,1,2.68000000000006,4,NA
"2979",56,29,1,1,1,0,0,3.40000000000009,3,NA
"2980",56,59,1,1,1,1,1,2.41000000000008,4,NA
"2981",56,22,1,1,1,0,0,5.17000000000007,3,NA
"2982",56,20,1,1,1,1,1,3.25,5,NA
"2983",56,35,1,1,1,1,1,2.98000000000002,6,NA
"2984",56,23,1,1,1,1,1,4.25999999999999,3,NA
"2985",56,24,1,1,1,1,0,5.26999999999998,3,NA
"2986",56,39,1,1,1,1,1,2.02999999999997,6,NA
"2987",56,13,1,1,1,1,1,2.39999999999986,6,NA
"2988",56,52,1,1,1,1,1,1.82000000000016,6,NA
"2989",56,25,1,1,1,0,0,4.71000000000004,1,NA
"2990",56,10,1,1,1,1,0,2.34999999999991,4,NA
"2991",56,18,1,1,1,1,1,4.77999999999997,5,NA
"2992",56,56,1,1,1,1,1,2.87999999999988,1,NA
"2993",56,57,1,1,1,1,1,2.32999999999993,6,NA
"2994",56,6,1,1,1,0,1,5.31999999999994,1,NA
"2995",56,51,1,1,1,1,0,3.16999999999984,1,NA
"2996",56,2,1,1,1,1,1,2.04999999999995,6,NA
"2997",56,19,1,1,1,0,1,5.11999999999989,1,NA
"2998",56,27,1,1,1,0,0,3.91999999999984,1,NA
"2999",56,42,1,1,1,1,0,6.16000000000008,1,NA
"3000",56,17,1,1,1,1,0,4.45000000000004,1,NA
"3001",56,1,1,1,1,0,0,4.26999999999998,1,NA
"3002",56,21,1,1,1,1,1,2.48000000000002,6,NA
"3003",56,36,1,1,1,0,0,6.33999999999992,1,NA
"3004",56,30,1,1,1,1,1,2.45000000000005,6,NA
"3005",56,55,1,1,1,1,0,2.5,4,NA
"3006",56,41,1,1,1,0,0,3.01999999999998,1,NA
"3007",56,60,1,1,1,1,1,1.45000000000005,4,NA
"3008",56,16,1,1,1,1,0,3.69999999999982,1,NA
"3009",56,9,1,1,1,0,0,2.66000000000008,1,NA
"3010",56,15,1,1,1,0,1,5.87000000000012,2,NA
"3011",56,43,1,1,1,1,1,1.86999999999989,6,NA
"3012",56,11,1,1,1,0,0,5.02999999999997,1,NA
"3013",56,58,1,1,1,0,0,5.02999999999997,2,NA
"3014",56,26,1,1,1,1,1,3,4,NA
"3015",57,56,1,1,1,1,1,5.3599999999999,2,NA
"3016",57,28,1,1,1,0,1,5.47000000000003,5,NA
"3017",57,6,1,1,1,1,1,7.45000000000004,4,NA
"3018",57,20,1,1,1,1,1,3.70000000000005,5,NA
"3019",57,79,1,1,1,1,0,5.42000000000007,1,NA
"3020",57,66,1,1,1,1,0,4.39999999999986,4,NA
"3021",57,90,1,1,1,1,0,3.87999999999988,2,NA
"3022",57,73,1,1,1,1,0,6.78999999999996,4,NA
"3023",57,77,1,1,1,1,0,7.95000000000004,1,NA
"3024",57,38,1,1,1,1,1,5.8599999999999,1,NA
"3025",57,46,1,1,1,1,1,5.73000000000002,2,NA
"3026",57,82,1,1,1,0,0,3.95000000000005,5,NA
"3027",57,62,1,1,1,0,0,6.92000000000007,5,NA
"3028",57,84,1,1,1,0,0,7.58000000000015,4,NA
"3029",57,81,1,1,1,1,0,3.25,4,NA
"3030",57,39,1,1,1,0,1,7.99000000000001,6,NA
"3031",57,71,1,1,1,1,0,8.25,1,NA
"3032",57,78,1,1,1,1,0,4.97000000000003,1,NA
"3033",57,57,1,1,1,1,1,9.33999999999992,1,NA
"3034",57,74,1,1,1,0,0,5.96000000000004,1,NA
"3035",57,4,1,1,1,1,1,8.39999999999986,1,NA
"3036",57,23,1,1,1,1,1,3.67000000000007,1,NA
"3037",57,64,1,1,1,0,0,7.53999999999996,3,NA
"3038",57,60,1,1,1,1,1,6.33999999999992,1,NA
"3039",57,31,1,1,1,1,1,4.13999999999987,3,NA
"3040",57,59,1,1,1,1,1,5.04999999999996,3,NA
"3041",57,69,1,1,1,0,0,6.84999999999991,6,NA
"3042",57,18,1,1,1,1,1,5.21000000000004,1,NA
"3043",57,40,1,1,1,1,1,3.61999999999989,5,NA
"3044",57,61,1,1,1,0,0,5.62000000000012,1,NA
"3045",57,33,1,1,1,1,1,3.55999999999994,1,NA
"3046",57,70,1,1,1,0,0,7.86999999999989,2,NA
"3047",57,45,1,1,1,0,1,6.58999999999992,1,NA
"3048",57,80,1,1,1,0,0,8.34999999999991,1,NA
"3049",57,21,1,1,1,1,1,5.26999999999998,1,NA
"3050",57,3,1,1,1,0,1,3.41000000000008,1,NA
"3051",57,67,1,1,1,0,0,4.5300000000002,5,NA
"3052",57,76,1,1,1,0,0,5.01999999999998,4,NA
"3053",57,65,1,1,1,1,0,2.93000000000006,4,NA
"3054",57,83,1,1,1,0,0,7.24000000000001,2,NA
"3055",57,54,1,1,1,0,1,7.20000000000004,6,NA
"3056",57,87,1,1,1,1,0,6.45000000000004,4,NA
"3057",57,13,1,1,1,1,1,3.16000000000008,1,NA
"3058",57,88,1,1,1,1,0,5.34000000000015,1,NA
"3059",57,53,1,1,1,0,1,6.15000000000009,3,NA
"3060",57,72,1,1,1,1,0,6.59999999999991,1,NA
"3061",57,19,1,1,1,1,1,8.33999999999992,2,NA
"3062",57,85,1,1,1,1,0,5.41000000000008,1,NA
"3063",57,86,1,1,1,1,0,3.82999999999993,6,NA
"3064",57,15,1,1,1,0,1,6.32999999999993,2,NA
"3065",57,35,1,1,1,1,1,4,4,NA
"3066",57,26,1,1,1,1,1,6.30999999999995,1,NA
"3067",57,43,1,1,1,1,1,6.87000000000012,1,NA
"3068",57,2,1,1,1,0,1,6.62000000000012,3,NA
"3069",57,63,1,1,1,0,0,7.78999999999996,1,NA
"3070",57,52,1,1,1,1,1,4.69000000000005,1,NA
"3071",57,89,1,1,1,0,0,4.84000000000015,1,NA
"3072",57,30,1,1,1,1,1,4.93999999999983,1,NA
"3073",58,73,1,1,1,1,0,4.38000000000011,2,NA
"3074",58,71,1,1,1,1,0,5.6099999999999,1,NA
"3075",58,18,1,1,1,0,1,6.24000000000001,1,NA
"3076",58,57,1,1,1,1,1,8.83999999999992,1,NA
"3077",58,21,1,1,1,1,1,5.66999999999985,1,NA
"3078",58,65,1,1,1,1,0,4.84999999999991,1,NA
"3079",58,28,1,1,1,1,1,4.24000000000001,1,NA
"3080",58,87,1,1,1,1,0,5.42999999999984,3,NA
"3081",58,53,1,1,1,0,1,5.43000000000006,1,NA
"3082",58,70,1,1,1,1,0,3.07000000000016,4,NA
"3083",58,23,1,1,1,0,1,6.8599999999999,1,NA
"3084",58,75,1,1,1,1,0,7.55000000000018,1,NA
"3085",58,61,1,1,1,1,0,5.15999999999985,2,NA
"3086",58,86,1,1,1,0,0,5.34999999999991,4,NA
"3087",58,30,1,1,1,0,1,3.82000000000016,2,NA
"3088",58,40,1,1,1,1,1,2.97000000000003,4,NA
"3089",58,59,1,1,1,1,1,4.54999999999996,2,NA
"3090",58,89,1,1,1,0,0,6.44999999999999,2,NA
"3091",58,54,1,1,1,1,1,4.38000000000011,2,NA
"3092",58,60,1,1,1,1,1,3.37999999999988,2,NA
"3093",58,46,1,1,1,1,1,5.91000000000008,1,NA
"3094",58,20,1,1,1,1,1,4.50999999999999,2,NA
"3095",58,72,1,1,1,0,0,6.32999999999993,1,NA
"3096",58,80,1,1,1,1,0,5.41000000000008,2,NA
"3097",58,85,1,1,1,1,0,6.37000000000012,2,NA
"3098",58,79,1,1,1,0,0,3.33999999999992,2,NA
"3099",58,64,1,1,1,1,0,3.19000000000006,3,NA
"3100",58,83,1,1,1,1,0,8.5,3,NA
"3101",58,74,1,1,1,1,0,4.70000000000004,1,NA
"3102",58,78,1,1,1,1,0,4.06999999999994,1,NA
"3103",58,63,1,1,1,1,0,4.33999999999992,4,NA
"3104",58,67,1,1,1,0,0,5.6099999999999,3,NA
"3105",58,82,1,1,1,0,0,3.11999999999989,4,NA
"3106",58,88,1,1,1,1,0,6.29999999999996,1,NA
"3107",58,31,1,1,1,0,1,3.78999999999996,1,NA
"3108",58,4,1,1,1,1,1,6.87000000000012,1,NA
"3109",58,33,1,1,1,1,1,3.87999999999988,1,NA
"3110",58,38,1,1,1,1,1,4.05000000000018,1,NA
"3111",58,13,1,1,1,1,1,5.99000000000001,1,NA
"3112",58,84,1,1,1,1,0,4.5300000000002,3,NA
"3113",58,52,1,1,1,1,1,2.55999999999994,5,NA
"3114",58,15,1,1,1,1,1,4.76999999999998,2,NA
"3115",58,2,1,1,1,1,1,4.75,1,NA
"3116",58,69,1,1,1,1,0,1.8599999999999,6,NA
"3117",58,81,1,1,1,1,0,2.42999999999984,4,NA
"3118",58,76,1,1,1,1,0,5.87000000000012,2,NA
"3119",58,43,1,1,1,1,1,3.87000000000012,1,NA
"3120",58,19,1,1,1,0,1,2.83999999999992,2,NA
"3121",58,35,1,1,1,0,1,2.82999999999993,3,NA
"3122",58,6,1,1,1,1,1,4.25,3,NA
"3123",58,26,1,1,1,1,1,2.15999999999985,5,NA
"3124",58,3,1,1,1,1,1,3.32000000000016,1,NA
"3125",58,56,1,1,1,1,1,2.75,3,NA
"3126",58,77,1,1,1,1,0,3.90999999999985,1,NA
"3127",58,68,1,1,1,0,0,4.90000000000009,2,NA
"3128",58,62,1,1,1,1,0,6.49000000000001,3,NA
"3129",58,45,1,1,1,1,1,3.24000000000001,1,NA
"3130",58,90,1,1,1,1,0,4.1400000000001,2,NA
"3131",59,112,1,1,1,0,0,9.64999999999986,1,NA
"3132",59,96,1,1,1,1,0,6.08000000000015,3,NA
"3133",59,38,1,1,1,1,1,6.75999999999999,3,NA
"3134",59,109,1,1,1,0,0,7.67000000000007,3,NA
"3135",59,15,1,1,1,0,1,8.5,4,NA
"3136",59,113,1,1,1,0,0,9.96000000000004,3,NA
"3137",59,118,1,1,1,1,0,8.16000000000008,4,NA
"3138",59,30,1,1,1,1,1,8.41000000000008,3,NA
"3139",59,103,1,1,1,1,0,9.66000000000003,3,NA
"3140",59,108,1,1,1,0,0,9.45000000000005,4,NA
"3141",59,43,1,1,1,1,1,9.5,2,NA
"3142",59,26,1,1,1,1,1,7.3599999999999,4,NA
"3143",59,116,1,1,1,1,0,8.76999999999998,4,NA
"3144",59,102,1,1,1,1,0,9.7199999999998,4,NA
"3145",59,119,1,1,1,0,0,8.29999999999995,5,NA
"3146",59,20,1,1,1,1,1,9.21000000000004,5,NA
"3147",59,115,1,1,1,1,0,7.7800000000002,5,NA
"3148",59,35,1,1,1,1,1,6.44000000000005,5,NA
"3149",59,101,1,1,1,1,0,7.53999999999996,5,NA
"3150",59,21,1,1,1,0,1,8.68000000000006,1,NA
"3151",59,98,1,1,1,1,0,8.08999999999992,5,NA
"3152",59,95,1,1,1,0,0,5.53999999999996,5,NA
"3153",59,40,1,1,1,1,1,3.06999999999994,6,NA
"3154",59,104,1,1,1,1,0,7.44000000000005,1,NA
"3155",59,100,1,1,1,1,0,8.85000000000014,4,NA
"3156",59,60,1,1,1,1,1,7.7199999999998,5,NA
"3157",59,92,1,1,1,0,0,8.4699999999998,1,NA
"3158",59,105,1,1,1,1,0,8.17999999999984,1,NA
"3159",59,31,1,1,1,1,1,7.58000000000038,5,NA
"3160",59,97,1,1,1,1,0,4.82999999999993,1,NA
"3161",59,19,1,1,1,0,1,5.55000000000018,5,NA
"3162",59,28,1,1,1,1,1,7.92999999999984,5,NA
"3163",59,33,1,1,1,1,1,7.67000000000007,2,NA
"3164",59,111,1,1,1,1,0,7.98000000000002,3,NA
"3165",59,107,1,1,1,1,0,4.57000000000016,3,NA
"3166",60,96,1,1,1,0,0,1.46000000000004,4,NA
"3167",60,114,1,1,1,0,0,2.11999999999989,2,NA
"3168",60,102,1,1,1,0,0,2.22000000000003,5,NA
"3169",60,30,1,1,1,1,1,2.65000000000009,6,NA
"3170",60,4,1,1,1,1,1,3.19000000000006,5,NA
"3171",60,31,1,1,1,0,1,2.88999999999987,3,NA
"3172",60,99,1,1,1,0,0,1.62999999999988,3,NA
"3173",60,57,1,1,1,1,1,1.86000000000013,5,NA
"3174",60,119,1,1,1,1,0,2.45000000000005,4,NA
"3175",60,105,1,1,1,1,0,3.23000000000002,2,NA
"3176",60,15,1,1,1,1,1,1.92000000000007,5,NA
"3177",60,40,1,1,1,1,1,1.53999999999996,6,NA
"3178",60,33,1,1,1,1,1,1.37000000000012,5,NA
"3179",60,53,1,1,1,1,1,1.59999999999991,5,NA
"3180",60,38,1,1,1,1,1,2.23000000000002,5,NA
"3181",60,20,1,1,1,1,1,1.30999999999994,5,NA
"3182",60,52,1,1,1,1,1,2.21000000000004,5,NA
"3183",60,117,1,1,1,0,0,3.3599999999999,1,NA
"3184",60,93,1,1,1,0,0,4.27999999999997,2,NA
"3185",60,26,1,1,1,1,1,1.48000000000002,6,NA
"3186",60,43,1,1,1,1,1,1.88000000000011,5,NA
"3187",60,59,1,1,1,0,1,2.19999999999982,2,NA
"3188",60,109,1,1,1,0,0,2.51999999999998,3,NA
"3189",60,2,1,1,1,1,1,1.74000000000001,2,NA
"3190",60,116,1,1,1,1,0,4.09999999999991,2,NA
"3191",60,108,1,1,1,0,0,2.59999999999991,3,NA
"3192",60,18,1,1,1,1,1,2.32999999999993,5,NA
"3193",60,95,1,1,1,0,0,2.26999999999998,5,NA
"3194",60,110,1,1,1,0,0,2.49000000000001,1,NA
"3195",60,100,1,1,1,1,0,2.35000000000014,4,NA
"3196",60,103,1,1,1,1,0,4.18000000000006,3,NA
"3197",60,94,1,1,1,1,0,2.00999999999999,5,NA
"3198",60,21,1,1,1,1,1,2.97000000000003,5,NA
"3199",60,107,1,1,1,1,0,2.88999999999987,3,NA
"3200",60,91,1,1,1,1,0,2.12000000000012,2,NA
"3201",60,56,1,1,1,1,1,1.65000000000009,5,NA
"3202",60,111,1,1,1,0,0,2.68000000000006,5,NA
"3203",60,97,1,1,1,0,0,1.92000000000007,2,NA
"3204",60,23,1,1,1,1,1,2.13999999999987,5,NA
"3205",60,112,1,1,1,1,0,2.68000000000006,3,NA
"3206",60,19,1,1,1,0,1,3.64999999999986,3,NA
"3207",60,115,1,1,1,0,0,2.25,3,NA
"3208",60,104,1,1,1,1,0,2.78999999999996,2,NA
"3209",60,98,1,1,1,1,0,2.13000000000011,5,NA
"3210",60,60,1,1,1,1,1,1.25999999999999,6,NA
"3211",60,120,1,1,1,0,0,2,1,NA
"3212",60,28,1,1,1,0,1,3.37000000000012,1,NA
"3213",60,39,1,1,1,1,1,1.75999999999999,6,NA
"3214",60,35,1,1,1,1,1,1.38999999999987,5,NA
"3215",60,6,1,1,1,1,1,6.95000000000004,5,NA
"3216",60,113,1,1,1,0,0,1.43000000000006,3,NA
"3217",60,46,1,1,1,1,1,4.18999999999983,5,NA
"3218",60,118,1,1,1,0,0,2.26999999999998,3,NA
"3219",60,13,1,1,1,1,1,1.30000000000018,5,NA
"3220",60,3,1,1,1,1,1,3.09999999999991,5,NA
"3221",60,101,1,1,1,1,0,1.24000000000001,5,NA
"3222",60,54,1,1,1,1,1,3.65000000000009,5,NA
"3223",60,92,1,1,1,0,0,4.23000000000002,3,NA
"3224",60,106,1,1,1,0,0,2.5,3,NA
"3225",61,48,1,1,1,1,0,3.58000000000016,3,NA
"3226",61,85,1,1,1,1,1,3.84999999999991,2,NA
"3227",61,8,1,1,1,0,0,2.9699999999998,5,NA
"3228",61,34,1,1,1,0,0,3.5,5,NA
"3229",61,50,1,1,1,1,0,3.79999999999995,3,NA
"3230",61,74,1,1,1,1,1,2.98000000000002,3,NA
"3231",61,16,1,1,1,0,0,3.12999999999988,1,NA
"3232",61,10,1,1,1,1,0,3.95000000000005,5,NA
"3233",61,81,1,1,1,1,1,2.51999999999998,4,NA
"3234",61,22,1,1,1,1,0,3.06999999999994,4,NA
"3235",61,29,1,1,1,1,0,2.05999999999994,4,NA
"3236",61,87,1,1,1,1,1,3.31999999999994,2,NA
"3237",61,78,1,1,1,1,1,2.86999999999989,4,NA
"3238",61,24,1,1,1,0,0,3.01999999999998,2,NA
"3239",61,61,1,1,1,0,1,3.77999999999997,2,NA
"3240",61,64,1,1,1,1,1,2.44999999999982,6,NA
"3241",61,27,1,1,1,1,0,3,4,NA
"3242",61,12,1,1,1,0,0,3.83000000000016,2,NA
"3243",61,55,1,1,1,1,0,4.71000000000004,2,NA
"3244",61,89,1,1,1,0,1,2.97999999999996,3,NA
"3245",61,47,1,1,1,0,0,3.33000000000016,2,NA
"3246",61,80,1,1,1,1,1,2.43000000000006,3,NA
"3247",61,11,1,1,1,0,0,3.58000000000016,4,NA
"3248",61,76,1,1,1,1,1,3.22000000000003,3,NA
"3249",61,79,1,1,1,1,1,2.25,3,NA
"3250",61,77,1,1,1,1,1,3.98000000000002,3,NA
"3251",61,84,1,1,1,0,1,2.82999999999993,2,NA
"3252",61,68,1,1,1,1,1,1.83999999999992,3,NA
"3253",61,7,1,1,1,1,0,3.62000000000012,4,NA
"3254",61,41,1,1,1,0,0,3.80999999999994,3,NA
"3255",61,58,1,1,1,1,0,2.83999999999992,4,NA
"3256",61,51,1,1,1,1,0,2.01999999999998,4,NA
"3257",61,90,1,1,1,0,1,2.70000000000005,3,NA
"3258",61,42,1,1,1,1,0,3.97000000000003,2,NA
"3259",61,36,1,1,1,1,0,3.90000000000009,5,NA
"3260",61,82,1,1,1,1,1,4.16999999999985,3,NA
"3261",61,69,1,1,1,1,1,3.25,3,NA
"3262",61,32,1,1,1,1,0,2.75999999999999,2,NA
"3263",61,17,1,1,1,0,0,2.44000000000006,3,NA
"3264",61,71,1,1,1,0,1,3.65000000000009,2,NA
"3265",61,88,1,1,1,0,1,4.78999999999996,1,NA
"3266",61,72,1,1,1,0,1,3.57000000000016,4,NA
"3267",61,5,1,1,1,1,0,3.31999999999994,3,NA
"3268",61,67,1,1,1,0,1,3.43999999999983,3,NA
"3269",61,73,1,1,1,1,1,3.23999999999978,4,NA
"3270",61,75,1,1,1,1,1,3.42000000000007,2,NA
"3271",61,66,1,1,1,1,1,2.36999999999989,4,NA
"3272",61,1,1,1,1,1,0,3.1099999999999,3,NA
"3273",61,37,1,1,1,0,0,3,5,NA
"3274",61,14,1,1,1,0,0,5.41000000000008,1,NA
"3275",61,83,1,1,1,0,1,6.53999999999996,4,NA
"3276",61,25,1,1,1,1,0,3.6400000000001,2,NA
"3277",61,65,1,1,1,1,1,2.22000000000003,4,NA
"3278",61,63,1,1,1,0,1,3.26999999999998,3,NA
"3279",61,86,1,1,1,1,1,3.1099999999999,4,NA
"3280",61,44,1,1,1,1,0,3.58999999999992,2,NA
"3281",61,62,1,1,1,1,1,3.11000000000013,4,NA
"3282",61,49,1,1,1,1,0,5.13000000000011,2,NA
"3283",61,9,1,1,1,1,0,4.07999999999993,4,NA
"3284",61,70,1,1,1,1,1,2.05000000000018,5,NA
"3285",62,29,1,1,1,0,0,2.70999999999981,1,NA
"3286",62,68,1,1,1,1,1,3.81999999999994,1,NA
"3287",62,70,1,1,1,0,1,4.11999999999989,3,NA
"3288",62,51,1,1,1,1,0,3.25,2,NA
"3289",62,77,1,1,1,1,1,3.78999999999996,1,NA
"3290",62,64,1,1,1,1,1,3.70000000000005,1,NA
"3291",62,78,1,1,1,0,1,4.51999999999998,1,NA
"3292",62,63,1,1,1,0,1,3.41000000000008,1,NA
"3293",62,90,1,1,1,1,1,2.00999999999999,1,NA
"3294",62,81,1,1,1,1,1,2.17000000000007,4,NA
"3295",62,22,1,1,1,1,0,2.42000000000007,2,NA
"3296",62,88,1,1,1,0,1,2.16999999999984,3,NA
"3297",62,34,1,1,1,0,0,4.12000000000012,1,NA
"3298",62,50,1,1,1,0,0,4.62999999999988,1,NA
"3299",62,27,1,1,1,0,0,4.03999999999996,1,NA
"3300",62,75,1,1,1,1,1,4.23000000000002,1,NA
"3301",62,76,1,1,1,1,1,5.43999999999983,1,NA
"3302",62,36,1,1,1,1,0,3.75999999999999,2,NA
"3303",62,9,1,1,1,1,0,4.04999999999996,2,NA
"3304",62,74,1,1,1,0,1,2.87000000000012,2,NA
"3305",62,7,1,1,1,0,0,3.86999999999989,2,NA
"3306",62,73,1,1,1,0,1,1.58999999999992,4,NA
"3307",62,86,1,1,1,1,1,3.78999999999996,5,NA
"3308",62,83,1,1,1,1,1,5.20000000000004,1,NA
"3309",62,41,1,1,1,0,0,2.73000000000002,4,NA
"3310",62,14,1,1,1,1,0,4.62000000000012,3,NA
"3311",62,24,1,1,1,0,0,3.02999999999997,1,NA
"3312",62,71,1,1,1,1,1,4.87000000000012,1,NA
"3313",62,61,1,1,1,1,1,4.37000000000012,1,NA
"3314",62,8,1,1,1,0,0,2.44000000000006,6,NA
"3315",62,16,1,1,1,1,0,3.53999999999996,1,NA
"3316",62,89,1,1,1,1,1,4.55999999999995,2,NA
"3317",62,84,1,1,1,0,1,4.59999999999991,4,NA
"3318",62,47,1,1,1,0,0,2.77999999999997,2,NA
"3319",62,44,1,1,1,1,0,4.38000000000011,1,NA
"3320",62,69,1,1,1,0,1,2.25999999999999,1,NA
"3321",62,80,1,1,1,1,1,2.80999999999994,1,NA
"3322",62,1,1,1,1,1,0,3.59000000000015,1,NA
"3323",62,62,1,1,1,1,1,1.83999999999992,2,NA
"3324",62,85,1,1,1,0,1,8.83000000000015,1,NA
"3325",62,55,1,1,1,1,0,8.90000000000009,1,NA
"3326",62,66,1,1,1,0,1,2.65999999999985,1,NA
"3327",62,58,1,1,1,1,0,3.87000000000012,1,NA
"3328",62,37,1,1,1,1,0,6.26999999999998,1,NA
"3329",62,10,1,1,1,1,0,3.57000000000016,1,NA
"3330",62,42,1,1,1,0,0,3.50999999999999,1,NA
"3331",62,79,1,1,1,1,1,2.97000000000003,1,NA
"3332",62,32,1,1,1,1,0,4.02999999999997,1,NA
"3333",62,11,1,1,1,0,0,8.03999999999996,1,NA
"3334",62,65,1,1,1,1,1,1.54999999999995,1,NA
"3335",62,17,1,1,1,0,0,1.61000000000013,1,NA
"3336",62,25,1,1,1,0,0,2.31999999999994,1,NA
"3337",62,72,1,1,1,1,1,6.6099999999999,1,NA
"3338",62,67,1,1,1,0,1,5.24000000000001,1,NA
"3339",62,82,1,1,1,0,1,3.5,2,NA
"3340",62,49,1,1,1,0,0,2.80000000000018,1,NA
"3341",62,87,1,1,1,1,1,2.39999999999986,3,NA
"3342",62,48,1,1,1,0,0,2.25,4,NA
"3343",62,5,1,1,1,0,0,2.58999999999992,6,NA
"3344",62,12,1,1,1,0,0,2.43999999999983,1,NA
"3345",63,4,1,1,1,0,0,2.97000000000003,1,NA
"3346",63,43,1,1,1,0,0,3.34999999999991,1,NA
"3347",63,61,1,1,1,1,1,2.09999999999991,5,NA
"3348",63,78,1,1,1,1,1,2.98000000000002,4,NA
"3349",63,57,1,1,1,0,0,3.82000000000016,1,NA
"3350",63,2,1,1,1,0,0,3.84000000000015,5,NA
"3351",63,53,1,1,1,1,0,3.33999999999992,1,NA
"3352",63,52,1,1,1,1,0,2.93000000000006,3,NA
"3353",63,83,1,1,1,1,1,1.95000000000005,6,NA
"3354",63,62,1,1,1,1,1,1.85000000000014,6,NA
"3355",63,18,1,1,1,1,0,4.83999999999992,2,NA
"3356",63,74,1,1,1,1,1,4.32999999999993,4,NA
"3357",63,80,1,1,1,1,1,1.47000000000003,6,NA
"3358",63,88,1,1,1,1,1,2.75,2,NA
"3359",63,84,1,1,1,1,1,1.79999999999995,6,NA
"3360",63,39,1,1,1,0,0,3.43000000000006,5,NA
"3361",63,30,1,1,1,0,0,4.48999999999995,1,NA
"3362",63,65,1,1,1,1,1,1.50999999999999,6,NA
"3363",63,21,1,1,1,0,0,3.98000000000002,2,NA
"3364",63,86,1,1,1,1,1,2.93000000000006,4,NA
"3365",63,56,1,1,1,1,0,3.05999999999994,4,NA
"3366",63,68,1,1,1,1,1,1.82999999999993,6,NA
"3367",63,45,1,1,1,0,0,3.95000000000005,1,NA
"3368",63,38,1,1,1,0,0,3.09999999999991,1,NA
"3369",63,85,1,1,1,1,1,3.62999999999988,1,NA
"3370",63,26,1,1,1,0,0,4.18000000000006,2,NA
"3371",63,70,1,1,1,1,1,2.02999999999997,5,NA
"3372",63,46,1,1,1,0,0,3.08999999999992,1,NA
"3373",63,79,1,1,1,1,1,4.98000000000002,1,NA
"3374",63,3,1,1,1,0,0,4.02999999999997,1,NA
"3375",63,66,1,1,1,0,1,3.37000000000012,3,NA
"3376",63,33,1,1,1,1,0,2.87000000000012,1,NA
"3377",63,63,1,1,1,1,1,4.6099999999999,2,NA
"3378",63,20,1,1,1,1,0,2.48000000000002,2,NA
"3379",63,81,1,1,1,1,1,2.16000000000008,5,NA
"3380",63,31,1,1,1,1,0,2.61999999999989,5,NA
"3381",63,76,1,1,1,1,1,2.04000000000019,6,NA
"3382",63,40,1,1,1,1,0,5.80999999999995,4,NA
"3383",63,6,1,1,1,1,0,4.95000000000004,2,NA
"3384",63,71,1,1,1,1,1,2.22000000000003,6,NA
"3385",63,60,1,1,1,0,0,4.40999999999985,4,NA
"3386",63,77,1,1,1,1,1,2.13000000000011,6,NA
"3387",63,87,1,1,1,1,1,1.93000000000006,4,NA
"3388",63,59,1,1,1,1,0,3.69000000000006,1,NA
"3389",63,64,1,1,1,1,1,1.96000000000004,5,NA
"3390",63,35,1,1,1,0,0,3.45000000000005,3,NA
"3391",63,13,1,1,1,0,0,2.69000000000006,2,NA
"3392",63,75,1,1,1,1,1,2.37000000000012,5,NA
"3393",63,23,1,1,1,0,0,3.82999999999993,4,NA
"3394",63,89,1,1,1,1,1,2.04999999999995,6,NA
"3395",63,54,1,1,1,1,0,5.22000000000003,1,NA
"3396",63,28,1,1,1,0,0,3.89999999999986,1,NA
"3397",63,69,1,1,1,1,1,1.98000000000002,5,NA
"3398",63,73,1,1,1,1,1,1.7199999999998,6,NA
"3399",63,67,1,1,1,1,1,3.97000000000003,4,NA
"3400",63,82,1,1,1,1,1,3.47000000000003,3,NA
"3401",63,15,1,1,1,0,0,3.08999999999992,1,NA
"3402",63,72,1,1,1,1,1,2.5,5,NA
"3403",63,19,1,1,1,0,0,3.61000000000013,3,NA
"3404",63,90,1,1,1,1,1,3.78999999999996,1,NA
"3405",64,86,1,1,1,1,1,1.28999999999996,5,NA
"3406",64,2,1,1,1,0,0,2.62999999999988,4,NA
"3407",64,6,1,1,1,1,0,1.38999999999987,6,NA
"3408",64,65,1,1,1,1,1,1.01999999999998,5,NA
"3409",64,62,1,1,1,0,1,2.33999999999992,2,NA
"3410",64,19,1,1,1,0,0,2.48000000000002,4,NA
"3411",64,80,1,1,1,1,1,1.25999999999999,5,NA
"3412",64,57,1,1,1,1,0,3.7199999999998,5,NA
"3413",64,84,1,1,1,1,1,1.25999999999999,4,NA
"3414",64,28,1,1,1,0,0,2.75,2,NA
"3415",64,39,1,1,1,1,0,2.51999999999998,3,NA
"3416",64,71,1,1,1,1,1,1.5,5,NA
"3417",64,83,1,1,1,0,1,1.55000000000018,5,NA
"3418",64,3,1,1,1,1,0,1.37000000000012,3,NA
"3419",64,66,1,1,1,1,1,1.11999999999989,5,NA
"3420",64,35,1,1,1,0,0,2.20000000000005,5,NA
"3421",64,13,1,1,1,1,0,2.11999999999989,4,NA
"3422",64,79,1,1,1,1,1,7.69000000000005,4,NA
"3423",64,46,1,1,1,0,0,1.01999999999998,5,NA
"3424",64,81,1,1,1,1,1,1.97000000000003,5,NA
"3425",64,88,1,1,1,1,1,3.5,3,NA
"3426",64,72,1,1,1,1,1,1.45000000000005,3,NA
"3427",64,70,1,1,1,1,1,1.72000000000003,5,NA
"3428",64,45,1,1,1,1,0,1.40000000000009,4,NA
"3429",64,38,1,1,1,1,0,2.40999999999985,3,NA
"3430",64,40,1,1,1,1,0,2.06999999999994,5,NA
"3431",64,73,1,1,1,1,1,2.49000000000001,5,NA
"3432",64,21,1,1,1,1,0,4.37000000000006,4,NA
"3433",64,54,1,1,1,0,0,2.51999999999998,2,NA
"3434",64,56,1,1,1,1,0,1.01999999999998,4,NA
"3435",64,67,1,1,1,1,1,1.70999999999981,5,NA
"3436",64,20,1,1,1,1,0,2.36999999999989,4,NA
"3437",64,61,1,1,1,1,1,1.42999999999984,4,NA
"3438",64,89,1,1,1,1,1,1.63000000000011,5,NA
"3439",64,15,1,1,1,1,0,1.74000000000001,1,NA
"3440",64,85,1,1,1,0,1,2.29999999999995,4,NA
"3441",64,43,1,1,1,1,0,2.17000000000007,3,NA
"3442",64,31,1,1,1,1,0,3.59999999999991,5,NA
"3443",64,76,1,1,1,1,1,1.74000000000001,3,NA
"3444",64,59,1,1,1,1,0,2.22999999999979,5,NA
"3445",64,33,1,1,1,1,0,5.07999999999993,3,NA
"3446",64,18,1,1,1,1,0,1.39999999999986,4,NA
"3447",64,78,1,1,1,1,1,1.88000000000011,4,NA
"3448",64,87,1,1,1,0,1,3.21000000000004,3,NA
"3449",64,23,1,1,1,1,0,3.32999999999993,4,NA
"3450",64,63,1,1,1,0,1,2.38999999999987,3,NA
"3451",64,53,1,1,1,1,0,1.38000000000011,4,NA
"3452",64,90,1,1,1,1,1,1.57999999999993,5,NA
"3453",64,68,1,1,1,1,1,1.13000000000011,4,NA
"3454",64,69,1,1,1,1,1,1.40000000000009,5,NA
"3455",64,77,1,1,1,1,1,1.01999999999998,6,NA
"3456",64,75,1,1,1,1,1,1.90000000000009,3,NA
"3457",64,60,1,1,1,1,0,1.33000000000016,5,NA
"3458",64,26,1,1,1,1,0,1.93000000000006,4,NA
"3459",64,52,1,1,1,1,0,1.66000000000008,4,NA
"3460",64,4,1,1,1,0,0,2.10000000000014,5,NA
"3461",64,30,1,1,1,1,0,1.54999999999995,5,NA
"3462",64,82,1,1,1,1,1,1.41000000000008,6,NA
"3463",64,74,1,1,1,1,1,1.22000000000003,2,NA
"3464",65,82,1,1,1,1,1,8.70000000000005,6,NA
"3465",65,118,1,1,1,1,0,9.04999999999995,5,NA
"3466",65,104,1,1,1,0,0,9.29999999999995,2,NA
"3467",65,66,1,1,1,1,1,3.09999999999991,6,NA
"3468",65,75,1,1,1,1,1,6.31000000000017,6,NA
"3469",65,80,1,1,1,1,1,2.36999999999989,6,NA
"3470",65,79,1,1,1,1,1,4.14999999999986,6,NA
"3471",65,110,1,1,1,0,0,4.3900000000001,1,NA
"3472",65,115,1,1,1,0,0,6.90000000000009,1,NA
"3473",65,106,1,1,1,1,0,5.79999999999996,2,NA
"3474",65,107,1,1,1,1,0,5.44000000000005,1,NA
"3475",65,92,1,1,1,1,0,4.30999999999995,3,NA
"3476",65,83,1,1,1,1,1,3.79999999999995,6,NA
"3477",65,96,1,1,1,0,0,4.02999999999997,2,NA
"3478",65,72,1,1,1,1,1,5.75,2,NA
"3479",65,89,1,1,1,0,1,4.34999999999991,4,NA
"3480",65,117,1,1,1,0,0,5.42999999999984,2,NA
"3481",65,69,1,1,1,0,1,8.07000000000016,1,NA
"3482",65,78,1,1,1,0,1,5.98000000000002,4,NA
"3483",65,103,1,1,1,1,0,4.61999999999989,3,NA
"3484",65,70,1,1,1,1,1,3.92000000000007,5,NA
"3485",65,87,1,1,1,1,1,4.17999999999984,5,NA
"3486",65,76,1,1,1,1,1,3.42000000000007,6,NA
"3487",65,88,1,1,1,1,1,3.65000000000009,5,NA
"3488",65,116,1,1,1,0,0,5.71000000000004,5,NA
"3489",65,84,1,1,1,1,1,6.27999999999997,5,NA
"3490",65,62,1,1,1,0,1,7.07999999999993,5,NA
"3491",65,108,1,1,1,1,0,3.93000000000006,3,NA
"3492",65,65,1,1,1,0,1,7.00999999999999,2,NA
"3493",65,91,1,1,1,0,0,5.30999999999995,2,NA
"3494",65,63,1,1,1,1,1,5.12999999999988,3,NA
"3495",65,81,1,1,1,1,1,8.1099999999999,4,NA
"3496",65,74,1,1,1,1,1,2.87000000000012,6,NA
"3497",65,93,1,1,1,1,0,8.42999999999984,5,NA
"3498",65,86,1,1,1,1,1,3.66000000000008,6,NA
"3499",65,98,1,1,1,0,0,4.54000000000019,3,NA
"3500",65,77,1,1,1,1,1,3.47000000000003,3,NA
"3501",65,101,1,1,1,0,0,5.30999999999995,3,NA
"3502",65,102,1,1,1,1,0,3.85000000000014,5,NA
"3503",65,100,1,1,1,1,0,5.17999999999984,5,NA
"3504",65,67,1,1,1,1,1,3.43000000000006,6,NA
"3505",65,99,1,1,1,1,0,8.04000000000019,1,NA
"3506",65,73,1,1,1,1,1,5.02999999999997,1,NA
"3507",65,120,1,1,1,1,0,6.34999999999991,1,NA
"3508",65,109,1,1,1,1,0,4.54999999999996,1,NA
"3509",65,94,1,1,1,0,0,6.76999999999998,2,NA
"3510",65,113,1,1,1,1,0,7.07000000000016,3,NA
"3511",65,90,1,1,1,0,1,6.40000000000009,2,NA
"3512",65,112,1,1,1,1,0,3.75,3,NA
"3513",65,119,1,1,1,0,0,6.45000000000004,3,NA
"3514",65,64,1,1,1,1,1,5.88000000000011,4,NA
"3515",65,68,1,1,1,1,1,4.75,6,NA
"3516",65,61,1,1,1,0,1,4.72000000000003,2,NA
"3517",65,111,1,1,1,0,0,5.3900000000001,5,NA
"3518",65,71,1,1,1,1,1,5.34999999999991,5,NA
"3519",65,85,1,1,1,1,1,4.73000000000002,3,NA
"3520",65,105,1,1,1,1,0,7.31000000000017,3,NA
"3521",65,97,1,1,1,0,0,5.19000000000005,1,NA
"3522",65,95,1,1,1,0,0,5.32000000000016,2,NA
"3523",66,117,1,1,1,0,0,2.25,2,NA
"3524",66,115,1,1,1,0,0,2.51999999999998,4,NA
"3525",66,95,1,1,1,1,0,2.76999999999998,5,NA
"3526",66,98,1,1,1,1,0,2.62999999999988,3,NA
"3527",66,119,1,1,1,0,0,3.76999999999998,3,NA
"3528",66,74,1,1,1,0,1,3.3900000000001,2,NA
"3529",66,102,1,1,1,0,0,2.96000000000004,4,NA
"3530",66,97,1,1,1,0,0,2.73000000000002,4,NA
"3531",66,107,1,1,1,0,0,2.53999999999996,3,NA
"3532",66,68,1,1,1,0,1,2.49000000000001,2,NA
"3533",66,94,1,1,1,0,0,2.64999999999986,2,NA
"3534",66,113,1,1,1,0,0,2.94000000000006,3,NA
"3535",66,86,1,1,1,1,1,2.96000000000004,3,NA
"3536",66,90,1,1,1,0,1,3.43999999999983,5,NA
"3537",66,103,1,1,1,1,0,2.74000000000001,3,NA
"3538",66,108,1,1,1,0,0,2.59000000000015,2,NA
"3539",66,91,1,1,1,1,0,4.02999999999997,4,NA
"3540",66,82,1,1,1,0,1,2.52000000000021,4,NA
"3541",66,81,1,1,1,1,1,2.97000000000003,5,NA
"3542",66,65,1,1,1,1,1,2.34999999999991,3,NA
"3543",66,71,1,1,1,1,1,3.24999999999994,5,NA
"3544",66,61,1,1,1,0,1,2.42000000000007,2,NA
"3545",66,105,1,1,1,1,0,3.09999999999991,3,NA
"3546",66,66,1,1,1,1,1,2.32000000000016,4,NA
"3547",66,100,1,1,1,1,0,2.90999999999985,3,NA
"3548",66,69,1,1,1,0,1,3.2199999999998,3,NA
"3549",66,120,1,1,1,1,0,3.26999999999998,5,NA
"3550",66,63,1,1,1,0,1,1.92000000000007,1,NA
"3551",66,118,1,1,1,1,0,2.37000000000012,3,NA
"3552",66,64,1,1,1,0,1,2.4699999999998,3,NA
"3553",66,72,1,1,1,1,1,3.79999999999995,3,NA
"3554",66,79,1,1,1,0,1,2.24000000000001,3,NA
"3555",66,109,1,1,1,0,0,2.95000000000005,2,NA
"3556",66,88,1,1,1,1,1,3.07999999999993,4,NA
"3557",66,104,1,1,1,0,0,2.4699999999998,2,NA
"3558",66,110,1,1,1,0,0,3.38999999999987,2,NA
"3559",66,92,1,1,1,0,0,2.52999999999997,2,NA
"3560",66,70,1,1,1,0,1,2.95000000000005,4,NA
"3561",66,75,1,1,1,1,1,4.94999999999982,4,NA
"3562",66,67,1,1,1,1,1,2.95000000000005,4,NA
"3563",66,77,1,1,1,1,1,3.20000000000005,4,NA
"3564",66,78,1,1,1,1,1,3.93000000000006,4,NA
"3565",66,116,1,1,1,0,0,2.13000000000011,3,NA
"3566",66,84,1,1,1,1,1,2.57000000000016,6,NA
"3567",66,85,1,1,1,0,1,3.28999999999996,4,NA
"3568",66,93,1,1,1,0,0,2.71000000000004,2,NA
"3569",66,101,1,1,1,0,0,2.90999999999985,2,NA
"3570",66,99,1,1,1,0,0,2.37000000000012,2,NA
"3571",66,89,1,1,1,0,1,2.63999999999987,3,NA
"3572",66,62,1,1,1,1,1,3.48000000000002,4,NA
"3573",66,87,1,1,1,1,1,3.62000000000012,4,NA
"3574",66,112,1,1,1,0,0,2.30000000000018,2,NA
"3575",66,106,1,1,1,0,0,2.80999999999994,3,NA
"3576",66,111,1,1,1,0,0,2.97000000000003,2,NA
"3577",66,96,1,1,1,0,0,2.17999999999984,4,NA
"3578",66,83,1,1,1,0,1,2.83999999999992,3,NA
"3579",66,114,1,1,1,0,0,2.09999999999991,2,NA
"3580",66,73,1,1,1,1,1,2.76999999999998,2,NA
"3581",66,76,1,1,1,0,1,3.26999999999998,2,NA
"3582",66,80,1,1,1,0,1,1.97000000000003,2,NA
"3583",67,95,1,1,1,1,1,2.93000000000006,2,NA
"3584",67,5,1,1,1,1,0,5.01999999999998,5,NA
"3585",67,94,1,1,1,0,1,4.31999999999994,2,NA
"3586",67,91,1,1,1,1,1,4.6400000000001,1,NA
"3587",67,11,1,1,1,0,0,6.11000000000013,2,NA
"3588",67,55,1,1,1,0,0,5.66999999999985,1,NA
"3589",67,111,1,1,1,1,1,4.99000000000001,3,NA
"3590",67,105,1,1,1,1,1,9.25,1,NA
"3591",67,49,1,1,1,0,0,4.36999999999989,2,NA
"3592",67,42,1,1,1,0,0,4.78999999999996,1,NA
"3593",67,8,1,1,1,0,0,3.98000000000002,1,NA
"3594",67,24,1,1,1,0,0,5.91000000000008,1,NA
"3595",67,102,1,1,1,1,1,2.91999999999984,1,NA
"3596",67,32,1,1,1,1,0,4.25999999999999,6,NA
"3597",67,93,1,1,1,1,1,3.76999999999998,3,NA
"3598",67,22,1,1,1,0,0,6.44000000000005,3,NA
"3599",67,47,1,1,1,1,0,4.25,1,NA
"3600",67,99,1,1,1,1,1,4.35000000000014,2,NA
"3601",67,113,1,1,1,1,1,6.15999999999985,1,NA
"3602",67,96,1,1,1,1,1,2.11999999999989,1,NA
"3603",67,118,1,1,1,0,1,4.83999999999992,1,NA
"3604",67,48,1,1,1,1,0,4.01999999999998,6,NA
"3605",67,104,1,1,1,1,1,3.24000000000001,1,NA
"3606",67,97,1,1,1,1,1,1.95000000000005,1,NA
"3607",67,12,1,1,1,0,0,4.15000000000009,1,NA
"3608",67,106,1,1,1,1,1,2.43000000000006,1,NA
"3609",67,92,1,1,1,0,1,5.05000000000018,1,NA
"3610",67,98,1,1,1,1,1,2.33000000000016,4,NA
"3611",67,114,1,1,1,1,1,2.75,1,NA
"3612",67,27,1,1,1,1,0,3.62000000000012,3,NA
"3613",67,10,1,1,1,1,0,5.5,6,NA
"3614",67,44,1,1,1,0,0,4.56999999999994,6,NA
"3615",67,41,1,1,1,0,0,5.75999999999999,1,NA
"3616",67,14,1,1,1,1,0,4.84999999999991,1,NA
"3617",67,101,1,1,1,1,1,3,1,NA
"3618",67,36,1,1,1,1,0,4.10000000000014,1,NA
"3619",67,16,1,1,1,1,0,3.59999999999991,1,NA
"3620",67,116,1,1,1,0,1,3.89999999999986,3,NA
"3621",67,117,1,1,1,1,1,3.32000000000016,1,NA
"3622",67,100,1,1,1,1,1,3.50999999999999,1,NA
"3623",67,115,1,1,1,1,1,2.96000000000004,1,NA
"3624",67,7,1,1,1,0,0,4.83999999999992,1,NA
"3625",67,50,1,1,1,0,0,4.31999999999994,1,NA
"3626",67,107,1,1,1,0,1,3.09999999999991,1,NA
"3627",67,1,1,1,1,0,0,3.55000000000018,1,NA
"3628",67,25,1,1,1,1,0,6.90999999999985,1,NA
"3629",67,112,1,1,1,1,1,2.75,1,NA
"3630",67,110,1,1,1,1,1,2.05000000000018,1,NA
"3631",67,9,1,1,1,0,0,7.62999999999988,1,NA
"3632",67,108,1,1,1,1,1,4.20000000000004,1,NA
"3633",67,103,1,1,1,1,1,3.83999999999992,6,NA
"3634",67,119,1,1,1,1,1,2.58999999999992,1,NA
"3635",67,17,1,1,1,0,0,3.58999999999992,1,NA
"3636",67,29,1,1,1,1,0,2.73000000000002,6,NA
"3637",67,120,1,1,1,0,1,8.72999999999979,6,NA
"3638",67,51,1,1,1,0,0,4.09999999999991,1,NA
"3639",67,34,1,1,1,0,0,4.20000000000004,1,NA
"3640",67,109,1,1,1,1,1,2.05999999999994,1,NA
"3641",67,58,1,1,1,1,0,8.19999999999982,2,NA
"3642",67,37,1,1,1,0,0,6.15000000000009,1,NA
"3643",68,103,1,1,1,1,1,3.5,3,NA
"3644",68,41,1,1,1,0,0,2.75999999999999,4,NA
"3645",68,29,1,1,1,1,0,3.50999999999999,2,NA
"3646",68,94,1,1,1,1,1,5.48000000000002,4,NA
"3647",68,22,1,1,1,0,0,7.21000000000004,1,NA
"3648",68,109,1,1,1,1,1,2.45000000000005,2,NA
"3649",68,106,1,1,1,1,1,3.01999999999998,5,NA
"3650",68,37,1,1,1,0,0,5.5,5,NA
"3651",68,25,1,1,1,1,0,3.21000000000004,3,NA
"3652",68,27,1,1,1,0,0,3.83000000000016,2,NA
"3653",68,49,1,1,1,1,0,5.86000000000013,2,NA
"3654",68,99,1,1,1,1,1,4.69999999999982,2,NA
"3655",68,24,1,1,1,0,0,7.82999999999993,1,NA
"3656",68,47,1,1,1,0,0,5.76999999999998,1,NA
"3657",68,48,1,1,1,0,0,3.68000000000006,1,NA
"3658",68,1,1,1,1,1,0,2.68999999999983,3,NA
"3659",68,115,1,1,1,0,1,4.55999999999995,3,NA
"3660",68,93,1,1,1,1,1,4.52999999999997,4,NA
"3661",68,36,1,1,1,0,0,6.38000000000005,2,NA
"3662",68,110,1,1,1,1,1,4.5,2,NA
"3663",68,7,1,1,1,1,0,5.17999999999984,3,NA
"3664",68,12,1,1,1,1,0,3.05000000000018,1,NA
"3665",68,10,1,1,1,1,0,9.00999999999999,2,NA
"3666",68,107,1,1,1,0,1,5.13000000000011,1,NA
"3667",68,44,1,1,1,1,0,2.94000000000006,3,NA
"3668",68,14,1,1,1,1,0,3.74000000000001,2,NA
"3669",68,118,1,1,1,1,1,3.30000000000018,2,NA
"3670",68,116,1,1,1,1,1,6.6400000000001,2,NA
"3671",68,117,1,1,1,1,1,2.9699999999998,1,NA
"3672",68,120,1,1,1,1,1,5.19000000000005,1,NA
"3673",68,8,1,1,1,0,0,3.17000000000007,5,NA
"3674",68,55,1,1,1,0,0,4.22000000000003,5,NA
"3675",68,111,1,1,1,0,1,3.54999999999995,1,NA
"3676",68,51,1,1,1,1,0,2.98000000000002,3,NA
"3677",68,108,1,1,1,0,1,3.5,4,NA
"3678",68,91,1,1,1,1,1,2.76999999999998,2,NA
"3679",68,101,1,1,1,1,1,3.04999999999995,4,NA
"3680",68,112,1,1,1,0,1,3.73000000000002,5,NA
"3681",68,32,1,1,1,1,0,4.45000000000004,3,NA
"3682",68,114,1,1,1,1,1,2.14999999999986,4,NA
"3683",68,97,1,1,1,1,1,4.11000000000013,1,NA
"3684",68,105,1,1,1,1,1,2.39999999999986,1,NA
"3685",68,58,1,1,1,1,0,6.52999999999997,1,NA
"3686",68,9,1,1,1,1,0,2.86999999999989,3,NA
"3687",68,16,1,1,1,1,0,3.72000000000003,1,NA
"3688",68,98,1,1,1,1,1,2.01999999999998,1,NA
"3689",68,42,1,1,1,1,0,8.26999999999998,1,NA
"3690",68,119,1,1,1,1,1,5.45000000000004,1,NA
"3691",68,17,1,1,1,0,0,4.15000000000009,2,NA
"3692",68,11,1,1,1,1,0,5.43000000000006,1,NA
"3693",68,92,1,1,1,1,1,2.76999999999998,6,NA
"3694",68,96,1,1,1,1,1,2.91000000000008,2,NA
"3695",68,113,1,1,1,0,1,4.31000000000017,3,NA
"3696",68,34,1,1,1,0,0,4.92000000000007,2,NA
"3697",68,102,1,1,1,0,1,4.47000000000003,2,NA
"3698",68,95,1,1,1,0,1,5.83999999999992,1,NA
"3699",68,50,1,1,1,1,0,4.38000000000011,3,NA
"3700",68,5,1,1,1,0,0,6.6099999999999,2,NA
"3701",68,100,1,1,1,1,1,2.70000000000005,2,NA
"3702",68,104,1,1,1,1,1,2.77999999999997,1,NA
"3703",69,114,1,1,1,0,1,6.47000000000003,2,NA
"3704",69,3,1,1,1,1,0,3.94000000000006,2,NA
"3705",69,45,1,1,1,0,0,3.5,2,NA
"3706",69,106,1,1,1,1,1,2.65999999999985,3,NA
"3707",69,2,1,1,1,0,0,4.5,2,NA
"3708",69,97,1,1,1,1,1,4.44000000000005,3,NA
"3709",69,92,1,1,1,0,1,3.29999999999995,2,NA
"3710",69,6,1,1,1,1,0,2.78999999999996,3,NA
"3711",69,96,1,1,1,1,1,2.06999999999994,5,NA
"3712",69,110,1,1,1,1,1,2.33000000000016,5,NA
"3713",69,116,1,1,1,1,1,4.40000000000009,3,NA
"3714",69,91,1,1,1,0,1,2.65999999999985,3,NA
"3715",69,18,1,1,1,0,0,4.24000000000001,3,NA
"3716",69,108,1,1,1,0,1,3.19000000000006,4,NA
"3717",69,93,1,1,1,0,1,3.05999999999994,5,NA
"3718",69,26,1,1,1,1,0,2.22999999999979,5,NA
"3719",69,95,1,1,1,0,1,1.91999999999984,5,NA
"3720",69,115,1,1,1,1,1,3.00999999999999,3,NA
"3721",69,28,1,1,1,1,0,3.00999999999999,2,NA
"3722",69,57,1,1,1,0,0,4.58999999999992,1,NA
"3723",69,13,1,1,1,1,0,2.90000000000009,4,NA
"3724",69,31,1,1,1,1,0,3.86999999999989,2,NA
"3725",69,119,1,1,1,1,1,4.38000000000011,3,NA
"3726",69,59,1,1,1,1,0,2.12000000000012,2,NA
"3727",69,103,1,1,1,1,1,3.45000000000005,2,NA
"3728",69,99,1,1,1,0,1,4.5,3,NA
"3729",69,109,1,1,1,0,1,2.22000000000003,1,NA
"3730",69,94,1,1,1,1,1,1.81999999999994,5,NA
"3731",69,46,1,1,1,0,0,4.20000000000004,2,NA
"3732",69,118,1,1,1,1,1,2.2999999999999,4,NA
"3733",69,104,1,1,1,1,1,2.85000000000014,2,NA
"3734",69,120,1,1,1,1,1,3.34999999999991,3,NA
"3735",69,113,1,1,1,1,1,4,2,NA
"3736",69,100,1,1,1,1,1,3.54999999999995,2,NA
"3737",69,21,1,1,1,1,0,4.55999999999995,3,NA
"3738",69,54,1,1,1,0,0,4.67000000000007,1,NA
"3739",69,39,1,1,1,1,0,3.28999999999996,2,NA
"3740",69,19,1,1,1,0,0,2.40000000000009,5,NA
"3741",69,98,1,1,1,1,1,2.09999999999991,4,NA
"3742",69,23,1,1,1,1,0,3.84000000000015,1,NA
"3743",69,101,1,1,1,0,1,4.25999999999999,3,NA
"3744",69,56,1,1,1,1,0,4.14999999999986,3,NA
"3745",69,53,1,1,1,0,0,4.01999999999998,3,NA
"3746",69,52,1,1,1,1,0,3.29999999999995,3,NA
"3747",69,117,1,1,1,1,1,3.75,5,NA
"3748",69,43,1,1,1,0,0,3.63000000000011,3,NA
"3749",69,112,1,1,1,1,1,2.37000000000012,6,NA
"3750",69,4,1,1,1,1,0,2.69999999999982,2,NA
"3751",69,111,1,1,1,1,1,4.30999999999995,5,NA
"3752",69,105,1,1,1,1,1,3.48000000000002,4,NA
"3753",69,33,1,1,1,1,0,2.93999999999983,2,NA
"3754",69,15,1,1,1,0,0,3.77999999999997,1,NA
"3755",69,40,1,1,1,0,0,2.75,1,NA
"3756",69,102,1,1,1,1,1,4.36000000000013,3,NA
"3757",69,35,1,1,1,1,0,2.90000000000009,2,NA
"3758",69,30,1,1,1,0,0,4.37999999999988,2,NA
"3759",69,60,1,1,1,1,0,3.39999999999986,3,NA
"3760",69,38,1,1,1,1,0,2.43000000000006,3,NA
"3761",69,20,1,1,1,0,0,4.75,2,NA
"3762",69,107,1,1,1,1,1,1.29999999999995,3,NA
"3763",70,53,1,1,1,0,0,2.92000000000007,1,NA
"3764",70,116,1,1,1,1,1,2.91000000000008,4,NA
"3765",70,100,1,1,1,1,1,2.37000000000012,5,NA
"3766",70,92,1,1,1,1,1,4.04999999999996,2,NA
"3767",70,59,1,1,1,1,0,3.86999999999989,3,NA
"3768",70,93,1,1,1,1,1,2.59999999999991,4,NA
"3769",70,102,1,1,1,1,1,1.86999999999989,4,NA
"3770",70,108,1,1,1,1,1,2.57999999999993,3,NA
"3771",70,117,1,1,1,0,1,4.15000000000009,1,NA
"3772",70,6,1,1,1,0,0,2.87000000000012,4,NA
"3773",70,13,1,1,1,1,0,3.22000000000003,5,NA
"3774",70,38,1,1,1,1,0,2.88000000000011,4,NA
"3775",70,103,1,1,1,1,1,2.26999999999998,6,NA
"3776",70,95,1,1,1,1,1,3.72000000000003,2,NA
"3777",70,99,1,1,1,0,1,4.54999999999996,2,NA
"3778",70,112,1,1,1,0,1,2.88999999999987,6,NA
"3779",70,110,1,1,1,0,1,3.14999999999986,3,NA
"3780",70,20,1,1,1,1,0,3.63999999999987,1,NA
"3781",70,30,1,1,1,0,0,4.13999999999987,2,NA
"3782",70,118,1,1,1,1,1,3.23000000000002,5,NA
"3783",70,52,1,1,1,1,0,4.20000000000004,3,NA
"3784",70,91,1,1,1,0,1,2.68000000000006,4,NA
"3785",70,45,1,1,1,0,0,3,1,NA
"3786",70,23,1,1,1,1,0,4.11000000000013,2,NA
"3787",70,15,1,1,1,0,0,5.72000000000003,2,NA
"3788",70,46,1,1,1,1,0,4.48000000000002,4,NA
"3789",70,43,1,1,1,0,0,4.00999999999999,2,NA
"3790",70,114,1,1,1,1,1,3.23000000000002,2,NA
"3791",70,56,1,1,1,1,0,3.62999999999988,3,NA
"3792",70,106,1,1,1,0,1,2.48000000000002,6,NA
"3793",70,3,1,1,1,1,0,3.19000000000006,2,NA
"3794",70,98,1,1,1,0,1,2.80000000000018,5,NA
"3795",70,21,1,1,1,1,0,3.39999999999986,1,NA
"3796",70,105,1,1,1,1,1,2.42000000000007,3,NA
"3797",70,31,1,1,1,1,0,3.06999999999994,1,NA
"3798",70,26,1,1,1,1,0,2.3599999999999,4,NA
"3799",70,120,1,1,1,1,1,3.28999999999996,2,NA
"3800",70,40,1,1,1,0,0,4.61999999999989,1,NA
"3801",70,54,1,1,1,1,0,3.20000000000005,2,NA
"3802",70,104,1,1,1,1,1,3.46000000000004,3,NA
"3803",70,94,1,1,1,0,1,2.63999999999987,3,NA
"3804",70,57,1,1,1,1,0,3.52999999999997,2,NA
"3805",70,96,1,1,1,0,1,2.93999999999983,4,NA
"3806",70,19,1,1,1,0,0,3.18000000000006,5,NA
"3807",70,4,1,1,1,0,0,2.84999999999991,1,NA
"3808",70,28,1,1,1,1,0,2.91000000000008,3,NA
"3809",70,39,1,1,1,0,0,2.80999999999994,6,NA
"3810",70,97,1,1,1,0,1,2.51999999999998,1,NA
"3811",70,107,1,1,1,1,1,2.59000000000015,2,NA
"3812",70,113,1,1,1,0,1,3.91000000000008,1,NA
"3813",70,60,1,1,1,1,0,2.48000000000002,4,NA
"3814",70,109,1,1,1,0,1,2.74000000000001,2,NA
"3815",70,18,1,1,1,0,0,4.17000000000007,1,NA
"3816",70,119,1,1,1,1,1,3.20000000000005,3,NA
"3817",70,33,1,1,1,0,0,2.54999999999995,1,NA
"3818",70,115,1,1,1,1,1,2.38999999999987,3,NA
"3819",70,2,1,1,1,0,0,3.59999999999991,3,NA
"3820",70,35,1,1,1,0,0,2.45000000000005,3,NA
"3821",70,111,1,1,1,1,1,3.32999999999993,2,NA
"3822",70,101,1,1,1,1,1,3.56999999999994,1,NA
"3823",71,81,1,1,1,1,0,2.91000000000008,5,NA
"3824",71,100,1,1,1,1,1,4.38999999999987,3,NA
"3825",71,112,1,1,1,1,1,5.39999999999986,1,NA
"3826",71,63,1,1,1,1,0,5.49000000000001,1,NA
"3827",71,84,1,1,1,0,0,2.99000000000001,2,NA
"3828",71,118,1,1,1,1,1,3.67999999999984,1,NA
"3829",71,85,1,1,1,0,0,6.69999999999982,2,NA
"3830",71,109,1,1,1,1,1,4.81999999999994,1,NA
"3831",71,93,1,1,1,1,1,4.68000000000006,1,NA
"3832",71,78,1,1,1,1,0,5,1,NA
"3833",71,90,1,1,1,1,0,4.97000000000003,5,NA
"3834",71,73,1,1,1,1,0,5.87000000000012,5,NA
"3835",71,64,1,1,1,1,0,5.07999999999993,2,NA
"3836",71,65,1,1,1,1,0,4.36000000000013,1,NA
"3837",71,96,1,1,1,1,1,3.82999999999993,1,NA
"3838",71,89,1,1,1,0,0,5.28999999999996,1,NA
"3839",71,102,1,1,1,0,1,3.68000000000006,5,NA
"3840",71,99,1,1,1,1,1,6.40000000000009,1,NA
"3841",71,79,1,1,1,1,0,4.95000000000004,1,NA
"3842",71,104,1,1,1,1,1,3.29999999999995,1,NA
"3843",71,110,1,1,1,1,1,7.44000000000005,6,NA
"3844",71,72,1,1,1,1,0,4.14999999999986,1,NA
"3845",71,117,1,1,1,1,1,4.63999999999987,1,NA
"3846",71,108,1,1,1,1,1,4.86999999999989,1,NA
"3847",71,120,1,1,1,1,1,4.8599999999999,1,NA
"3848",71,98,1,1,1,0,1,6.28999999999996,1,NA
"3849",71,92,1,1,1,1,1,3.07000000000016,1,NA
"3850",71,87,1,1,1,0,0,4.93000000000006,1,NA
"3851",71,111,1,1,1,1,1,3.41000000000008,1,NA
"3852",71,115,1,1,1,0,1,6.38999999999987,1,NA
"3853",71,66,1,1,1,1,0,4.42999999999984,4,NA
"3854",71,75,1,1,1,0,0,5.56999999999994,1,NA
"3855",71,103,1,1,1,1,1,2.76999999999998,6,NA
"3856",71,77,1,1,1,1,0,4.40999999999985,1,NA
"3857",71,61,1,1,1,0,0,6.47000000000003,1,NA
"3858",71,71,1,1,1,1,0,5.69000000000005,1,NA
"3859",71,88,1,1,1,0,0,5.22000000000003,1,NA
"3860",71,91,1,1,1,1,1,2.37000000000012,5,NA
"3861",71,69,1,1,1,1,0,5.19000000000005,2,NA
"3862",71,83,1,1,1,0,0,9.41999999999985,1,NA
"3863",71,76,1,1,1,0,0,5.03999999999996,1,NA
"3864",71,97,1,1,1,0,1,4.52999999999997,1,NA
"3865",71,86,1,1,1,1,0,5.25,4,NA
"3866",71,119,1,1,1,1,1,4.01999999999998,1,NA
"3867",71,114,1,1,1,0,1,6.50999999999999,1,NA
"3868",71,94,1,1,1,1,1,2.75,1,NA
"3869",71,106,1,1,1,1,1,4.75,4,NA
"3870",71,116,1,1,1,1,1,4.94000000000005,1,NA
"3871",71,70,1,1,1,1,0,4.03999999999996,6,NA
"3872",71,74,1,1,1,0,0,5.01999999999998,1,NA
"3873",71,107,1,1,1,1,1,2.91000000000008,1,NA
"3874",71,101,1,1,1,1,1,3.82000000000016,5,NA
"3875",71,95,1,1,1,0,1,3.91000000000008,1,NA
"3876",71,113,1,1,1,0,1,7.16000000000008,1,NA
"3877",71,62,1,1,1,1,0,6.74000000000001,5,NA
"3878",71,82,1,1,1,0,0,5.20999999999981,1,NA
"3879",71,68,1,1,1,1,0,4.47000000000003,1,NA
"3880",71,80,1,1,1,1,0,3.7199999999998,1,NA
"3881",71,67,1,1,1,0,0,3.54999999999995,4,NA
"3882",71,105,1,1,1,1,1,4.68000000000006,1,NA
"3883",72,67,1,1,1,1,0,7.08000000000015,4,NA
"3884",72,76,1,1,1,1,0,4.11999999999989,3,NA
"3885",72,105,1,1,1,0,1,5.67000000000007,1,NA
"3886",72,79,1,1,1,1,0,4.23000000000002,1,NA
"3887",72,89,1,1,1,0,0,4.87999999999988,1,NA
"3888",72,96,1,1,1,1,1,4.44000000000005,1,NA
"3889",72,107,1,1,1,1,1,3.96000000000004,1,NA
"3890",72,90,1,1,1,1,0,2.87000000000012,3,NA
"3891",72,81,1,1,1,1,0,2.44000000000006,2,NA
"3892",72,116,1,1,1,0,1,4.3900000000001,3,NA
"3893",72,119,1,1,1,1,1,4.6099999999999,1,NA
"3894",72,83,1,1,1,1,0,6.86999999999989,3,NA
"3895",72,68,1,1,1,0,0,5.74000000000001,1,NA
"3896",72,113,1,1,1,1,1,4.28999999999996,1,NA
"3897",72,104,1,1,1,0,1,3.89999999999986,1,NA
"3898",72,80,1,1,1,1,0,3.83999999999992,1,NA
"3899",72,115,1,1,1,0,1,5.37000000000012,1,NA
"3900",72,110,1,1,1,1,1,3.42000000000007,2,NA
"3901",72,62,1,1,1,0,0,9.94000000000005,2,NA
"3902",72,120,1,1,1,0,1,4.01999999999998,1,NA
"3903",72,63,1,1,1,1,0,4.76999999999998,1,NA
"3904",72,95,1,1,1,0,1,3.30000000000018,3,NA
"3905",72,93,1,1,1,0,1,2.45000000000005,4,NA
"3906",72,103,1,1,1,1,1,4.48000000000002,5,NA
"3907",72,77,1,1,1,1,0,5.32000000000016,1,NA
"3908",72,97,1,1,1,1,1,3.8900000000001,1,NA
"3909",72,86,1,1,1,1,0,6.16999999999985,2,NA
"3910",72,65,1,1,1,0,0,4.41999999999985,1,NA
"3911",72,111,1,1,1,0,1,5.52999999999997,1,NA
"3912",72,98,1,1,1,0,1,6.03999999999996,5,NA
"3913",72,73,1,1,1,0,0,3.63000000000011,1,NA
"3914",72,112,1,1,1,0,1,3.82999999999993,1,NA
"3915",72,66,1,1,1,1,0,4.79000000000019,1,NA
"3916",72,75,1,1,1,0,0,4.98000000000002,1,NA
"3917",72,101,1,1,1,1,1,3.86000000000013,2,NA
"3918",72,117,1,1,1,0,1,3.54999999999995,1,NA
"3919",72,72,1,1,1,0,0,3.8900000000001,1,NA
"3920",72,100,1,1,1,1,1,2.67999999999984,2,NA
"3921",72,88,1,1,1,0,0,2.63999999999987,1,NA
"3922",72,69,1,1,1,0,0,4.4699999999998,1,NA
"3923",72,92,1,1,1,1,1,2.99000000000001,1,NA
"3924",72,82,1,1,1,0,0,2.22000000000003,1,NA
"3925",72,71,1,1,1,0,0,4.96000000000004,1,NA
"3926",72,118,1,1,1,1,1,4.19999999999982,1,NA
"3927",72,99,1,1,1,1,1,4.40999999999985,1,NA
"3928",72,87,1,1,1,0,0,5.3900000000001,3,NA
"3929",72,109,1,1,1,0,1,5.36999999999989,1,NA
"3930",72,70,1,1,1,1,0,3.54999999999995,3,NA
"3931",72,114,1,1,1,0,1,4.40000000000009,1,NA
"3932",72,102,1,1,1,0,1,2.90000000000009,5,NA
"3933",72,78,1,1,1,0,0,4.47999999999979,1,NA
"3934",72,85,1,1,1,1,0,4.33999999999992,3,NA
"3935",72,64,1,1,1,0,0,2.39999999999986,1,NA
"3936",72,61,1,1,1,0,0,3.20000000000005,1,NA
"3937",72,106,1,1,1,0,1,3.90000000000009,6,NA
"3938",72,84,1,1,1,1,0,4.31000000000017,3,NA
"3939",72,91,1,1,1,0,1,5.5,1,NA
"3940",72,94,1,1,1,1,1,3,1,NA
"3941",72,108,1,1,1,1,1,2.07000000000016,1,NA
"3942",72,74,1,1,1,0,0,4.52999999999997,1,NA
"3943",73,10,1,1,1,1,1,2.76999999999998,4,NA
"3944",73,27,1,1,1,1,1,3.66000000000008,2,NA
"3945",73,43,1,1,1,0,0,3.65000000000009,2,NA
"3946",73,13,1,1,1,1,0,3.18000000000006,2,NA
"3947",73,41,1,1,1,0,1,4.10000000000014,2,NA
"3948",73,53,1,1,1,0,0,3.39999999999986,5,NA
"3949",73,51,1,1,1,1,1,3.22000000000003,2,NA
"3950",73,33,1,1,1,0,0,5.1400000000001,2,NA
"3951",73,15,1,1,1,1,0,2.57000000000016,2,NA
"3952",73,57,1,1,1,0,0,3.02999999999997,2,NA
"3953",73,36,1,1,1,0,1,4.65999999999985,2,NA
"3954",73,18,1,1,1,0,0,2.76999999999998,2,NA
"3955",73,42,1,1,1,1,1,3.02999999999997,3,NA
"3956",73,17,1,1,1,0,1,2.76999999999998,2,NA
"3957",73,58,1,1,1,1,1,3.06999999999994,5,NA
"3958",73,45,1,1,1,1,0,2.70000000000005,3,NA
"3959",73,25,1,1,1,1,1,2.27000000000021,5,NA
"3960",73,9,1,1,1,1,1,2.52999999999997,6,NA
"3961",73,22,1,1,1,1,1,1.47000000000003,5,NA
"3962",73,7,1,1,1,1,1,3.78999999999996,3,NA
"3963",73,35,1,1,1,0,0,2.46000000000004,2,NA
"3964",73,21,1,1,1,0,0,2.15000000000009,2,NA
"3965",73,46,1,1,1,0,0,3.66999999999984,2,NA
"3966",73,1,1,1,1,0,1,2.47000000000003,2,NA
"3967",73,20,1,1,1,0,0,7.61999999999989,2,NA
"3968",73,40,1,1,1,1,0,3.22000000000003,2,NA
"3969",73,29,1,1,1,1,1,2.33999999999992,5,NA
"3970",73,28,1,1,1,0,0,3.71000000000004,2,NA
"3971",73,39,1,1,1,0,0,3.13000000000011,2,NA
"3972",73,8,1,1,1,1,1,3.17999999999984,6,NA
"3973",73,60,1,1,1,0,0,5.01999999999998,2,NA
"3974",73,3,1,1,1,0,0,2.43000000000006,2,NA
"3975",73,2,1,1,1,0,0,5.4699999999998,2,NA
"3976",73,38,1,1,1,1,0,3.88000000000011,2,NA
"3977",73,49,1,1,1,1,1,2.33999999999992,6,NA
"3978",73,24,1,1,1,1,1,2.23000000000002,5,NA
"3979",73,50,1,1,1,1,1,3.04999999999995,3,NA
"3980",73,47,1,1,1,1,1,2.17000000000007,5,NA
"3981",73,14,1,1,1,1,1,1.92999999999984,5,NA
"3982",73,11,1,1,1,1,1,2.22000000000003,5,NA
"3983",73,34,1,1,1,1,1,2.49000000000001,5,NA
"3984",73,31,1,1,1,0,0,2.74000000000001,2,NA
"3985",73,16,1,1,1,0,1,4.31999999999994,2,NA
"3986",73,56,1,1,1,0,0,3.04999999999995,2,NA
"3987",73,12,1,1,1,1,1,2.18000000000006,6,NA
"3988",73,37,1,1,1,1,1,3.44000000000006,5,NA
"3989",73,48,1,1,1,1,1,4.51999999999998,2,NA
"3990",73,5,1,1,1,1,1,2.34000000000015,5,NA
"3991",73,52,1,1,1,0,0,3.07999999999993,2,NA
"3992",73,19,1,1,1,0,0,3.27999999999997,2,NA
"3993",73,4,1,1,1,0,0,2.43999999999983,2,NA
"3994",73,30,1,1,1,0,0,1.94000000000006,2,NA
"3995",73,59,1,1,1,0,0,1.9699999999998,2,NA
"3996",73,26,1,1,1,0,0,3.80999999999994,2,NA
"3997",73,32,1,1,1,0,1,3.34000000000015,2,NA
"3998",73,6,1,1,1,0,0,2.18000000000006,2,NA
"3999",73,54,1,1,1,0,0,2.47000000000003,2,NA
"4000",73,23,1,1,1,1,0,4.37000000000012,2,NA
"4001",73,44,1,1,1,1,1,2.53999999999996,5,NA
"4002",73,55,1,1,1,0,1,3.25,2,NA
"4003",74,12,1,1,1,1,1,2.88000000000011,2,NA
"4004",74,57,1,1,1,0,0,5.95000000000004,1,NA
"4005",74,53,1,1,1,0,0,5.26999999999998,1,NA
"4006",74,46,1,1,1,1,0,4.42999999999984,3,NA
"4007",74,43,1,1,1,1,0,4.13999999999987,3,NA
"4008",74,51,1,1,1,1,1,3.48000000000002,1,NA
"4009",74,26,1,1,1,1,0,4.99000000000001,3,NA
"4010",74,19,1,1,1,0,0,3.95000000000005,4,NA
"4011",74,37,1,1,1,0,1,6.75999999999999,2,NA
"4012",74,6,1,1,1,1,0,5.40000000000009,2,NA
"4013",74,29,1,1,1,1,1,2.87999999999988,5,NA
"4014",74,5,1,1,1,0,1,5.07000000000016,5,NA
"4015",74,49,1,1,1,1,1,2.84999999999991,4,NA
"4016",74,15,1,1,1,1,0,6.24000000000001,3,NA
"4017",74,13,1,1,1,1,0,4.95000000000004,3,NA
"4018",74,39,1,1,1,0,0,4.71000000000004,5,NA
"4019",74,36,1,1,1,1,1,4.75,2,NA
"4020",74,31,1,1,1,1,0,3.87999999999988,2,NA
"4021",74,9,1,1,1,1,1,2.45000000000005,5,NA
"4022",74,21,1,1,1,0,0,4.76999999999998,2,NA
"4023",74,16,1,1,1,1,1,3.28999999999996,1,NA
"4024",74,27,1,1,1,1,1,3.02999999999997,4,NA
"4025",74,14,1,1,1,1,1,2.99000000000001,4,NA
"4026",74,4,1,1,1,0,0,5.75,2,NA
"4027",74,45,1,1,1,1,0,4.29999999999996,4,NA
"4028",74,22,1,1,1,1,1,6.3900000000001,3,NA
"4029",74,34,1,1,1,1,1,3.09000000000015,4,NA
"4030",74,2,1,1,1,0,0,5.36999999999989,5,NA
"4031",74,50,1,1,1,1,1,3.90000000000009,3,NA
"4032",74,54,1,1,1,0,0,6.37999999999988,2,NA
"4033",74,25,1,1,1,1,1,3.40999999999985,4,NA
"4034",74,32,1,1,1,1,1,2.50999999999999,6,NA
"4035",74,11,1,1,1,1,1,5.3900000000001,4,NA
"4036",74,40,1,1,1,0,0,5.67000000000007,2,NA
"4037",74,48,1,1,1,1,1,8.92000000000007,3,NA
"4038",74,35,1,1,1,1,0,4.33000000000015,3,NA
"4039",74,24,1,1,1,1,1,4.07999999999993,4,NA
"4040",74,44,1,1,1,1,1,4.08999999999992,4,NA
"4041",74,1,1,1,1,0,1,4.35000000000014,2,NA
"4042",74,7,1,1,1,0,1,5.05000000000018,1,NA
"4043",74,60,1,1,1,0,0,5.21000000000004,3,NA
"4044",74,17,1,1,1,0,1,4.53999999999996,2,NA
"4045",74,20,1,1,1,1,0,3.56999999999994,3,NA
"4046",74,30,1,1,1,1,0,6.83000000000015,3,NA
"4047",74,3,1,1,1,1,0,3.25999999999999,2,NA
"4048",74,41,1,1,1,0,1,3.5,1,NA
"4049",74,8,1,1,1,1,1,3.46000000000004,4,NA
"4050",74,33,1,1,1,1,0,5.46000000000004,2,NA
"4051",74,52,1,1,1,1,0,4.75,3,NA
"4052",74,58,1,1,1,1,1,3.26999999999998,4,NA
"4053",74,42,1,1,1,1,1,4.06999999999994,4,NA
"4054",74,18,1,1,1,0,0,4.26999999999998,2,NA
"4055",74,38,1,1,1,0,0,4.36000000000013,2,NA
"4056",74,47,1,1,1,1,1,2.94000000000006,2,NA
"4057",74,28,1,1,1,0,0,6.26999999999998,2,NA
"4058",74,10,1,1,1,1,1,5.95000000000004,1,NA
"4059",74,56,1,1,1,1,0,6.98000000000002,2,NA
"4060",74,23,1,1,1,0,0,5.99000000000001,1,NA
"4061",74,55,1,1,1,1,1,2.19999999999982,4,NA
"4062",74,59,1,1,1,1,0,2.6400000000001,4,NA
"4063",75,24,1,1,1,1,1,6.98000000000002,3,NA
"4064",75,9,1,1,1,1,1,2.53999999999996,5,NA
"4065",75,80,1,1,1,1,0,4.36999999999989,3,NA
"4066",75,42,1,1,1,1,1,2.41000000000008,6,NA
"4067",75,90,1,1,1,1,0,4.96000000000004,4,NA
"4068",75,69,1,1,1,1,0,7.09999999999991,3,NA
"4069",75,47,1,1,1,0,1,3.64999999999986,4,NA
"4070",75,32,1,1,1,1,1,5.90000000000009,4,NA
"4071",75,55,1,1,1,1,1,4.54999999999996,3,NA
"4072",75,81,1,1,1,1,0,5.41000000000008,2,NA
"4073",75,34,1,1,1,1,1,7.25,3,NA
"4074",75,27,1,1,1,1,1,5.55000000000018,3,NA
"4075",75,11,1,1,1,1,1,4.77999999999997,3,NA
"4076",75,88,1,1,1,0,0,5.97000000000003,2,NA
"4077",75,83,1,1,1,1,0,3.79999999999995,4,NA
"4078",75,85,1,1,1,1,0,5.59999999999985,2,NA
"4079",75,75,1,1,1,0,0,8.62000000000012,2,NA
"4080",75,22,1,1,1,1,1,4.06999999999994,3,NA
"4081",75,41,1,1,1,1,1,4.50999999999999,4,NA
"4082",75,50,1,1,1,1,1,1.53999999999996,6,NA
"4083",75,68,1,1,1,1,0,5.03999999999996,2,NA
"4084",75,25,1,1,1,1,1,2.8599999999999,4,NA
"4085",75,37,1,1,1,1,1,2.83999999999992,4,NA
"4086",75,51,1,1,1,1,1,4.70000000000004,4,NA
"4087",75,14,1,1,1,1,1,3.52000000000021,4,NA
"4088",75,7,1,1,1,1,1,2.24000000000001,5,NA
"4089",75,62,1,1,1,0,0,4.25,5,NA
"4090",75,73,1,1,1,0,0,3.5,5,NA
"4091",75,78,1,1,1,1,0,5.68000000000006,2,NA
"4092",75,44,1,1,1,1,1,3.22999999999979,5,NA
"4093",75,87,1,1,1,1,0,4.61999999999989,3,NA
"4094",75,16,1,1,1,0,1,4.84000000000015,3,NA
"4095",75,84,1,1,1,0,0,2.81999999999994,4,NA
"4096",75,76,1,1,1,0,0,6.78999999999996,3,NA
"4097",75,10,1,1,1,1,1,3.52999999999997,5,NA
"4098",75,82,1,1,1,0,0,5.97000000000003,3,NA
"4099",75,12,1,1,1,1,1,1.99000000000001,5,NA
"4100",75,1,1,1,1,1,1,2.32999999999993,5,NA
"4101",75,72,1,1,1,0,0,4.1400000000001,2,NA
"4102",75,71,1,1,1,0,0,7.25999999999999,3,NA
"4103",75,64,1,1,1,0,0,4.95000000000004,3,NA
"4104",75,66,1,1,1,1,0,4.05000000000018,4,NA
"4105",75,74,1,1,1,1,0,6.58000000000015,4,NA
"4106",75,58,1,1,1,1,1,2.12999999999988,4,NA
"4107",75,67,1,1,1,0,0,3.1099999999999,4,NA
"4108",75,77,1,1,1,0,0,4.52999999999997,3,NA
"4109",75,8,1,1,1,1,1,5.82999999999993,4,NA
"4110",75,86,1,1,1,1,0,3.98000000000002,5,NA
"4111",75,29,1,1,1,1,1,2.04999999999995,5,NA
"4112",75,65,1,1,1,1,0,4.09999999999991,4,NA
"4113",75,49,1,1,1,0,1,4.80000000000018,3,NA
"4114",75,61,1,1,1,1,0,8.60000000000014,5,NA
"4115",75,89,1,1,1,1,0,6.71000000000004,2,NA
"4116",75,48,1,1,1,1,1,1.73000000000002,6,NA
"4117",75,17,1,1,1,1,1,3.62000000000012,5,NA
"4118",75,36,1,1,1,1,1,3.97000000000003,6,NA
"4119",76,81,1,1,1,1,0,2.65000000000009,4,NA
"4120",76,76,1,1,1,0,0,4.12999999999988,4,NA
"4121",76,58,1,1,1,1,1,2.84999999999991,5,NA
"4122",76,47,1,1,1,1,1,3.25,2,NA
"4123",76,88,1,1,1,0,0,3.03999999999996,2,NA
"4124",76,64,1,1,1,1,0,2.34999999999991,6,NA
"4125",76,86,1,1,1,1,0,3.04999999999995,3,NA
"4126",76,70,1,1,1,0,0,3.28999999999996,4,NA
"4127",76,55,1,1,1,1,1,5.03999999999996,2,NA
"4128",76,32,1,1,1,1,1,2.69000000000006,4,NA
"4129",76,16,1,1,1,0,1,2.69999999999982,2,NA
"4130",76,73,1,1,1,1,0,3.38000000000011,5,NA
"4131",76,51,1,1,1,1,1,2.32000000000016,3,NA
"4132",76,61,1,1,1,0,0,2.53999999999996,3,NA
"4133",76,8,1,1,1,0,1,3.17000000000007,2,NA
"4134",76,67,1,1,1,1,0,2.01999999999998,6,NA
"4135",76,49,1,1,1,1,1,2.13999999999987,3,NA
"4136",76,78,1,1,1,0,0,3.04999999999995,2,NA
"4137",76,41,1,1,1,0,1,2.58999999999992,1,NA
"4138",76,68,1,1,1,1,0,3.27999999999997,3,NA
"4139",76,80,1,1,1,1,0,2.11999999999989,2,NA
"4140",76,24,1,1,1,1,1,2.74000000000001,2,NA
"4141",76,11,1,1,1,1,1,2.12999999999988,1,NA
"4142",76,89,1,1,1,0,0,2.59999999999991,2,NA
"4143",76,79,1,1,1,1,0,3.60000000000014,1,NA
"4144",76,17,1,1,1,0,1,2.50999999999999,3,NA
"4145",76,14,1,1,1,1,1,4.44999999999982,2,NA
"4146",76,29,1,1,1,1,1,2.16999999999984,3,NA
"4147",76,71,1,1,1,1,0,3.90000000000003,3,NA
"4148",76,85,1,1,1,1,0,5.71000000000004,3,NA
"4149",76,74,1,1,1,0,0,3.32999999999993,2,NA
"4150",76,87,1,1,1,1,0,1.98000000000002,3,NA
"4151",76,36,1,1,1,1,1,5.34000000000015,3,NA
"4152",76,48,1,1,1,1,1,2.54999999999995,6,NA
"4153",76,66,1,1,1,1,0,2.10000000000014,4,NA
"4154",76,37,1,1,1,1,1,4.93000000000006,2,NA
"4155",76,5,1,1,1,0,1,3.20000000000005,5,NA
"4156",76,84,1,1,1,0,0,2.77999999999997,4,NA
"4157",76,10,1,1,1,1,1,3.3599999999999,4,NA
"4158",76,75,1,1,1,0,0,4.29999999999996,2,NA
"4159",76,65,1,1,1,1,0,2.95000000000005,3,NA
"4160",76,77,1,1,1,1,0,2.96000000000004,1,NA
"4161",76,34,1,1,1,1,1,2.75,5,NA
"4162",76,90,1,1,1,1,0,3.00999999999999,4,NA
"4163",76,9,1,1,1,0,1,4.12999999999988,1,NA
"4164",76,42,1,1,1,0,1,4.70000000000004,2,NA
"4165",76,72,1,1,1,1,0,4.01000000000022,1,NA
"4166",76,22,1,1,1,1,1,4.52999999999997,3,NA
"4167",76,62,1,1,1,0,0,6.02999999999997,4,NA
"4168",76,1,1,1,1,1,1,3.92999999999984,2,NA
"4169",76,12,1,1,1,1,1,1.76000000000022,2,NA
"4170",76,83,1,1,1,0,0,3.44000000000006,5,NA
"4171",76,50,1,1,1,1,1,1.65000000000009,6,NA
"4172",76,69,1,1,1,1,0,2.15999999999985,2,NA
"4173",76,25,1,1,1,0,1,2.58000000000016,2,NA
"4174",76,27,1,1,1,1,1,2.41000000000008,3,NA
"4175",76,7,1,1,1,1,1,2.40999999999985,4,NA
"4176",76,44,1,1,1,1,1,2.47000000000003,2,NA
"4177",76,82,1,1,1,1,0,2.5,3,NA
"4178",76,63,1,1,1,1,0,3.74000000000001,1,NA
"4179",77,48,1,1,1,1,1,6.5,3,NA
"4180",77,108,1,1,1,0,0,5.48000000000002,2,NA
"4181",77,55,1,1,1,1,1,3.25999999999999,6,NA
"4182",77,37,1,1,1,1,1,3.98000000000002,6,NA
"4183",77,112,1,1,1,0,0,4.56999999999994,3,NA
"4184",77,58,1,1,1,1,1,3.15000000000009,6,NA
"4185",77,27,1,1,1,1,1,2.71000000000004,5,NA
"4186",77,1,1,1,1,0,1,6.26999999999998,2,NA
"4187",77,98,1,1,1,0,0,3.18000000000006,6,NA
"4188",77,105,1,1,1,0,0,4.87999999999988,1,NA
"4189",77,16,1,1,1,1,1,4.20000000000004,3,NA
"4190",77,14,1,1,1,1,1,2.01000000000022,6,NA
"4191",77,12,1,1,1,1,1,3.38000000000011,2,NA
"4192",77,91,1,1,1,0,0,3.32999999999993,2,NA
"4193",77,109,1,1,1,0,0,5.08000000000015,2,NA
"4194",77,103,1,1,1,1,0,4.26999999999998,4,NA
"4195",77,101,1,1,1,0,0,4.12000000000006,5,NA
"4196",77,25,1,1,1,1,1,6.51999999999998,2,NA
"4197",77,104,1,1,1,1,0,4.33999999999992,1,NA
"4198",77,106,1,1,1,0,0,7.01999999999998,2,NA
"4199",77,115,1,1,1,0,0,6.70000000000004,2,NA
"4200",77,7,1,1,1,1,1,5.36999999999989,2,NA
"4201",77,96,1,1,1,1,0,5.57000000000016,2,NA
"4202",77,41,1,1,1,1,1,2.65000000000009,6,NA
"4203",77,10,1,1,1,1,1,5.15000000000009,1,NA
"4204",77,100,1,1,1,1,0,4.03999999999996,2,NA
"4205",77,49,1,1,1,0,1,4.17000000000007,3,NA
"4206",77,97,1,1,1,1,0,3.58000000000016,3,NA
"4207",77,11,1,1,1,1,1,2.72000000000003,5,NA
"4208",77,36,1,1,1,1,1,4.87000000000012,2,NA
"4209",77,111,1,1,1,0,0,3.70999999999981,3,NA
"4210",77,44,1,1,1,1,1,3.92999999999984,3,NA
"4211",77,42,1,1,1,1,1,2.50999999999999,6,NA
"4212",77,114,1,1,1,1,0,4.22000000000003,4,NA
"4213",77,50,1,1,1,1,1,1.88999999999987,6,NA
"4214",77,99,1,1,1,0,0,5.54999999999996,3,NA
"4215",77,93,1,1,1,1,0,3.65000000000009,3,NA
"4216",77,119,1,1,1,0,0,3.97999999999979,3,NA
"4217",77,47,1,1,1,1,1,3.40000000000009,4,NA
"4218",77,24,1,1,1,1,1,4.07999999999993,5,NA
"4219",77,107,1,1,1,1,0,2.94999999999982,3,NA
"4220",77,120,1,1,1,0,0,6.58999999999992,2,NA
"4221",77,22,1,1,1,1,1,3.40000000000009,5,NA
"4222",77,32,1,1,1,1,1,5.76999999999998,4,NA
"4223",77,110,1,1,1,0,0,5.5,5,NA
"4224",77,116,1,1,1,1,0,5.46000000000004,2,NA
"4225",77,5,1,1,1,0,1,5.01999999999998,4,NA
"4226",77,51,1,1,1,1,1,2.65999999999985,5,NA
"4227",77,8,1,1,1,1,1,2.19999999999982,6,NA
"4228",77,94,1,1,1,1,0,4.08999999999992,2,NA
"4229",77,17,1,1,1,1,1,3.70000000000005,4,NA
"4230",77,29,1,1,1,1,1,2.66999999999984,5,NA
"4231",77,9,1,1,1,0,1,5.1400000000001,3,NA
"4232",77,95,1,1,1,0,0,6.43000000000006,3,NA
"4233",77,102,1,1,1,1,0,4.05000000000018,2,NA
"4234",77,113,1,1,1,0,0,5.26999999999998,1,NA
"4235",77,92,1,1,1,0,0,5.06999999999994,2,NA
"4236",77,117,1,1,1,0,0,6.11000000000013,1,NA
"4237",77,34,1,1,1,1,1,5.86999999999989,3,NA
"4238",77,118,1,1,1,0,0,9.80999999999995,1,NA
"4239",79,41,1,1,1,0,0,6.11999999999989,3,NA
"4240",79,60,1,1,1,1,1,4.04999999999996,5,NA
"4241",79,44,1,1,1,0,0,3.27999999999997,3,NA
"4242",79,49,1,1,1,1,0,4.36000000000013,5,NA
"4243",79,28,1,1,1,0,1,2.17000000000007,3,NA
"4244",79,1,1,1,1,0,0,3.33000000000016,5,NA
"4245",79,57,1,1,1,1,1,3.95000000000005,6,NA
"4246",79,20,1,1,1,1,1,4.13999999999987,5,NA
"4247",79,9,1,1,1,0,0,2.84999999999985,3,NA
"4248",79,59,1,1,1,0,1,1.96000000000004,3,NA
"4249",79,11,1,1,1,1,0,2.67000000000007,3,NA
"4250",79,38,1,1,1,1,1,3.81999999999994,4,NA
"4251",79,56,1,1,1,1,1,2.15000000000009,5,NA
"4252",79,25,1,1,1,1,0,2.50999999999999,4,NA
"4253",79,26,1,1,1,0,1,2.75999999999999,3,NA
"4254",79,14,1,1,1,1,0,4.68000000000006,3,NA
"4255",79,54,1,1,1,1,1,2.09999999999991,5,NA
"4256",79,21,1,1,1,1,1,2.20000000000005,5,NA
"4257",79,18,1,1,1,1,1,2,5,NA
"4258",79,15,1,1,1,1,1,1.92000000000007,5,NA
"4259",79,2,1,1,1,1,1,1.72000000000003,5,NA
"4260",79,58,1,1,1,1,0,2.22000000000003,5,NA
"4261",79,40,1,1,1,1,1,2.17000000000007,6,NA
"4262",79,19,1,1,1,1,1,3.30000000000018,5,NA
"4263",79,34,1,1,1,1,0,3.48000000000002,6,NA
"4264",79,16,1,1,1,0,0,2.34999999999991,4,NA
"4265",79,32,1,1,1,1,0,4.40000000000009,6,NA
"4266",79,33,1,1,1,0,1,3.13000000000011,3,NA
"4267",79,5,1,1,1,1,0,3.64999999999986,5,NA
"4268",79,47,1,1,1,1,0,4.88000000000011,3,NA
"4269",79,31,1,1,1,1,1,2.60000000000014,5,NA
"4270",79,6,1,1,1,0,1,4.04999999999996,2,NA
"4271",79,10,1,1,1,1,0,2.55999999999994,4,NA
"4272",79,23,1,1,1,1,1,2.67000000000007,5,NA
"4273",79,51,1,1,1,0,0,4.4699999999998,2,NA
"4274",79,17,1,1,1,1,0,3.19000000000006,5,NA
"4275",79,36,1,1,1,1,0,2.69000000000006,3,NA
"4276",79,50,1,1,1,1,0,3.50999999999999,3,NA
"4277",79,55,1,1,1,0,0,2.92999999999984,3,NA
"4278",79,39,1,1,1,1,1,2.5,5,NA
"4279",79,8,1,1,1,1,0,4.5,3,NA
"4280",79,24,1,1,1,1,0,3.87000000000012,3,NA
"4281",79,45,1,1,1,1,1,3.46000000000004,4,NA
"4282",79,22,1,1,1,1,0,3.62999999999988,5,NA
"4283",79,4,1,1,1,0,1,2.62999999999988,3,NA
"4284",79,42,1,1,1,0,0,4.62999999999988,4,NA
"4285",79,13,1,1,1,1,1,1.49000000000001,5,NA
"4286",79,29,1,1,1,0,0,5.44999999999982,3,NA
"4287",79,53,1,1,1,1,1,4.85000000000014,4,NA
"4288",79,27,1,1,1,1,0,4.54999999999996,4,NA
"4289",79,37,1,1,1,0,0,7.8900000000001,4,NA
"4290",79,46,1,1,1,1,1,2.48000000000002,6,NA
"4291",79,3,1,1,1,0,1,3.70000000000005,3,NA
"4292",79,30,1,1,1,1,1,5.05999999999995,3,NA
"4293",79,7,1,1,1,0,0,3.41999999999984,4,NA
"4294",79,52,1,1,1,0,1,4.81999999999994,3,NA
"4295",79,48,1,1,1,0,0,3.59999999999991,4,NA
"4296",79,43,1,1,1,1,1,2.77999999999997,4,NA
"4297",79,12,1,1,1,1,0,5.28999999999996,3,NA
"4298",79,35,1,1,1,0,1,3.82999999999993,3,NA
"4299",80,28,1,1,1,1,1,4.30999999999995,2,NA
"4300",80,13,1,1,1,1,1,3.1400000000001,3,NA
"4301",80,38,1,1,1,1,1,3.34999999999991,4,NA
"4302",80,23,1,1,1,0,1,4.35000000000014,3,NA
"4303",80,18,1,1,1,0,1,3.8900000000001,2,NA
"4304",80,37,1,1,1,0,0,3.89999999999986,2,NA
"4305",80,32,1,1,1,0,0,3.06999999999994,2,NA
"4306",80,45,1,1,1,0,1,4.49000000000001,2,NA
"4307",80,2,1,1,1,1,1,2.47000000000003,4,NA
"4308",80,20,1,1,1,1,1,1.98000000000002,4,NA
"4309",80,42,1,1,1,1,0,3.08999999999992,2,NA
"4310",80,53,1,1,1,1,1,2.07999999999993,4,NA
"4311",80,58,1,1,1,0,0,3.29999999999995,2,NA
"4312",80,12,1,1,1,1,0,1.8900000000001,2,NA
"4313",80,44,1,1,1,1,0,3.20999999999981,2,NA
"4314",80,4,1,1,1,1,1,3.56000000000017,2,NA
"4315",80,22,1,1,1,1,0,4.17000000000007,3,NA
"4316",80,30,1,1,1,1,1,2.47000000000003,4,NA
"4317",80,60,1,1,1,1,1,2.42000000000007,4,NA
"4318",80,49,1,1,1,1,0,3,3,NA
"4319",80,59,1,1,1,1,1,3.5,2,NA
"4320",80,26,1,1,1,1,1,3.44000000000006,2,NA
"4321",80,41,1,1,1,0,0,3.60999999999984,2,NA
"4322",80,39,1,1,1,1,1,1.48000000000002,4,NA
"4323",80,35,1,1,1,1,1,2.18000000000006,4,NA
"4324",80,29,1,1,1,1,0,2.96000000000004,2,NA
"4325",80,56,1,1,1,1,1,3.16000000000008,4,NA
"4326",80,1,1,1,1,1,0,2.34999999999991,3,NA
"4327",80,27,1,1,1,1,0,3.1099999999999,3,NA
"4328",80,52,1,1,1,1,1,3.00999999999999,2,NA
"4329",80,10,1,1,1,1,0,5.99000000000001,2,NA
"4330",80,47,1,1,1,1,0,2.43000000000006,1,NA
"4331",80,36,1,1,1,1,0,4.28999999999996,2,NA
"4332",80,31,1,1,1,1,1,2.41999999999984,4,NA
"4333",80,40,1,1,1,1,1,3.09999999999991,4,NA
"4334",80,3,1,1,1,1,1,2.75,4,NA
"4335",80,46,1,1,1,1,1,2.48000000000002,3,NA
"4336",80,8,1,1,1,1,0,2.02999999999997,1,NA
"4337",80,7,1,1,1,1,0,3.63000000000011,2,NA
"4338",80,43,1,1,1,1,1,2.38000000000011,3,NA
"4339",80,17,1,1,1,1,0,3.40000000000009,1,NA
"4340",80,51,1,1,1,0,0,5.67000000000007,1,NA
"4341",80,50,1,1,1,1,0,2.73000000000002,1,NA
"4342",80,11,1,1,1,1,0,5.60000000000014,2,NA
"4343",80,14,1,1,1,1,0,3.22000000000003,1,NA
"4344",80,6,1,1,1,1,1,2.75,3,NA
"4345",80,34,1,1,1,1,0,3.52999999999997,3,NA
"4346",80,54,1,1,1,1,1,3.09999999999991,4,NA
"4347",80,24,1,1,1,1,0,3.75999999999999,2,NA
"4348",80,5,1,1,1,1,0,6.37000000000012,1,NA
"4349",80,33,1,1,1,1,1,2.62000000000012,4,NA
"4350",80,57,1,1,1,1,1,3.19000000000006,5,NA
"4351",80,21,1,1,1,1,1,5.32000000000016,2,NA
"4352",80,25,1,1,1,1,0,3.03999999999996,2,NA
"4353",80,9,1,1,1,0,0,4.07999999999993,4,NA
"4354",80,48,1,1,1,1,0,3.81999999999994,1,NA
"4355",80,16,1,1,1,1,0,1.80000000000018,2,NA
"4356",80,19,1,1,1,0,1,3.87000000000012,3,NA
"4357",80,55,1,1,1,0,0,3.34000000000015,2,NA
"4358",80,15,1,1,1,0,1,4.69000000000005,3,NA
"4359",81,80,1,1,1,1,0,2.97000000000003,2,NA
"4360",81,38,1,1,1,1,1,3.25,2,NA
"4361",81,70,1,1,1,1,0,3.11000000000013,5,NA
"4362",81,79,1,1,1,1,0,2.52000000000021,3,NA
"4363",81,19,1,1,1,0,1,2.87000000000012,4,NA
"4364",81,26,1,1,1,0,1,3.71000000000004,1,NA
"4365",81,20,1,1,1,1,1,2.16000000000008,5,NA
"4366",81,77,1,1,1,0,0,2.45000000000005,1,NA
"4367",81,31,1,1,1,1,1,3.47000000000003,5,NA
"4368",81,4,1,1,1,0,1,2.79999999999995,2,NA
"4369",81,82,1,1,1,0,0,2.74000000000001,1,NA
"4370",81,3,1,1,1,1,1,3.30000000000018,6,NA
"4371",81,46,1,1,1,1,1,3.02999999999997,5,NA
"4372",81,68,1,1,1,1,0,3.25999999999993,3,NA
"4373",81,18,1,1,1,1,1,2.88999999999987,5,NA
"4374",81,84,1,1,1,1,0,2.51999999999998,5,NA
"4375",81,75,1,1,1,0,0,2.43000000000006,1,NA
"4376",81,53,1,1,1,1,1,2.49000000000001,6,NA
"4377",81,13,1,1,1,1,1,2.82999999999993,4,NA
"4378",81,21,1,1,1,1,1,2.35000000000014,4,NA
"4379",81,63,1,1,1,0,0,2.6099999999999,1,NA
"4380",81,6,1,1,1,0,1,2.47999999999979,1,NA
"4381",81,66,1,1,1,1,0,2.43000000000006,1,NA
"4382",81,69,1,1,1,0,0,2.44000000000006,1,NA
"4383",81,57,1,1,1,1,1,3.02000000000021,2,NA
"4384",81,65,1,1,1,1,0,3.20000000000005,1,NA
"4385",81,62,1,1,1,0,0,2.55999999999994,1,NA
"4386",81,85,1,1,1,1,0,3.26999999999998,2,NA
"4387",81,83,1,1,1,0,0,3.31999999999994,4,NA
"4388",81,40,1,1,1,1,1,3.01999999999998,6,NA
"4389",81,64,1,1,1,0,0,2.36000000000013,1,NA
"4390",81,45,1,1,1,0,1,2.72000000000003,1,NA
"4391",81,35,1,1,1,1,1,3.00999999999999,2,NA
"4392",81,30,1,1,1,1,1,3,4,NA
"4393",81,87,1,1,1,0,0,2.52999999999997,1,NA
"4394",81,56,1,1,1,1,1,3.08999999999992,4,NA
"4395",81,39,1,1,1,1,1,2.66999999999984,5,NA
"4396",81,60,1,1,1,1,1,2.16000000000008,4,NA
"4397",81,2,1,1,1,1,1,3.39999999999986,1,NA
"4398",81,89,1,1,1,0,0,2.34999999999991,1,NA
"4399",81,59,1,1,1,1,1,2.99000000000001,4,NA
"4400",81,72,1,1,1,0,0,2.42999999999984,1,NA
"4401",81,86,1,1,1,0,0,2.84000000000015,1,NA
"4402",81,78,1,1,1,0,0,1.84999999999991,1,NA
"4403",81,67,1,1,1,0,0,2.16999999999984,6,NA
"4404",81,76,1,1,1,0,0,3.37999999999988,2,NA
"4405",81,43,1,1,1,1,1,3.1400000000001,5,NA
"4406",81,81,1,1,1,1,0,2.62999999999988,3,NA
"4407",81,15,1,1,1,1,1,2.91000000000008,5,NA
"4408",81,33,1,1,1,1,1,2.35000000000014,1,NA
"4409",81,71,1,1,1,0,0,3.11999999999989,1,NA
"4410",81,90,1,1,1,0,0,3.25,1,NA
"4411",81,88,1,1,1,0,0,2.36000000000013,1,NA
"4412",81,74,1,1,1,0,0,2.42000000000007,1,NA
"4413",81,52,1,1,1,1,1,3.05000000000018,4,NA
"4414",81,73,1,1,1,1,0,2.89999999999986,2,NA
"4415",81,61,1,1,1,0,0,2.92000000000007,1,NA
"4416",81,54,1,1,1,1,1,2.81999999999994,2,NA
"4417",81,28,1,1,1,0,1,2.66000000000008,1,NA
"4418",81,23,1,1,1,1,1,1.83000000000016,3,NA
"4419",1,117,2,1,1,0,0,5.89999999999999,1,NA
"4420",1,82,2,1,1,1,1,3.09999999999999,3,NA
"4421",1,91,2,1,1,1,0,3.51000000000001,3,NA
"4422",1,85,2,1,1,1,1,2.73,5,NA
"4423",1,84,2,1,1,1,1,3.41,5,NA
"4424",1,72,2,1,1,0,1,6.24999999999999,2,NA
"4425",1,95,2,1,1,1,0,2.78999999999999,3,NA
"4426",1,105,2,1,1,1,0,5.40000000000001,2,NA
"4427",1,69,2,1,1,0,1,4.55000000000001,6,NA
"4428",1,102,2,1,1,0,0,4.73000000000002,4,NA
"4429",1,106,2,1,1,1,0,4.81999999999999,4,NA
"4430",1,66,2,1,1,1,1,2.06,4,NA
"4431",1,101,2,1,1,1,0,7,5,NA
"4432",1,92,2,1,1,1,0,5.46000000000001,6,NA
"4433",1,89,2,1,1,1,1,2.97999999999999,4,NA
"4434",1,118,2,1,1,1,0,6.97,4,NA
"4435",1,65,2,1,1,1,1,3.04999999999998,4,NA
"4436",1,96,2,1,1,0,0,3.88,2,NA
"4437",1,71,2,1,1,0,1,3.86999999999998,3,NA
"4438",1,119,2,1,1,0,0,8.25,5,NA
"4439",1,110,2,1,1,1,0,6.37999999999999,4,NA
"4440",1,74,2,1,1,1,1,2.82999999999998,4,NA
"4441",1,70,2,1,1,0,1,5.44,5,NA
"4442",1,99,2,1,1,1,0,6.63999999999999,4,NA
"4443",1,87,2,1,1,1,1,2.73000000000002,4,NA
"4444",1,112,2,1,1,0,0,3.32999999999998,6,NA
"4445",1,111,2,1,1,1,0,4.72999999999996,2,NA
"4446",1,81,2,1,1,1,1,4.72000000000003,4,NA
"4447",1,83,2,1,1,0,1,6.14999999999998,3,NA
"4448",1,73,2,1,1,0,1,5.59999999999997,6,NA
"4449",1,115,2,1,1,1,0,4.29000000000002,5,NA
"4450",1,94,2,1,1,0,0,5.72000000000003,5,NA
"4451",1,77,2,1,1,1,1,4.63999999999999,2,NA
"4452",1,75,2,1,1,0,1,4.75,2,NA
"4453",1,86,2,1,1,1,1,6.35999999999996,4,NA
"4454",1,90,2,1,1,1,1,4.39999999999998,5,NA
"4455",1,103,2,1,1,1,0,3.09000000000003,6,NA
"4456",1,68,2,1,1,1,1,4.64999999999998,4,NA
"4457",1,64,2,1,1,1,1,3.37,6,NA
"4458",1,88,2,1,1,0,1,4.37000000000001,1,NA
"4459",1,114,2,1,1,0,0,8.12,1,NA
"4460",1,80,2,1,1,1,1,2.86000000000001,5,NA
"4461",1,104,2,1,1,1,0,7.26999999999998,4,NA
"4462",1,116,2,1,1,1,0,5.54000000000002,5,NA
"4463",1,93,2,1,1,1,0,5.99000000000001,4,NA
"4464",1,109,2,1,1,0,0,3.87,1,NA
"4465",1,67,2,1,1,0,1,3.12,2,NA
"4466",1,76,2,1,1,0,1,3.07999999999993,2,NA
"4467",1,98,2,1,1,0,0,5.24000000000001,4,NA
"4468",1,107,2,1,1,1,0,3.66999999999996,3,NA
"4469",1,78,2,1,1,0,1,2.65000000000009,6,NA
"4470",1,97,2,1,1,0,0,4.43999999999994,6,NA
"4471",1,113,2,1,1,1,0,4.53999999999996,4,NA
"4472",1,100,2,1,1,1,0,6.02999999999997,4,NA
"4473",1,120,2,1,1,1,0,4.26999999999998,4,NA
"4474",1,79,2,1,1,1,1,7.18999999999994,3,NA
"4475",2,84,2,1,1,1,0,2.62,2,NA
"4476",2,65,2,1,1,1,0,3.24,1,NA
"4477",2,91,2,1,1,0,1,2.45,3,NA
"4478",2,70,2,1,1,0,0,3.18000000000001,3,NA
"4479",2,96,2,1,1,1,1,1.84999999999999,2,NA
"4480",2,93,2,1,1,1,1,2.08,2,NA
"4481",2,116,2,1,1,1,1,4.55,2,NA
"4482",2,81,2,1,1,1,0,2.15000000000001,3,NA
"4483",2,83,2,1,1,0,0,5.72999999999999,3,NA
"4484",2,109,2,1,1,1,1,2.23999999999999,2,NA
"4485",2,106,2,1,1,0,1,3.45,1,NA
"4486",2,85,2,1,1,1,0,2.38000000000001,2,NA
"4487",2,113,2,1,1,0,1,4.5,2,NA
"4488",2,76,2,1,1,0,0,2.45000000000002,1,NA
"4489",2,112,2,1,1,1,1,2.29999999999998,1,NA
"4490",2,86,2,1,1,1,0,2.86000000000001,3,NA
"4491",2,98,2,1,1,1,1,1.78999999999999,1,NA
"4492",2,111,2,1,1,1,1,3.56,2,NA
"4493",2,117,2,1,1,1,1,2.44999999999999,1,NA
"4494",2,104,2,1,1,1,1,2.03,2,NA
"4495",2,97,2,1,1,1,1,2.63,1,NA
"4496",2,82,2,1,1,1,0,2.59,2,NA
"4497",2,110,2,1,1,0,1,3.69999999999999,2,NA
"4498",2,101,2,1,1,1,1,4.01999999999998,1,NA
"4499",2,74,2,1,1,0,0,2.44,2,NA
"4500",2,118,2,1,1,1,1,2.53,1,NA
"4501",2,102,2,1,1,1,1,2.94,2,NA
"4502",2,63,2,1,1,1,0,2.43000000000001,1,NA
"4503",2,61,2,1,1,0,0,3.71000000000001,2,NA
"4504",2,68,2,1,1,1,0,3.50999999999999,3,NA
"4505",2,120,2,1,1,1,1,1.63999999999999,1,NA
"4506",2,94,2,1,1,1,1,2.61999999999998,2,NA
"4507",2,69,2,1,1,0,0,2.59999999999999,1,NA
"4508",2,62,2,1,1,0,0,3.41999999999999,3,NA
"4509",2,67,2,1,1,0,0,2.44999999999999,1,NA
"4510",2,115,2,1,1,1,1,1.44,2,NA
"4511",2,107,2,1,1,1,1,1.80000000000001,1,NA
"4512",2,72,2,1,1,0,0,2.72999999999999,2,NA
"4513",2,88,2,1,1,1,0,2.84,1,NA
"4514",2,95,2,1,1,0,1,2.12,2,NA
"4515",2,75,2,1,1,1,0,2.47999999999996,1,NA
"4516",2,90,2,1,1,1,0,3.02000000000004,3,NA
"4517",2,77,2,1,1,0,0,2.26999999999998,2,NA
"4518",2,119,2,1,1,1,1,1.41000000000003,3,NA
"4519",2,114,2,1,1,1,1,2.56999999999999,1,NA
"4520",2,92,2,1,1,1,1,1.98000000000002,2,NA
"4521",2,89,2,1,1,1,0,1.63999999999999,2,NA
"4522",2,79,2,1,1,0,0,4.29000000000002,1,NA
"4523",2,73,2,1,1,0,0,3.08000000000004,2,NA
"4524",2,78,2,1,1,1,0,2.5,1,NA
"4525",2,99,2,1,1,1,1,1.87,3,NA
"4526",2,100,2,1,1,1,1,2.06999999999999,2,NA
"4527",2,66,2,1,1,0,0,3.38,2,NA
"4528",2,105,2,1,1,1,1,1.95000000000005,3,NA
"4529",2,108,2,1,1,0,1,2.30000000000001,2,NA
"4530",2,80,2,1,1,1,0,1.16999999999996,1,NA
"4531",2,103,2,1,1,1,1,2.63999999999999,3,NA
"4532",2,64,2,1,1,0,0,3.19999999999999,2,NA
"4533",2,87,2,1,1,1,0,2.87,2,NA
"4534",2,71,2,1,1,0,0,4.42000000000002,1,NA
"4535",4,23,2,1,1,0,0,3.2,2,NA
"4536",4,98,2,1,1,0,1,2.66,4,NA
"4537",4,112,2,1,1,0,1,3.51000000000001,5,NA
"4538",4,52,2,1,1,1,0,4.84999999999999,3,NA
"4539",4,57,2,1,1,1,0,3.64999999999999,5,NA
"4540",4,120,2,1,1,0,1,3.33,4,NA
"4541",4,39,2,1,1,0,0,6.92,2,NA
"4542",4,35,2,1,1,0,0,3.5,3,NA
"4543",4,19,2,1,1,1,0,2.36,5,NA
"4544",4,43,2,1,1,0,0,2.94,2,NA
"4545",4,60,2,1,1,1,0,2.35999999999999,5,NA
"4546",4,91,2,1,1,1,1,3.31,4,NA
"4547",4,99,2,1,1,1,1,1.99000000000001,6,NA
"4548",4,111,2,1,1,0,1,3.22,1,NA
"4549",4,116,2,1,1,1,1,5.59999999999999,3,NA
"4550",4,108,2,1,1,1,1,3.59,1,NA
"4551",4,13,2,1,1,0,0,3.69999999999999,2,NA
"4552",4,96,2,1,1,1,1,2.08000000000001,3,NA
"4553",4,110,2,1,1,0,1,5.34999999999999,4,NA
"4554",4,107,2,1,1,1,1,2.64000000000001,4,NA
"4555",4,15,2,1,1,1,0,3.63,5,NA
"4556",4,21,2,1,1,0,0,4.27000000000001,1,NA
"4557",4,95,2,1,1,1,1,2.78,3,NA
"4558",4,118,2,1,1,0,1,4.12999999999999,5,NA
"4559",4,102,2,1,1,1,1,6.80000000000001,4,NA
"4560",4,100,2,1,1,1,1,2.43000000000001,2,NA
"4561",4,53,2,1,1,0,0,3.62,1,NA
"4562",4,109,2,1,1,1,1,3.01999999999998,1,NA
"4563",4,6,2,1,1,1,0,2.81999999999999,3,NA
"4564",4,54,2,1,1,1,0,4.39999999999998,3,NA
"4565",4,104,2,1,1,1,1,1.98000000000002,5,NA
"4566",4,106,2,1,1,0,1,2.98000000000002,2,NA
"4567",4,97,2,1,1,1,1,4.37999999999999,1,NA
"4568",4,114,2,1,1,1,1,3.5,5,NA
"4569",4,30,2,1,1,1,0,3.56999999999999,4,NA
"4570",4,101,2,1,1,0,1,2.28999999999996,4,NA
"4571",4,113,2,1,1,1,1,2.97000000000003,5,NA
"4572",4,119,2,1,1,0,1,4.37999999999999,3,NA
"4573",4,93,2,1,1,1,1,2.22000000000003,5,NA
"4574",4,45,2,1,1,0,0,6.10000000000002,3,NA
"4575",4,56,2,1,1,1,0,2.5,5,NA
"4576",4,117,2,1,1,1,1,2.48000000000002,5,NA
"4577",4,94,2,1,1,0,1,2.37,4,NA
"4578",4,28,2,1,1,1,0,4.17000000000002,2,NA
"4579",4,103,2,1,1,1,1,2.51999999999998,5,NA
"4580",4,26,2,1,1,1,0,3.44,2,NA
"4581",4,3,2,1,1,1,0,2.65000000000003,5,NA
"4582",4,115,2,1,1,1,1,1.88,6,NA
"4583",4,38,2,1,1,0,0,6.19999999999999,1,NA
"4584",4,46,2,1,1,1,0,4.47000000000003,1,NA
"4585",4,20,2,1,1,1,0,2.25999999999999,4,NA
"4586",4,59,2,1,1,1,0,2.52999999999997,4,NA
"4587",4,33,2,1,1,0,0,4.06,1,NA
"4588",4,92,2,1,1,1,1,5.76999999999998,2,NA
"4589",4,40,2,1,1,0,0,2.79000000000002,1,NA
"4590",4,31,2,1,1,1,0,7.48000000000002,1,NA
"4591",4,105,2,1,1,1,1,2.32999999999998,6,NA
"4592",4,2,2,1,1,1,0,2.19999999999999,5,NA
"4593",4,4,2,1,1,1,0,3.19,1,NA
"4594",5,45,2,1,1,0,1,5.91,4,NA
"4595",5,54,2,1,1,1,1,4.85000000000001,3,NA
"4596",5,70,2,1,1,0,0,4.06999999999999,3,NA
"4597",5,71,2,1,1,1,0,7.76000000000001,3,NA
"4598",5,26,2,1,1,1,1,3.10000000000001,4,NA
"4599",5,2,2,1,1,1,1,3.75,5,NA
"4600",5,20,2,1,1,1,1,2.75,4,NA
"4601",5,79,2,1,1,1,0,3.90000000000001,3,NA
"4602",5,60,2,1,1,1,1,2.89,4,NA
"4603",5,15,2,1,1,1,1,4.55,4,NA
"4604",5,52,2,1,1,1,1,5.34999999999999,4,NA
"4605",5,28,2,1,1,1,1,4,3,NA
"4606",5,4,2,1,1,1,1,2.59999999999999,3,NA
"4607",5,43,2,1,1,1,1,2.40000000000001,2,NA
"4608",5,86,2,1,1,1,0,3.69,1,NA
"4609",5,66,2,1,1,1,0,2.51000000000002,3,NA
"4610",5,6,2,1,1,1,1,2.71000000000001,4,NA
"4611",5,3,2,1,1,1,1,2.38,5,NA
"4612",5,73,2,1,1,1,0,4.40000000000001,3,NA
"4613",5,38,2,1,1,0,1,5.25,2,NA
"4614",5,89,2,1,1,1,0,3.46000000000001,4,NA
"4615",5,85,2,1,1,1,0,2.83000000000001,4,NA
"4616",5,57,2,1,1,1,1,3.64999999999998,5,NA
"4617",5,84,2,1,1,0,0,4.09999999999999,5,NA
"4618",5,82,2,1,1,1,0,2.95999999999998,4,NA
"4619",5,64,2,1,1,1,0,3.68000000000001,4,NA
"4620",5,39,2,1,1,0,1,4.20000000000002,5,NA
"4621",5,35,2,1,1,1,1,2.47999999999999,4,NA
"4622",5,69,2,1,1,1,0,6.62999999999999,4,NA
"4623",5,78,2,1,1,0,0,6.09000000000003,5,NA
"4624",5,62,2,1,1,1,0,4.60000000000002,5,NA
"4625",5,67,2,1,1,1,0,3.17999999999995,4,NA
"4626",5,46,2,1,1,1,1,2.44,5,NA
"4627",5,72,2,1,1,0,0,4.06999999999999,3,NA
"4628",5,30,2,1,1,1,1,3.76999999999998,4,NA
"4629",5,80,2,1,1,0,0,2.48000000000002,2,NA
"4630",5,56,2,1,1,1,1,2.63,5,NA
"4631",5,83,2,1,1,0,0,3.59000000000003,4,NA
"4632",5,77,2,1,1,1,0,3.41999999999996,1,NA
"4633",5,74,2,1,1,0,0,3.13000000000005,1,NA
"4634",5,40,2,1,1,0,1,2.26999999999998,6,NA
"4635",5,76,2,1,1,0,0,3.99000000000001,2,NA
"4636",5,63,2,1,1,0,0,3.90000000000003,2,NA
"4637",5,90,2,1,1,1,0,3.19999999999999,2,NA
"4638",5,61,2,1,1,1,0,2.47000000000003,4,NA
"4639",5,59,2,1,1,1,1,2.79000000000002,4,NA
"4640",5,75,2,1,1,1,0,4.89999999999998,1,NA
"4641",5,68,2,1,1,1,0,5.34000000000003,4,NA
"4642",5,13,2,1,1,1,1,2.22999999999996,3,NA
"4643",5,33,2,1,1,1,1,3.14000000000004,3,NA
"4644",5,87,2,1,1,0,0,3.19999999999999,1,NA
"4645",5,23,2,1,1,0,1,4.84999999999997,2,NA
"4646",5,31,2,1,1,1,1,3.15000000000003,6,NA
"4647",5,18,2,1,1,1,1,3.28000000000003,4,NA
"4648",5,53,2,1,1,1,1,2.91000000000003,2,NA
"4649",5,81,2,1,1,1,0,2.42999999999995,5,NA
"4650",5,65,2,1,1,1,0,4.01999999999998,2,NA
"4651",5,21,2,1,1,1,1,3.19999999999999,6,NA
"4652",5,19,2,1,1,0,1,4.16000000000003,4,NA
"4653",5,88,2,1,1,0,0,4.76999999999998,1,NA
"4654",6,76,2,1,1,1,1,4.33000000000001,2,NA
"4655",6,78,2,1,1,0,1,3.02,1,NA
"4656",6,62,2,1,1,1,1,3.47,3,NA
"4657",6,69,2,1,1,0,1,3.55,1,NA
"4658",6,77,2,1,1,0,1,3.97,1,NA
"4659",6,63,2,1,1,1,1,3.42,1,NA
"4660",6,66,2,1,1,0,1,3.33,1,NA
"4661",6,23,2,1,1,1,0,5.78,1,NA
"4662",6,79,2,1,1,1,1,3.11,3,NA
"4663",6,75,2,1,1,0,1,7.15000000000001,1,NA
"4664",6,33,2,1,1,1,0,4.86999999999998,1,NA
"4665",6,70,2,1,1,0,1,6.15000000000001,2,NA
"4666",6,19,2,1,1,0,0,7.02000000000001,3,NA
"4667",6,73,2,1,1,0,1,3.67000000000002,2,NA
"4668",6,18,2,1,1,0,0,9.25,1,NA
"4669",6,46,2,1,1,1,0,7.22999999999999,1,NA
"4670",6,84,2,1,1,0,1,4.73000000000002,3,NA
"4671",6,20,2,1,1,1,0,6.12000000000001,1,NA
"4672",6,53,2,1,1,0,0,3.88,1,NA
"4673",6,26,2,1,1,0,0,3.44999999999999,2,NA
"4674",6,81,2,1,1,1,1,4.46000000000001,2,NA
"4675",6,90,2,1,1,1,1,4.12000000000001,1,NA
"4676",6,31,2,1,1,0,0,6.66000000000003,1,NA
"4677",6,35,2,1,1,0,0,6.21999999999997,1,NA
"4678",6,15,2,1,1,0,0,6.23000000000002,1,NA
"4679",6,83,2,1,1,1,1,3.57999999999998,1,NA
"4680",6,39,2,1,1,1,0,7.26000000000005,2,NA
"4681",6,54,2,1,1,1,0,4.75999999999999,1,NA
"4682",6,72,2,1,1,0,1,3.44999999999999,1,NA
"4683",6,52,2,1,1,0,0,6.68000000000001,1,NA
"4684",6,4,2,1,1,1,0,5.23000000000002,2,NA
"4685",6,80,2,1,1,1,1,4.29000000000002,1,NA
"4686",6,30,2,1,1,0,0,4.91000000000003,1,NA
"4687",6,3,2,1,1,1,0,4.99000000000001,1,NA
"4688",6,59,2,1,1,1,0,9.25999999999999,1,NA
"4689",6,86,2,1,1,0,1,3,1,NA
"4690",6,57,2,1,1,0,0,4.31999999999999,1,NA
"4691",6,87,2,1,1,1,1,2.69,1,NA
"4692",6,74,2,1,1,0,1,3.36000000000001,1,NA
"4693",6,88,2,1,1,0,1,4.82999999999998,1,NA
"4694",6,60,2,1,1,0,0,3.93000000000001,2,NA
"4695",6,45,2,1,1,0,0,6.45999999999998,1,NA
"4696",6,65,2,1,1,1,1,3.13999999999999,1,NA
"4697",6,13,2,1,1,0,0,6.01999999999998,1,NA
"4698",6,6,2,1,1,1,0,5.12999999999999,1,NA
"4699",6,67,2,1,1,1,1,4.14999999999998,1,NA
"4700",6,56,2,1,1,1,0,5.41999999999996,1,NA
"4701",6,43,2,1,1,0,0,4.44999999999999,1,NA
"4702",6,40,2,1,1,1,0,3.60000000000002,2,NA
"4703",6,82,2,1,1,0,1,3.69,1,NA
"4704",6,64,2,1,1,0,1,3.98000000000002,1,NA
"4705",6,68,2,1,1,0,1,5.58000000000004,1,NA
"4706",6,38,2,1,1,0,0,7.34999999999997,1,NA
"4707",6,85,2,1,1,1,1,3.79999999999995,1,NA
"4708",6,71,2,1,1,0,1,4.06999999999994,1,NA
"4709",6,28,2,1,1,1,0,7.08000000000004,1,NA
"4710",6,61,2,1,1,1,1,5.79999999999996,1,NA
"4711",7,82,2,1,1,1,1,4.90000000000001,2,NA
"4712",7,98,2,1,1,0,0,6.68000000000001,5,NA
"4713",7,71,2,1,1,0,1,3.29000000000001,4,NA
"4714",7,95,2,1,1,0,0,4.59,5,NA
"4715",7,113,2,1,1,1,0,3.25999999999999,3,NA
"4716",7,74,2,1,1,0,1,3.19,2,NA
"4717",7,96,2,1,1,1,0,6.34,2,NA
"4718",7,110,2,1,1,0,0,2.78,6,NA
"4719",7,79,2,1,1,0,1,8.57000000000002,4,NA
"4720",7,118,2,1,1,1,0,4.74000000000001,4,NA
"4721",7,83,2,1,1,0,1,8.50999999999999,6,NA
"4722",7,73,2,1,1,0,1,3.28,6,NA
"4723",7,85,2,1,1,0,1,5.75,5,NA
"4724",7,104,2,1,1,1,0,2.62,5,NA
"4725",7,108,2,1,1,1,0,6.06,4,NA
"4726",7,65,2,1,1,0,1,4.92000000000002,2,NA
"4727",7,72,2,1,1,0,1,8.13,2,NA
"4728",7,88,2,1,1,0,1,3.75,1,NA
"4729",7,81,2,1,1,1,1,2.67000000000002,5,NA
"4730",7,114,2,1,1,0,0,7.56,5,NA
"4731",7,105,2,1,1,1,0,7.31999999999999,2,NA
"4732",7,111,2,1,1,1,0,5.43000000000001,2,NA
"4733",7,101,2,1,1,1,0,4.90999999999997,3,NA
"4734",7,92,2,1,1,0,0,4.71999999999997,2,NA
"4735",7,86,2,1,1,1,1,5.94999999999999,3,NA
"4736",7,117,2,1,1,0,0,7.70999999999998,2,NA
"4737",7,91,2,1,1,1,0,3.98000000000002,3,NA
"4738",7,64,2,1,1,0,1,3.56,6,NA
"4739",7,90,2,1,1,0,1,4.43000000000001,1,NA
"4740",7,78,2,1,1,1,1,3.94999999999999,6,NA
"4741",7,70,2,1,1,1,1,3.42000000000002,5,NA
"4742",7,87,2,1,1,1,1,2.50999999999999,4,NA
"4743",7,66,2,1,1,1,1,2.33999999999997,5,NA
"4744",7,109,2,1,1,0,0,5.31999999999999,3,NA
"4745",7,75,2,1,1,1,1,5.39999999999998,2,NA
"4746",7,76,2,1,1,1,1,3.28999999999996,4,NA
"4747",7,120,2,1,1,1,0,9.27999999999997,5,NA
"4748",7,80,2,1,1,0,1,2.98999999999995,3,NA
"4749",7,116,2,1,1,1,0,4.80000000000001,5,NA
"4750",7,115,2,1,1,0,0,7.23000000000002,2,NA
"4751",7,68,2,1,1,1,1,3.88999999999999,4,NA
"4752",7,93,2,1,1,1,0,6.33999999999997,3,NA
"4753",7,62,2,1,1,0,1,8.26999999999998,5,NA
"4754",7,63,2,1,1,1,1,5.43000000000001,4,NA
"4755",7,106,2,1,1,0,0,5.69,5,NA
"4756",7,107,2,1,1,1,0,4.69,3,NA
"4757",7,100,2,1,1,1,0,2.97999999999996,6,NA
"4758",7,89,2,1,1,1,1,3.28999999999996,5,NA
"4759",7,119,2,1,1,1,0,4.33000000000004,4,NA
"4760",7,102,2,1,1,0,0,4.75999999999999,3,NA
"4761",7,77,2,1,1,1,1,3.28000000000009,4,NA
"4762",7,99,2,1,1,0,0,6.76999999999998,6,NA
"4763",7,84,2,1,1,0,1,5.53999999999996,3,NA
"4764",7,103,2,1,1,1,0,3.75,4,NA
"4765",7,67,2,1,1,1,1,3.72000000000003,5,NA
"4766",7,94,2,1,1,1,0,3.46000000000004,5,NA
"4767",7,97,2,1,1,0,0,8.79999999999995,2,NA
"4768",7,61,2,1,1,1,1,2.76999999999998,6,NA
"4769",7,69,2,1,1,0,1,5.12000000000001,5,NA
"4770",9,97,2,1,1,1,0,3.66000000000001,1,NA
"4771",9,102,2,1,1,0,0,2.28999999999999,4,NA
"4772",9,44,2,1,1,1,1,2.8,6,NA
"4773",9,42,2,1,1,0,1,4.91000000000001,1,NA
"4774",9,25,2,1,1,0,1,5.37999999999999,4,NA
"4775",9,49,2,1,1,1,1,2.94999999999999,4,NA
"4776",9,103,2,1,1,1,0,3.41,6,NA
"4777",9,98,2,1,1,1,0,4.19999999999999,1,NA
"4778",9,1,2,1,1,0,1,3.01999999999998,2,NA
"4779",9,96,2,1,1,1,0,2.75,5,NA
"4780",9,11,2,1,1,0,1,3.91,1,NA
"4781",9,41,2,1,1,0,1,2.83000000000001,2,NA
"4782",9,95,2,1,1,0,0,2.74000000000001,4,NA
"4783",9,99,2,1,1,1,0,3.19999999999999,2,NA
"4784",9,114,2,1,1,1,0,2.97,2,NA
"4785",9,100,2,1,1,1,0,3.99000000000001,3,NA
"4786",9,115,2,1,1,0,0,2.65000000000001,2,NA
"4787",9,36,2,1,1,1,1,2.5,3,NA
"4788",9,92,2,1,1,1,0,3.25999999999999,2,NA
"4789",9,7,2,1,1,0,1,2.83000000000001,1,NA
"4790",9,51,2,1,1,1,1,2.44,3,NA
"4791",9,8,2,1,1,0,1,3.96000000000001,2,NA
"4792",9,110,2,1,1,1,0,6.12999999999999,3,NA
"4793",9,94,2,1,1,1,0,1.84999999999999,5,NA
"4794",9,22,2,1,1,1,1,2.73000000000002,4,NA
"4795",9,113,2,1,1,1,0,3.63,2,NA
"4796",9,116,2,1,1,1,0,2.82999999999998,4,NA
"4797",9,24,2,1,1,1,1,4.46000000000001,2,NA
"4798",9,9,2,1,1,1,1,2.55000000000001,3,NA
"4799",9,14,2,1,1,1,1,4.75,2,NA
"4800",9,10,2,1,1,0,1,3.57999999999998,4,NA
"4801",9,5,2,1,1,1,1,2.66999999999996,5,NA
"4802",9,106,2,1,1,0,0,3.55000000000001,2,NA
"4803",9,118,2,1,1,0,0,3.04000000000002,3,NA
"4804",9,119,2,1,1,0,0,4.05000000000001,1,NA
"4805",9,17,2,1,1,0,1,3.13,2,NA
"4806",9,104,2,1,1,0,0,2.85000000000002,3,NA
"4807",9,27,2,1,1,1,1,3.39999999999998,4,NA
"4808",9,16,2,1,1,1,1,3.35000000000002,2,NA
"4809",9,48,2,1,1,1,1,5.28999999999996,3,NA
"4810",9,101,2,1,1,0,0,3.17000000000002,2,NA
"4811",9,37,2,1,1,0,1,2.97999999999996,5,NA
"4812",9,109,2,1,1,1,0,3.82999999999998,3,NA
"4813",9,91,2,1,1,1,0,2.66000000000003,4,NA
"4814",9,47,2,1,1,0,1,3.34000000000003,2,NA
"4815",9,117,2,1,1,0,0,3.94,2,NA
"4816",9,58,2,1,1,1,1,3.37,3,NA
"4817",9,107,2,1,1,1,0,2.44999999999999,3,NA
"4818",9,108,2,1,1,0,0,3.86000000000001,3,NA
"4819",9,111,2,1,1,0,0,3,2,NA
"4820",9,120,2,1,1,1,0,3.62,2,NA
"4821",9,112,2,1,1,1,0,3.91999999999996,1,NA
"4822",9,105,2,1,1,1,0,3.86999999999995,3,NA
"4823",9,55,2,1,1,1,1,2.34000000000003,2,NA
"4824",9,50,2,1,1,1,1,3.03000000000003,5,NA
"4825",9,32,2,1,1,1,1,2.10999999999996,5,NA
"4826",9,12,2,1,1,1,1,3.93000000000001,2,NA
"4827",9,29,2,1,1,1,1,1.92000000000002,5,NA
"4828",9,93,2,1,1,0,0,3.64999999999998,2,NA
"4829",9,34,2,1,1,1,1,3,1,NA
"4830",11,81,2,1,1,1,0,1.77,5,NA
"4831",11,49,2,1,1,1,1,3.03,2,NA
"4832",11,84,2,1,1,1,0,3.39999999999999,1,NA
"4833",11,12,2,1,1,1,1,2.47,1,NA
"4834",11,88,2,1,1,0,0,3.7,1,NA
"4835",11,44,2,1,1,1,1,2.13,1,NA
"4836",11,64,2,1,1,0,0,4.31,6,NA
"4837",11,47,2,1,1,0,1,4,1,NA
"4838",11,34,2,1,1,0,1,3.11999999999999,6,NA
"4839",11,70,2,1,1,0,0,3.89,1,NA
"4840",11,86,2,1,1,1,0,2.29000000000001,6,NA
"4841",11,17,2,1,1,1,1,2.44,2,NA
"4842",11,76,2,1,1,1,0,3.37,3,NA
"4843",11,29,2,1,1,0,1,1.96000000000001,6,NA
"4844",11,72,2,1,1,1,0,4.03999999999999,1,NA
"4845",11,58,2,1,1,1,1,3.60999999999999,4,NA
"4846",11,63,2,1,1,1,0,3.90000000000001,2,NA
"4847",11,22,2,1,1,1,1,4.37999999999999,2,NA
"4848",11,8,2,1,1,1,1,4.45999999999998,1,NA
"4849",11,85,2,1,1,1,0,5.09,2,NA
"4850",11,73,2,1,1,0,0,3.43000000000001,5,NA
"4851",11,41,2,1,1,0,1,3.03,1,NA
"4852",11,36,2,1,1,1,1,4.69,2,NA
"4853",11,27,2,1,1,1,1,3.32000000000002,4,NA
"4854",11,65,2,1,1,0,0,2.61999999999998,1,NA
"4855",11,14,2,1,1,1,1,3.95000000000002,2,NA
"4856",11,1,2,1,1,1,1,5.56999999999999,2,NA
"4857",11,37,2,1,1,0,1,3.78,5,NA
"4858",11,55,2,1,1,1,1,4.12999999999999,4,NA
"4859",11,79,2,1,1,0,0,8.09,3,NA
"4860",11,68,2,1,1,0,0,4.63999999999999,2,NA
"4861",11,75,2,1,1,1,0,5.21999999999997,1,NA
"4862",11,74,2,1,1,0,0,2.75,6,NA
"4863",11,61,2,1,1,0,0,5.5,1,NA
"4864",11,10,2,1,1,1,1,2.55000000000001,5,NA
"4865",11,77,2,1,1,1,0,3.92000000000002,2,NA
"4866",11,89,2,1,1,0,0,3.55000000000001,1,NA
"4867",11,25,2,1,1,0,1,4.57999999999998,1,NA
"4868",11,71,2,1,1,1,0,3.54000000000002,6,NA
"4869",11,78,2,1,1,0,0,4.30000000000001,3,NA
"4870",11,80,2,1,1,1,0,3.13000000000005,2,NA
"4871",11,90,2,1,1,1,0,2.86000000000001,3,NA
"4872",11,5,2,1,1,1,1,5.37999999999999,2,NA
"4873",11,83,2,1,1,1,0,4.59000000000003,4,NA
"4874",11,32,2,1,1,1,1,2.74000000000001,4,NA
"4875",11,9,2,1,1,0,1,4.06999999999999,6,NA
"4876",11,24,2,1,1,1,1,3.69999999999999,1,NA
"4877",11,48,2,1,1,1,1,2.93000000000001,3,NA
"4878",11,50,2,1,1,0,1,2,6,NA
"4879",11,67,2,1,1,1,0,3.38,6,NA
"4880",11,62,2,1,1,1,0,3.30000000000001,4,NA
"4881",11,7,2,1,1,1,1,3.19999999999999,3,NA
"4882",11,51,2,1,1,1,1,2.32999999999998,4,NA
"4883",11,11,2,1,1,0,1,5.48999999999995,1,NA
"4884",11,42,2,1,1,1,1,3.04000000000002,1,NA
"4885",11,66,2,1,1,1,0,2.5,2,NA
"4886",11,82,2,1,1,1,0,3.77000000000004,1,NA
"4887",11,87,2,1,1,0,0,2.56999999999999,1,NA
"4888",11,69,2,1,1,0,0,2.50999999999999,2,NA
"4889",11,16,2,1,1,1,1,4.41000000000003,1,NA
"4890",12,64,2,1,1,1,1,3.42000000000001,6,NA
"4891",12,84,2,1,1,0,1,3.95,2,NA
"4892",12,67,2,1,1,0,1,4.68000000000001,5,NA
"4893",12,82,2,1,1,1,1,2.69,6,NA
"4894",12,27,2,1,1,1,0,4.3,6,NA
"4895",12,47,2,1,1,1,0,4.83,2,NA
"4896",12,81,2,1,1,0,1,3.70999999999999,3,NA
"4897",12,86,2,1,1,1,1,3.5,6,NA
"4898",12,71,2,1,1,1,1,4.31,3,NA
"4899",12,58,2,1,1,1,0,3.84999999999999,6,NA
"4900",12,74,2,1,1,0,1,3.56999999999999,1,NA
"4901",12,7,2,1,1,1,0,2.45000000000002,6,NA
"4902",12,42,2,1,1,1,0,2.78999999999999,6,NA
"4903",12,63,2,1,1,1,1,1.97,6,NA
"4904",12,78,2,1,1,1,1,3.77000000000001,2,NA
"4905",12,85,2,1,1,1,1,6.37000000000001,2,NA
"4906",12,55,2,1,1,1,0,4.00999999999999,3,NA
"4907",12,65,2,1,1,1,1,2.40000000000001,1,NA
"4908",12,79,2,1,1,1,1,2.32999999999998,2,NA
"4909",12,61,2,1,1,1,1,4.37000000000001,1,NA
"4910",12,89,2,1,1,1,1,2.76000000000002,2,NA
"4911",12,9,2,1,1,0,0,2.90000000000001,5,NA
"4912",12,1,2,1,1,0,0,4.40000000000001,2,NA
"4913",12,37,2,1,1,0,0,3.94000000000003,6,NA
"4914",12,36,2,1,1,1,0,4.72,2,NA
"4915",12,70,2,1,1,1,1,2.72999999999999,6,NA
"4916",12,69,2,1,1,1,1,3.5,2,NA
"4917",12,10,2,1,1,1,0,3.89000000000001,3,NA
"4918",12,11,2,1,1,1,0,4.56999999999999,4,NA
"4919",12,83,2,1,1,1,1,3.91999999999999,6,NA
"4920",12,68,2,1,1,1,1,4.77000000000001,2,NA
"4921",12,87,2,1,1,0,1,3.71999999999997,2,NA
"4922",12,49,2,1,1,1,0,2.75999999999999,2,NA
"4923",12,90,2,1,1,1,1,2.44999999999999,6,NA
"4924",12,51,2,1,1,0,0,3.03000000000003,3,NA
"4925",12,80,2,1,1,1,1,2.16000000000003,1,NA
"4926",12,29,2,1,1,1,0,3.20999999999998,4,NA
"4927",12,22,2,1,1,0,0,4.81,1,NA
"4928",12,73,2,1,1,1,1,2.22999999999996,6,NA
"4929",12,88,2,1,1,1,1,3.13,2,NA
"4930",12,72,2,1,1,1,1,3.39999999999998,2,NA
"4931",12,17,2,1,1,1,0,3.44,6,NA
"4932",12,77,2,1,1,1,1,2.97000000000003,6,NA
"4933",12,25,2,1,1,1,0,3.79999999999995,5,NA
"4934",12,76,2,1,1,1,1,5.50999999999999,4,NA
"4935",12,32,2,1,1,1,0,2.96999999999997,5,NA
"4936",12,8,2,1,1,1,0,5.40999999999997,2,NA
"4937",12,16,2,1,1,1,0,2.97000000000003,1,NA
"4938",12,34,2,1,1,1,0,2.44,1,NA
"4939",12,50,2,1,1,1,0,2.43000000000001,5,NA
"4940",12,66,2,1,1,0,1,3.09999999999997,1,NA
"4941",12,75,2,1,1,0,1,2.70999999999998,1,NA
"4942",12,41,2,1,1,1,0,3.70999999999998,1,NA
"4943",12,14,2,1,1,1,0,2.96999999999997,2,NA
"4944",12,12,2,1,1,1,0,2.32999999999998,5,NA
"4945",12,44,2,1,1,0,0,3.30000000000001,5,NA
"4946",12,5,2,1,1,1,0,2.42000000000002,2,NA
"4947",12,24,2,1,1,1,0,4.37000000000001,6,NA
"4948",12,48,2,1,1,1,0,2.32999999999998,6,NA
"4949",12,62,2,1,1,1,1,4.40999999999997,5,NA
"4950",13,6,2,1,1,0,1,4.19,2,NA
"4951",13,30,2,1,1,0,1,3.94,2,NA
"4952",13,107,2,1,1,1,0,3.47,1,NA
"4953",13,91,2,1,1,1,0,3.23999999999999,2,NA
"4954",13,60,2,1,1,0,1,3.55000000000001,1,NA
"4955",13,109,2,1,1,0,0,4.44,1,NA
"4956",13,21,2,1,1,0,1,4.45,1,NA
"4957",13,33,2,1,1,1,1,4.83000000000001,1,NA
"4958",13,18,2,1,1,1,1,3.94,2,NA
"4959",13,105,2,1,1,1,0,4,2,NA
"4960",13,113,2,1,1,1,0,5.69,2,NA
"4961",13,100,2,1,1,1,0,4.37999999999999,1,NA
"4962",13,97,2,1,1,1,0,4.30000000000001,1,NA
"4963",13,57,2,1,1,0,1,4.78999999999999,2,NA
"4964",13,52,2,1,1,1,1,2.80000000000001,2,NA
"4965",13,114,2,1,1,1,0,3.58000000000001,1,NA
"4966",13,46,2,1,1,1,1,2.88999999999999,2,NA
"4967",13,102,2,1,1,1,0,3.96000000000001,2,NA
"4968",13,54,2,1,1,0,1,3.22,2,NA
"4969",13,43,2,1,1,1,1,3.34,2,NA
"4970",13,112,2,1,1,0,0,2.44999999999999,1,NA
"4971",13,40,2,1,1,1,1,3.40000000000001,3,NA
"4972",13,4,2,1,1,1,1,3.63999999999999,1,NA
"4973",13,118,2,1,1,1,0,3.63,2,NA
"4974",13,95,2,1,1,0,0,4.80000000000001,2,NA
"4975",13,13,2,1,1,1,1,2.85999999999999,2,NA
"4976",13,39,2,1,1,1,1,5.75,2,NA
"4977",13,106,2,1,1,1,0,4.31999999999996,3,NA
"4978",13,120,2,1,1,1,0,3.77999999999997,2,NA
"4979",13,26,2,1,1,1,1,3.58000000000004,3,NA
"4980",13,53,2,1,1,0,1,2.82999999999998,2,NA
"4981",13,119,2,1,1,1,0,3,1,NA
"4982",13,19,2,1,1,0,1,2.96999999999997,3,NA
"4983",13,28,2,1,1,0,1,3.93000000000001,2,NA
"4984",13,94,2,1,1,1,0,2.84000000000003,2,NA
"4985",13,3,2,1,1,1,1,4.17000000000002,2,NA
"4986",13,92,2,1,1,1,0,3.69,1,NA
"4987",13,110,2,1,1,1,0,2.98000000000002,1,NA
"4988",13,101,2,1,1,1,0,3.22999999999996,1,NA
"4989",13,35,2,1,1,0,1,3.60000000000002,2,NA
"4990",13,115,2,1,1,1,0,4.50999999999999,3,NA
"4991",13,20,2,1,1,1,1,3.03000000000003,3,NA
"4992",13,104,2,1,1,1,0,3.56999999999999,1,NA
"4993",13,31,2,1,1,1,1,4.79000000000002,2,NA
"4994",13,93,2,1,1,1,0,2.67000000000002,1,NA
"4995",13,45,2,1,1,0,1,3.36000000000001,1,NA
"4996",13,96,2,1,1,1,0,3.13000000000005,1,NA
"4997",13,99,2,1,1,0,0,4.89000000000004,1,NA
"4998",13,111,2,1,1,1,0,3.17000000000002,1,NA
"4999",13,23,2,1,1,0,1,4.04000000000002,1,NA
"5000",13,98,2,1,1,1,0,2.76999999999998,1,NA
"5001",13,2,2,1,1,0,1,4.43000000000001,3,NA
"5002",13,59,2,1,1,1,1,4.10999999999996,2,NA
"5003",13,38,2,1,1,1,1,2.75999999999999,2,NA
"5004",13,15,2,1,1,0,1,5.29999999999996,1,NA
"5005",13,116,2,1,1,1,0,1.68000000000001,2,NA
"5006",13,117,2,1,1,1,0,3.40000000000003,1,NA
"5007",13,108,2,1,1,0,0,2.63,2,NA
"5008",13,103,2,1,1,1,0,8.62,3,NA
"5009",13,56,2,1,1,1,1,2.60000000000002,3,NA
"5010",14,96,2,1,1,1,1,2.71000000000001,3,NA
"5011",14,3,2,1,1,1,0,3.34,3,NA
"5012",14,110,2,1,1,1,1,9.00999999999999,2,NA
"5013",14,114,2,1,1,1,1,4.72,4,NA
"5014",14,100,2,1,1,1,1,2.23,5,NA
"5015",14,18,2,1,1,0,0,7.86999999999999,2,NA
"5016",14,101,2,1,1,1,1,6.78,4,NA
"5017",14,13,2,1,1,1,0,4.95000000000002,3,NA
"5018",14,103,2,1,1,1,1,5.26999999999998,3,NA
"5019",14,98,2,1,1,0,1,3.05000000000001,6,NA
"5020",14,95,2,1,1,0,1,2.45999999999998,4,NA
"5021",14,102,2,1,1,0,1,5.34,3,NA
"5022",14,21,2,1,1,0,0,5.36999999999998,2,NA
"5023",14,92,2,1,1,1,1,5.65000000000001,3,NA
"5024",14,35,2,1,1,0,0,4.48000000000002,4,NA
"5025",14,54,2,1,1,1,0,5.61000000000001,3,NA
"5026",14,99,2,1,1,1,1,4.51999999999998,2,NA
"5027",14,59,2,1,1,1,0,3.84,4,NA
"5028",14,56,2,1,1,1,0,7.75999999999999,3,NA
"5029",14,97,2,1,1,0,1,4.06999999999999,2,NA
"5030",14,43,2,1,1,0,0,3.39999999999998,2,NA
"5031",14,60,2,1,1,1,0,3.86000000000001,3,NA
"5032",14,104,2,1,1,1,1,2.15999999999997,3,NA
"5033",14,116,2,1,1,1,1,6.84999999999997,4,NA
"5034",14,112,2,1,1,0,1,6.31999999999999,5,NA
"5035",14,20,2,1,1,1,0,2.56,5,NA
"5036",14,113,2,1,1,1,1,9.46999999999997,3,NA
"5037",14,52,2,1,1,1,0,4.15000000000003,3,NA
"5038",14,117,2,1,1,1,1,5.09999999999997,4,NA
"5039",14,6,2,1,1,1,0,2.83000000000004,5,NA
"5040",14,94,2,1,1,0,1,4.34999999999997,2,NA
"5041",14,120,2,1,1,1,1,4.15000000000003,3,NA
"5042",14,91,2,1,1,1,1,3.89999999999998,5,NA
"5043",14,109,2,1,1,0,1,4.03000000000003,3,NA
"5044",14,39,2,1,1,0,0,5.92000000000002,6,NA
"5045",14,15,2,1,1,0,0,3.94999999999999,5,NA
"5046",14,31,2,1,1,0,0,5.52000000000004,4,NA
"5047",14,105,2,1,1,1,1,4.19,3,NA
"5048",14,28,2,1,1,0,0,5.44,6,NA
"5049",14,119,2,1,1,1,1,4.65000000000003,4,NA
"5050",14,4,2,1,1,0,0,5.15999999999997,3,NA
"5051",14,57,2,1,1,1,0,9.04000000000002,2,NA
"5052",14,2,2,1,1,1,0,4.39999999999998,4,NA
"5053",14,115,2,1,1,1,1,3.65999999999997,3,NA
"5054",14,33,2,1,1,1,0,4.19999999999999,3,NA
"5055",14,45,2,1,1,0,0,4.50999999999999,4,NA
"5056",14,53,2,1,1,1,0,4.28999999999996,3,NA
"5057",14,30,2,1,1,0,0,4.06999999999999,5,NA
"5058",14,19,2,1,1,0,0,3.84999999999997,3,NA
"5059",14,23,2,1,1,0,0,7.28000000000009,4,NA
"5060",14,93,2,1,1,1,1,3.64999999999998,4,NA
"5061",14,107,2,1,1,1,1,3.38,3,NA
"5062",14,46,2,1,1,1,0,6.81000000000006,4,NA
"5063",14,40,2,1,1,1,0,4.07999999999993,5,NA
"5064",14,118,2,1,1,0,1,2.99000000000001,3,NA
"5065",14,26,2,1,1,1,0,3.78000000000009,3,NA
"5066",14,111,2,1,1,1,1,4.35000000000002,3,NA
"5067",14,38,2,1,1,1,0,6.54000000000008,2,NA
"5068",14,108,2,1,1,0,1,3.2700000000001,3,NA
"5069",14,106,2,1,1,0,1,2.79999999999995,5,NA
"5070",15,93,2,1,1,1,0,5.31000000000001,1,NA
"5071",15,116,2,1,1,1,0,6.78,3,NA
"5072",15,48,2,1,1,0,1,8.16,1,NA
"5073",15,14,2,1,1,1,1,4.22,1,NA
"5074",15,44,2,1,1,0,1,3.8,1,NA
"5075",15,58,2,1,1,1,1,4.67999999999999,1,NA
"5076",15,97,2,1,1,1,0,5.83,1,NA
"5077",15,109,2,1,1,0,0,3.84999999999999,1,NA
"5078",15,55,2,1,1,1,1,5.97999999999999,1,NA
"5079",15,11,2,1,1,1,1,4.98000000000002,2,NA
"5080",15,34,2,1,1,0,1,3.94999999999999,1,NA
"5081",15,118,2,1,1,1,0,5.33000000000001,1,NA
"5082",15,119,2,1,1,1,0,5.19,3,NA
"5083",15,8,2,1,1,0,1,3.72,1,NA
"5084",15,17,2,1,1,1,1,9.87,1,NA
"5085",15,12,2,1,1,1,1,7.49000000000001,3,NA
"5086",15,110,2,1,1,1,0,9.06999999999999,1,NA
"5087",15,113,2,1,1,0,0,7.04999999999998,2,NA
"5088",15,100,2,1,1,1,0,3.32999999999998,1,NA
"5089",15,41,2,1,1,0,1,6.43000000000001,1,NA
"5090",15,103,2,1,1,0,0,9.40000000000001,3,NA
"5091",15,49,2,1,1,1,1,6.62999999999999,2,NA
"5092",15,24,2,1,1,1,1,8.18000000000001,2,NA
"5093",15,114,2,1,1,1,0,9.83000000000004,3,NA
"5094",15,32,2,1,1,1,1,3.44999999999999,5,NA
"5095",15,106,2,1,1,1,0,5.23000000000002,2,NA
"5096",15,107,2,1,1,0,0,4.44999999999999,3,NA
"5097",15,117,2,1,1,1,0,5.71999999999997,1,NA
"5098",15,95,2,1,1,0,0,4.73000000000002,2,NA
"5099",15,115,2,1,1,0,0,9.5,1,NA
"5100",15,92,2,1,1,0,0,7.56999999999999,3,NA
"5101",15,9,2,1,1,1,1,3.88999999999999,2,NA
"5102",15,98,2,1,1,1,0,4.79999999999996,1,NA
"5103",15,99,2,1,1,1,0,5.81999999999999,1,NA
"5104",15,27,2,1,1,1,1,3.46999999999997,2,NA
"5105",15,29,2,1,1,0,1,3.80000000000001,2,NA
"5106",15,10,2,1,1,1,1,7.45999999999998,1,NA
"5107",15,105,2,1,1,1,0,4.62000000000001,1,NA
"5108",15,25,2,1,1,1,1,6.02999999999997,1,NA
"5109",15,104,2,1,1,0,0,3.39999999999998,1,NA
"5110",15,42,2,1,1,0,1,6.09999999999997,1,NA
"5111",15,16,2,1,1,1,1,2.73000000000002,1,NA
"5112",15,51,2,1,1,1,1,4.37000000000001,1,NA
"5113",15,120,2,1,1,0,0,6.25,3,NA
"5114",15,22,2,1,1,1,1,4.12999999999999,2,NA
"5115",15,96,2,1,1,0,0,9.75999999999999,1,NA
"5116",15,37,2,1,1,0,1,8.61000000000001,2,NA
"5117",15,108,2,1,1,0,0,8.02999999999997,2,NA
"5118",15,112,2,1,1,1,0,7.54999999999996,3,NA
"5119",15,7,2,1,1,1,1,4.73000000000002,3,NA
"5120",15,111,2,1,1,0,0,3.79000000000008,1,NA
"5121",15,101,2,1,1,0,0,5.22000000000003,1,NA
"5122",15,102,2,1,1,0,0,3.32000000000005,4,NA
"5123",15,47,2,1,1,0,1,4.90999999999997,3,NA
"5124",16,107,2,1,1,1,1,2.52000000000001,3,NA
"5125",16,117,2,1,1,1,1,3.11,4,NA
"5126",16,14,2,1,1,0,0,4.37000000000001,2,NA
"5127",16,93,2,1,1,1,1,2.78,4,NA
"5128",16,42,2,1,1,0,0,4.7,2,NA
"5129",16,96,2,1,1,1,1,2.88999999999999,3,NA
"5130",16,7,2,1,1,1,0,4.16,4,NA
"5131",16,29,2,1,1,1,0,5.03,2,NA
"5132",16,102,2,1,1,1,1,5.52,4,NA
"5133",16,108,2,1,1,0,1,3.08000000000001,2,NA
"5134",16,5,2,1,1,1,0,5.24000000000001,4,NA
"5135",16,99,2,1,1,1,1,3.36000000000001,3,NA
"5136",16,1,2,1,1,0,0,4.36000000000001,3,NA
"5137",16,11,2,1,1,0,0,4.90000000000001,4,NA
"5138",16,24,2,1,1,1,0,5.12000000000001,2,NA
"5139",16,112,2,1,1,1,1,3.65000000000001,4,NA
"5140",16,109,2,1,1,0,1,3.92000000000002,2,NA
"5141",16,10,2,1,1,0,0,6.97999999999999,3,NA
"5142",16,114,2,1,1,0,1,4.44,2,NA
"5143",16,97,2,1,1,1,1,2.50999999999999,4,NA
"5144",16,50,2,1,1,1,0,4.25,2,NA
"5145",16,104,2,1,1,0,1,2.99000000000001,2,NA
"5146",16,9,2,1,1,1,0,2.85999999999999,4,NA
"5147",16,36,2,1,1,0,0,4.07999999999998,4,NA
"5148",16,105,2,1,1,1,1,3.01999999999998,4,NA
"5149",16,115,2,1,1,1,1,3.16,4,NA
"5150",16,51,2,1,1,0,0,3.24000000000001,2,NA
"5151",16,49,2,1,1,1,0,4.91999999999996,3,NA
"5152",16,12,2,1,1,1,0,3.36999999999995,2,NA
"5153",16,106,2,1,1,1,1,4.01999999999998,4,NA
"5154",16,55,2,1,1,0,0,5.08999999999997,3,NA
"5155",16,101,2,1,1,1,1,3.83999999999997,4,NA
"5156",16,25,2,1,1,1,0,7.65999999999997,3,NA
"5157",16,32,2,1,1,1,0,8.57999999999998,2,NA
"5158",16,34,2,1,1,0,0,4.51999999999998,2,NA
"5159",16,110,2,1,1,1,1,5.81,4,NA
"5160",16,47,2,1,1,0,0,4.06999999999999,2,NA
"5161",16,22,2,1,1,1,0,5.67000000000002,3,NA
"5162",16,95,2,1,1,0,1,3.48000000000002,3,NA
"5163",16,100,2,1,1,1,1,4.88999999999999,3,NA
"5164",16,58,2,1,1,1,0,4.67000000000002,3,NA
"5165",16,17,2,1,1,1,0,5.38999999999999,2,NA
"5166",16,41,2,1,1,0,0,3.88,2,NA
"5167",16,103,2,1,1,1,1,2.93000000000001,5,NA
"5168",16,27,2,1,1,1,0,4.69,3,NA
"5169",16,94,2,1,1,1,1,3.10000000000002,3,NA
"5170",16,44,2,1,1,1,0,3.10000000000002,5,NA
"5171",16,91,2,1,1,1,1,2.82999999999998,5,NA
"5172",16,116,2,1,1,0,1,4.33000000000004,2,NA
"5173",16,120,2,1,1,0,1,5.57999999999998,2,NA
"5174",16,118,2,1,1,1,1,3.91000000000003,3,NA
"5175",16,119,2,1,1,1,1,5.37999999999999,3,NA
"5176",16,113,2,1,1,0,1,7.31999999999999,2,NA
"5177",16,8,2,1,1,1,0,3.12,3,NA
"5178",16,37,2,1,1,1,0,4.81999999999999,5,NA
"5179",16,98,2,1,1,0,1,4.33999999999997,4,NA
"5180",16,92,2,1,1,1,1,3.61000000000001,3,NA
"5181",16,48,2,1,1,0,0,5.12000000000001,2,NA
"5182",16,111,2,1,1,1,1,3.95999999999998,2,NA
"5183",16,16,2,1,1,0,0,5.16999999999996,2,NA
"5184",17,33,2,1,1,1,0,3.07000000000001,2,NA
"5185",17,29,2,1,1,1,1,2.05000000000001,4,NA
"5186",17,24,2,1,1,1,1,4.62000000000001,2,NA
"5187",17,58,2,1,1,1,1,5.8,2,NA
"5188",17,27,2,1,1,1,1,3.53,2,NA
"5189",17,3,2,1,1,0,0,4.26000000000001,2,NA
"5190",17,25,2,1,1,1,1,6.16,1,NA
"5191",17,15,2,1,1,0,0,5.35000000000002,3,NA
"5192",17,5,2,1,1,0,1,4.56999999999999,4,NA
"5193",17,36,2,1,1,1,1,7.19,1,NA
"5194",17,42,2,1,1,0,1,6,3,NA
"5195",17,38,2,1,1,1,0,5.03999999999999,2,NA
"5196",17,26,2,1,1,1,0,2.72,6,NA
"5197",17,46,2,1,1,1,0,3.75,3,NA
"5198",17,16,2,1,1,1,1,2.09999999999999,2,NA
"5199",17,41,2,1,1,1,1,3.67000000000002,3,NA
"5200",17,20,2,1,1,1,0,3.17000000000002,5,NA
"5201",17,32,2,1,1,0,1,5.51999999999998,2,NA
"5202",17,56,2,1,1,1,0,5.59999999999999,2,NA
"5203",17,53,2,1,1,1,0,3.35999999999999,3,NA
"5204",17,1,2,1,1,1,1,5.86000000000001,3,NA
"5205",17,54,2,1,1,1,0,5.78999999999999,2,NA
"5206",17,49,2,1,1,1,1,2.40000000000001,4,NA
"5207",17,22,2,1,1,1,1,4.13999999999999,4,NA
"5208",17,28,2,1,1,1,0,5.65999999999997,2,NA
"5209",17,19,2,1,1,0,0,4.14999999999998,2,NA
"5210",17,59,2,1,1,1,0,2.22000000000003,4,NA
"5211",17,40,2,1,1,0,0,5.71999999999997,2,NA
"5212",17,44,2,1,1,1,1,2.30000000000001,2,NA
"5213",17,55,2,1,1,1,1,2.30000000000001,4,NA
"5214",17,8,2,1,1,0,1,2.87,3,NA
"5215",17,12,2,1,1,1,1,2.45999999999998,2,NA
"5216",17,13,2,1,1,1,0,3.88,3,NA
"5217",17,51,2,1,1,1,1,3.87,3,NA
"5218",17,45,2,1,1,1,0,3.99000000000001,2,NA
"5219",17,39,2,1,1,0,0,5.02000000000004,3,NA
"5220",17,47,2,1,1,1,1,3.36000000000001,2,NA
"5221",17,30,2,1,1,0,0,3.38000000000005,3,NA
"5222",17,17,2,1,1,1,1,2.67000000000002,3,NA
"5223",17,37,2,1,1,1,1,5.18000000000001,1,NA
"5224",17,11,2,1,1,0,1,4.35999999999996,2,NA
"5225",17,21,2,1,1,1,0,5.85000000000002,2,NA
"5226",17,2,2,1,1,0,0,6.72999999999996,2,NA
"5227",17,4,2,1,1,1,0,5.71999999999997,2,NA
"5228",17,50,2,1,1,0,1,3.34999999999997,2,NA
"5229",17,10,2,1,1,1,1,5.09999999999997,4,NA
"5230",17,57,2,1,1,1,0,3.46999999999997,3,NA
"5231",17,34,2,1,1,0,1,5.91000000000003,4,NA
"5232",17,6,2,1,1,1,0,4.32999999999998,3,NA
"5233",17,60,2,1,1,1,0,4.39000000000004,3,NA
"5234",17,18,2,1,1,0,0,8.5,2,NA
"5235",17,9,2,1,1,0,1,3.12,3,NA
"5236",17,48,2,1,1,1,1,4.52000000000004,2,NA
"5237",17,14,2,1,1,1,1,2.39999999999998,3,NA
"5238",17,31,2,1,1,0,0,6.22999999999996,2,NA
"5239",17,43,2,1,1,1,0,2.40999999999997,4,NA
"5240",17,35,2,1,1,1,0,5.95999999999998,1,NA
"5241",17,52,2,1,1,1,0,4.67000000000002,2,NA
"5242",17,23,2,1,1,1,0,3.66999999999996,3,NA
"5243",17,7,2,1,1,0,1,3.70999999999992,3,NA
"5244",18,44,2,1,1,0,0,2.66000000000001,5,NA
"5245",18,36,2,1,1,1,0,2.98,2,NA
"5246",18,14,2,1,1,0,0,3.08999999999999,3,NA
"5247",18,30,2,1,1,1,1,4.38000000000001,4,NA
"5248",18,11,2,1,1,0,0,4.27,2,NA
"5249",18,53,2,1,1,0,1,2.73,5,NA
"5250",18,47,2,1,1,0,0,2.78,1,NA
"5251",18,57,2,1,1,1,1,5.90000000000001,3,NA
"5252",18,34,2,1,1,0,0,4.45000000000002,5,NA
"5253",18,35,2,1,1,1,1,3.44999999999999,4,NA
"5254",18,4,2,1,1,0,1,5.94,1,NA
"5255",18,15,2,1,1,0,1,4.31999999999999,4,NA
"5256",18,58,2,1,1,1,0,3.22,6,NA
"5257",18,6,2,1,1,0,1,3.82000000000002,4,NA
"5258",18,23,2,1,1,0,1,4.41,3,NA
"5259",18,26,2,1,1,1,1,4.04000000000002,2,NA
"5260",18,8,2,1,1,0,0,4.26000000000002,1,NA
"5261",18,59,2,1,1,1,1,4.72,3,NA
"5262",18,38,2,1,1,0,1,6.16,1,NA
"5263",18,21,2,1,1,1,1,6.87000000000001,6,NA
"5264",18,32,2,1,1,0,0,3.41999999999999,2,NA
"5265",18,9,2,1,1,0,0,3.97,3,NA
"5266",18,43,2,1,1,0,1,3.81999999999999,1,NA
"5267",18,17,2,1,1,0,0,4.19,1,NA
"5268",18,18,2,1,1,1,1,4.60999999999999,3,NA
"5269",18,39,2,1,1,1,1,9.39999999999998,3,NA
"5270",18,12,2,1,1,0,0,4.13999999999999,2,NA
"5271",18,50,2,1,1,0,0,4.38999999999999,3,NA
"5272",18,28,2,1,1,0,1,4.40000000000003,4,NA
"5273",18,56,2,1,1,0,1,5.01000000000005,5,NA
"5274",18,1,2,1,1,1,0,5.10000000000002,3,NA
"5275",18,49,2,1,1,0,0,2.71000000000004,1,NA
"5276",18,24,2,1,1,1,0,4.49000000000001,1,NA
"5277",18,48,2,1,1,0,0,3.40999999999997,1,NA
"5278",18,55,2,1,1,1,0,4.31999999999999,3,NA
"5279",18,7,2,1,1,1,0,5.35000000000002,4,NA
"5280",18,54,2,1,1,0,1,7.21000000000004,3,NA
"5281",18,5,2,1,1,0,0,5.62999999999999,2,NA
"5282",18,3,2,1,1,1,1,4.27000000000004,2,NA
"5283",18,41,2,1,1,0,0,3.49000000000001,1,NA
"5284",18,51,2,1,1,1,0,2.95999999999998,5,NA
"5285",18,60,2,1,1,1,1,2.73999999999995,6,NA
"5286",18,25,2,1,1,1,0,3.60000000000002,3,NA
"5287",18,33,2,1,1,0,1,2.44,1,NA
"5288",18,29,2,1,1,1,0,2.97000000000003,2,NA
"5289",18,27,2,1,1,0,0,3.96000000000004,3,NA
"5290",18,46,2,1,1,0,1,3.34000000000003,1,NA
"5291",18,31,2,1,1,0,1,2.63,1,NA
"5292",18,19,2,1,1,0,1,4.09999999999997,4,NA
"5293",18,20,2,1,1,0,1,4.34000000000003,2,NA
"5294",18,40,2,1,1,1,1,2.74000000000001,6,NA
"5295",18,22,2,1,1,0,0,5.75,5,NA
"5296",18,52,2,1,1,0,1,4.12000000000001,5,NA
"5297",18,37,2,1,1,0,0,9.79000000000002,6,NA
"5298",18,16,2,1,1,0,0,4.19999999999999,1,NA
"5299",18,45,2,1,1,0,1,5.47999999999996,5,NA
"5300",18,42,2,1,1,1,0,4.25999999999999,3,NA
"5301",18,2,2,1,1,0,1,4.78999999999996,3,NA
"5302",18,13,2,1,1,1,1,2.82999999999993,5,NA
"5303",19,77,2,1,1,0,0,2.58,1,NA
"5304",19,52,2,1,1,1,1,2.66,4,NA
"5305",19,87,2,1,1,1,0,2.34999999999999,3,NA
"5306",19,18,2,1,1,1,1,3.35000000000001,4,NA
"5307",19,66,2,1,1,0,0,2.94,6,NA
"5308",19,67,2,1,1,1,0,2.25,6,NA
"5309",19,64,2,1,1,1,0,4.38000000000001,5,NA
"5310",19,84,2,1,1,1,0,2.84,3,NA
"5311",19,82,2,1,1,1,0,2.61999999999998,4,NA
"5312",19,15,2,1,1,1,1,2.68000000000001,5,NA
"5313",19,60,2,1,1,1,1,2.41,5,NA
"5314",19,13,2,1,1,1,1,2.26000000000002,3,NA
"5315",19,83,2,1,1,0,0,2.48000000000002,2,NA
"5316",19,43,2,1,1,0,1,3.17000000000002,1,NA
"5317",19,2,2,1,1,0,1,3.47,2,NA
"5318",19,71,2,1,1,1,0,3.78999999999999,2,NA
"5319",19,53,2,1,1,1,1,2.17000000000002,2,NA
"5320",19,26,2,1,1,1,1,1.83000000000001,5,NA
"5321",19,45,2,1,1,0,1,2.75999999999999,2,NA
"5322",19,76,2,1,1,0,0,2.47,1,NA
"5323",19,39,2,1,1,0,1,2.04999999999998,6,NA
"5324",19,73,2,1,1,0,0,3.13,3,NA
"5325",19,74,2,1,1,0,0,2.16999999999999,1,NA
"5326",19,6,2,1,1,1,1,1.97999999999999,3,NA
"5327",19,85,2,1,1,0,0,5.03,1,NA
"5328",19,4,2,1,1,0,1,2.25,5,NA
"5329",19,33,2,1,1,1,1,2.62,2,NA
"5330",19,30,2,1,1,0,1,3.08000000000001,2,NA
"5331",19,56,2,1,1,1,1,2.83000000000001,3,NA
"5332",19,23,2,1,1,1,1,2.88999999999999,3,NA
"5333",19,80,2,1,1,0,0,2.90000000000001,2,NA
"5334",19,70,2,1,1,0,0,2.51999999999998,1,NA
"5335",19,78,2,1,1,1,0,2.19,4,NA
"5336",19,20,2,1,1,1,1,2.12,5,NA
"5337",19,35,2,1,1,0,1,2.37,1,NA
"5338",19,79,2,1,1,0,0,1.87,1,NA
"5339",19,28,2,1,1,0,1,4.28000000000003,1,NA
"5340",19,59,2,1,1,1,1,2.02000000000004,6,NA
"5341",19,81,2,1,1,1,0,2.12,5,NA
"5342",19,40,2,1,1,0,1,2.01999999999998,1,NA
"5343",19,75,2,1,1,0,0,3,1,NA
"5344",19,68,2,1,1,0,0,2.42000000000002,1,NA
"5345",19,57,2,1,1,1,1,2.81999999999999,4,NA
"5346",19,46,2,1,1,0,1,4.63999999999999,1,NA
"5347",19,38,2,1,1,1,1,2.61000000000001,2,NA
"5348",19,61,2,1,1,0,0,5.04000000000002,1,NA
"5349",19,88,2,1,1,0,0,2.26999999999998,1,NA
"5350",19,31,2,1,1,1,1,2.70999999999998,4,NA
"5351",19,69,2,1,1,0,0,4.5,1,NA
"5352",19,19,2,1,1,1,1,3.54000000000002,4,NA
"5353",19,54,2,1,1,1,1,3.49000000000001,4,NA
"5354",19,21,2,1,1,1,1,2.92999999999995,5,NA
"5355",19,72,2,1,1,1,0,3.76999999999998,3,NA
"5356",19,62,2,1,1,1,0,3.86000000000001,5,NA
"5357",19,65,2,1,1,1,0,1.74000000000001,2,NA
"5358",19,86,2,1,1,0,0,3.67000000000002,3,NA
"5359",19,3,2,1,1,1,1,2.81999999999999,2,NA
"5360",19,63,2,1,1,0,0,3,1,NA
"5361",19,89,2,1,1,1,0,2.71000000000004,2,NA
"5362",19,90,2,1,1,1,0,3.17000000000002,1,NA
"5363",20,28,2,1,1,1,0,3.42,1,NA
"5364",20,54,2,1,1,0,0,2.95999999999999,1,NA
"5365",20,67,2,1,1,1,1,2.2,4,NA
"5366",20,77,2,1,1,0,1,3.99000000000001,1,NA
"5367",20,73,2,1,1,1,1,3.44,1,NA
"5368",20,62,2,1,1,0,1,4.33,1,NA
"5369",20,60,2,1,1,1,0,3.53,1,NA
"5370",20,46,2,1,1,0,0,2.87,1,NA
"5371",20,68,2,1,1,0,1,3.56999999999999,1,NA
"5372",20,31,2,1,1,0,0,4.31,1,NA
"5373",20,70,2,1,1,1,1,2.77000000000001,1,NA
"5374",20,69,2,1,1,0,1,2.86000000000001,1,NA
"5375",20,85,2,1,1,1,1,2.81999999999999,1,NA
"5376",20,39,2,1,1,1,0,2.99000000000001,1,NA
"5377",20,3,2,1,1,1,0,3.17999999999998,1,NA
"5378",20,64,2,1,1,1,1,2.70999999999998,1,NA
"5379",20,30,2,1,1,0,0,2.33000000000001,1,NA
"5380",20,13,2,1,1,1,0,2.09,1,NA
"5381",20,59,2,1,1,1,0,2.25,1,NA
"5382",20,88,2,1,1,1,1,3.28999999999999,1,NA
"5383",20,90,2,1,1,1,1,6.32000000000002,1,NA
"5384",20,38,2,1,1,0,0,2.99000000000001,1,NA
"5385",20,78,2,1,1,1,1,1.88000000000002,1,NA
"5386",20,26,2,1,1,1,0,2.34999999999999,1,NA
"5387",20,79,2,1,1,0,1,2.06999999999999,1,NA
"5388",20,45,2,1,1,0,0,5.97999999999999,1,NA
"5389",20,20,2,1,1,1,0,3.78,1,NA
"5390",20,74,2,1,1,0,1,2.88999999999999,1,NA
"5391",20,43,2,1,1,1,0,2.61000000000001,1,NA
"5392",20,72,2,1,1,1,1,3.87,1,NA
"5393",20,21,2,1,1,0,0,2.94,1,NA
"5394",20,81,2,1,1,1,1,2.91000000000003,1,NA
"5395",20,61,2,1,1,0,1,1.91000000000003,1,NA
"5396",20,82,2,1,1,1,1,2.65000000000003,1,NA
"5397",20,66,2,1,1,1,1,2.38999999999999,1,NA
"5398",20,83,2,1,1,0,1,3.73000000000002,1,NA
"5399",20,18,2,1,1,1,0,6.28000000000003,1,NA
"5400",20,53,2,1,1,0,0,3.31,1,NA
"5401",20,35,2,1,1,1,0,6.56999999999999,1,NA
"5402",20,86,2,1,1,0,1,3.13,1,NA
"5403",20,4,2,1,1,0,0,2.01999999999998,1,NA
"5404",20,23,2,1,1,1,0,3.47000000000003,1,NA
"5405",20,63,2,1,1,1,1,2.68000000000001,1,NA
"5406",20,19,2,1,1,1,0,3.97999999999996,1,NA
"5407",20,87,2,1,1,1,1,2.75,1,NA
"5408",20,76,2,1,1,1,1,1.62,1,NA
"5409",20,84,2,1,1,1,1,2.81,1,NA
"5410",20,15,2,1,1,0,0,3.63999999999999,1,NA
"5411",20,80,2,1,1,1,1,1.96000000000004,1,NA
"5412",20,6,2,1,1,1,0,2.79999999999995,1,NA
"5413",20,71,2,1,1,0,1,2.69,1,NA
"5414",20,40,2,1,1,0,0,4.10000000000002,1,NA
"5415",20,65,2,1,1,1,1,2.21999999999997,1,NA
"5416",20,52,2,1,1,0,0,4.61999999999995,1,NA
"5417",20,33,2,1,1,1,0,2.17000000000002,1,NA
"5418",20,89,2,1,1,1,1,2.89999999999998,1,NA
"5419",20,75,2,1,1,1,1,2.13,1,NA
"5420",20,2,2,1,1,0,0,2.70000000000005,1,NA
"5421",20,57,2,1,1,0,0,5.42000000000002,1,NA
"5422",20,56,2,1,1,1,0,2.91000000000003,1,NA
"5423",21,1,2,1,1,0,1,2.95,1,NA
"5424",21,47,2,1,1,1,1,2.58,1,NA
"5425",21,58,2,1,1,1,1,2.87,2,NA
"5426",21,83,2,1,1,1,0,4.57000000000001,1,NA
"5427",21,76,2,1,1,1,0,2.60000000000001,3,NA
"5428",21,11,2,1,1,1,1,3.33,2,NA
"5429",21,86,2,1,1,1,0,3.30000000000001,2,NA
"5430",21,80,2,1,1,0,0,2,1,NA
"5431",21,51,2,1,1,1,1,3.79000000000001,2,NA
"5432",21,67,2,1,1,0,0,3.65000000000001,1,NA
"5433",21,78,2,1,1,1,0,2.94,1,NA
"5434",21,36,2,1,1,1,1,5.83000000000001,1,NA
"5435",21,12,2,1,1,1,1,2.73999999999998,1,NA
"5436",21,27,2,1,1,1,1,4.62000000000001,2,NA
"5437",21,37,2,1,1,0,1,3.77000000000001,1,NA
"5438",21,70,2,1,1,1,0,2.88999999999999,2,NA
"5439",21,62,2,1,1,0,0,4.59999999999999,4,NA
"5440",21,29,2,1,1,1,1,8.09,1,NA
"5441",21,5,2,1,1,1,1,5.28,1,NA
"5442",21,84,2,1,1,0,0,4.87999999999999,3,NA
"5443",21,89,2,1,1,0,0,3.63999999999999,2,NA
"5444",21,71,2,1,1,1,0,3.32000000000002,1,NA
"5445",21,24,2,1,1,1,1,5.25,1,NA
"5446",21,9,2,1,1,1,1,3.30000000000001,4,NA
"5447",21,72,2,1,1,1,0,5.25,1,NA
"5448",21,75,2,1,1,0,0,3.79000000000002,1,NA
"5449",21,48,2,1,1,1,1,3.91999999999999,3,NA
"5450",21,63,2,1,1,0,0,4.18000000000001,1,NA
"5451",21,55,2,1,1,0,1,5.62000000000001,1,NA
"5452",21,10,2,1,1,1,1,6.44,2,NA
"5453",21,8,2,1,1,0,1,4.53000000000003,3,NA
"5454",21,61,2,1,1,0,0,4.55000000000001,1,NA
"5455",21,66,2,1,1,1,0,3.88999999999999,1,NA
"5456",21,49,2,1,1,0,1,2.85999999999996,1,NA
"5457",21,65,2,1,1,1,0,2.69,1,NA
"5458",21,16,2,1,1,1,1,4.08999999999997,1,NA
"5459",21,7,2,1,1,0,1,2.88999999999999,1,NA
"5460",21,90,2,1,1,1,0,4.81999999999999,1,NA
"5461",21,32,2,1,1,1,1,4.96999999999997,1,NA
"5462",21,81,2,1,1,0,0,6.08000000000004,1,NA
"5463",21,69,2,1,1,0,0,3.78000000000003,1,NA
"5464",21,82,2,1,1,1,0,3.39000000000004,1,NA
"5465",21,41,2,1,1,1,1,4.84000000000003,1,NA
"5466",21,50,2,1,1,0,1,2.76999999999998,1,NA
"5467",21,34,2,1,1,1,1,4.75,3,NA
"5468",21,42,2,1,1,1,1,3.47000000000003,1,NA
"5469",21,22,2,1,1,0,1,4.46999999999997,1,NA
"5470",21,64,2,1,1,0,0,2.36000000000001,1,NA
"5471",21,85,2,1,1,1,0,2.86000000000001,1,NA
"5472",21,77,2,1,1,1,0,3.70000000000005,1,NA
"5473",21,14,2,1,1,0,1,4.27000000000004,1,NA
"5474",21,88,2,1,1,1,0,5.56999999999999,1,NA
"5475",21,25,2,1,1,1,1,3.88,1,NA
"5476",21,74,2,1,1,0,0,8.66000000000003,1,NA
"5477",21,79,2,1,1,1,0,2.63,1,NA
"5478",21,17,2,1,1,1,1,3.89999999999998,2,NA
"5479",21,87,2,1,1,1,0,3.14999999999998,2,NA
"5480",21,68,2,1,1,0,0,4.01999999999998,1,NA
"5481",21,44,2,1,1,1,1,5.04000000000002,1,NA
"5482",22,42,2,1,1,1,0,2.4,1,NA
"5483",22,22,2,1,1,1,0,2.69,6,NA
"5484",22,29,2,1,1,1,0,3.10000000000001,6,NA
"5485",22,47,2,1,1,0,0,3.02,1,NA
"5486",22,83,2,1,1,1,1,3.27,6,NA
"5487",22,73,2,1,1,1,1,5.03,6,NA
"5488",22,88,2,1,1,0,1,3.09999999999999,1,NA
"5489",22,36,2,1,1,0,0,3.3,1,NA
"5490",22,55,2,1,1,0,0,3.48,1,NA
"5491",22,10,2,1,1,1,0,3.64,1,NA
"5492",22,14,2,1,1,1,0,5.62999999999999,1,NA
"5493",22,68,2,1,1,1,1,2.72999999999999,6,NA
"5494",22,82,2,1,1,0,1,3.04000000000002,1,NA
"5495",22,5,2,1,1,0,0,4.55000000000001,6,NA
"5496",22,77,2,1,1,0,1,3.81,1,NA
"5497",22,80,2,1,1,0,1,1.87,1,NA
"5498",22,32,2,1,1,1,0,2.96000000000001,1,NA
"5499",22,1,2,1,1,0,0,2.69,1,NA
"5500",22,72,2,1,1,0,1,4.08000000000001,1,NA
"5501",22,66,2,1,1,1,1,2.21000000000001,1,NA
"5502",22,58,2,1,1,1,0,3.88000000000002,6,NA
"5503",22,63,2,1,1,1,1,2.88999999999999,1,NA
"5504",22,78,2,1,1,1,1,3.24000000000001,1,NA
"5505",22,70,2,1,1,1,1,2.59999999999999,1,NA
"5506",22,84,2,1,1,1,1,4.15000000000001,4,NA
"5507",22,61,2,1,1,0,1,2.94,1,NA
"5508",22,27,2,1,1,1,0,2.87,3,NA
"5509",22,9,2,1,1,1,0,2.59999999999999,6,NA
"5510",22,48,2,1,1,1,0,2.91,6,NA
"5511",22,81,2,1,1,1,1,2.56999999999999,6,NA
"5512",22,50,2,1,1,1,0,3.28,4,NA
"5513",22,65,2,1,1,1,1,3.27000000000001,4,NA
"5514",22,16,2,1,1,0,0,3.45999999999998,1,NA
"5515",22,75,2,1,1,0,1,6.41,1,NA
"5516",22,69,2,1,1,1,1,4.57999999999998,4,NA
"5517",22,24,2,1,1,1,0,4.37999999999999,1,NA
"5518",22,87,2,1,1,1,1,2.60000000000002,4,NA
"5519",22,90,2,1,1,1,1,2.75,5,NA
"5520",22,89,2,1,1,0,1,2.53000000000003,1,NA
"5521",22,86,2,1,1,1,1,3.44,4,NA
"5522",22,71,2,1,1,1,1,4.63000000000005,3,NA
"5523",22,74,2,1,1,1,1,3.63,2,NA
"5524",22,49,2,1,1,1,0,3.68000000000001,3,NA
"5525",22,7,2,1,1,1,0,4.01999999999998,2,NA
"5526",22,25,2,1,1,1,0,3.35000000000002,2,NA
"5527",22,76,2,1,1,1,1,3.25999999999999,5,NA
"5528",22,64,2,1,1,1,1,3.04000000000002,2,NA
"5529",22,51,2,1,1,0,0,6.08000000000004,2,NA
"5530",22,12,2,1,1,1,0,2.81,4,NA
"5531",22,44,2,1,1,1,0,2.38,4,NA
"5532",22,62,2,1,1,1,1,3.96999999999997,2,NA
"5533",22,41,2,1,1,0,0,4.44999999999999,2,NA
"5534",22,34,2,1,1,1,0,4.27999999999997,2,NA
"5535",22,17,2,1,1,0,0,2.75,1,NA
"5536",22,85,2,1,1,1,1,2.43000000000001,4,NA
"5537",22,11,2,1,1,1,0,4.72999999999996,3,NA
"5538",22,79,2,1,1,1,1,1.75,2,NA
"5539",22,8,2,1,1,1,0,3.09999999999997,3,NA
"5540",22,37,2,1,1,1,0,4.01999999999998,3,NA
"5541",22,67,2,1,1,0,1,3.89999999999998,5,NA
"5542",23,40,2,1,1,1,0,2.78999999999999,5,NA
"5543",23,39,2,1,1,1,0,3.59999999999999,5,NA
"5544",23,49,2,1,1,0,1,2.29000000000001,3,NA
"5545",23,29,2,1,1,1,1,3.70999999999999,3,NA
"5546",23,52,2,1,1,1,0,6.20999999999999,3,NA
"5547",23,46,2,1,1,1,0,4.72,2,NA
"5548",23,48,2,1,1,1,1,3.89,3,NA
"5549",23,1,2,1,1,0,1,4.04999999999998,3,NA
"5550",23,44,2,1,1,1,1,2.06999999999999,4,NA
"5551",23,22,2,1,1,0,1,6.09999999999999,3,NA
"5552",23,57,2,1,1,0,0,4.29000000000002,1,NA
"5553",23,50,2,1,1,1,1,2.31,3,NA
"5554",23,41,2,1,1,0,1,4.20000000000002,2,NA
"5555",23,31,2,1,1,1,0,2.69,2,NA
"5556",23,17,2,1,1,1,1,2.87,1,NA
"5557",23,19,2,1,1,0,0,2.99000000000001,1,NA
"5558",23,14,2,1,1,0,1,3.59999999999999,3,NA
"5559",23,10,2,1,1,1,1,5.78999999999999,2,NA
"5560",23,12,2,1,1,1,1,1.99000000000001,2,NA
"5561",23,21,2,1,1,1,0,4.88999999999999,3,NA
"5562",23,25,2,1,1,1,1,3.88,2,NA
"5563",23,58,2,1,1,0,1,2.38999999999999,2,NA
"5564",23,27,2,1,1,1,1,3.52000000000001,2,NA
"5565",23,54,2,1,1,0,0,3.94999999999999,2,NA
"5566",23,51,2,1,1,1,1,3.60999999999999,2,NA
"5567",23,16,2,1,1,1,1,2.44999999999999,3,NA
"5568",23,2,2,1,1,0,0,4.30999999999997,2,NA
"5569",23,6,2,1,1,1,0,2.77000000000004,2,NA
"5570",23,47,2,1,1,0,1,3.61000000000001,2,NA
"5571",23,35,2,1,1,0,0,4.06,2,NA
"5572",23,59,2,1,1,1,0,3.84999999999997,2,NA
"5573",23,4,2,1,1,1,0,2.86999999999995,3,NA
"5574",23,36,2,1,1,1,1,3.55000000000001,2,NA
"5575",23,13,2,1,1,1,0,2.80000000000001,3,NA
"5576",23,11,2,1,1,1,1,3.19999999999999,3,NA
"5577",23,20,2,1,1,1,0,2.44,3,NA
"5578",23,5,2,1,1,0,1,2.17000000000002,2,NA
"5579",23,3,2,1,1,1,0,4.47000000000003,2,NA
"5580",23,43,2,1,1,1,0,2.42000000000002,2,NA
"5581",23,38,2,1,1,1,0,4.50999999999999,2,NA
"5582",23,15,2,1,1,0,0,3.77000000000004,2,NA
"5583",23,28,2,1,1,0,0,4.31999999999999,2,NA
"5584",23,32,2,1,1,1,1,4.93000000000001,3,NA
"5585",23,7,2,1,1,0,1,3.81,2,NA
"5586",23,9,2,1,1,1,1,3.19999999999999,3,NA
"5587",23,18,2,1,1,1,0,5.32999999999998,3,NA
"5588",23,56,2,1,1,1,0,3.03000000000003,3,NA
"5589",23,37,2,1,1,0,1,3.69999999999999,2,NA
"5590",23,60,2,1,1,1,0,4.74000000000001,3,NA
"5591",23,53,2,1,1,1,0,3.10000000000002,2,NA
"5592",23,33,2,1,1,0,0,3.69999999999999,2,NA
"5593",23,55,2,1,1,0,1,3.77999999999997,2,NA
"5594",23,24,2,1,1,0,1,8.60000000000002,2,NA
"5595",23,26,2,1,1,1,0,2.46999999999997,3,NA
"5596",23,23,2,1,1,1,0,4.56999999999999,4,NA
"5597",23,45,2,1,1,0,0,3.94999999999999,2,NA
"5598",23,42,2,1,1,0,1,3.56,3,NA
"5599",23,8,2,1,1,1,1,2.53000000000003,4,NA
"5600",23,30,2,1,1,1,0,2.63,3,NA
"5601",23,34,2,1,1,1,1,3.67999999999995,4,NA
"5602",24,38,2,1,1,0,1,7.11,2,NA
"5603",24,41,2,1,1,1,0,3.69,2,NA
"5604",24,12,2,1,1,1,0,6.68000000000001,3,NA
"5605",24,35,2,1,1,1,1,4.25,4,NA
"5606",24,16,2,1,1,0,0,4.04000000000001,3,NA
"5607",24,5,2,1,1,1,0,4.92,2,NA
"5608",24,36,2,1,1,1,0,6.74000000000001,2,NA
"5609",24,14,2,1,1,0,0,6.56999999999999,2,NA
"5610",24,47,2,1,1,0,0,8.30000000000001,3,NA
"5611",24,1,2,1,1,0,0,8.92000000000002,4,NA
"5612",24,7,2,1,1,1,0,3.87,2,NA
"5613",24,25,2,1,1,1,0,3.81999999999999,2,NA
"5614",24,59,2,1,1,1,1,5.07999999999998,3,NA
"5615",24,49,2,1,1,1,0,5.03,5,NA
"5616",24,24,2,1,1,1,0,3.41,3,NA
"5617",24,37,2,1,1,0,0,3.26000000000002,4,NA
"5618",24,54,2,1,1,1,1,3.56999999999999,3,NA
"5619",24,60,2,1,1,1,1,3.56999999999999,2,NA
"5620",24,18,2,1,1,0,1,3.44999999999999,3,NA
"5621",24,10,2,1,1,0,0,5.84,3,NA
"5622",24,52,2,1,1,1,1,3.96000000000001,2,NA
"5623",24,26,2,1,1,1,1,4.78999999999999,2,NA
"5624",24,48,2,1,1,1,0,8.52000000000004,4,NA
"5625",24,22,2,1,1,0,0,7.51999999999998,3,NA
"5626",24,29,2,1,1,1,0,4.35999999999996,4,NA
"5627",24,51,2,1,1,1,0,4.72000000000003,3,NA
"5628",24,45,2,1,1,1,1,3.21999999999997,3,NA
"5629",24,44,2,1,1,1,0,5.19999999999999,2,NA
"5630",24,33,2,1,1,1,1,5.42000000000002,4,NA
"5631",24,2,2,1,1,0,1,2.56999999999999,3,NA
"5632",24,57,2,1,1,1,1,3.94999999999999,2,NA
"5633",24,43,2,1,1,1,1,4.23000000000002,4,NA
"5634",24,31,2,1,1,1,1,2.94,1,NA
"5635",24,9,2,1,1,1,0,6.71000000000004,3,NA
"5636",24,55,2,1,1,0,0,6.30000000000001,3,NA
"5637",24,46,2,1,1,1,1,5.73000000000002,2,NA
"5638",24,30,2,1,1,1,1,7.05000000000001,3,NA
"5639",24,42,2,1,1,0,0,4.34000000000003,3,NA
"5640",24,27,2,1,1,0,0,3.27999999999997,3,NA
"5641",24,17,2,1,1,0,0,3.25,3,NA
"5642",24,21,2,1,1,0,1,6.64999999999998,2,NA
"5643",24,4,2,1,1,1,1,5.69999999999999,2,NA
"5644",24,50,2,1,1,1,0,2.56,3,NA
"5645",24,15,2,1,1,1,1,4.59999999999997,3,NA
"5646",24,53,2,1,1,1,1,2.83000000000004,2,NA
"5647",24,40,2,1,1,0,1,4.21000000000004,3,NA
"5648",24,6,2,1,1,0,1,3.59000000000003,2,NA
"5649",24,28,2,1,1,0,1,5.76999999999998,2,NA
"5650",24,39,2,1,1,0,1,2.80000000000001,3,NA
"5651",24,13,2,1,1,1,1,3.91999999999996,3,NA
"5652",24,56,2,1,1,1,1,4.37999999999999,3,NA
"5653",24,23,2,1,1,1,1,5.72999999999996,2,NA
"5654",24,8,2,1,1,1,0,4.03999999999996,4,NA
"5655",24,34,2,1,1,0,0,6.34999999999991,5,NA
"5656",24,58,2,1,1,0,0,4.45000000000004,3,NA
"5657",24,32,2,1,1,1,0,4.88999999999999,2,NA
"5658",24,3,2,1,1,1,1,8.49000000000001,2,NA
"5659",24,11,2,1,1,1,0,5.69000000000005,3,NA
"5660",24,19,2,1,1,1,1,5.70000000000004,2,NA
"5661",24,20,2,1,1,1,1,3.09999999999991,2,NA
"5662",25,91,2,1,1,1,0,3.19,6,NA
"5663",25,94,2,1,1,0,0,3.12000000000001,5,NA
"5664",25,109,2,1,1,1,0,2.95999999999999,2,NA
"5665",25,86,2,1,1,0,1,2.27,2,NA
"5666",25,87,2,1,1,1,1,3.56,2,NA
"5667",25,71,2,1,1,1,1,4.94999999999999,2,NA
"5668",25,76,2,1,1,1,1,2.59,3,NA
"5669",25,85,2,1,1,0,1,3.66,1,NA
"5670",25,106,2,1,1,1,0,3.61,6,NA
"5671",25,98,2,1,1,0,0,2.89,4,NA
"5672",25,68,2,1,1,1,1,2.75,4,NA
"5673",25,111,2,1,1,0,0,3.64,2,NA
"5674",25,120,2,1,1,0,0,3.20000000000002,2,NA
"5675",25,63,2,1,1,1,1,2.36999999999998,4,NA
"5676",25,83,2,1,1,1,1,3.07999999999998,4,NA
"5677",25,108,2,1,1,0,0,3.81,2,NA
"5678",25,101,2,1,1,1,0,2.53999999999999,3,NA
"5679",25,74,2,1,1,1,1,2.63,3,NA
"5680",25,62,2,1,1,1,1,3.03,4,NA
"5681",25,72,2,1,1,0,1,3.47,2,NA
"5682",25,66,2,1,1,1,1,4.37000000000001,4,NA
"5683",25,80,2,1,1,1,1,3.44,5,NA
"5684",25,103,2,1,1,1,0,3.84999999999999,3,NA
"5685",25,77,2,1,1,1,1,3.55000000000001,3,NA
"5686",25,99,2,1,1,1,0,2.15000000000001,5,NA
"5687",25,107,2,1,1,0,0,2.84999999999999,4,NA
"5688",25,105,2,1,1,1,0,4.06999999999999,5,NA
"5689",25,114,2,1,1,0,0,3.92999999999998,2,NA
"5690",25,117,2,1,1,1,0,2.01999999999998,4,NA
"5691",25,93,2,1,1,1,0,4.07999999999998,5,NA
"5692",25,113,2,1,1,1,0,2.67999999999998,4,NA
"5693",25,116,2,1,1,1,0,2.16,4,NA
"5694",25,75,2,1,1,1,1,3.39000000000004,6,NA
"5695",25,97,2,1,1,0,0,3.94,3,NA
"5696",25,64,2,1,1,1,1,4.73000000000002,5,NA
"5697",25,102,2,1,1,1,0,3.05000000000001,4,NA
"5698",25,81,2,1,1,1,1,2.75,6,NA
"5699",25,115,2,1,1,1,0,2.71999999999997,4,NA
"5700",25,89,2,1,1,1,1,5.87000000000001,3,NA
"5701",25,112,2,1,1,0,0,3.55000000000001,2,NA
"5702",25,104,2,1,1,1,0,2.85000000000002,5,NA
"5703",25,95,2,1,1,1,0,2.81,5,NA
"5704",25,110,2,1,1,0,0,2.63999999999999,4,NA
"5705",25,61,2,1,1,0,1,3.05000000000001,3,NA
"5706",25,79,2,1,1,1,1,2.15000000000003,4,NA
"5707",25,73,2,1,1,1,1,2.15999999999997,5,NA
"5708",25,67,2,1,1,0,1,3.25,3,NA
"5709",25,118,2,1,1,1,0,3.04000000000002,6,NA
"5710",25,84,2,1,1,1,1,5.02999999999997,6,NA
"5711",25,78,2,1,1,1,1,2.96999999999997,5,NA
"5712",25,82,2,1,1,1,1,2.18000000000001,4,NA
"5713",25,96,2,1,1,1,0,1.98000000000002,3,NA
"5714",25,70,2,1,1,0,1,1.90999999999997,2,NA
"5715",25,100,2,1,1,1,0,2.71999999999997,5,NA
"5716",25,90,2,1,1,1,1,4.76999999999998,6,NA
"5717",25,69,2,1,1,0,1,4,5,NA
"5718",25,88,2,1,1,1,1,2.10000000000002,5,NA
"5719",25,119,2,1,1,0,0,3.80000000000001,3,NA
"5720",25,65,2,1,1,1,1,2.66999999999996,3,NA
"5721",25,92,2,1,1,0,0,3.08999999999997,3,NA
"5722",26,85,2,1,1,1,0,3.53,3,NA
"5723",26,69,2,1,1,1,0,2.52000000000001,3,NA
"5724",26,92,2,1,1,1,1,4.59,2,NA
"5725",26,95,2,1,1,0,1,2.77,4,NA
"5726",26,103,2,1,1,1,1,2.25,3,NA
"5727",26,80,2,1,1,1,0,3.00999999999999,2,NA
"5728",26,71,2,1,1,0,0,3.44,4,NA
"5729",26,61,2,1,1,0,0,3.58999999999999,2,NA
"5730",26,75,2,1,1,0,0,2.83,3,NA
"5731",26,98,2,1,1,0,1,2.70999999999999,3,NA
"5732",26,78,2,1,1,1,0,3.57000000000001,3,NA
"5733",26,114,2,1,1,1,1,3.25999999999999,4,NA
"5734",26,64,2,1,1,1,0,3,4,NA
"5735",26,67,2,1,1,0,0,3.91,4,NA
"5736",26,82,2,1,1,1,0,5.37000000000001,3,NA
"5737",26,102,2,1,1,1,1,3.19000000000003,4,NA
"5738",26,68,2,1,1,0,0,1.73000000000002,4,NA
"5739",26,79,2,1,1,1,0,3.66,2,NA
"5740",26,91,2,1,1,1,1,2.52000000000001,2,NA
"5741",26,108,2,1,1,0,1,2.67000000000002,2,NA
"5742",26,119,2,1,1,0,1,1.56999999999999,4,NA
"5743",26,76,2,1,1,0,0,2.38,5,NA
"5744",26,63,2,1,1,1,0,4.34999999999999,2,NA
"5745",26,65,2,1,1,1,0,2.25,3,NA
"5746",26,86,2,1,1,1,0,2.67000000000002,4,NA
"5747",26,62,2,1,1,1,0,2.16,5,NA
"5748",26,101,2,1,1,1,1,2.98000000000002,5,NA
"5749",26,83,2,1,1,0,0,2.61999999999998,6,NA
"5750",26,93,2,1,1,1,1,2.70000000000002,3,NA
"5751",26,118,2,1,1,1,1,2.63,4,NA
"5752",26,117,2,1,1,0,1,2.56999999999999,2,NA
"5753",26,100,2,1,1,1,1,2.19,5,NA
"5754",26,107,2,1,1,1,1,3.35999999999999,3,NA
"5755",26,94,2,1,1,1,1,1.85000000000002,2,NA
"5756",26,115,2,1,1,1,1,2.61000000000001,2,NA
"5757",26,120,2,1,1,1,1,2.35000000000002,2,NA
"5758",26,89,2,1,1,0,0,2.20000000000005,2,NA
"5759",26,113,2,1,1,1,1,1.98999999999995,2,NA
"5760",26,84,2,1,1,0,0,2,2,NA
"5761",26,73,2,1,1,1,0,1.99000000000001,4,NA
"5762",26,88,2,1,1,0,0,1.61000000000001,3,NA
"5763",26,106,2,1,1,0,1,2.41000000000003,4,NA
"5764",26,116,2,1,1,1,1,3.5,3,NA
"5765",26,104,2,1,1,1,1,3.31,2,NA
"5766",26,96,2,1,1,1,1,1.98000000000002,3,NA
"5767",26,97,2,1,1,1,1,2.21000000000004,2,NA
"5768",26,109,2,1,1,1,1,3.41999999999996,3,NA
"5769",26,111,2,1,1,0,1,1.61999999999995,1,NA
"5770",26,105,2,1,1,1,1,1.79000000000002,2,NA
"5771",26,112,2,1,1,0,1,1.72000000000003,6,NA
"5772",26,74,2,1,1,0,0,1.83999999999997,3,NA
"5773",26,70,2,1,1,0,0,2.45999999999998,4,NA
"5774",26,110,2,1,1,0,1,3.31999999999999,3,NA
"5775",26,81,2,1,1,1,0,1.87,4,NA
"5776",26,77,2,1,1,1,0,2.19,4,NA
"5777",26,99,2,1,1,0,1,2.46999999999997,2,NA
"5778",26,90,2,1,1,0,0,2.45999999999998,3,NA
"5779",26,87,2,1,1,1,0,3.56,2,NA
"5780",26,72,2,1,1,0,0,1.91000000000003,3,NA
"5781",26,66,2,1,1,1,0,2.80000000000001,2,NA
"5782",27,112,2,1,1,0,0,2.7,3,NA
"5783",27,96,2,1,1,0,0,4.22,3,NA
"5784",27,60,2,1,1,0,1,3.73,4,NA
"5785",27,4,2,1,1,1,1,5.79,1,NA
"5786",27,95,2,1,1,1,0,2.14,1,NA
"5787",27,114,2,1,1,0,0,3.67,1,NA
"5788",27,111,2,1,1,0,0,3.22,1,NA
"5789",27,35,2,1,1,1,1,1.35,1,NA
"5790",27,52,2,1,1,1,1,1.45000000000001,1,NA
"5791",27,43,2,1,1,1,1,2.68000000000001,2,NA
"5792",27,116,2,1,1,0,0,1.40000000000001,1,NA
"5793",27,15,2,1,1,1,1,2.60000000000001,1,NA
"5794",27,26,2,1,1,1,1,3.78,2,NA
"5795",27,39,2,1,1,1,1,2.09,1,NA
"5796",27,21,2,1,1,0,1,2.5,1,NA
"5797",27,6,2,1,1,0,1,2.07000000000001,1,NA
"5798",27,54,2,1,1,1,1,3.64,1,NA
"5799",27,94,2,1,1,0,0,1.34,1,NA
"5800",27,56,2,1,1,1,1,2.84,1,NA
"5801",27,20,2,1,1,1,1,4.58,5,NA
"5802",27,117,2,1,1,1,0,2.97999999999999,1,NA
"5803",27,13,2,1,1,1,1,5.08999999999997,1,NA
"5804",27,108,2,1,1,0,0,3.25,1,NA
"5805",27,91,2,1,1,0,0,2.19999999999999,3,NA
"5806",27,119,2,1,1,0,0,6.79000000000002,2,NA
"5807",27,110,2,1,1,1,0,2.24000000000001,1,NA
"5808",27,53,2,1,1,0,1,4.88000000000002,1,NA
"5809",27,104,2,1,1,0,0,5.31999999999999,1,NA
"5810",27,38,2,1,1,1,1,1.77000000000001,1,NA
"5811",27,57,2,1,1,1,1,1.63,1,NA
"5812",27,19,2,1,1,1,1,1.94,3,NA
"5813",27,103,2,1,1,0,0,2.69,3,NA
"5814",27,18,2,1,1,0,1,2.54999999999998,1,NA
"5815",27,30,2,1,1,1,1,1.88999999999999,3,NA
"5816",27,3,2,1,1,1,1,2.97,3,NA
"5817",27,106,2,1,1,1,0,2.53,3,NA
"5818",27,46,2,1,1,0,1,1.56,3,NA
"5819",27,99,2,1,1,0,0,2.16999999999999,2,NA
"5820",27,105,2,1,1,0,0,3.47,2,NA
"5821",27,92,2,1,1,0,0,3.66,4,NA
"5822",27,59,2,1,1,1,1,6.32999999999998,2,NA
"5823",27,102,2,1,1,0,0,2.98999999999998,3,NA
"5824",27,45,2,1,1,0,1,3.07000000000002,2,NA
"5825",27,115,2,1,1,1,0,2.45999999999998,2,NA
"5826",27,118,2,1,1,0,0,2.38999999999999,2,NA
"5827",27,2,2,1,1,0,1,2.58000000000004,6,NA
"5828",27,23,2,1,1,0,1,1.57999999999998,2,NA
"5829",27,31,2,1,1,0,1,4.32999999999998,3,NA
"5830",27,93,2,1,1,0,0,2.53999999999996,3,NA
"5831",27,97,2,1,1,0,0,3.09000000000003,4,NA
"5832",27,107,2,1,1,0,0,3.24000000000001,2,NA
"5833",27,40,2,1,1,1,1,3.45000000000005,3,NA
"5834",27,109,2,1,1,0,0,2.60000000000002,3,NA
"5835",27,100,2,1,1,1,0,4.5,3,NA
"5836",27,98,2,1,1,1,0,3.05000000000001,1,NA
"5837",27,113,2,1,1,0,0,7.44999999999999,2,NA
"5838",27,28,2,1,1,1,1,2.90000000000003,2,NA
"5839",28,111,2,1,1,1,1,3.23999999999999,5,NA
"5840",28,91,2,1,1,1,1,3.31999999999999,6,NA
"5841",28,45,2,1,1,0,0,3.16,6,NA
"5842",28,2,2,1,1,1,0,4.20999999999999,4,NA
"5843",28,40,2,1,1,0,0,4.72,4,NA
"5844",28,117,2,1,1,1,1,4.82000000000001,4,NA
"5845",28,110,2,1,1,1,1,4.79000000000001,4,NA
"5846",28,102,2,1,1,1,1,4.44999999999999,5,NA
"5847",28,60,2,1,1,0,0,5.31999999999999,3,NA
"5848",28,53,2,1,1,1,0,4.28,5,NA
"5849",28,106,2,1,1,1,1,4.55000000000001,5,NA
"5850",28,103,2,1,1,1,1,5.49000000000001,6,NA
"5851",28,43,2,1,1,1,0,3.23000000000002,6,NA
"5852",28,94,2,1,1,1,1,4.56999999999999,6,NA
"5853",28,95,2,1,1,1,1,6.75,4,NA
"5854",28,59,2,1,1,1,0,4.46000000000001,3,NA
"5855",28,118,2,1,1,1,1,5.56,3,NA
"5856",28,30,2,1,1,0,0,4.41,5,NA
"5857",28,46,2,1,1,1,0,3.54999999999998,6,NA
"5858",28,21,2,1,1,1,0,4.59999999999999,4,NA
"5859",28,33,2,1,1,1,0,6.81,4,NA
"5860",28,6,2,1,1,0,0,3.87,3,NA
"5861",28,18,2,1,1,1,0,4.22,6,NA
"5862",28,114,2,1,1,1,1,3.86000000000001,3,NA
"5863",28,56,2,1,1,0,0,3.81999999999999,3,NA
"5864",28,3,2,1,1,1,0,5.65999999999997,4,NA
"5865",28,15,2,1,1,0,0,3.46999999999997,4,NA
"5866",28,101,2,1,1,0,1,5.20999999999998,4,NA
"5867",28,97,2,1,1,1,1,5.10000000000002,6,NA
"5868",28,98,2,1,1,0,1,6,3,NA
"5869",28,38,2,1,1,1,0,6.15000000000003,5,NA
"5870",28,31,2,1,1,1,0,5.44,4,NA
"5871",28,99,2,1,1,1,1,5.81,6,NA
"5872",28,13,2,1,1,1,0,3.60000000000002,5,NA
"5873",28,105,2,1,1,1,1,3.28999999999996,3,NA
"5874",28,52,2,1,1,1,0,4.34000000000003,3,NA
"5875",28,20,2,1,1,1,0,5.46999999999997,5,NA
"5876",28,119,2,1,1,0,1,5.40000000000003,4,NA
"5877",28,19,2,1,1,1,0,3.81999999999999,5,NA
"5878",28,107,2,1,1,1,1,4.43000000000001,5,NA
"5879",28,115,2,1,1,1,1,4.43000000000001,4,NA
"5880",28,39,2,1,1,0,0,2.90000000000003,3,NA
"5881",28,93,2,1,1,1,1,8.88,4,NA
"5882",28,23,2,1,1,0,0,5.54000000000002,3,NA
"5883",28,35,2,1,1,1,0,4.19999999999999,4,NA
"5884",28,54,2,1,1,0,0,5.57999999999998,2,NA
"5885",28,104,2,1,1,0,1,4.11000000000001,4,NA
"5886",28,116,2,1,1,0,1,3.99000000000001,2,NA
"5887",28,100,2,1,1,1,1,3.84000000000003,4,NA
"5888",28,96,2,1,1,1,1,3.46999999999997,5,NA
"5889",28,26,2,1,1,1,0,2.56999999999999,3,NA
"5890",28,92,2,1,1,0,1,3.92000000000002,3,NA
"5891",28,108,2,1,1,1,1,3.38999999999999,4,NA
"5892",28,109,2,1,1,1,1,6.54000000000002,3,NA
"5893",28,57,2,1,1,1,0,5.19999999999999,4,NA
"5894",28,120,2,1,1,0,1,4.56,4,NA
"5895",28,4,2,1,1,1,0,4.45000000000004,4,NA
"5896",28,112,2,1,1,0,1,4.8599999999999,4,NA
"5897",28,28,2,1,1,0,0,3.92000000000007,3,NA
"5898",28,113,2,1,1,0,1,5.73000000000002,4,NA
"5899",29,19,2,1,1,1,1,3.3,3,NA
"5900",29,69,2,1,1,0,0,4.63000000000001,1,NA
"5901",29,87,2,1,1,1,0,4.14999999999999,4,NA
"5902",29,53,2,1,1,0,1,4.37000000000001,4,NA
"5903",29,70,2,1,1,1,0,4.34999999999999,2,NA
"5904",29,86,2,1,1,1,0,4.97,3,NA
"5905",29,68,2,1,1,0,0,2.97999999999999,6,NA
"5906",29,30,2,1,1,0,1,3,5,NA
"5907",29,82,2,1,1,0,0,3.16999999999999,3,NA
"5908",29,59,2,1,1,1,1,3.46000000000001,3,NA
"5909",29,18,2,1,1,1,1,4.04999999999998,3,NA
"5910",29,15,2,1,1,0,1,3.37,2,NA
"5911",29,60,2,1,1,0,1,3.42000000000002,6,NA
"5912",29,20,2,1,1,1,1,2.55000000000001,6,NA
"5913",29,84,2,1,1,1,0,4.22999999999999,5,NA
"5914",29,90,2,1,1,1,0,4.34999999999999,3,NA
"5915",29,54,2,1,1,0,1,5.02000000000001,3,NA
"5916",29,23,2,1,1,1,1,3.20999999999998,1,NA
"5917",29,62,2,1,1,0,0,4.30000000000001,4,NA
"5918",29,78,2,1,1,0,0,2.66999999999999,1,NA
"5919",29,77,2,1,1,0,0,2.36999999999998,1,NA
"5920",29,66,2,1,1,1,0,2.57000000000002,1,NA
"5921",29,57,2,1,1,1,1,3.92000000000002,5,NA
"5922",29,89,2,1,1,1,0,3,1,NA
"5923",29,73,2,1,1,1,0,4.86000000000001,3,NA
"5924",29,38,2,1,1,1,1,2.31999999999999,1,NA
"5925",29,75,2,1,1,0,0,6.67000000000002,2,NA
"5926",29,76,2,1,1,0,0,3.02000000000004,3,NA
"5927",29,67,2,1,1,0,0,3.64999999999998,3,NA
"5928",29,72,2,1,1,0,0,4.94,1,NA
"5929",29,6,2,1,1,0,1,1.90000000000003,1,NA
"5930",29,83,2,1,1,0,0,4.75,5,NA
"5931",29,33,2,1,1,1,1,2.58999999999997,1,NA
"5932",29,80,2,1,1,1,0,2.70999999999998,1,NA
"5933",29,81,2,1,1,1,0,2.75,5,NA
"5934",29,65,2,1,1,0,0,2.32999999999998,1,NA
"5935",29,31,2,1,1,0,1,3.67000000000002,1,NA
"5936",29,46,2,1,1,1,1,2.01999999999998,4,NA
"5937",29,61,2,1,1,0,0,3.29000000000002,1,NA
"5938",29,21,2,1,1,1,1,3.79000000000002,1,NA
"5939",29,79,2,1,1,1,0,3.48000000000002,1,NA
"5940",29,74,2,1,1,1,0,5.02999999999997,3,NA
"5941",29,63,2,1,1,1,0,3.77999999999997,1,NA
"5942",29,2,2,1,1,0,1,2.44999999999999,1,NA
"5943",29,35,2,1,1,0,1,3.74000000000001,1,NA
"5944",29,43,2,1,1,0,1,2.39999999999998,1,NA
"5945",29,71,2,1,1,0,0,1.56999999999999,1,NA
"5946",29,13,2,1,1,1,1,3.02000000000004,3,NA
"5947",29,52,2,1,1,1,1,2.43000000000001,1,NA
"5948",29,40,2,1,1,0,1,3.43000000000001,3,NA
"5949",29,4,2,1,1,0,1,3.62,5,NA
"5950",29,39,2,1,1,1,1,3.83999999999997,3,NA
"5951",29,45,2,1,1,1,1,3.05000000000001,1,NA
"5952",29,26,2,1,1,1,1,2.55000000000001,1,NA
"5953",29,64,2,1,1,1,0,3.07999999999998,5,NA
"5954",29,85,2,1,1,1,0,3.12,5,NA
"5955",29,88,2,1,1,0,0,2.51999999999998,1,NA
"5956",29,3,2,1,1,0,1,2.19999999999999,1,NA
"5957",29,28,2,1,1,1,1,2.22000000000003,2,NA
"5958",29,56,2,1,1,1,1,3.42000000000002,6,NA
"5959",30,62,2,1,1,1,1,7,4,NA
"5960",30,26,2,1,1,1,0,2.75,2,NA
"5961",30,43,2,1,1,1,0,3.97,1,NA
"5962",30,54,2,1,1,1,0,4.12000000000001,1,NA
"5963",30,71,2,1,1,1,1,7.12999999999999,1,NA
"5964",30,82,2,1,1,0,1,3.25999999999999,3,NA
"5965",30,57,2,1,1,0,0,6.56999999999999,4,NA
"5966",30,18,2,1,1,0,0,8.14000000000001,1,NA
"5967",30,79,2,1,1,1,1,2.95000000000002,3,NA
"5968",30,86,2,1,1,0,1,4.41,3,NA
"5969",30,19,2,1,1,1,0,3.03,4,NA
"5970",30,30,2,1,1,1,0,6.87000000000001,2,NA
"5971",30,31,2,1,1,1,0,4.98000000000002,3,NA
"5972",30,68,2,1,1,1,1,5.16999999999999,4,NA
"5973",30,83,2,1,1,1,1,4.85999999999999,2,NA
"5974",30,70,2,1,1,1,1,5.25,3,NA
"5975",30,20,2,1,1,1,0,3.12,4,NA
"5976",30,38,2,1,1,1,0,3.88,1,NA
"5977",30,2,2,1,1,0,0,7.36000000000001,1,NA
"5978",30,33,2,1,1,1,0,4.5,1,NA
"5979",30,39,2,1,1,0,0,4.92000000000002,4,NA
"5980",30,35,2,1,1,1,0,4.44,3,NA
"5981",30,45,2,1,1,1,0,4.69,2,NA
"5982",30,21,2,1,1,1,0,5.61000000000001,1,NA
"5983",30,4,2,1,1,1,0,6.97999999999996,1,NA
"5984",30,15,2,1,1,0,0,4.47000000000003,2,NA
"5985",30,87,2,1,1,1,1,4.57999999999998,3,NA
"5986",30,52,2,1,1,1,0,6.12000000000001,3,NA
"5987",30,84,2,1,1,1,1,3.47000000000003,2,NA
"5988",30,85,2,1,1,1,1,5.27999999999997,1,NA
"5989",30,78,2,1,1,1,1,3.42000000000002,3,NA
"5990",30,63,2,1,1,1,1,4.61000000000001,2,NA
"5991",30,66,2,1,1,1,1,3.08999999999997,4,NA
"5992",30,67,2,1,1,1,1,4.72000000000003,5,NA
"5993",30,28,2,1,1,0,0,7.15000000000003,3,NA
"5994",30,60,2,1,1,0,0,3.46000000000004,2,NA
"5995",30,76,2,1,1,1,1,3.72000000000003,4,NA
"5996",30,80,2,1,1,0,1,5.62000000000001,1,NA
"5997",30,74,2,1,1,1,1,4.22000000000003,1,NA
"5998",30,46,2,1,1,0,0,7.79000000000002,1,NA
"5999",30,90,2,1,1,1,1,3.87,5,NA
"6000",30,6,2,1,1,1,0,3.56999999999999,3,NA
"6001",30,59,2,1,1,1,0,3.66999999999996,3,NA
"6002",30,40,2,1,1,1,0,5.46999999999997,6,NA
"6003",30,53,2,1,1,1,0,4.01999999999998,3,NA
"6004",30,75,2,1,1,1,1,5.10000000000002,1,NA
"6005",30,69,2,1,1,1,1,6.82000000000005,4,NA
"6006",30,3,2,1,1,1,0,4.56999999999999,1,NA
"6007",30,64,2,1,1,1,1,4.44999999999999,2,NA
"6008",30,65,2,1,1,1,1,2.80999999999994,4,NA
"6009",30,56,2,1,1,1,0,3.02999999999997,3,NA
"6010",30,77,2,1,1,1,1,3.5,2,NA
"6011",30,72,2,1,1,0,1,5.47000000000003,1,NA
"6012",30,13,2,1,1,1,0,5.31999999999994,2,NA
"6013",30,73,2,1,1,0,1,7.02999999999997,1,NA
"6014",30,88,2,1,1,1,1,3.63,2,NA
"6015",30,89,2,1,1,1,1,2.80000000000007,1,NA
"6016",30,23,2,1,1,1,0,3.10000000000002,2,NA
"6017",30,61,2,1,1,1,1,5.01999999999998,2,NA
"6018",30,81,2,1,1,0,1,6.29000000000008,2,NA
"6019",31,75,2,1,1,0,1,2.17,1,NA
"6020",31,118,2,1,1,1,0,3.59999999999999,2,NA
"6021",31,104,2,1,1,0,0,3.02,1,NA
"6022",31,89,2,1,1,1,1,2.61,2,NA
"6023",31,92,2,1,1,1,0,4.89999999999999,1,NA
"6024",31,77,2,1,1,1,1,2.95,1,NA
"6025",31,101,2,1,1,1,0,3.28,3,NA
"6026",31,84,2,1,1,0,1,4.26000000000001,1,NA
"6027",31,67,2,1,1,1,1,1.88999999999999,2,NA
"6028",31,116,2,1,1,1,0,2.03,2,NA
"6029",31,103,2,1,1,0,0,3.95000000000002,3,NA
"6030",31,115,2,1,1,1,0,3.12,2,NA
"6031",31,99,2,1,1,0,0,5.57999999999998,1,NA
"6032",31,69,2,1,1,0,1,2.92000000000002,3,NA
"6033",31,100,2,1,1,0,0,3.60999999999999,2,NA
"6034",31,82,2,1,1,1,1,3.44,2,NA
"6035",31,105,2,1,1,1,0,7.30000000000001,3,NA
"6036",31,71,2,1,1,1,1,3.15000000000001,3,NA
"6037",31,120,2,1,1,0,0,4.14999999999998,1,NA
"6038",31,119,2,1,1,0,0,3.47,1,NA
"6039",31,94,2,1,1,1,0,5.67000000000002,4,NA
"6040",31,90,2,1,1,1,1,4.45000000000002,2,NA
"6041",31,83,2,1,1,1,1,2.43000000000001,4,NA
"6042",31,61,2,1,1,0,1,5.09,1,NA
"6043",31,95,2,1,1,1,0,4.41,2,NA
"6044",31,65,2,1,1,1,1,2.28,1,NA
"6045",31,72,2,1,1,1,1,3.69999999999999,2,NA
"6046",31,79,2,1,1,1,1,2.28000000000003,2,NA
"6047",31,76,2,1,1,0,1,2.50999999999999,2,NA
"6048",31,109,2,1,1,0,0,1.93000000000001,1,NA
"6049",31,63,2,1,1,0,1,3.43000000000001,1,NA
"6050",31,80,2,1,1,1,1,3.30000000000001,2,NA
"6051",31,70,2,1,1,1,1,2.83000000000004,4,NA
"6052",31,106,2,1,1,1,0,3.02999999999997,3,NA
"6053",31,91,2,1,1,1,0,8.28999999999996,1,NA
"6054",31,88,2,1,1,0,1,2.32999999999998,1,NA
"6055",31,68,2,1,1,0,1,4.07000000000005,3,NA
"6056",31,87,2,1,1,0,1,2.05999999999994,2,NA
"6057",31,62,2,1,1,1,1,3,3,NA
"6058",31,108,2,1,1,0,0,2.63000000000005,3,NA
"6059",31,114,2,1,1,1,0,2.12,2,NA
"6060",31,113,2,1,1,1,0,4.18000000000001,2,NA
"6061",31,96,2,1,1,0,0,2.69999999999999,2,NA
"6062",31,110,2,1,1,0,0,1.88,1,NA
"6063",31,111,2,1,1,1,0,2.13,1,NA
"6064",31,73,2,1,1,0,1,2.39000000000004,4,NA
"6065",31,81,2,1,1,1,1,3.67999999999995,3,NA
"6066",31,85,2,1,1,1,1,1.54999999999995,4,NA
"6067",31,78,2,1,1,1,1,2.70999999999998,1,NA
"6068",31,64,2,1,1,1,1,4.45000000000004,1,NA
"6069",31,112,2,1,1,0,0,2.80000000000001,4,NA
"6070",31,86,2,1,1,1,1,4.13000000000005,4,NA
"6071",31,66,2,1,1,1,1,2.69,2,NA
"6072",31,107,2,1,1,1,0,3.24000000000001,1,NA
"6073",31,98,2,1,1,0,0,2.5,1,NA
"6074",31,102,2,1,1,0,0,5.53000000000003,2,NA
"6075",31,74,2,1,1,0,1,2.37,1,NA
"6076",31,117,2,1,1,1,0,1.93000000000001,1,NA
"6077",31,97,2,1,1,0,0,3.19,1,NA
"6078",31,93,2,1,1,0,0,3.51000000000005,1,NA
"6079",32,80,2,1,1,0,0,2.12,4,NA
"6080",32,99,2,1,1,1,1,3.39999999999999,2,NA
"6081",32,117,2,1,1,1,1,3.39,3,NA
"6082",32,109,2,1,1,0,1,2.43000000000001,1,NA
"6083",32,61,2,1,1,1,0,5.72,2,NA
"6084",32,91,2,1,1,1,1,2.7,2,NA
"6085",32,113,2,1,1,1,1,2.77,2,NA
"6086",32,74,2,1,1,1,0,3,2,NA
"6087",32,84,2,1,1,0,0,2.51000000000002,4,NA
"6088",32,87,2,1,1,1,0,7.91999999999999,4,NA
"6089",32,76,2,1,1,1,0,2,3,NA
"6090",32,86,2,1,1,0,0,5.15000000000001,3,NA
"6091",32,83,2,1,1,0,0,2.92000000000002,2,NA
"6092",32,70,2,1,1,0,0,3.05000000000001,4,NA
"6093",32,77,2,1,1,0,0,2.79999999999998,3,NA
"6094",32,93,2,1,1,0,1,2.02000000000001,1,NA
"6095",32,62,2,1,1,1,0,2.90000000000001,2,NA
"6096",32,71,2,1,1,0,0,2.16999999999999,1,NA
"6097",32,101,2,1,1,1,1,3.04999999999998,2,NA
"6098",32,63,2,1,1,0,0,2.69,4,NA
"6099",32,118,2,1,1,1,1,3.59999999999999,2,NA
"6100",32,75,2,1,1,0,0,2.13,1,NA
"6101",32,94,2,1,1,0,1,5.27000000000001,6,NA
"6102",32,64,2,1,1,1,0,2.45000000000002,5,NA
"6103",32,67,2,1,1,1,0,4.44999999999999,2,NA
"6104",32,79,2,1,1,0,0,3.64999999999998,5,NA
"6105",32,107,2,1,1,1,1,3.93000000000001,2,NA
"6106",32,102,2,1,1,1,1,2.57999999999998,3,NA
"6107",32,66,2,1,1,1,0,3.35000000000002,3,NA
"6108",32,98,2,1,1,0,1,2.87,2,NA
"6109",32,110,2,1,1,0,1,3.69999999999999,4,NA
"6110",32,97,2,1,1,0,1,2.93000000000001,1,NA
"6111",32,92,2,1,1,0,1,2.08999999999997,1,NA
"6112",32,73,2,1,1,0,0,5.12999999999999,6,NA
"6113",32,85,2,1,1,1,0,4,3,NA
"6114",32,82,2,1,1,0,0,2.03999999999996,1,NA
"6115",32,72,2,1,1,0,0,2.88,1,NA
"6116",32,112,2,1,1,0,1,3.39999999999998,6,NA
"6117",32,88,2,1,1,1,0,3.5,1,NA
"6118",32,65,2,1,1,1,0,2.59999999999997,1,NA
"6119",32,104,2,1,1,1,1,2.67000000000002,1,NA
"6120",32,120,2,1,1,1,1,3.44999999999999,2,NA
"6121",32,119,2,1,1,1,1,1.88000000000005,4,NA
"6122",32,106,2,1,1,0,1,3.69999999999999,5,NA
"6123",32,96,2,1,1,1,1,3.37,1,NA
"6124",32,78,2,1,1,1,0,2.44999999999999,3,NA
"6125",32,111,2,1,1,0,1,5.09000000000003,1,NA
"6126",32,105,2,1,1,0,1,3.35000000000002,1,NA
"6127",32,81,2,1,1,0,0,2.97999999999996,3,NA
"6128",32,103,2,1,1,1,1,2.77999999999997,2,NA
"6129",32,108,2,1,1,0,1,2.22000000000003,2,NA
"6130",32,100,2,1,1,1,1,3.39999999999998,3,NA
"6131",32,68,2,1,1,0,0,2.15999999999997,3,NA
"6132",32,90,2,1,1,0,0,2.83999999999997,1,NA
"6133",32,116,2,1,1,1,1,4.00999999999999,3,NA
"6134",32,69,2,1,1,1,0,2.67000000000002,3,NA
"6135",32,114,2,1,1,1,1,3.68000000000001,5,NA
"6136",32,89,2,1,1,1,0,2.25,2,NA
"6137",32,115,2,1,1,1,1,3.03999999999996,2,NA
"6138",32,95,2,1,1,1,1,2.44999999999999,1,NA
"6139",33,11,2,1,1,1,1,4.78,1,NA
"6140",33,24,2,1,1,1,1,5.17,1,NA
"6141",33,111,2,1,1,1,0,5.82000000000001,2,NA
"6142",33,36,2,1,1,1,1,4.03,4,NA
"6143",33,93,2,1,1,0,0,4.53,2,NA
"6144",33,14,2,1,1,0,1,7.65000000000001,1,NA
"6145",33,106,2,1,1,1,0,3.05000000000001,1,NA
"6146",33,25,2,1,1,1,1,3.81,1,NA
"6147",33,101,2,1,1,0,0,5.81,5,NA
"6148",33,16,2,1,1,1,1,7.62000000000001,1,NA
"6149",33,96,2,1,1,0,0,9.06,4,NA
"6150",33,10,2,1,1,0,1,9.02000000000001,1,NA
"6151",33,116,2,1,1,1,0,5.23999999999998,4,NA
"6152",33,58,2,1,1,1,1,5.31,4,NA
"6153",33,12,2,1,1,0,1,7.23000000000002,1,NA
"6154",33,103,2,1,1,1,0,5.05000000000001,5,NA
"6155",33,113,2,1,1,0,0,5.12999999999999,2,NA
"6156",33,119,2,1,1,1,0,5.64999999999998,2,NA
"6157",33,97,2,1,1,1,0,6.16999999999996,1,NA
"6158",33,5,2,1,1,0,1,5.65000000000003,5,NA
"6159",33,108,2,1,1,0,0,5.88999999999999,3,NA
"6160",33,7,2,1,1,1,1,6.35000000000002,5,NA
"6161",33,37,2,1,1,0,1,4.28000000000003,2,NA
"6162",33,42,2,1,1,1,1,4.82999999999998,3,NA
"6163",33,120,2,1,1,1,0,4.73999999999995,2,NA
"6164",33,8,2,1,1,0,1,7.18000000000001,1,NA
"6165",33,99,2,1,1,1,0,4.73000000000002,2,NA
"6166",33,17,2,1,1,0,1,2.87,1,NA
"6167",33,107,2,1,1,1,0,5.13999999999999,2,NA
"6168",33,104,2,1,1,1,0,4.11000000000001,1,NA
"6169",33,9,2,1,1,1,1,6.04000000000002,1,NA
"6170",33,44,2,1,1,0,1,4.25999999999999,2,NA
"6171",33,50,2,1,1,1,1,4,5,NA
"6172",33,49,2,1,1,0,1,4.20999999999998,1,NA
"6173",33,110,2,1,1,0,0,4.08000000000004,2,NA
"6174",33,98,2,1,1,1,0,5.51999999999998,5,NA
"6175",33,115,2,1,1,1,0,9.75999999999999,3,NA
"6176",33,112,2,1,1,0,0,6.90000000000003,5,NA
"6177",33,117,2,1,1,1,0,7.81999999999999,2,NA
"6178",33,48,2,1,1,1,1,7.65999999999997,4,NA
"6179",33,91,2,1,1,1,0,7.01999999999998,3,NA
"6180",33,109,2,1,1,0,0,4.85000000000002,1,NA
"6181",33,102,2,1,1,1,0,3.29999999999995,2,NA
"6182",33,95,2,1,1,1,0,7.73999999999995,3,NA
"6183",33,118,2,1,1,0,0,4.27999999999997,2,NA
"6184",33,114,2,1,1,1,0,4.21999999999997,4,NA
"6185",33,22,2,1,1,1,1,3.81,3,NA
"6186",33,41,2,1,1,0,1,5.20000000000004,3,NA
"6187",33,94,2,1,1,1,0,3.61000000000001,1,NA
"6188",33,1,2,1,1,1,1,7,3,NA
"6189",33,55,2,1,1,1,1,5.29999999999996,4,NA
"6190",33,27,2,1,1,1,1,4.05000000000007,2,NA
"6191",33,29,2,1,1,1,1,2.74000000000001,4,NA
"6192",33,34,2,1,1,0,1,3.54000000000008,5,NA
"6193",33,47,2,1,1,0,1,8.15999999999997,3,NA
"6194",33,100,2,1,1,1,0,5.25999999999999,3,NA
"6195",33,32,2,1,1,1,1,6.25,4,NA
"6196",33,51,2,1,1,1,1,3.30999999999994,2,NA
"6197",33,105,2,1,1,1,0,3.77999999999997,5,NA
"6198",34,107,2,1,1,1,1,1.9,1,NA
"6199",34,103,2,1,1,1,1,2.45,6,NA
"6200",34,97,2,1,1,0,1,2.97000000000001,1,NA
"6201",34,93,2,1,1,0,1,3.97,1,NA
"6202",34,109,2,1,1,1,1,2.58,2,NA
"6203",34,50,2,1,1,1,0,2.77,6,NA
"6204",34,9,2,1,1,1,0,3.7,1,NA
"6205",34,118,2,1,1,1,1,3.19,6,NA
"6206",34,116,2,1,1,1,1,2.79000000000001,3,NA
"6207",34,49,2,1,1,1,0,3.13000000000001,1,NA
"6208",34,91,2,1,1,1,1,2.78,3,NA
"6209",34,14,2,1,1,1,0,4.46999999999998,1,NA
"6210",34,102,2,1,1,0,1,4,3,NA
"6211",34,96,2,1,1,1,1,3.40000000000001,2,NA
"6212",34,98,2,1,1,1,1,2.14000000000001,4,NA
"6213",34,36,2,1,1,1,0,5.27000000000001,1,NA
"6214",34,32,2,1,1,0,0,1.63999999999999,5,NA
"6215",34,12,2,1,1,1,0,2.05000000000001,1,NA
"6216",34,37,2,1,1,0,0,5.35000000000002,1,NA
"6217",34,111,2,1,1,1,1,3.06999999999999,1,NA
"6218",34,42,2,1,1,1,0,1.80000000000001,2,NA
"6219",34,101,2,1,1,0,1,7.02000000000001,1,NA
"6220",34,55,2,1,1,0,0,7.62000000000001,1,NA
"6221",34,94,2,1,1,1,1,5.87999999999999,1,NA
"6222",34,104,2,1,1,1,1,2.12,1,NA
"6223",34,25,2,1,1,1,0,1.73999999999998,4,NA
"6224",34,10,2,1,1,1,0,4.14000000000001,1,NA
"6225",34,29,2,1,1,1,0,2.78999999999999,4,NA
"6226",34,44,2,1,1,1,0,2.63999999999999,1,NA
"6227",34,7,2,1,1,0,0,2.63,5,NA
"6228",34,11,2,1,1,1,0,2.06999999999999,2,NA
"6229",34,34,2,1,1,1,0,2.43000000000001,1,NA
"6230",34,113,2,1,1,0,1,5.55000000000001,1,NA
"6231",34,17,2,1,1,0,0,2.83999999999997,1,NA
"6232",34,16,2,1,1,1,0,3.29000000000002,1,NA
"6233",34,100,2,1,1,0,1,2.32999999999998,3,NA
"6234",34,108,2,1,1,1,1,6.12000000000001,1,NA
"6235",34,105,2,1,1,1,1,3.49000000000001,6,NA
"6236",34,114,2,1,1,0,1,3.21999999999997,1,NA
"6237",34,47,2,1,1,1,0,3.65000000000003,3,NA
"6238",34,22,2,1,1,1,0,6.08000000000004,2,NA
"6239",34,117,2,1,1,1,1,4.03999999999996,1,NA
"6240",34,119,2,1,1,1,1,6.49000000000001,1,NA
"6241",34,41,2,1,1,0,0,2.69,2,NA
"6242",34,5,2,1,1,0,0,5.20999999999998,1,NA
"6243",34,8,2,1,1,0,0,1.91000000000003,1,NA
"6244",34,24,2,1,1,0,0,1.81999999999999,1,NA
"6245",34,92,2,1,1,1,1,3.04000000000002,1,NA
"6246",34,95,2,1,1,1,1,4.35000000000002,1,NA
"6247",34,27,2,1,1,1,0,4.5,1,NA
"6248",34,99,2,1,1,1,1,3.85000000000002,2,NA
"6249",34,51,2,1,1,1,0,2.80000000000001,4,NA
"6250",34,110,2,1,1,0,1,5.19999999999999,6,NA
"6251",34,112,2,1,1,1,1,4.41000000000003,5,NA
"6252",34,48,2,1,1,1,0,2.13999999999999,6,NA
"6253",34,58,2,1,1,0,0,5.15000000000003,1,NA
"6254",34,120,2,1,1,1,1,2.25,2,NA
"6255",34,115,2,1,1,1,1,3.54999999999995,5,NA
"6256",35,68,2,1,1,1,0,3.21000000000001,2,NA
"6257",35,49,2,1,1,1,1,3.09999999999999,3,NA
"6258",35,78,2,1,1,1,0,3.69,3,NA
"6259",35,77,2,1,1,0,0,3.74000000000001,2,NA
"6260",35,89,2,1,1,0,0,2.97,4,NA
"6261",35,24,2,1,1,0,1,3.75,1,NA
"6262",35,36,2,1,1,0,1,5.81999999999999,2,NA
"6263",35,70,2,1,1,1,0,3,4,NA
"6264",35,85,2,1,1,1,0,4.11,3,NA
"6265",35,27,2,1,1,1,1,5.61999999999998,4,NA
"6266",35,10,2,1,1,1,1,4.48000000000002,4,NA
"6267",35,88,2,1,1,0,0,3.72,2,NA
"6268",35,12,2,1,1,1,1,3.16999999999999,3,NA
"6269",35,67,2,1,1,0,0,3.94,4,NA
"6270",35,9,2,1,1,0,1,3.09,6,NA
"6271",35,83,2,1,1,1,0,4.09,5,NA
"6272",35,11,2,1,1,1,1,3.28,4,NA
"6273",35,29,2,1,1,1,1,4.84,3,NA
"6274",35,90,2,1,1,1,0,4.59,3,NA
"6275",35,17,2,1,1,0,1,3.65000000000001,2,NA
"6276",35,50,2,1,1,1,1,3.08000000000001,4,NA
"6277",35,41,2,1,1,0,1,3.58000000000001,4,NA
"6278",35,76,2,1,1,0,0,5.31999999999999,5,NA
"6279",35,5,2,1,1,0,1,6.52000000000001,3,NA
"6280",35,16,2,1,1,1,1,5.78999999999999,2,NA
"6281",35,79,2,1,1,0,0,4.34999999999997,3,NA
"6282",35,87,2,1,1,1,0,3.08000000000004,4,NA
"6283",35,71,2,1,1,1,0,4.95000000000004,1,NA
"6284",35,47,2,1,1,0,1,4.56999999999999,2,NA
"6285",35,8,2,1,1,1,1,3.41000000000003,4,NA
"6286",35,84,2,1,1,1,0,3.05000000000001,6,NA
"6287",35,25,2,1,1,0,1,5.46999999999997,2,NA
"6288",35,74,2,1,1,1,0,6.25,3,NA
"6289",35,65,2,1,1,1,0,2.64999999999998,2,NA
"6290",35,69,2,1,1,1,0,4.06999999999999,3,NA
"6291",35,63,2,1,1,0,0,6.28999999999996,5,NA
"6292",35,62,2,1,1,1,0,5.12000000000001,5,NA
"6293",35,81,2,1,1,1,0,2.79000000000002,4,NA
"6294",35,32,2,1,1,1,1,2.93000000000001,4,NA
"6295",35,75,2,1,1,0,0,6.27000000000004,4,NA
"6296",35,55,2,1,1,1,1,4.58000000000004,3,NA
"6297",35,22,2,1,1,1,1,3.56999999999999,4,NA
"6298",35,7,2,1,1,1,1,2.70999999999998,5,NA
"6299",35,58,2,1,1,1,1,3.59000000000003,2,NA
"6300",35,86,2,1,1,1,0,3.94,5,NA
"6301",35,51,2,1,1,1,1,3.71999999999997,1,NA
"6302",35,72,2,1,1,0,0,4.25999999999999,1,NA
"6303",35,64,2,1,1,1,0,3.81999999999999,3,NA
"6304",35,42,2,1,1,1,1,3.12,2,NA
"6305",35,44,2,1,1,1,1,3.04999999999995,5,NA
"6306",35,66,2,1,1,1,0,2.67000000000002,4,NA
"6307",35,37,2,1,1,1,1,4.39999999999998,2,NA
"6308",35,73,2,1,1,0,0,5.44,6,NA
"6309",35,82,2,1,1,1,0,3.76999999999998,4,NA
"6310",35,80,2,1,1,0,0,3.12,1,NA
"6311",35,14,2,1,1,1,1,3.34999999999997,1,NA
"6312",35,34,2,1,1,0,1,3.42000000000002,6,NA
"6313",35,48,2,1,1,1,1,4.12000000000001,5,NA
"6314",35,61,2,1,1,0,0,5.78999999999996,4,NA
"6315",35,1,2,1,1,1,1,3.55000000000001,1,NA
"6316",36,90,2,1,1,0,1,2.81,2,NA
"6317",36,68,2,1,1,1,1,2.41999999999999,3,NA
"6318",36,67,2,1,1,1,1,2.12,4,NA
"6319",36,51,2,1,1,1,0,2.11,4,NA
"6320",36,72,2,1,1,1,1,3.39999999999999,1,NA
"6321",36,71,2,1,1,1,1,3.48,1,NA
"6322",36,11,2,1,1,0,0,2.52000000000001,3,NA
"6323",36,76,2,1,1,0,1,2.25,2,NA
"6324",36,84,2,1,1,1,1,2.03999999999999,5,NA
"6325",36,89,2,1,1,1,1,3.5,2,NA
"6326",36,49,2,1,1,1,0,2.19999999999999,1,NA
"6327",36,65,2,1,1,1,1,2.21000000000001,2,NA
"6328",36,88,2,1,1,1,1,2.36999999999999,1,NA
"6329",36,64,2,1,1,1,1,2.01999999999998,1,NA
"6330",36,42,2,1,1,0,0,3.22,2,NA
"6331",36,14,2,1,1,1,0,3.37,3,NA
"6332",36,78,2,1,1,1,1,2.06999999999999,1,NA
"6333",36,34,2,1,1,1,0,2.28,1,NA
"6334",36,66,2,1,1,1,1,1.75999999999999,4,NA
"6335",36,77,2,1,1,1,1,1.72999999999999,1,NA
"6336",36,63,2,1,1,1,1,1.84999999999999,5,NA
"6337",36,50,2,1,1,1,0,2.17000000000002,5,NA
"6338",36,75,2,1,1,0,1,2.72999999999999,1,NA
"6339",36,41,2,1,1,1,0,1.96000000000001,1,NA
"6340",36,17,2,1,1,0,0,2.43000000000001,1,NA
"6341",36,87,2,1,1,1,1,2.59999999999999,2,NA
"6342",36,1,2,1,1,0,0,2.24000000000001,1,NA
"6343",36,80,2,1,1,0,1,2.05000000000001,2,NA
"6344",36,48,2,1,1,1,0,2.31,1,NA
"6345",36,70,2,1,1,1,1,2.16999999999999,1,NA
"6346",36,85,2,1,1,1,1,3.04999999999998,2,NA
"6347",36,8,2,1,1,1,0,3.45999999999998,2,NA
"6348",36,37,2,1,1,0,0,2.81,1,NA
"6349",36,22,2,1,1,0,0,2.31,2,NA
"6350",36,74,2,1,1,1,1,2.37,1,NA
"6351",36,83,2,1,1,1,1,2.80999999999997,5,NA
"6352",36,47,2,1,1,0,0,2.61000000000001,2,NA
"6353",36,58,2,1,1,0,0,3.29999999999998,2,NA
"6354",36,27,2,1,1,1,0,2.16999999999996,2,NA
"6355",36,12,2,1,1,1,0,1.45999999999998,1,NA
"6356",36,61,2,1,1,1,1,2.19999999999999,1,NA
"6357",36,86,2,1,1,1,1,3.36000000000001,3,NA
"6358",36,10,2,1,1,0,0,2.88999999999999,2,NA
"6359",36,36,2,1,1,1,0,3.69,3,NA
"6360",36,44,2,1,1,0,0,2.31,1,NA
"6361",36,62,2,1,1,1,1,3.36999999999995,4,NA
"6362",36,55,2,1,1,0,0,2.94,2,NA
"6363",36,25,2,1,1,0,0,3.69999999999999,1,NA
"6364",36,79,2,1,1,0,1,1.75,1,NA
"6365",36,82,2,1,1,1,1,1.97999999999996,2,NA
"6366",36,5,2,1,1,0,0,3.21000000000004,2,NA
"6367",36,32,2,1,1,1,0,2.81999999999999,1,NA
"6368",36,16,2,1,1,1,0,2.67000000000002,1,NA
"6369",36,81,2,1,1,1,1,2.37,2,NA
"6370",36,7,2,1,1,1,0,2.50999999999999,3,NA
"6371",36,29,2,1,1,1,0,2.15000000000003,1,NA
"6372",36,9,2,1,1,0,0,1.63,5,NA
"6373",36,69,2,1,1,1,1,3.19,2,NA
"6374",36,24,2,1,1,1,0,2.34000000000003,1,NA
"6375",36,73,2,1,1,0,1,3.03999999999996,2,NA
"6376",37,116,2,1,1,1,0,2.74,2,NA
"6377",37,54,2,1,1,0,1,2.38,1,NA
"6378",37,19,2,1,1,0,1,2.38,1,NA
"6379",37,60,2,1,1,1,1,2.5,2,NA
"6380",37,6,2,1,1,1,1,2.14999999999999,3,NA
"6381",37,112,2,1,1,0,0,2.56999999999999,1,NA
"6382",37,43,2,1,1,0,1,2.91000000000001,1,NA
"6383",37,119,2,1,1,1,0,2.06999999999999,2,NA
"6384",37,118,2,1,1,1,0,2.17,3,NA
"6385",37,108,2,1,1,1,0,2.39,1,NA
"6386",37,95,2,1,1,0,0,2.95,1,NA
"6387",37,120,2,1,1,1,0,2.85000000000001,1,NA
"6388",37,105,2,1,1,0,0,3.42,1,NA
"6389",37,38,2,1,1,1,1,1.97,1,NA
"6390",37,110,2,1,1,1,0,3.22,1,NA
"6391",37,93,2,1,1,0,0,2.60000000000002,1,NA
"6392",37,111,2,1,1,0,0,3.87,1,NA
"6393",37,35,2,1,1,1,1,1.87,1,NA
"6394",37,2,2,1,1,1,1,1.47,1,NA
"6395",37,106,2,1,1,0,0,1.91999999999999,1,NA
"6396",37,3,2,1,1,1,1,1.65000000000001,1,NA
"6397",37,59,2,1,1,1,1,2.02999999999997,3,NA
"6398",37,33,2,1,1,1,1,1.84999999999999,1,NA
"6399",37,53,2,1,1,1,1,2.12,1,NA
"6400",37,57,2,1,1,1,1,3.19999999999999,1,NA
"6401",37,101,2,1,1,1,0,2.33000000000001,1,NA
"6402",37,15,2,1,1,1,1,1.62,1,NA
"6403",37,18,2,1,1,1,1,7.53999999999999,1,NA
"6404",37,107,2,1,1,1,0,1.25,1,NA
"6405",37,103,2,1,1,1,0,2.38999999999999,1,NA
"6406",37,99,2,1,1,1,0,2.22,1,NA
"6407",37,56,2,1,1,1,1,1.63,1,NA
"6408",37,91,2,1,1,0,0,2.39000000000001,1,NA
"6409",37,40,2,1,1,1,1,3.47999999999999,1,NA
"6410",37,98,2,1,1,1,0,1.26000000000002,1,NA
"6411",37,52,2,1,1,1,1,4.25,1,NA
"6412",37,45,2,1,1,1,1,1.41999999999999,1,NA
"6413",37,94,2,1,1,0,0,1.76999999999998,1,NA
"6414",37,97,2,1,1,1,0,1.20000000000002,1,NA
"6415",37,30,2,1,1,1,1,3.13,1,NA
"6416",37,39,2,1,1,1,1,2.10000000000002,1,NA
"6417",37,113,2,1,1,1,0,2.28,1,NA
"6418",37,117,2,1,1,0,0,2.12,1,NA
"6419",37,31,2,1,1,0,1,2.41999999999996,1,NA
"6420",37,28,2,1,1,0,1,1.56,1,NA
"6421",37,46,2,1,1,1,1,2.36000000000001,1,NA
"6422",37,102,2,1,1,0,0,1.69999999999999,3,NA
"6423",37,115,2,1,1,1,0,3.63,1,NA
"6424",37,4,2,1,1,0,1,1.68000000000001,1,NA
"6425",37,20,2,1,1,1,1,3.28000000000003,4,NA
"6426",37,100,2,1,1,1,0,1.98000000000002,1,NA
"6427",37,104,2,1,1,0,0,1.82999999999998,1,NA
"6428",37,13,2,1,1,1,1,2.21999999999997,1,NA
"6429",37,96,2,1,1,0,0,3.82999999999998,1,NA
"6430",37,114,2,1,1,0,0,1.37,1,NA
"6431",37,109,2,1,1,0,0,3.75,1,NA
"6432",37,26,2,1,1,1,1,1.61000000000001,1,NA
"6433",37,21,2,1,1,0,1,2.49000000000001,1,NA
"6434",37,23,2,1,1,1,1,1.75,1,NA
"6435",37,92,2,1,1,0,0,2.53000000000003,1,NA
"6436",38,30,2,1,1,0,0,2.08,4,NA
"6437",38,38,2,1,1,1,0,2.17,3,NA
"6438",38,103,2,1,1,1,1,1.28,5,NA
"6439",38,110,2,1,1,1,1,2.13,3,NA
"6440",38,113,2,1,1,1,1,2.18000000000001,2,NA
"6441",38,43,2,1,1,1,0,2.02000000000001,2,NA
"6442",38,21,2,1,1,0,0,4.09999999999998,2,NA
"6443",38,6,2,1,1,1,0,1.91,2,NA
"6444",38,120,2,1,1,0,1,4.32999999999998,2,NA
"6445",38,56,2,1,1,1,0,2.02000000000001,4,NA
"6446",38,108,2,1,1,1,1,2.71000000000001,3,NA
"6447",38,39,2,1,1,0,0,2.94,4,NA
"6448",38,52,2,1,1,0,0,5.82999999999998,3,NA
"6449",38,116,2,1,1,1,1,1.63,5,NA
"6450",38,98,2,1,1,0,1,2.64000000000001,2,NA
"6451",38,91,2,1,1,0,1,4.75999999999999,2,NA
"6452",38,3,2,1,1,1,0,2.36999999999998,2,NA
"6453",38,115,2,1,1,1,1,1.37,4,NA
"6454",38,23,2,1,1,1,0,2.32000000000002,3,NA
"6455",38,106,2,1,1,1,1,1.63999999999999,5,NA
"6456",38,33,2,1,1,0,0,2.41999999999999,1,NA
"6457",38,13,2,1,1,1,0,2.85999999999999,2,NA
"6458",38,105,2,1,1,1,1,1.77000000000001,3,NA
"6459",38,53,2,1,1,1,0,3.10000000000002,2,NA
"6460",38,97,2,1,1,1,1,1.56,2,NA
"6461",38,59,2,1,1,1,0,1.53,6,NA
"6462",38,40,2,1,1,1,0,5.31,5,NA
"6463",38,100,2,1,1,1,1,2.34999999999997,3,NA
"6464",38,107,2,1,1,0,1,3.62,2,NA
"6465",38,18,2,1,1,1,0,3.35000000000002,3,NA
"6466",38,114,2,1,1,0,1,5.05000000000001,4,NA
"6467",38,45,2,1,1,1,0,6.65000000000003,2,NA
"6468",38,102,2,1,1,1,1,6.20999999999998,2,NA
"6469",38,92,2,1,1,1,1,1.43000000000001,5,NA
"6470",38,57,2,1,1,0,0,5.43000000000001,6,NA
"6471",38,54,2,1,1,1,0,3.21000000000004,2,NA
"6472",38,20,2,1,1,1,0,2.39999999999998,4,NA
"6473",38,46,2,1,1,0,0,2.07999999999998,2,NA
"6474",38,93,2,1,1,1,1,4.25,2,NA
"6475",38,19,2,1,1,1,0,2.65999999999997,2,NA
"6476",38,60,2,1,1,1,0,3.65999999999997,6,NA
"6477",38,31,2,1,1,1,0,3.21999999999997,2,NA
"6478",38,95,2,1,1,0,1,2.13,4,NA
"6479",38,119,2,1,1,0,1,2.53000000000003,2,NA
"6480",38,112,2,1,1,1,1,2.09999999999997,5,NA
"6481",38,117,2,1,1,1,1,3.26000000000005,2,NA
"6482",38,35,2,1,1,1,0,1.37,6,NA
"6483",38,118,2,1,1,1,1,2.65000000000003,4,NA
"6484",38,28,2,1,1,1,0,3.40999999999997,2,NA
"6485",38,15,2,1,1,0,0,2.90999999999997,2,NA
"6486",38,104,2,1,1,1,1,1.53000000000003,4,NA
"6487",38,2,2,1,1,0,0,2.87,2,NA
"6488",38,94,2,1,1,1,1,2,5,NA
"6489",38,4,2,1,1,0,0,2.19999999999999,3,NA
"6490",38,96,2,1,1,1,1,2.02999999999997,4,NA
"6491",38,109,2,1,1,1,1,4.08999999999997,2,NA
"6492",38,111,2,1,1,0,1,3.39999999999998,6,NA
"6493",38,26,2,1,1,1,0,1.67000000000002,3,NA
"6494",38,101,2,1,1,1,1,5.44999999999999,2,NA
"6495",38,99,2,1,1,1,1,3.47000000000003,3,NA
"6496",39,110,2,1,1,1,0,4.63,2,NA
"6497",39,104,2,1,1,1,0,2.02000000000001,4,NA
"6498",39,97,2,1,1,0,0,2.28,4,NA
"6499",39,47,2,1,1,0,1,2.31,3,NA
"6500",39,94,2,1,1,0,0,2.13,4,NA
"6501",39,34,2,1,1,1,1,1.46000000000001,5,NA
"6502",39,119,2,1,1,1,0,1.77,3,NA
"6503",39,10,2,1,1,0,1,3.77,2,NA
"6504",39,7,2,1,1,0,1,2.47,3,NA
"6505",39,108,2,1,1,1,0,3.67,2,NA
"6506",39,49,2,1,1,1,1,3.23999999999999,5,NA
"6507",39,116,2,1,1,0,0,3.89999999999999,2,NA
"6508",39,91,2,1,1,1,0,2.91999999999999,6,NA
"6509",39,105,2,1,1,1,0,2.71000000000001,5,NA
"6510",39,103,2,1,1,1,0,4.00999999999999,4,NA
"6511",39,50,2,1,1,1,1,2.85000000000002,6,NA
"6512",39,117,2,1,1,1,0,4.86000000000001,3,NA
"6513",39,51,2,1,1,1,1,1.94999999999999,4,NA
"6514",39,9,2,1,1,1,1,4.45999999999998,4,NA
"6515",39,95,2,1,1,1,0,2.14000000000001,4,NA
"6516",39,44,2,1,1,1,1,1.91,5,NA
"6517",39,100,2,1,1,0,0,4.25,3,NA
"6518",39,11,2,1,1,1,1,2.19999999999999,3,NA
"6519",39,92,2,1,1,1,0,2.11000000000001,3,NA
"6520",39,111,2,1,1,0,0,2.78,4,NA
"6521",39,107,2,1,1,1,0,1.30000000000001,3,NA
"6522",39,102,2,1,1,0,0,1.45000000000002,6,NA
"6523",39,32,2,1,1,0,1,2.55000000000001,3,NA
"6524",39,27,2,1,1,1,1,3.70000000000002,5,NA
"6525",39,55,2,1,1,0,1,2.74000000000001,3,NA
"6526",39,16,2,1,1,1,1,1.56,5,NA
"6527",39,14,2,1,1,1,1,4.37999999999999,4,NA
"6528",39,42,2,1,1,1,1,2.19999999999999,5,NA
"6529",39,120,2,1,1,1,0,1.73000000000002,3,NA
"6530",39,37,2,1,1,0,1,3.46000000000001,2,NA
"6531",39,109,2,1,1,1,0,2.06,3,NA
"6532",39,5,2,1,1,1,1,5.60000000000002,2,NA
"6533",39,25,2,1,1,1,1,2.07000000000005,5,NA
"6534",39,17,2,1,1,1,1,2.54000000000002,2,NA
"6535",39,1,2,1,1,0,1,3.18000000000001,2,NA
"6536",39,48,2,1,1,1,1,2.18000000000001,5,NA
"6537",39,36,2,1,1,1,1,2.36000000000001,5,NA
"6538",39,12,2,1,1,1,1,2.13999999999999,1,NA
"6539",39,22,2,1,1,1,1,3.85000000000002,4,NA
"6540",39,98,2,1,1,1,0,1.86000000000001,6,NA
"6541",39,96,2,1,1,1,0,6.01999999999998,2,NA
"6542",39,101,2,1,1,1,0,4.15000000000003,3,NA
"6543",39,29,2,1,1,0,1,1.81999999999999,6,NA
"6544",39,113,2,1,1,1,0,5.31,4,NA
"6545",39,106,2,1,1,1,0,2.19,5,NA
"6546",39,41,2,1,1,1,1,5.01999999999998,4,NA
"6547",39,112,2,1,1,1,0,2.38999999999999,1,NA
"6548",39,114,2,1,1,0,0,4.08999999999997,2,NA
"6549",39,8,2,1,1,1,1,3.19999999999999,5,NA
"6550",39,58,2,1,1,1,1,3.44,6,NA
"6551",39,118,2,1,1,1,0,2.42000000000002,4,NA
"6552",39,24,2,1,1,1,1,3.37,4,NA
"6553",39,115,2,1,1,1,0,2.84999999999997,3,NA
"6554",39,93,2,1,1,0,0,2.37,5,NA
"6555",39,99,2,1,1,0,0,3.23000000000002,3,NA
"6556",40,91,2,1,1,1,1,1.97999999999999,1,NA
"6557",40,111,2,1,1,1,1,2.75,1,NA
"6558",40,25,2,1,1,1,0,4,1,NA
"6559",40,114,2,1,1,1,1,3.88999999999999,1,NA
"6560",40,118,2,1,1,1,1,2.01999999999998,1,NA
"6561",40,105,2,1,1,1,1,2.69,4,NA
"6562",40,12,2,1,1,0,0,3.05000000000001,1,NA
"6563",40,49,2,1,1,1,0,3.51000000000002,2,NA
"6564",40,9,2,1,1,1,0,3.47999999999999,2,NA
"6565",40,102,2,1,1,1,1,2.38,1,NA
"6566",40,94,2,1,1,1,1,3.75,1,NA
"6567",40,99,2,1,1,0,1,4.22,1,NA
"6568",40,50,2,1,1,1,0,4.29999999999998,4,NA
"6569",40,32,2,1,1,1,0,3.30000000000001,4,NA
"6570",40,109,2,1,1,1,1,2.67999999999998,2,NA
"6571",40,36,2,1,1,0,0,3.46000000000001,1,NA
"6572",40,112,2,1,1,0,1,4.80000000000001,1,NA
"6573",40,120,2,1,1,1,1,4.68000000000001,2,NA
"6574",40,51,2,1,1,1,0,2.93000000000001,5,NA
"6575",40,100,2,1,1,1,1,2.67000000000002,5,NA
"6576",40,104,2,1,1,1,1,3.81999999999999,1,NA
"6577",40,11,2,1,1,1,0,2.87,1,NA
"6578",40,1,2,1,1,0,0,4.17000000000002,1,NA
"6579",40,41,2,1,1,1,0,7.69999999999999,1,NA
"6580",40,34,2,1,1,1,0,2.80000000000001,1,NA
"6581",40,16,2,1,1,0,0,2.16000000000003,1,NA
"6582",40,103,2,1,1,1,1,3.73000000000002,1,NA
"6583",40,14,2,1,1,1,0,2.95999999999998,2,NA
"6584",40,101,2,1,1,0,1,4.31999999999999,1,NA
"6585",40,107,2,1,1,0,1,1.33999999999997,1,NA
"6586",40,115,2,1,1,0,1,5.37999999999999,1,NA
"6587",40,24,2,1,1,0,0,3.89999999999998,1,NA
"6588",40,113,2,1,1,1,1,5.52000000000004,1,NA
"6589",40,116,2,1,1,1,1,2.99000000000001,4,NA
"6590",40,110,2,1,1,1,1,4.69999999999999,3,NA
"6591",40,7,2,1,1,1,0,4.83999999999997,2,NA
"6592",40,8,2,1,1,0,0,3.76999999999998,5,NA
"6593",40,95,2,1,1,0,1,3.76000000000005,3,NA
"6594",40,17,2,1,1,1,0,5.40999999999997,1,NA
"6595",40,97,2,1,1,1,1,3.46999999999997,1,NA
"6596",40,44,2,1,1,1,0,4.19999999999999,3,NA
"6597",40,117,2,1,1,0,1,3.55000000000001,1,NA
"6598",40,92,2,1,1,1,1,2.62,3,NA
"6599",40,27,2,1,1,1,0,4.92000000000002,1,NA
"6600",40,37,2,1,1,1,0,5.84999999999997,1,NA
"6601",40,10,2,1,1,1,0,3.84000000000003,1,NA
"6602",40,96,2,1,1,1,1,2.82999999999998,3,NA
"6603",40,98,2,1,1,1,1,3.03000000000003,2,NA
"6604",40,119,2,1,1,1,1,3.87,4,NA
"6605",40,29,2,1,1,1,0,2.64999999999998,6,NA
"6606",40,5,2,1,1,1,0,6.70999999999998,1,NA
"6607",40,47,2,1,1,1,0,4.67000000000002,1,NA
"6608",40,93,2,1,1,0,1,3.94,1,NA
"6609",40,42,2,1,1,1,0,2.33999999999997,1,NA
"6610",40,108,2,1,1,1,1,2.50999999999999,1,NA
"6611",40,48,2,1,1,1,0,2.63999999999999,1,NA
"6612",40,106,2,1,1,0,1,2.38999999999999,2,NA
"6613",40,22,2,1,1,1,0,4.81999999999999,1,NA
"6614",40,58,2,1,1,1,0,3.69,1,NA
"6615",40,55,2,1,1,0,0,2.70999999999998,1,NA
"6616",41,33,2,1,1,0,0,2.55000000000001,1,NA
"6617",41,26,2,1,1,1,0,2.57000000000002,1,NA
"6618",41,3,2,1,1,1,0,2.78,1,NA
"6619",41,59,2,1,1,1,0,2.23999999999998,1,NA
"6620",41,39,2,1,1,0,0,4,6,NA
"6621",41,24,2,1,1,0,1,7.00999999999999,1,NA
"6622",41,11,2,1,1,0,1,4.20999999999998,1,NA
"6623",41,51,2,1,1,0,1,4.76999999999998,1,NA
"6624",41,55,2,1,1,1,1,2.59999999999999,1,NA
"6625",41,58,2,1,1,1,1,5.46000000000001,1,NA
"6626",41,31,2,1,1,0,0,2.74000000000001,1,NA
"6627",41,22,2,1,1,0,1,5.85999999999999,1,NA
"6628",41,29,2,1,1,0,1,3.91,6,NA
"6629",41,53,2,1,1,0,0,3.78999999999999,1,NA
"6630",41,2,2,1,1,0,0,4.06,1,NA
"6631",41,48,2,1,1,0,1,4.72,1,NA
"6632",41,13,2,1,1,1,0,3.52999999999997,1,NA
"6633",41,27,2,1,1,1,1,4.99000000000001,1,NA
"6634",41,37,2,1,1,0,1,2.45999999999998,1,NA
"6635",41,35,2,1,1,0,0,3.09,2,NA
"6636",41,21,2,1,1,0,0,2.77999999999997,1,NA
"6637",41,18,2,1,1,1,0,4.73000000000002,1,NA
"6638",41,7,2,1,1,1,1,3.38000000000005,1,NA
"6639",41,36,2,1,1,0,1,4.46999999999997,1,NA
"6640",41,38,2,1,1,1,0,2.63,1,NA
"6641",41,57,2,1,1,1,0,5.55000000000001,1,NA
"6642",41,49,2,1,1,1,1,3.63000000000005,1,NA
"6643",41,28,2,1,1,1,0,5.61000000000001,1,NA
"6644",41,8,2,1,1,0,1,6.58999999999997,1,NA
"6645",41,46,2,1,1,1,0,3.50999999999999,2,NA
"6646",41,25,2,1,1,1,1,3.22000000000003,1,NA
"6647",41,40,2,1,1,0,0,4.24000000000001,1,NA
"6648",41,4,2,1,1,0,0,1.90999999999997,1,NA
"6649",41,32,2,1,1,1,1,2.72999999999996,1,NA
"6650",41,60,2,1,1,1,0,2.14999999999998,1,NA
"6651",41,17,2,1,1,0,1,1.91000000000003,1,NA
"6652",41,5,2,1,1,0,1,3.80000000000001,1,NA
"6653",41,56,2,1,1,1,0,2.68000000000001,1,NA
"6654",41,9,2,1,1,1,1,1.97000000000003,1,NA
"6655",41,19,2,1,1,1,0,7.81999999999999,3,NA
"6656",41,54,2,1,1,0,0,5.85000000000002,1,NA
"6657",41,43,2,1,1,0,0,1.79000000000002,1,NA
"6658",41,44,2,1,1,1,1,3.44999999999999,1,NA
"6659",41,15,2,1,1,0,0,2.72000000000003,1,NA
"6660",41,34,2,1,1,0,1,4.08999999999997,6,NA
"6661",41,47,2,1,1,0,1,4.91999999999996,1,NA
"6662",41,41,2,1,1,0,1,1.88999999999999,1,NA
"6663",41,6,2,1,1,0,0,5.45999999999998,1,NA
"6664",41,45,2,1,1,0,0,5.23000000000002,1,NA
"6665",41,52,2,1,1,1,0,5.58000000000004,1,NA
"6666",41,23,2,1,1,0,0,2.87,1,NA
"6667",41,20,2,1,1,1,0,4.83999999999997,4,NA
"6668",41,16,2,1,1,0,1,2.38999999999999,1,NA
"6669",41,1,2,1,1,1,1,3.92999999999995,1,NA
"6670",41,14,2,1,1,1,1,5.05000000000001,1,NA
"6671",41,50,2,1,1,1,1,8.73999999999995,2,NA
"6672",41,42,2,1,1,1,1,3.97000000000003,1,NA
"6673",41,30,2,1,1,0,0,4.47000000000003,1,NA
"6674",41,12,2,1,1,1,1,5.17999999999995,1,NA
"6675",42,1,2,1,1,1,0,2.26999999999998,3,NA
"6676",42,13,2,1,1,1,1,1.53,6,NA
"6677",42,41,2,1,1,0,0,2.59999999999999,2,NA
"6678",42,20,2,1,1,1,1,2.04999999999998,4,NA
"6679",42,34,2,1,1,1,0,3.06999999999999,2,NA
"6680",42,52,2,1,1,1,1,2.47,2,NA
"6681",42,32,2,1,1,1,0,2.35000000000002,4,NA
"6682",42,35,2,1,1,0,1,2.98000000000002,2,NA
"6683",42,44,2,1,1,1,0,3.35999999999999,2,NA
"6684",42,56,2,1,1,0,1,3.45999999999998,1,NA
"6685",42,45,2,1,1,1,1,4.51999999999998,2,NA
"6686",42,46,2,1,1,0,1,3.12,1,NA
"6687",42,19,2,1,1,1,1,3.73999999999998,3,NA
"6688",42,3,2,1,1,1,1,2.91999999999999,2,NA
"6689",42,50,2,1,1,0,0,4.47999999999999,2,NA
"6690",42,42,2,1,1,1,0,3.18000000000001,2,NA
"6691",42,49,2,1,1,1,0,4.12999999999999,2,NA
"6692",42,27,2,1,1,1,0,2.93000000000001,1,NA
"6693",42,57,2,1,1,1,1,4.40000000000003,2,NA
"6694",42,43,2,1,1,1,1,2.51999999999998,3,NA
"6695",42,39,2,1,1,1,1,6.37999999999999,1,NA
"6696",42,51,2,1,1,1,0,3.24000000000001,4,NA
"6697",42,54,2,1,1,1,1,4.32999999999998,2,NA
"6698",42,28,2,1,1,0,1,4.70999999999998,2,NA
"6699",42,58,2,1,1,0,0,5.17000000000002,1,NA
"6700",42,7,2,1,1,1,0,5.47000000000003,1,NA
"6701",42,5,2,1,1,0,0,2.98000000000002,1,NA
"6702",42,31,2,1,1,1,1,3.16000000000003,2,NA
"6703",42,12,2,1,1,0,0,4.75,2,NA
"6704",42,15,2,1,1,1,1,3.17000000000002,4,NA
"6705",42,10,2,1,1,0,0,4.84999999999997,2,NA
"6706",42,30,2,1,1,0,1,2.75,4,NA
"6707",42,6,2,1,1,1,1,2.76999999999998,5,NA
"6708",42,60,2,1,1,1,1,3.51999999999998,3,NA
"6709",42,4,2,1,1,0,1,5.80000000000001,1,NA
"6710",42,16,2,1,1,0,0,3.82000000000005,1,NA
"6711",42,47,2,1,1,1,0,5.25999999999999,1,NA
"6712",42,14,2,1,1,0,0,3.93000000000001,1,NA
"6713",42,59,2,1,1,1,1,6.43000000000001,2,NA
"6714",42,2,2,1,1,0,1,6.27999999999997,1,NA
"6715",42,53,2,1,1,1,1,2.88,1,NA
"6716",42,55,2,1,1,0,0,3.70999999999998,2,NA
"6717",42,37,2,1,1,1,0,5.19,2,NA
"6718",42,22,2,1,1,1,0,2.86000000000001,2,NA
"6719",42,38,2,1,1,1,1,3.53000000000003,2,NA
"6720",42,36,2,1,1,0,0,8.47000000000003,1,NA
"6721",42,26,2,1,1,1,1,4.37999999999999,1,NA
"6722",42,21,2,1,1,1,1,4.56999999999999,1,NA
"6723",42,40,2,1,1,1,1,2.43000000000001,5,NA
"6724",42,33,2,1,1,0,1,2.77999999999997,1,NA
"6725",42,18,2,1,1,1,1,4.76999999999998,2,NA
"6726",42,9,2,1,1,1,0,2.90999999999997,5,NA
"6727",42,48,2,1,1,0,0,3.69000000000006,2,NA
"6728",42,24,2,1,1,1,0,4.90999999999997,5,NA
"6729",42,23,2,1,1,0,1,4.33000000000004,1,NA
"6730",42,29,2,1,1,1,0,3.12,3,NA
"6731",42,11,2,1,1,1,0,3.18999999999994,1,NA
"6732",42,8,2,1,1,1,0,4.44999999999993,2,NA
"6733",42,25,2,1,1,1,0,4.39999999999998,2,NA
"6734",42,17,2,1,1,0,0,2.75,1,NA
"6735",43,19,2,1,1,1,1,3.43,3,NA
"6736",43,57,2,1,1,1,1,2.44000000000001,1,NA
"6737",43,68,2,1,1,1,0,4.33,2,NA
"6738",43,77,2,1,1,1,0,3.69999999999999,1,NA
"6739",43,70,2,1,1,1,0,3.98,2,NA
"6740",43,66,2,1,1,0,0,5.5,1,NA
"6741",43,6,2,1,1,1,1,3.06,2,NA
"6742",43,18,2,1,1,1,1,2.73,1,NA
"6743",43,62,2,1,1,1,0,5.53,3,NA
"6744",43,76,2,1,1,0,0,4.65000000000001,2,NA
"6745",43,80,2,1,1,1,0,4.17,2,NA
"6746",43,85,2,1,1,1,0,4.57000000000002,2,NA
"6747",43,43,2,1,1,1,1,3.30000000000001,2,NA
"6748",43,82,2,1,1,1,0,3.30000000000001,3,NA
"6749",43,20,2,1,1,1,1,3.27000000000001,2,NA
"6750",43,75,2,1,1,1,0,4.38999999999999,1,NA
"6751",43,86,2,1,1,0,0,4.22999999999999,1,NA
"6752",43,45,2,1,1,1,1,5.24000000000001,1,NA
"6753",43,81,2,1,1,0,0,6.80000000000001,1,NA
"6754",43,61,2,1,1,1,0,3.32999999999998,2,NA
"6755",43,23,2,1,1,1,1,3.76999999999998,2,NA
"6756",43,35,2,1,1,0,1,5.59,1,NA
"6757",43,60,2,1,1,1,1,5.47,2,NA
"6758",43,71,2,1,1,1,0,5.5,1,NA
"6759",43,30,2,1,1,1,1,3.79999999999998,3,NA
"6760",43,2,2,1,1,0,1,2.93000000000001,4,NA
"6761",43,67,2,1,1,1,0,5.60000000000002,3,NA
"6762",43,65,2,1,1,1,0,3.37,2,NA
"6763",43,46,2,1,1,1,1,3.28,3,NA
"6764",43,26,2,1,1,1,1,3.09999999999999,3,NA
"6765",43,79,2,1,1,0,0,5.17000000000002,2,NA
"6766",43,69,2,1,1,1,0,6.98999999999995,2,NA
"6767",43,64,2,1,1,1,0,4.08999999999997,3,NA
"6768",43,13,2,1,1,1,1,2.31999999999999,4,NA
"6769",43,39,2,1,1,0,1,2.11000000000001,5,NA
"6770",43,84,2,1,1,0,0,4.89000000000004,2,NA
"6771",43,31,2,1,1,1,1,4.19999999999999,2,NA
"6772",43,72,2,1,1,1,0,6.44999999999999,1,NA
"6773",43,28,2,1,1,0,1,4.37999999999999,2,NA
"6774",43,83,2,1,1,1,0,5.71999999999997,2,NA
"6775",43,88,2,1,1,0,0,3.73999999999995,2,NA
"6776",43,63,2,1,1,0,0,6.56999999999999,3,NA
"6777",43,53,2,1,1,1,1,3.19,3,NA
"6778",43,89,2,1,1,0,0,4.03000000000003,2,NA
"6779",43,4,2,1,1,0,1,4.38999999999999,2,NA
"6780",43,59,2,1,1,1,1,3.97000000000003,2,NA
"6781",43,56,2,1,1,1,1,2.19,3,NA
"6782",43,40,2,1,1,1,1,5.52999999999997,2,NA
"6783",43,21,2,1,1,1,1,6.23000000000002,1,NA
"6784",43,87,2,1,1,1,0,7.48000000000002,2,NA
"6785",43,90,2,1,1,1,0,4.33999999999997,3,NA
"6786",43,33,2,1,1,0,1,4.30000000000001,2,NA
"6787",43,74,2,1,1,0,0,5.84999999999997,2,NA
"6788",43,73,2,1,1,1,0,4.19999999999999,2,NA
"6789",43,78,2,1,1,0,0,2.76999999999998,2,NA
"6790",43,52,2,1,1,0,1,6.07000000000005,2,NA
"6791",43,3,2,1,1,0,1,2.12,4,NA
"6792",43,15,2,1,1,1,1,6.93000000000001,2,NA
"6793",43,54,2,1,1,1,1,3.75,3,NA
"6794",43,38,2,1,1,1,1,4.16000000000003,1,NA
"6795",44,64,2,1,1,0,1,2.73,2,NA
"6796",44,83,2,1,1,1,1,3.34,4,NA
"6797",44,69,2,1,1,0,1,2.37,5,NA
"6798",44,82,2,1,1,1,1,2.02000000000001,5,NA
"6799",44,81,2,1,1,1,1,2.34999999999999,5,NA
"6800",44,6,2,1,1,1,0,2.28,5,NA
"6801",44,59,2,1,1,0,0,3.42999999999999,2,NA
"6802",44,62,2,1,1,1,1,2.36000000000001,4,NA
"6803",44,90,2,1,1,1,1,2.88,5,NA
"6804",44,56,2,1,1,1,0,2.22,3,NA
"6805",44,63,2,1,1,0,1,2.46000000000001,1,NA
"6806",44,15,2,1,1,0,0,2.63999999999999,2,NA
"6807",44,20,2,1,1,1,0,2.09,3,NA
"6808",44,65,2,1,1,1,1,1.79000000000002,4,NA
"6809",44,3,2,1,1,0,0,2.73999999999998,3,NA
"6810",44,31,2,1,1,0,0,2.34999999999999,5,NA
"6811",44,75,2,1,1,1,1,2.25,5,NA
"6812",44,38,2,1,1,1,0,2.32000000000002,4,NA
"6813",44,28,2,1,1,1,0,2.40000000000001,3,NA
"6814",44,45,2,1,1,1,0,3.15000000000001,2,NA
"6815",44,88,2,1,1,0,1,2.45999999999998,5,NA
"6816",44,70,2,1,1,1,1,2.70999999999998,3,NA
"6817",44,26,2,1,1,1,0,3.08000000000001,5,NA
"6818",44,52,2,1,1,1,0,2.44999999999999,5,NA
"6819",44,72,2,1,1,1,1,2.5,2,NA
"6820",44,67,2,1,1,1,1,2.50999999999999,5,NA
"6821",44,73,2,1,1,1,1,2.82999999999998,3,NA
"6822",44,23,2,1,1,0,0,3.02000000000001,1,NA
"6823",44,40,2,1,1,1,0,2.43000000000001,5,NA
"6824",44,13,2,1,1,1,0,2.62,5,NA
"6825",44,71,2,1,1,0,1,3.45000000000002,2,NA
"6826",44,60,2,1,1,1,0,2.05000000000001,3,NA
"6827",44,21,2,1,1,1,0,2.95000000000005,3,NA
"6828",44,74,2,1,1,1,1,3.07999999999998,2,NA
"6829",44,2,2,1,1,0,0,3.75999999999999,4,NA
"6830",44,89,2,1,1,1,1,2.10000000000002,4,NA
"6831",44,57,2,1,1,0,0,2.72000000000003,2,NA
"6832",44,79,2,1,1,1,1,1.81999999999999,5,NA
"6833",44,77,2,1,1,0,1,2.74000000000001,2,NA
"6834",44,87,2,1,1,1,1,2.51999999999998,5,NA
"6835",44,86,2,1,1,1,1,2.89000000000004,3,NA
"6836",44,35,2,1,1,0,0,2.72000000000003,4,NA
"6837",44,84,2,1,1,0,1,2.42000000000002,5,NA
"6838",44,78,2,1,1,1,1,2.12,3,NA
"6839",44,19,2,1,1,0,0,2.20999999999998,5,NA
"6840",44,61,2,1,1,1,1,3.25999999999999,4,NA
"6841",44,33,2,1,1,0,0,3.05000000000001,4,NA
"6842",44,80,2,1,1,0,1,3.85000000000002,2,NA
"6843",44,4,2,1,1,0,0,3.39000000000004,4,NA
"6844",44,53,2,1,1,1,0,2.80000000000001,3,NA
"6845",44,66,2,1,1,1,1,2.71999999999997,4,NA
"6846",44,85,2,1,1,0,1,3.19999999999999,2,NA
"6847",44,46,2,1,1,1,0,6.23999999999995,2,NA
"6848",44,76,2,1,1,1,1,3.09000000000003,5,NA
"6849",44,39,2,1,1,1,0,2.62,5,NA
"6850",44,68,2,1,1,1,1,2.05000000000001,5,NA
"6851",44,43,2,1,1,0,0,2.58000000000004,3,NA
"6852",44,30,2,1,1,1,0,3.75,5,NA
"6853",44,54,2,1,1,1,0,3.73000000000002,4,NA
"6854",44,18,2,1,1,0,0,3.51999999999998,1,NA
"6855",46,90,2,1,1,0,1,3.97,2,NA
"6856",46,47,2,1,1,1,0,2.98999999999999,1,NA
"6857",46,37,2,1,1,0,0,3.62,1,NA
"6858",46,58,2,1,1,1,0,3.38,3,NA
"6859",46,74,2,1,1,0,1,3.09,1,NA
"6860",46,86,2,1,1,1,1,3.63999999999999,2,NA
"6861",46,84,2,1,1,0,1,2.56999999999999,1,NA
"6862",46,82,2,1,1,1,1,2.61999999999998,1,NA
"6863",46,65,2,1,1,1,1,3.58000000000001,2,NA
"6864",46,79,2,1,1,0,1,2.88,1,NA
"6865",46,88,2,1,1,0,1,2.25,1,NA
"6866",46,69,2,1,1,0,1,3.09999999999999,1,NA
"6867",46,75,2,1,1,0,1,2.67000000000002,1,NA
"6868",46,55,2,1,1,1,0,2.30999999999997,3,NA
"6869",46,5,2,1,1,1,0,4.30000000000001,1,NA
"6870",46,36,2,1,1,1,0,3.65000000000001,3,NA
"6871",46,51,2,1,1,0,0,3.42000000000002,5,NA
"6872",46,78,2,1,1,1,1,3.30000000000001,2,NA
"6873",46,76,2,1,1,0,1,3.95000000000002,4,NA
"6874",46,63,2,1,1,0,1,3.05000000000001,4,NA
"6875",46,87,2,1,1,1,1,2.45000000000002,3,NA
"6876",46,85,2,1,1,1,1,3.99000000000001,2,NA
"6877",46,16,2,1,1,1,0,3.75,1,NA
"6878",46,10,2,1,1,1,0,3.40000000000003,2,NA
"6879",46,49,2,1,1,0,0,3.15999999999997,1,NA
"6880",46,61,2,1,1,0,1,3.80000000000001,1,NA
"6881",46,71,2,1,1,0,1,3.31,1,NA
"6882",46,89,2,1,1,0,1,3.13999999999999,1,NA
"6883",46,27,2,1,1,1,0,2.86000000000001,2,NA
"6884",46,44,2,1,1,1,0,3.19,1,NA
"6885",46,50,2,1,1,0,0,3.31,2,NA
"6886",46,70,2,1,1,0,1,3.56,1,NA
"6887",46,22,2,1,1,0,0,5.80000000000001,1,NA
"6888",46,9,2,1,1,0,0,3.09999999999997,4,NA
"6889",46,34,2,1,1,1,0,6.49000000000001,1,NA
"6890",46,32,2,1,1,1,0,4.51999999999998,1,NA
"6891",46,81,2,1,1,1,1,2.54000000000002,5,NA
"6892",46,25,2,1,1,1,0,4.94999999999999,1,NA
"6893",46,17,2,1,1,0,0,5.23000000000002,1,NA
"6894",46,62,2,1,1,0,1,4.98000000000002,5,NA
"6895",46,24,2,1,1,0,0,5.58999999999997,1,NA
"6896",46,8,2,1,1,0,0,3.13,1,NA
"6897",46,1,2,1,1,0,0,2.94,1,NA
"6898",46,11,2,1,1,0,0,2.89999999999998,1,NA
"6899",46,80,2,1,1,1,1,2.34999999999997,2,NA
"6900",46,29,2,1,1,0,0,2.07999999999998,1,NA
"6901",46,68,2,1,1,0,1,2.50999999999999,1,NA
"6902",46,67,2,1,1,0,1,3.25999999999999,5,NA
"6903",46,64,2,1,1,0,1,3.57999999999998,1,NA
"6904",46,12,2,1,1,1,0,3.01999999999998,1,NA
"6905",46,14,2,1,1,1,0,4.5,1,NA
"6906",46,83,2,1,1,1,1,2.60000000000002,5,NA
"6907",46,7,2,1,1,0,0,3.63999999999999,2,NA
"6908",46,42,2,1,1,0,0,4.13999999999999,1,NA
"6909",46,48,2,1,1,1,0,4.72000000000003,5,NA
"6910",46,73,2,1,1,1,1,3.17000000000002,2,NA
"6911",46,41,2,1,1,0,0,3.61000000000001,2,NA
"6912",46,77,2,1,1,0,1,4.25999999999999,1,NA
"6913",46,72,2,1,1,1,1,3.16000000000008,1,NA
"6914",46,66,2,1,1,1,1,3.78999999999996,1,NA
"6915",47,6,2,1,1,1,0,6.47,1,NA
"6916",47,27,2,1,1,0,1,7.33,1,NA
"6917",47,9,2,1,1,0,1,8.89000000000001,2,NA
"6918",47,59,2,1,1,0,0,6.76000000000002,1,NA
"6919",47,14,2,1,1,1,1,6.5,3,NA
"6920",47,44,2,1,1,0,1,9.78,1,NA
"6921",47,21,2,1,1,0,0,5.47,1,NA
"6922",47,39,2,1,1,0,0,4.86000000000001,1,NA
"6923",47,40,2,1,1,1,0,5.80000000000001,2,NA
"6924",47,28,2,1,1,0,0,6.84999999999999,1,NA
"6925",47,53,2,1,1,0,0,4.90000000000001,1,NA
"6926",47,48,2,1,1,0,1,5.69999999999999,1,NA
"6927",47,32,2,1,1,0,1,7.35000000000002,1,NA
"6928",47,16,2,1,1,0,1,5.83999999999997,1,NA
"6929",47,34,2,1,1,1,1,8.33000000000004,2,NA
"6930",47,57,2,1,1,1,0,6.34999999999997,1,NA
"6931",47,11,2,1,1,0,1,7.28000000000003,1,NA
"6932",47,37,2,1,1,0,1,3.56,1,NA
"6933",47,8,2,1,1,0,1,4.22000000000003,3,NA
"6934",47,36,2,1,1,0,1,4.06999999999999,1,NA
"6935",47,31,2,1,1,1,0,7.74000000000001,1,NA
"6936",47,41,2,1,1,0,1,4.92000000000002,1,NA
"6937",47,33,2,1,1,0,0,5.07000000000005,1,NA
"6938",47,58,2,1,1,1,1,7.15000000000003,1,NA
"6939",47,25,2,1,1,0,1,5.58999999999997,1,NA
"6940",47,51,2,1,1,1,1,6.00999999999999,1,NA
"6941",47,54,2,1,1,0,0,7.74000000000001,1,NA
"6942",47,42,2,1,1,1,1,8.97000000000003,2,NA
"6943",47,49,2,1,1,1,1,6.06,3,NA
"6944",47,3,2,1,1,0,0,4.62000000000001,1,NA
"6945",47,24,2,1,1,0,1,5.70999999999998,1,NA
"6946",47,55,2,1,1,0,1,3.40999999999997,1,NA
"6947",47,38,2,1,1,1,0,6.50999999999999,1,NA
"6948",47,30,2,1,1,0,0,9.32999999999998,1,NA
"6949",47,35,2,1,1,1,0,5.93000000000006,3,NA
"6950",47,50,2,1,1,0,1,7.14999999999998,1,NA
"6951",47,13,2,1,1,0,0,5.85000000000002,1,NA
"6952",47,56,2,1,1,1,0,8.40999999999997,1,NA
"6953",47,20,2,1,1,1,0,6.79999999999996,5,NA
"6954",47,5,2,1,1,1,1,6.77999999999997,3,NA
"6955",47,17,2,1,1,0,1,3.05999999999994,1,NA
"6956",47,47,2,1,1,0,1,7.80999999999995,1,NA
"6957",47,43,2,1,1,0,0,2.57999999999993,1,NA
"6958",47,46,2,1,1,0,0,4.63999999999999,1,NA
"6959",47,4,2,1,1,0,0,7.38999999999999,1,NA
"6960",47,12,2,1,1,0,1,2.06000000000006,1,NA
"6961",47,18,2,1,1,0,0,3.85000000000002,1,NA
"6962",47,45,2,1,1,0,0,6.69999999999993,1,NA
"6963",47,1,2,1,1,1,1,7.55999999999995,1,NA
"6964",47,26,2,1,1,1,0,5.37000000000001,1,NA
"6965",48,17,2,1,1,0,0,5.25999999999999,1,NA
"6966",48,6,2,1,1,1,1,3.27000000000001,1,NA
"6967",48,55,2,1,1,0,0,5.75,2,NA
"6968",48,22,2,1,1,1,0,6.00999999999999,1,NA
"6969",48,9,2,1,1,1,0,3.79999999999998,2,NA
"6970",48,28,2,1,1,1,1,7.10999999999999,1,NA
"6971",48,44,2,1,1,1,0,5.92000000000002,2,NA
"6972",48,23,2,1,1,1,1,7.30000000000001,1,NA
"6973",48,49,2,1,1,1,0,5.27000000000001,1,NA
"6974",48,2,2,1,1,1,1,3.55000000000001,1,NA
"6975",48,21,2,1,1,1,1,5.52000000000001,1,NA
"6976",48,29,2,1,1,1,0,4.05000000000001,1,NA
"6977",48,51,2,1,1,0,0,6.12999999999999,1,NA
"6978",48,20,2,1,1,1,1,4.45999999999998,4,NA
"6979",48,25,2,1,1,0,0,6.13999999999999,1,NA
"6980",48,53,2,1,1,1,1,4.72999999999996,1,NA
"6981",48,41,2,1,1,0,0,7.51000000000005,1,NA
"6982",48,1,2,1,1,1,0,8.96000000000004,1,NA
"6983",48,43,2,1,1,1,1,6.52000000000004,1,NA
"6984",48,34,2,1,1,0,0,3.81,6,NA
"6985",48,58,2,1,1,1,0,4.39999999999998,1,NA
"6986",48,46,2,1,1,1,1,6.31999999999999,4,NA
"6987",48,50,2,1,1,1,0,4.09999999999997,6,NA
"6988",48,54,2,1,1,1,1,7.87000000000001,2,NA
"6989",48,19,2,1,1,0,1,5.76999999999998,3,NA
"6990",48,8,2,1,1,0,0,4.03999999999996,2,NA
"6991",48,45,2,1,1,1,1,3.69,1,NA
"6992",48,18,2,1,1,1,1,3.56999999999999,1,NA
"6993",48,60,2,1,1,0,1,7.43000000000001,3,NA
"6994",48,27,2,1,1,1,0,5.21999999999997,1,NA
"6995",48,15,2,1,1,0,1,4.69999999999999,1,NA
"6996",48,32,2,1,1,0,0,6.51999999999998,1,NA
"6997",48,30,2,1,1,1,1,5.27000000000004,1,NA
"6998",48,35,2,1,1,0,1,4.31999999999999,5,NA
"6999",48,48,2,1,1,1,0,3.96000000000004,4,NA
"7000",48,39,2,1,1,1,1,4.75,2,NA
"7001",48,33,2,1,1,1,1,4.70999999999998,1,NA
"7002",48,38,2,1,1,1,1,3.31999999999999,1,NA
"7003",48,56,2,1,1,1,1,3.15000000000003,1,NA
"7004",48,57,2,1,1,1,1,4.76999999999998,1,NA
"7005",48,10,2,1,1,0,0,7.29000000000002,2,NA
"7006",48,7,2,1,1,1,0,4.75999999999999,1,NA
"7007",48,16,2,1,1,1,0,3.39999999999998,1,NA
"7008",48,59,2,1,1,1,1,4.01999999999998,1,NA
"7009",48,5,2,1,1,1,0,7.79999999999996,2,NA
"7010",48,42,2,1,1,1,0,8.98000000000002,2,NA
"7011",48,40,2,1,1,0,1,5.40999999999997,1,NA
"7012",48,3,2,1,1,1,1,4.27000000000009,1,NA
"7013",48,37,2,1,1,0,0,4.30999999999995,1,NA
"7014",48,36,2,1,1,0,0,5.27999999999997,3,NA
"7015",48,31,2,1,1,1,1,5.43999999999994,3,NA
"7016",48,4,2,1,1,0,1,5.39999999999998,2,NA
"7017",48,26,2,1,1,1,1,4.28999999999996,2,NA
"7018",48,13,2,1,1,1,1,3.79999999999995,1,NA
"7019",48,52,2,1,1,1,1,4.50999999999999,1,NA
"7020",48,47,2,1,1,1,0,6.22000000000003,1,NA
"7021",48,11,2,1,1,1,0,4.20999999999992,1,NA
"7022",48,12,2,1,1,1,0,3.14999999999998,1,NA
"7023",48,14,2,1,1,1,0,5.62000000000001,2,NA
"7024",49,106,2,1,1,0,0,2.34999999999999,4,NA
"7025",49,75,2,1,1,0,1,3.52000000000001,4,NA
"7026",49,100,2,1,1,1,0,2.03,4,NA
"7027",49,98,2,1,1,0,0,3.98000000000002,2,NA
"7028",49,74,2,1,1,0,1,3.90000000000001,1,NA
"7029",49,104,2,1,1,0,0,2.48999999999998,1,NA
"7030",49,63,2,1,1,0,1,5.41999999999999,1,NA
"7031",49,103,2,1,1,1,0,4.00999999999999,6,NA
"7032",49,108,2,1,1,1,0,2.97,3,NA
"7033",49,118,2,1,1,1,0,2.98999999999998,5,NA
"7034",49,105,2,1,1,1,0,3.72,2,NA
"7035",49,72,2,1,1,1,1,4.01999999999998,3,NA
"7036",49,77,2,1,1,0,1,3.70000000000002,2,NA
"7037",49,95,2,1,1,0,0,2.49000000000001,4,NA
"7038",49,93,2,1,1,0,0,2.76999999999998,2,NA
"7039",49,99,2,1,1,1,0,6.04999999999998,2,NA
"7040",49,90,2,1,1,1,1,2.74000000000001,2,NA
"7041",49,92,2,1,1,0,0,4.08000000000004,1,NA
"7042",49,102,2,1,1,0,0,2.60000000000002,2,NA
"7043",49,116,2,1,1,1,0,5.87000000000001,2,NA
"7044",49,85,2,1,1,0,1,7.06,1,NA
"7045",49,83,2,1,1,0,1,6,2,NA
"7046",49,111,2,1,1,1,0,4.92000000000002,1,NA
"7047",49,79,2,1,1,1,1,5.27999999999997,1,NA
"7048",49,114,2,1,1,0,0,4.62000000000001,2,NA
"7049",49,109,2,1,1,0,0,5.44999999999999,1,NA
"7050",49,96,2,1,1,0,0,5.47999999999996,1,NA
"7051",49,86,2,1,1,0,1,3.94999999999999,4,NA
"7052",49,117,2,1,1,1,0,3.12,2,NA
"7053",49,119,2,1,1,1,0,2.83000000000004,3,NA
"7054",49,61,2,1,1,1,1,4.31999999999999,3,NA
"7055",49,76,2,1,1,1,1,3.43000000000001,3,NA
"7056",49,115,2,1,1,1,0,3.63,2,NA
"7057",49,97,2,1,1,0,0,2.61999999999995,1,NA
"7058",49,101,2,1,1,0,0,1.80000000000001,1,NA
"7059",49,67,2,1,1,1,1,5.11000000000001,1,NA
"7060",49,71,2,1,1,0,1,5.37000000000001,1,NA
"7061",49,66,2,1,1,1,1,2.53000000000003,2,NA
"7062",49,64,2,1,1,1,1,6.21999999999997,1,NA
"7063",49,65,2,1,1,1,1,3.15000000000003,3,NA
"7064",49,73,2,1,1,1,1,6.96999999999997,3,NA
"7065",49,70,2,1,1,1,1,2.27999999999997,6,NA
"7066",49,84,2,1,1,1,1,1.95999999999998,4,NA
"7067",49,107,2,1,1,1,0,2.31,2,NA
"7068",49,62,2,1,1,1,1,4.26000000000005,3,NA
"7069",49,82,2,1,1,1,1,3.43000000000001,2,NA
"7070",49,69,2,1,1,1,1,2.87,3,NA
"7071",49,87,2,1,1,1,1,7.37999999999994,4,NA
"7072",49,78,2,1,1,0,1,6.10000000000002,1,NA
"7073",49,89,2,1,1,1,1,2.47000000000003,5,NA
"7074",49,81,2,1,1,1,1,4.04999999999996,2,NA
"7075",49,94,2,1,1,0,0,3,5,NA
"7076",49,110,2,1,1,1,0,3.5,2,NA
"7077",49,112,2,1,1,0,0,4.49000000000001,5,NA
"7078",49,80,2,1,1,1,1,2.75,2,NA
"7079",49,113,2,1,1,0,0,6.14999999999998,1,NA
"7080",49,120,2,1,1,1,0,4.59000000000003,1,NA
"7081",49,91,2,1,1,0,0,4.82999999999993,1,NA
"7082",49,68,2,1,1,0,1,7.41999999999996,1,NA
"7083",50,117,2,1,1,1,1,1.86,1,NA
"7084",50,87,2,1,1,1,0,2.03,2,NA
"7085",50,79,2,1,1,0,0,1.53999999999999,1,NA
"7086",50,120,2,1,1,1,1,1.5,4,NA
"7087",50,109,2,1,1,0,1,1.73,1,NA
"7088",50,114,2,1,1,0,1,2.20999999999999,2,NA
"7089",50,65,2,1,1,1,0,2.47,2,NA
"7090",50,85,2,1,1,1,0,2.78,5,NA
"7091",50,93,2,1,1,1,1,2.73999999999999,3,NA
"7092",50,67,2,1,1,0,0,1.93000000000001,3,NA
"7093",50,100,2,1,1,1,1,2.37,2,NA
"7094",50,77,2,1,1,0,0,3.08000000000001,1,NA
"7095",50,81,2,1,1,1,0,2.40000000000001,3,NA
"7096",50,91,2,1,1,1,1,2.28999999999999,4,NA
"7097",50,97,2,1,1,1,1,5.06999999999999,3,NA
"7098",50,71,2,1,1,1,0,4.35999999999999,2,NA
"7099",50,92,2,1,1,0,1,1.64000000000002,2,NA
"7100",50,110,2,1,1,1,1,1.54999999999998,5,NA
"7101",50,80,2,1,1,1,0,2,3,NA
"7102",50,96,2,1,1,0,1,1.15000000000001,2,NA
"7103",50,118,2,1,1,1,1,1.91,5,NA
"7104",50,101,2,1,1,1,1,1.34999999999999,6,NA
"7105",50,66,2,1,1,0,0,2.5,4,NA
"7106",50,116,2,1,1,1,1,1.75,4,NA
"7107",50,69,2,1,1,0,0,3.10999999999999,2,NA
"7108",50,103,2,1,1,1,1,2.31,6,NA
"7109",50,63,2,1,1,0,0,3.78,2,NA
"7110",50,68,2,1,1,0,0,2.31999999999999,3,NA
"7111",50,75,2,1,1,0,0,2.25,2,NA
"7112",50,111,2,1,1,0,1,3.23000000000002,2,NA
"7113",50,61,2,1,1,0,0,3.22999999999999,2,NA
"7114",50,84,2,1,1,1,0,3.03999999999999,5,NA
"7115",50,83,2,1,1,0,0,4.20000000000002,2,NA
"7116",50,72,2,1,1,0,0,2.94,2,NA
"7117",50,89,2,1,1,0,0,1.77999999999997,4,NA
"7118",50,112,2,1,1,0,1,3.15000000000003,2,NA
"7119",50,73,2,1,1,0,0,3.84000000000003,3,NA
"7120",50,74,2,1,1,0,0,2.14999999999998,2,NA
"7121",50,95,2,1,1,1,1,2.16999999999996,3,NA
"7122",50,64,2,1,1,0,0,1.66999999999996,3,NA
"7123",50,119,2,1,1,1,1,3,2,NA
"7124",50,105,2,1,1,1,1,1.78000000000003,5,NA
"7125",50,106,2,1,1,0,1,3.23000000000002,3,NA
"7126",50,62,2,1,1,0,0,7.08000000000004,3,NA
"7127",50,90,2,1,1,0,0,2.52000000000004,3,NA
"7128",50,88,2,1,1,0,0,2.53000000000003,5,NA
"7129",50,94,2,1,1,1,1,2.07999999999998,3,NA
"7130",50,82,2,1,1,1,0,2.17000000000002,4,NA
"7131",50,108,2,1,1,0,1,3,4,NA
"7132",50,70,2,1,1,0,0,3.07000000000005,3,NA
"7133",50,78,2,1,1,0,0,1.92000000000002,2,NA
"7134",50,86,2,1,1,1,0,2.94,4,NA
"7135",50,104,2,1,1,1,1,2.73000000000002,3,NA
"7136",50,102,2,1,1,1,1,2.43000000000001,2,NA
"7137",50,113,2,1,1,0,1,2.93000000000001,3,NA
"7138",50,107,2,1,1,1,1,2.48000000000002,2,NA
"7139",50,99,2,1,1,0,1,2.79000000000002,2,NA
"7140",50,115,2,1,1,0,1,3.06,4,NA
"7141",50,98,2,1,1,1,1,2.20999999999998,5,NA
"7142",52,40,2,1,1,0,0,4.11999999999999,2,NA
"7143",52,113,2,1,1,1,1,7.71000000000001,2,NA
"7144",52,13,2,1,1,0,0,4.27,2,NA
"7145",52,31,2,1,1,1,0,7.07000000000001,2,NA
"7146",52,101,2,1,1,0,1,4.77,4,NA
"7147",52,106,2,1,1,0,1,4.48999999999999,2,NA
"7148",52,119,2,1,1,1,1,3.75,3,NA
"7149",52,39,2,1,1,0,0,7.10000000000002,3,NA
"7150",52,120,2,1,1,0,1,5.78,1,NA
"7151",52,92,2,1,1,1,1,4.75999999999999,2,NA
"7152",52,97,2,1,1,1,1,3.05000000000001,2,NA
"7153",52,59,2,1,1,0,0,6.58000000000001,2,NA
"7154",52,45,2,1,1,1,0,5.68000000000001,3,NA
"7155",52,18,2,1,1,1,0,7.13000000000002,1,NA
"7156",52,96,2,1,1,1,1,3.59999999999999,2,NA
"7157",52,95,2,1,1,1,1,4.60999999999999,3,NA
"7158",52,30,2,1,1,1,0,8.09999999999999,1,NA
"7159",52,100,2,1,1,1,1,7.44,2,NA
"7160",52,15,2,1,1,1,0,3.32999999999998,1,NA
"7161",52,94,2,1,1,0,1,4.53,2,NA
"7162",52,26,2,1,1,1,0,5.31,5,NA
"7163",52,99,2,1,1,1,1,3.60000000000002,2,NA
"7164",52,52,2,1,1,0,0,8.03000000000003,2,NA
"7165",52,109,2,1,1,0,1,4.76999999999998,2,NA
"7166",52,117,2,1,1,1,1,4.75,2,NA
"7167",52,111,2,1,1,1,1,2.99000000000001,2,NA
"7168",52,28,2,1,1,1,0,3.14999999999998,2,NA
"7169",52,107,2,1,1,0,1,2.13999999999999,2,NA
"7170",52,103,2,1,1,1,1,4.56999999999999,3,NA
"7171",52,102,2,1,1,1,1,7.02000000000004,2,NA
"7172",52,53,2,1,1,1,0,3.33999999999997,1,NA
"7173",52,46,2,1,1,1,0,7.59999999999997,1,NA
"7174",52,110,2,1,1,0,1,5.94999999999999,3,NA
"7175",52,104,2,1,1,1,1,2.94,1,NA
"7176",52,6,2,1,1,0,0,4.44,3,NA
"7177",52,112,2,1,1,0,1,5.12000000000001,5,NA
"7178",52,43,2,1,1,1,0,6.23000000000002,2,NA
"7179",52,116,2,1,1,1,1,5.16000000000003,2,NA
"7180",52,118,2,1,1,1,1,4.13999999999999,2,NA
"7181",52,108,2,1,1,1,1,2.29000000000002,3,NA
"7182",52,105,2,1,1,1,1,4.06999999999999,3,NA
"7183",52,19,2,1,1,0,0,5.13000000000005,3,NA
"7184",52,98,2,1,1,1,1,4.65000000000003,2,NA
"7185",52,91,2,1,1,1,1,2.44999999999999,3,NA
"7186",52,20,2,1,1,1,0,3.76999999999998,3,NA
"7187",52,60,2,1,1,1,0,3.76000000000005,3,NA
"7188",52,54,2,1,1,1,0,4.09999999999997,1,NA
"7189",52,57,2,1,1,1,0,4.33000000000004,1,NA
"7190",52,56,2,1,1,1,0,3.09000000000003,1,NA
"7191",52,2,2,1,1,0,0,6.20999999999998,5,NA
"7192",52,4,2,1,1,0,0,4.88999999999999,5,NA
"7193",52,93,2,1,1,1,1,4.38999999999999,2,NA
"7194",52,38,2,1,1,1,0,3.39999999999998,2,NA
"7195",52,115,2,1,1,1,1,6.06999999999999,2,NA
"7196",52,33,2,1,1,1,0,4.37999999999988,2,NA
"7197",52,114,2,1,1,1,1,4.67000000000007,1,NA
"7198",52,23,2,1,1,1,0,3.14999999999998,1,NA
"7199",52,21,2,1,1,1,0,7.62000000000001,2,NA
"7200",52,3,2,1,1,1,0,3.77999999999997,1,NA
"7201",52,35,2,1,1,1,0,2.83000000000004,2,NA
"7202",53,89,2,1,1,0,0,1.88000000000001,1,NA
"7203",53,70,2,1,1,0,0,3.01000000000001,3,NA
"7204",53,77,2,1,1,1,0,3.22,2,NA
"7205",53,23,2,1,1,0,1,3.98,2,NA
"7206",53,84,2,1,1,0,0,2.47999999999999,4,NA
"7207",53,81,2,1,1,0,0,3.61,4,NA
"7208",53,85,2,1,1,1,0,3.31999999999999,4,NA
"7209",53,60,2,1,1,0,1,3.01000000000002,4,NA
"7210",53,83,2,1,1,0,0,3.06999999999999,6,NA
"7211",53,78,2,1,1,0,0,1.72999999999999,1,NA
"7212",53,75,2,1,1,0,0,3.20000000000002,4,NA
"7213",53,39,2,1,1,0,1,3.43000000000001,6,NA
"7214",53,79,2,1,1,1,0,3.62,2,NA
"7215",53,88,2,1,1,0,0,3.85999999999999,1,NA
"7216",53,71,2,1,1,0,0,5.03,2,NA
"7217",53,80,2,1,1,1,0,3.70000000000002,3,NA
"7218",53,62,2,1,1,0,0,9.27000000000001,6,NA
"7219",53,68,2,1,1,0,0,2.79999999999998,5,NA
"7220",53,43,2,1,1,0,1,3.30000000000001,1,NA
"7221",53,6,2,1,1,0,1,4.31999999999999,4,NA
"7222",53,66,2,1,1,1,0,2.59,3,NA
"7223",53,61,2,1,1,0,0,4.67000000000002,1,NA
"7224",53,87,2,1,1,1,0,2.59,4,NA
"7225",53,65,2,1,1,1,0,2.92999999999998,3,NA
"7226",53,15,2,1,1,1,1,5.37000000000001,5,NA
"7227",53,57,2,1,1,1,1,2.88,6,NA
"7228",53,21,2,1,1,1,1,9.43000000000001,3,NA
"7229",53,31,2,1,1,1,1,5.03000000000003,3,NA
"7230",53,69,2,1,1,1,0,3.36999999999995,5,NA
"7231",53,67,2,1,1,0,0,4.12999999999999,6,NA
"7232",53,30,2,1,1,1,1,3.47000000000003,4,NA
"7233",53,64,2,1,1,0,0,2.34000000000003,1,NA
"7234",53,13,2,1,1,1,1,2.73999999999995,6,NA
"7235",53,63,2,1,1,1,0,3.15999999999997,4,NA
"7236",53,90,2,1,1,1,0,4.70000000000004,3,NA
"7237",53,45,2,1,1,1,1,5.07999999999998,4,NA
"7238",53,26,2,1,1,1,1,3.24000000000001,3,NA
"7239",53,28,2,1,1,0,1,3.95000000000005,5,NA
"7240",53,52,2,1,1,1,1,6.44,3,NA
"7241",53,53,2,1,1,0,1,3.24000000000001,1,NA
"7242",53,72,2,1,1,1,0,5.81,1,NA
"7243",53,4,2,1,1,1,1,5.28000000000003,1,NA
"7244",53,59,2,1,1,1,1,4.03000000000003,4,NA
"7245",53,2,2,1,1,1,1,5.58999999999997,2,NA
"7246",53,38,2,1,1,0,1,4.56999999999999,1,NA
"7247",53,46,2,1,1,0,1,3.43000000000001,1,NA
"7248",53,56,2,1,1,0,1,6.94,1,NA
"7249",53,54,2,1,1,1,1,6.12999999999999,2,NA
"7250",53,73,2,1,1,0,0,6.18000000000001,4,NA
"7251",53,74,2,1,1,1,0,5.01999999999998,2,NA
"7252",53,33,2,1,1,1,1,4.68000000000001,2,NA
"7253",53,40,2,1,1,0,1,3.30000000000001,6,NA
"7254",53,86,2,1,1,1,0,3.28000000000003,6,NA
"7255",53,20,2,1,1,1,1,3.48999999999995,5,NA
"7256",53,76,2,1,1,0,0,4.87000000000001,4,NA
"7257",53,18,2,1,1,0,1,5.28000000000003,4,NA
"7258",53,19,2,1,1,0,1,4.31,6,NA
"7259",53,3,2,1,1,1,1,3.35000000000002,2,NA
"7260",53,35,2,1,1,0,1,5.28000000000003,5,NA
"7261",53,82,2,1,1,1,0,3.77000000000004,3,NA
"7262",54,67,2,1,1,0,1,4.09000000000001,1,NA
"7263",54,79,2,1,1,1,1,2.59999999999999,3,NA
"7264",54,77,2,1,1,1,1,4.21000000000001,6,NA
"7265",54,86,2,1,1,1,1,4.11999999999999,5,NA
"7266",54,87,2,1,1,1,1,3.28999999999999,6,NA
"7267",54,4,2,1,1,0,0,2.77,5,NA
"7268",54,3,2,1,1,1,0,2.42,6,NA
"7269",54,62,2,1,1,1,1,3.29000000000001,3,NA
"7270",54,69,2,1,1,0,1,3.77000000000001,1,NA
"7271",54,43,2,1,1,0,0,2.42,1,NA
"7272",54,46,2,1,1,1,0,2.88999999999999,4,NA
"7273",54,84,2,1,1,0,1,2.69999999999999,2,NA
"7274",54,6,2,1,1,0,0,3.09,2,NA
"7275",54,72,2,1,1,0,1,3.60000000000002,1,NA
"7276",54,59,2,1,1,1,0,2.41999999999999,3,NA
"7277",54,65,2,1,1,1,1,5.19,1,NA
"7278",54,45,2,1,1,0,0,5.09999999999999,1,NA
"7279",54,38,2,1,1,1,0,2.54999999999998,3,NA
"7280",54,33,2,1,1,1,0,2.69999999999999,2,NA
"7281",54,81,2,1,1,1,1,3.39000000000001,5,NA
"7282",54,68,2,1,1,1,1,3.14999999999998,3,NA
"7283",54,18,2,1,1,1,0,4.47,2,NA
"7284",54,83,2,1,1,0,1,4.77000000000001,3,NA
"7285",54,70,2,1,1,0,1,3.07999999999998,5,NA
"7286",54,54,2,1,1,1,0,4.87999999999999,1,NA
"7287",54,21,2,1,1,1,0,4.29000000000002,2,NA
"7288",54,78,2,1,1,1,1,2.55000000000001,5,NA
"7289",54,88,2,1,1,0,1,2.64999999999998,2,NA
"7290",54,89,2,1,1,1,1,3.83999999999997,1,NA
"7291",54,75,2,1,1,1,1,4.63999999999999,5,NA
"7292",54,76,2,1,1,1,1,2.47000000000003,6,NA
"7293",54,53,2,1,1,1,0,3.25,5,NA
"7294",54,40,2,1,1,0,0,3.31,5,NA
"7295",54,52,2,1,1,0,0,3.39999999999998,3,NA
"7296",54,30,2,1,1,1,0,3.74000000000001,1,NA
"7297",54,39,2,1,1,0,0,2.48999999999995,1,NA
"7298",54,90,2,1,1,1,1,2.27000000000004,2,NA
"7299",54,20,2,1,1,0,0,2.66000000000003,1,NA
"7300",54,13,2,1,1,0,0,2.79000000000002,1,NA
"7301",54,74,2,1,1,0,1,2.05000000000001,5,NA
"7302",54,66,2,1,1,1,1,2.5,3,NA
"7303",54,2,2,1,1,0,0,5.37000000000001,2,NA
"7304",54,80,2,1,1,1,1,2.33000000000004,1,NA
"7305",54,28,2,1,1,0,0,2.26000000000005,3,NA
"7306",54,64,2,1,1,0,1,2.64000000000004,5,NA
"7307",54,71,2,1,1,1,1,4.87999999999999,1,NA
"7308",54,57,2,1,1,1,0,5.05000000000001,1,NA
"7309",54,73,2,1,1,1,1,3.62,5,NA
"7310",54,26,2,1,1,0,0,6.26999999999998,3,NA
"7311",54,15,2,1,1,0,0,8.56,5,NA
"7312",54,61,2,1,1,1,1,3.05000000000001,1,NA
"7313",54,23,2,1,1,0,0,3.88,4,NA
"7314",54,63,2,1,1,1,1,4.12000000000001,3,NA
"7315",54,31,2,1,1,1,0,4.17000000000002,1,NA
"7316",54,60,2,1,1,1,0,1.99000000000001,1,NA
"7317",54,56,2,1,1,1,0,2.77999999999997,3,NA
"7318",54,85,2,1,1,0,1,2.19,5,NA
"7319",54,35,2,1,1,0,0,6.21999999999997,6,NA
"7320",54,82,2,1,1,1,1,2.28000000000003,5,NA
"7321",54,19,2,1,1,0,0,2.30000000000001,5,NA
"7322",55,112,2,1,1,1,0,2.39,3,NA
"7323",55,92,2,1,1,0,0,2.61,2,NA
"7324",55,113,2,1,1,0,0,3.47,2,NA
"7325",55,86,2,1,1,0,1,3.51000000000001,2,NA
"7326",55,89,2,1,1,0,1,2.86999999999999,2,NA
"7327",55,98,2,1,1,1,0,4.93000000000001,3,NA
"7328",55,76,2,1,1,1,1,2.17999999999999,4,NA
"7329",55,78,2,1,1,1,1,2.29000000000001,2,NA
"7330",55,109,2,1,1,0,0,3.45,1,NA
"7331",55,101,2,1,1,0,0,4.92,2,NA
"7332",55,63,2,1,1,1,1,3.58000000000001,4,NA
"7333",55,67,2,1,1,0,1,1.94,2,NA
"7334",55,99,2,1,1,1,0,3.24000000000001,2,NA
"7335",55,94,2,1,1,1,0,2.84,2,NA
"7336",55,119,2,1,1,1,0,1.88999999999999,3,NA
"7337",55,87,2,1,1,1,1,3.29999999999998,2,NA
"7338",55,61,2,1,1,0,1,5.12999999999999,2,NA
"7339",55,85,2,1,1,1,1,2.80000000000001,4,NA
"7340",55,79,2,1,1,1,1,2.47,1,NA
"7341",55,106,2,1,1,0,0,1.59,5,NA
"7342",55,68,2,1,1,0,1,3.5,2,NA
"7343",55,88,2,1,1,0,1,3.78,2,NA
"7344",55,69,2,1,1,1,1,1.67999999999998,2,NA
"7345",55,81,2,1,1,1,1,2.97999999999999,2,NA
"7346",55,116,2,1,1,0,0,2.69,3,NA
"7347",55,70,2,1,1,1,1,1.67000000000002,3,NA
"7348",55,107,2,1,1,0,0,3.07999999999998,2,NA
"7349",55,111,2,1,1,0,0,2.42000000000002,2,NA
"7350",55,72,2,1,1,0,1,2.74000000000001,2,NA
"7351",55,65,2,1,1,1,1,3.22999999999999,2,NA
"7352",55,110,2,1,1,0,0,3.84999999999999,2,NA
"7353",55,118,2,1,1,1,0,2.17000000000002,4,NA
"7354",55,90,2,1,1,1,1,2.60000000000002,2,NA
"7355",55,104,2,1,1,0,0,2.70000000000005,2,NA
"7356",55,84,2,1,1,1,1,2.14999999999998,4,NA
"7357",55,114,2,1,1,1,0,3.74000000000001,2,NA
"7358",55,82,2,1,1,0,1,2.84999999999997,2,NA
"7359",55,77,2,1,1,1,1,2.82999999999998,2,NA
"7360",55,64,2,1,1,1,1,3.11000000000001,5,NA
"7361",55,62,2,1,1,0,1,3.05000000000001,4,NA
"7362",55,103,2,1,1,1,0,3.92000000000002,5,NA
"7363",55,74,2,1,1,1,1,2.83000000000004,3,NA
"7364",55,105,2,1,1,1,0,3.94999999999999,2,NA
"7365",55,91,2,1,1,1,0,2.36000000000001,2,NA
"7366",55,75,2,1,1,0,1,3.71999999999997,2,NA
"7367",55,97,2,1,1,1,0,2.00999999999999,2,NA
"7368",55,102,2,1,1,0,0,1.60000000000002,4,NA
"7369",55,115,2,1,1,1,0,2.19999999999999,2,NA
"7370",55,66,2,1,1,1,1,1.31,2,NA
"7371",55,95,2,1,1,0,0,2.47000000000003,3,NA
"7372",55,83,2,1,1,0,1,3.55000000000001,5,NA
"7373",55,100,2,1,1,1,0,2.41000000000003,2,NA
"7374",55,120,2,1,1,0,0,5.47000000000003,2,NA
"7375",55,117,2,1,1,0,0,3.44999999999999,1,NA
"7376",55,96,2,1,1,1,0,2.70000000000005,2,NA
"7377",55,93,2,1,1,1,0,2.34999999999997,2,NA
"7378",55,108,2,1,1,0,0,5.02000000000004,1,NA
"7379",55,80,2,1,1,1,1,3.82999999999998,2,NA
"7380",55,73,2,1,1,1,1,1.45999999999998,4,NA
"7381",55,71,2,1,1,1,1,4.73000000000002,2,NA
"7382",56,112,2,1,1,0,1,1.92999999999999,5,NA
"7383",56,103,2,1,1,0,1,2.18000000000001,5,NA
"7384",56,109,2,1,1,1,1,3.59,1,NA
"7385",56,116,2,1,1,1,1,2.75,1,NA
"7386",56,85,2,1,1,0,0,3.32000000000001,1,NA
"7387",56,118,2,1,1,1,1,1.63,3,NA
"7388",56,105,2,1,1,1,1,2.63000000000001,3,NA
"7389",56,97,2,1,1,1,1,2,3,NA
"7390",56,67,2,1,1,0,0,2.28,2,NA
"7391",56,117,2,1,1,1,1,2.25,5,NA
"7392",56,110,2,1,1,0,1,2.75,3,NA
"7393",56,62,2,1,1,0,0,2.51000000000002,5,NA
"7394",56,75,2,1,1,1,0,2.28,1,NA
"7395",56,69,2,1,1,0,0,2.75999999999999,1,NA
"7396",56,120,2,1,1,1,1,2.12,4,NA
"7397",56,95,2,1,1,1,1,2.37,3,NA
"7398",56,64,2,1,1,0,0,2.18000000000001,2,NA
"7399",56,73,2,1,1,1,0,2.56,1,NA
"7400",56,113,2,1,1,1,1,3.96000000000001,3,NA
"7401",56,88,2,1,1,0,0,2.34999999999999,2,NA
"7402",56,115,2,1,1,1,1,1.94,4,NA
"7403",56,78,2,1,1,1,0,2.66999999999999,2,NA
"7404",56,87,2,1,1,1,0,3.80000000000001,3,NA
"7405",56,114,2,1,1,0,1,2.97999999999999,1,NA
"7406",56,101,2,1,1,0,1,3.38,1,NA
"7407",56,91,2,1,1,0,1,2.05000000000001,3,NA
"7408",56,90,2,1,1,1,0,3.29999999999998,2,NA
"7409",56,81,2,1,1,1,0,2.05000000000001,3,NA
"7410",56,76,2,1,1,0,0,2.84999999999999,2,NA
"7411",56,84,2,1,1,0,0,2.50999999999999,4,NA
"7412",56,71,2,1,1,0,0,3.24000000000001,2,NA
"7413",56,61,2,1,1,0,0,2.61000000000001,2,NA
"7414",56,83,2,1,1,0,0,6.62000000000001,2,NA
"7415",56,74,2,1,1,1,0,2.38,2,NA
"7416",56,92,2,1,1,1,1,2.19,4,NA
"7417",56,93,2,1,1,1,1,2.21999999999997,3,NA
"7418",56,63,2,1,1,0,0,2.49000000000001,1,NA
"7419",56,98,2,1,1,1,1,1.77000000000004,5,NA
"7420",56,111,2,1,1,1,1,3.88,2,NA
"7421",56,72,2,1,1,0,0,2.37,2,NA
"7422",56,89,2,1,1,0,0,3.06999999999999,2,NA
"7423",56,102,2,1,1,0,1,1.81999999999999,3,NA
"7424",56,80,2,1,1,1,0,2.17000000000002,3,NA
"7425",56,107,2,1,1,1,1,2.31999999999999,2,NA
"7426",56,106,2,1,1,1,1,1.83999999999997,4,NA
"7427",56,94,2,1,1,0,1,1.82999999999998,4,NA
"7428",56,104,2,1,1,1,1,1.92000000000002,2,NA
"7429",56,68,2,1,1,0,0,2.89000000000004,1,NA
"7430",56,99,2,1,1,0,1,2.63,1,NA
"7431",56,100,2,1,1,1,1,1.91000000000003,3,NA
"7432",56,79,2,1,1,0,0,2.15999999999997,1,NA
"7433",56,66,2,1,1,1,0,1.57999999999998,3,NA
"7434",56,82,2,1,1,1,0,1.97000000000003,4,NA
"7435",56,70,2,1,1,0,0,2.63,2,NA
"7436",56,108,2,1,1,1,1,2.13,4,NA
"7437",56,86,2,1,1,1,0,2.89999999999998,3,NA
"7438",56,77,2,1,1,0,0,3.08999999999997,1,NA
"7439",56,119,2,1,1,1,1,1.77999999999997,4,NA
"7440",56,96,2,1,1,1,1,1.58000000000004,4,NA
"7441",56,65,2,1,1,0,0,2.01999999999998,2,NA
"7442",57,114,2,1,1,0,0,5.2,2,NA
"7443",57,16,2,1,1,1,1,8.53,1,NA
"7444",57,104,2,1,1,1,0,3.88,4,NA
"7445",57,96,2,1,1,0,0,4.97,2,NA
"7446",57,97,2,1,1,1,0,4.37999999999999,1,NA
"7447",57,93,2,1,1,1,0,4.53999999999999,3,NA
"7448",57,22,2,1,1,1,1,7.89000000000001,2,NA
"7449",57,29,2,1,1,1,1,4.09999999999999,2,NA
"7450",57,94,2,1,1,1,0,5.59999999999999,3,NA
"7451",57,98,2,1,1,0,0,3.03,2,NA
"7452",57,1,2,1,1,0,1,7.57000000000002,3,NA
"7453",57,14,2,1,1,1,1,7.39000000000001,1,NA
"7454",57,116,2,1,1,1,0,3.97,2,NA
"7455",57,8,2,1,1,1,1,5.64999999999998,1,NA
"7456",57,118,2,1,1,1,0,7.55000000000001,2,NA
"7457",57,108,2,1,1,1,0,5.83000000000001,3,NA
"7458",57,92,2,1,1,1,0,6.41999999999996,1,NA
"7459",57,119,2,1,1,1,0,4.52999999999997,2,NA
"7460",57,110,2,1,1,0,0,6.43000000000001,2,NA
"7461",57,109,2,1,1,0,0,4.85000000000002,1,NA
"7462",57,24,2,1,1,1,1,5.31,1,NA
"7463",57,37,2,1,1,0,1,6.74000000000001,5,NA
"7464",57,106,2,1,1,0,0,5.01000000000005,1,NA
"7465",57,34,2,1,1,0,1,6.44,2,NA
"7466",57,50,2,1,1,1,1,3.94999999999999,2,NA
"7467",57,107,2,1,1,1,0,3.42000000000002,4,NA
"7468",57,101,2,1,1,1,0,4.00999999999999,4,NA
"7469",57,17,2,1,1,0,1,3.93000000000001,6,NA
"7470",57,27,2,1,1,1,1,5.52999999999997,4,NA
"7471",57,115,2,1,1,1,0,5.07999999999998,2,NA
"7472",57,41,2,1,1,0,1,4.86000000000001,4,NA
"7473",57,5,2,1,1,1,1,6.37000000000001,4,NA
"7474",57,91,2,1,1,1,0,8.25999999999999,1,NA
"7475",57,48,2,1,1,0,1,3.89999999999998,6,NA
"7476",57,51,2,1,1,1,1,3.84000000000003,5,NA
"7477",57,95,2,1,1,0,0,5.15000000000003,4,NA
"7478",57,102,2,1,1,1,0,4.00999999999999,1,NA
"7479",57,120,2,1,1,1,0,7.69999999999999,3,NA
"7480",57,44,2,1,1,1,1,3.31999999999999,6,NA
"7481",57,100,2,1,1,1,0,3.26999999999998,4,NA
"7482",57,49,2,1,1,1,1,5.27000000000004,1,NA
"7483",57,99,2,1,1,1,0,6.11000000000001,1,NA
"7484",57,32,2,1,1,0,1,3.84999999999991,4,NA
"7485",57,7,2,1,1,0,1,5.91999999999996,1,NA
"7486",57,11,2,1,1,0,1,6.05999999999995,1,NA
"7487",57,105,2,1,1,0,0,6.66000000000008,2,NA
"7488",57,10,2,1,1,0,1,8.23000000000002,1,NA
"7489",57,36,2,1,1,1,1,4.49000000000001,1,NA
"7490",57,112,2,1,1,0,0,6.12000000000001,6,NA
"7491",57,25,2,1,1,1,1,5.07999999999993,3,NA
"7492",57,111,2,1,1,0,0,5.83999999999992,3,NA
"7493",57,12,2,1,1,1,1,5.24000000000001,2,NA
"7494",57,47,2,1,1,0,1,7.56999999999994,1,NA
"7495",57,117,2,1,1,0,0,7.57000000000005,5,NA
"7496",57,55,2,1,1,1,1,4.42000000000007,6,NA
"7497",57,113,2,1,1,1,0,7.21000000000004,3,NA
"7498",57,103,2,1,1,1,0,3.53999999999996,1,NA
"7499",57,58,2,1,1,0,1,7.12999999999999,6,NA
"7500",58,99,2,1,1,1,1,4.68000000000001,2,NA
"7501",58,51,2,1,1,1,0,3.07000000000001,1,NA
"7502",58,114,2,1,1,0,1,7.61,3,NA
"7503",58,32,2,1,1,0,0,4.64999999999999,2,NA
"7504",58,102,2,1,1,0,1,4.06,3,NA
"7505",58,1,2,1,1,1,0,4.84999999999999,4,NA
"7506",58,110,2,1,1,0,1,7.09999999999999,3,NA
"7507",58,111,2,1,1,1,1,3.77000000000001,1,NA
"7508",58,34,2,1,1,0,0,3.44999999999999,6,NA
"7509",58,91,2,1,1,1,1,4,2,NA
"7510",58,10,2,1,1,0,0,5.73000000000002,2,NA
"7511",58,112,2,1,1,0,1,7.22999999999999,5,NA
"7512",58,49,2,1,1,1,0,4.77000000000001,1,NA
"7513",58,42,2,1,1,1,0,4.75999999999999,2,NA
"7514",58,95,2,1,1,0,1,7.93000000000001,1,NA
"7515",58,105,2,1,1,0,1,3.92000000000002,2,NA
"7516",58,9,2,1,1,0,0,5.87999999999999,5,NA
"7517",58,118,2,1,1,1,1,7.80000000000001,3,NA
"7518",58,11,2,1,1,1,0,5,1,NA
"7519",58,25,2,1,1,1,0,6.86000000000001,2,NA
"7520",58,97,2,1,1,0,1,4.75999999999999,1,NA
"7521",58,41,2,1,1,0,0,3.38,3,NA
"7522",58,5,2,1,1,0,0,3.21999999999997,3,NA
"7523",58,103,2,1,1,1,1,4.88999999999999,2,NA
"7524",58,109,2,1,1,1,1,3.37,1,NA
"7525",58,108,2,1,1,0,1,7.19999999999999,2,NA
"7526",58,16,2,1,1,1,0,3.35000000000002,1,NA
"7527",58,24,2,1,1,0,0,5.01999999999998,1,NA
"7528",58,117,2,1,1,1,1,3.21999999999997,1,NA
"7529",58,113,2,1,1,1,1,3.80000000000001,1,NA
"7530",58,104,2,1,1,1,1,3.07999999999998,1,NA
"7531",58,7,2,1,1,1,0,5.80000000000001,2,NA
"7532",58,116,2,1,1,1,1,3.74000000000001,4,NA
"7533",58,106,2,1,1,1,1,2.88,3,NA
"7534",58,93,2,1,1,1,1,7.53000000000003,1,NA
"7535",58,17,2,1,1,0,0,7.66000000000003,3,NA
"7536",58,22,2,1,1,0,0,5.88999999999999,2,NA
"7537",58,47,2,1,1,1,0,4.92000000000002,1,NA
"7538",58,50,2,1,1,1,0,5.08000000000004,2,NA
"7539",58,100,2,1,1,1,1,2.75,3,NA
"7540",58,107,2,1,1,1,1,8.45000000000005,2,NA
"7541",58,55,2,1,1,0,0,4.87999999999999,3,NA
"7542",58,29,2,1,1,1,0,3.06,4,NA
"7543",58,48,2,1,1,0,0,6.75999999999999,1,NA
"7544",58,98,2,1,1,1,1,5.97000000000003,4,NA
"7545",58,8,2,1,1,0,0,7.38999999999999,2,NA
"7546",58,115,2,1,1,1,1,2.85000000000002,2,NA
"7547",58,119,2,1,1,1,1,3.05000000000007,1,NA
"7548",58,58,2,1,1,1,0,7.43999999999994,1,NA
"7549",58,96,2,1,1,1,1,2.35000000000002,1,NA
"7550",58,27,2,1,1,1,0,5.32000000000005,2,NA
"7551",58,36,2,1,1,0,0,4.54999999999996,4,NA
"7552",58,14,2,1,1,1,0,5.80000000000007,3,NA
"7553",58,101,2,1,1,1,1,8.18000000000006,2,NA
"7554",58,12,2,1,1,1,0,4.57999999999993,1,NA
"7555",58,94,2,1,1,1,1,2.54999999999995,5,NA
"7556",58,44,2,1,1,1,0,3.24000000000001,1,NA
"7557",58,120,2,1,1,1,1,6.46000000000004,1,NA
"7558",59,72,2,1,1,1,0,8.47,3,NA
"7559",59,78,2,1,1,1,0,6.42,2,NA
"7560",59,88,2,1,1,0,0,6.81999999999999,3,NA
"7561",59,61,2,1,1,0,0,8.69999999999999,3,NA
"7562",59,83,2,1,1,0,0,8.56999999999999,4,NA
"7563",59,63,2,1,1,1,0,9.73999999999998,2,NA
"7564",59,90,2,1,1,1,0,5.07000000000002,5,NA
"7565",59,80,2,1,1,0,0,8.67000000000002,2,NA
"7566",59,44,2,1,1,0,1,6,6,NA
"7567",59,79,2,1,1,0,0,4.84999999999999,4,NA
"7568",59,9,2,1,1,0,1,9.58000000000004,4,NA
"7569",59,85,2,1,1,1,0,7.37000000000001,1,NA
"7570",59,65,2,1,1,1,0,8.75,2,NA
"7571",59,62,2,1,1,0,0,9.80000000000001,5,NA
"7572",59,58,2,1,1,1,1,9.29999999999995,3,NA
"7573",59,47,2,1,1,0,1,9.10000000000002,2,NA
"7574",59,76,2,1,1,0,0,7.64999999999998,1,NA
"7575",59,75,2,1,1,0,0,6.08000000000004,4,NA
"7576",59,82,2,1,1,1,0,3.94999999999999,5,NA
"7577",59,69,2,1,1,0,0,7.46999999999997,4,NA
"7578",59,16,2,1,1,0,1,7.48000000000002,4,NA
"7579",59,36,2,1,1,1,1,6.23000000000002,4,NA
"7580",59,67,2,1,1,0,0,7.75,5,NA
"7581",59,17,2,1,1,0,1,8.52999999999997,2,NA
"7582",59,49,2,1,1,1,1,7.15000000000003,2,NA
"7583",59,84,2,1,1,1,0,9.44999999999999,3,NA
"7584",59,50,2,1,1,0,1,5.63999999999999,1,NA
"7585",59,7,2,1,1,1,1,4.86999999999989,3,NA
"7586",59,5,2,1,1,0,1,6.18999999999994,4,NA
"7587",59,81,2,1,1,0,0,9.7399999999999,5,NA
"7588",59,70,2,1,1,1,0,8.15999999999997,4,NA
"7589",59,12,2,1,1,1,1,7.24000000000001,2,NA
"7590",59,74,2,1,1,0,0,9.18999999999994,1,NA
"7591",59,25,2,1,1,0,1,8.36000000000001,3,NA
"7592",59,51,2,1,1,0,1,5.13999999999999,5,NA
"7593",59,66,2,1,1,1,0,4.70000000000004,3,NA
"7594",59,89,2,1,1,0,0,6.51999999999998,2,NA
"7595",59,37,2,1,1,0,1,8.57999999999993,3,NA
"7596",59,1,2,1,1,0,1,9.61000000000001,4,NA
"7597",59,41,2,1,1,0,1,4.64999999999998,6,NA
"7598",59,48,2,1,1,1,1,6.29999999999996,2,NA
"7599",59,68,2,1,1,1,0,8.78000000000009,2,NA
"7600",59,8,2,1,1,0,1,7.57999999999993,5,NA
"7601",59,29,2,1,1,0,1,9.01999999999998,5,NA
"7602",59,27,2,1,1,0,1,8.17999999999995,3,NA
"7603",59,77,2,1,1,1,0,7.67000000000007,2,NA
"7604",59,32,2,1,1,1,1,7.10000000000002,3,NA
"7605",60,85,2,1,1,0,1,3.22,3,NA
"7606",60,17,2,1,1,0,0,3.3,6,NA
"7607",60,8,2,1,1,0,0,4.28,6,NA
"7608",60,48,2,1,1,0,0,3.14,5,NA
"7609",60,88,2,1,1,0,1,2.91,2,NA
"7610",60,61,2,1,1,0,1,3.75,3,NA
"7611",60,41,2,1,1,0,0,3.09999999999999,5,NA
"7612",60,24,2,1,1,0,0,4.12999999999999,3,NA
"7613",60,72,2,1,1,1,1,5.09999999999999,2,NA
"7614",60,67,2,1,1,1,1,2.75,5,NA
"7615",60,11,2,1,1,0,0,4.37999999999999,4,NA
"7616",60,55,2,1,1,0,0,3.77000000000001,3,NA
"7617",60,86,2,1,1,0,1,3.37,2,NA
"7618",60,22,2,1,1,0,0,2.34,6,NA
"7619",60,66,2,1,1,1,1,1.71000000000001,5,NA
"7620",60,73,2,1,1,1,1,4.41999999999999,3,NA
"7621",60,77,2,1,1,0,1,2.94,4,NA
"7622",60,34,2,1,1,0,0,3.56999999999999,3,NA
"7623",60,42,2,1,1,1,0,3.47999999999999,1,NA
"7624",60,87,2,1,1,0,1,2.72999999999999,2,NA
"7625",60,64,2,1,1,0,1,2.78999999999999,5,NA
"7626",60,65,2,1,1,1,1,2.67000000000002,3,NA
"7627",60,70,2,1,1,0,1,1.84,6,NA
"7628",60,10,2,1,1,1,0,2.34999999999999,5,NA
"7629",60,69,2,1,1,0,1,2.28,3,NA
"7630",60,44,2,1,1,0,0,1.95000000000002,5,NA
"7631",60,50,2,1,1,0,0,3.15000000000003,5,NA
"7632",60,58,2,1,1,1,0,4.66000000000003,3,NA
"7633",60,1,2,1,1,1,0,5.19999999999999,3,NA
"7634",60,90,2,1,1,1,1,2.34000000000003,4,NA
"7635",60,37,2,1,1,0,0,3.14999999999998,5,NA
"7636",60,63,2,1,1,1,1,5.33000000000004,3,NA
"7637",60,49,2,1,1,0,0,1.91999999999996,5,NA
"7638",60,7,2,1,1,0,0,2.43000000000001,4,NA
"7639",60,76,2,1,1,1,1,3.44999999999999,5,NA
"7640",60,81,2,1,1,0,1,2.93000000000001,3,NA
"7641",60,83,2,1,1,1,1,5.04000000000002,5,NA
"7642",60,29,2,1,1,1,0,1.67000000000002,5,NA
"7643",60,68,2,1,1,1,1,3.53000000000003,4,NA
"7644",60,12,2,1,1,1,0,2.01999999999998,5,NA
"7645",60,51,2,1,1,0,0,2.78000000000003,3,NA
"7646",60,84,2,1,1,0,1,1.88,6,NA
"7647",60,89,2,1,1,1,1,2.10000000000002,4,NA
"7648",60,5,2,1,1,1,0,2.79000000000002,6,NA
"7649",60,79,2,1,1,1,1,1.82999999999998,5,NA
"7650",60,27,2,1,1,1,0,3.40000000000003,4,NA
"7651",60,82,2,1,1,0,1,2.64999999999998,3,NA
"7652",60,62,2,1,1,0,1,4.62000000000001,4,NA
"7653",60,25,2,1,1,1,0,2.19999999999999,5,NA
"7654",60,80,2,1,1,0,1,2.26999999999998,3,NA
"7655",60,78,2,1,1,1,1,2.93000000000001,2,NA
"7656",60,47,2,1,1,0,0,2.97999999999996,3,NA
"7657",60,16,2,1,1,0,0,2.57999999999998,2,NA
"7658",60,9,2,1,1,0,0,6.44999999999999,6,NA
"7659",60,71,2,1,1,0,1,3.96999999999997,5,NA
"7660",60,74,2,1,1,0,1,3.33999999999997,4,NA
"7661",60,14,2,1,1,1,0,3.57999999999998,2,NA
"7662",60,32,2,1,1,0,0,2.75999999999999,3,NA
"7663",60,36,2,1,1,1,0,3.07999999999998,4,NA
"7664",60,75,2,1,1,1,1,3.32000000000005,4,NA
"7665",61,93,2,1,1,1,0,3.69999999999999,3,NA
"7666",61,6,2,1,1,0,1,3.83,2,NA
"7667",61,56,2,1,1,1,1,3.5,2,NA
"7668",61,53,2,1,1,0,1,3.75,2,NA
"7669",61,13,2,1,1,1,1,2.33999999999999,4,NA
"7670",61,15,2,1,1,0,1,4.19999999999999,2,NA
"7671",61,120,2,1,1,1,0,3.72,3,NA
"7672",61,106,2,1,1,1,0,2.89,4,NA
"7673",61,40,2,1,1,0,1,2.84,3,NA
"7674",61,119,2,1,1,1,0,2.44,2,NA
"7675",61,23,2,1,1,1,1,2.66,4,NA
"7676",61,104,2,1,1,0,0,3.44000000000003,1,NA
"7677",61,91,2,1,1,0,0,2.95000000000002,3,NA
"7678",61,92,2,1,1,1,0,2.39999999999998,2,NA
"7679",61,19,2,1,1,0,1,2.45000000000002,5,NA
"7680",61,43,2,1,1,1,1,2.16999999999999,4,NA
"7681",61,3,2,1,1,1,1,2.69,3,NA
"7682",61,108,2,1,1,0,0,2.44,2,NA
"7683",61,57,2,1,1,1,1,6.20000000000002,1,NA
"7684",61,102,2,1,1,1,0,1.80000000000001,3,NA
"7685",61,21,2,1,1,0,1,4.31,2,NA
"7686",61,107,2,1,1,1,0,2.37,3,NA
"7687",61,98,2,1,1,1,0,4.28999999999999,2,NA
"7688",61,60,2,1,1,1,1,4.75999999999999,4,NA
"7689",61,100,2,1,1,1,0,1.87,3,NA
"7690",61,54,2,1,1,0,1,4.66,4,NA
"7691",61,20,2,1,1,0,1,3.28,3,NA
"7692",61,99,2,1,1,0,0,5.41000000000003,2,NA
"7693",61,117,2,1,1,1,0,3.52999999999997,2,NA
"7694",61,95,2,1,1,0,0,2.71999999999997,4,NA
"7695",61,52,2,1,1,1,1,3.76999999999998,3,NA
"7696",61,18,2,1,1,1,1,4.97000000000003,3,NA
"7697",61,113,2,1,1,0,0,4.21999999999997,2,NA
"7698",61,111,2,1,1,1,0,2.94,4,NA
"7699",61,30,2,1,1,0,1,2,1,NA
"7700",61,39,2,1,1,1,1,3.33999999999997,4,NA
"7701",61,96,2,1,1,0,0,2.92000000000002,2,NA
"7702",61,101,2,1,1,0,0,4.14000000000004,3,NA
"7703",61,94,2,1,1,1,0,2.34000000000003,3,NA
"7704",61,105,2,1,1,0,0,4.88999999999999,1,NA
"7705",61,112,2,1,1,1,0,3.85000000000002,3,NA
"7706",61,59,2,1,1,1,1,4.41000000000003,2,NA
"7707",61,2,2,1,1,0,1,6.66999999999996,3,NA
"7708",61,28,2,1,1,0,1,4.55000000000001,2,NA
"7709",61,97,2,1,1,1,0,3.17000000000002,4,NA
"7710",61,38,2,1,1,1,1,3.09999999999997,2,NA
"7711",61,110,2,1,1,1,0,4.71999999999997,2,NA
"7712",61,116,2,1,1,1,0,3.19,4,NA
"7713",61,46,2,1,1,0,1,4.03000000000003,1,NA
"7714",61,45,2,1,1,1,1,2.92000000000002,3,NA
"7715",61,4,2,1,1,0,1,3.08999999999997,1,NA
"7716",61,118,2,1,1,1,0,5.11000000000001,2,NA
"7717",61,26,2,1,1,1,1,2.92000000000002,4,NA
"7718",61,31,2,1,1,1,1,3.38,2,NA
"7719",61,103,2,1,1,0,0,4.37999999999999,3,NA
"7720",61,115,2,1,1,1,0,4.64999999999998,3,NA
"7721",61,33,2,1,1,0,1,3.47000000000003,1,NA
"7722",61,35,2,1,1,1,1,3.5,4,NA
"7723",61,114,2,1,1,0,0,3.91000000000003,2,NA
"7724",61,109,2,1,1,1,0,3.47000000000003,3,NA
"7725",62,15,2,1,1,1,0,2.76000000000001,1,NA
"7726",62,35,2,1,1,0,0,2.81999999999999,1,NA
"7727",62,59,2,1,1,1,0,2.13,3,NA
"7728",62,115,2,1,1,1,1,2.03,3,NA
"7729",62,53,2,1,1,0,0,1.81999999999999,1,NA
"7730",62,114,2,1,1,1,1,2.89999999999999,1,NA
"7731",62,112,2,1,1,0,1,2.48,1,NA
"7732",62,52,2,1,1,1,0,2.79000000000001,1,NA
"7733",62,110,2,1,1,1,1,2.90000000000001,1,NA
"7734",62,28,2,1,1,1,0,2.39,2,NA
"7735",62,111,2,1,1,0,1,2.57000000000001,1,NA
"7736",62,108,2,1,1,0,1,2.25,2,NA
"7737",62,6,2,1,1,0,0,2.59999999999999,2,NA
"7738",62,60,2,1,1,1,0,3.22,1,NA
"7739",62,109,2,1,1,1,1,2.38,1,NA
"7740",62,99,2,1,1,0,1,2.50999999999999,1,NA
"7741",62,119,2,1,1,1,1,2.05000000000001,3,NA
"7742",62,116,2,1,1,1,1,1.63,2,NA
"7743",62,120,2,1,1,0,1,2.81999999999999,1,NA
"7744",62,46,2,1,1,1,0,2.63,1,NA
"7745",62,100,2,1,1,1,1,1.31,4,NA
"7746",62,40,2,1,1,1,0,1.63,4,NA
"7747",62,107,2,1,1,1,1,1.57999999999998,3,NA
"7748",62,113,2,1,1,1,1,1.55000000000001,5,NA
"7749",62,97,2,1,1,1,1,3.66,1,NA
"7750",62,38,2,1,1,1,0,3.25,1,NA
"7751",62,106,2,1,1,1,1,3.46000000000001,1,NA
"7752",62,54,2,1,1,0,0,2.74000000000001,1,NA
"7753",62,23,2,1,1,0,0,1.87,1,NA
"7754",62,20,2,1,1,1,0,2.28,6,NA
"7755",62,98,2,1,1,1,1,3.20000000000002,1,NA
"7756",62,94,2,1,1,1,1,1.88999999999999,1,NA
"7757",62,95,2,1,1,1,1,2.65000000000001,1,NA
"7758",62,13,2,1,1,1,0,2.63,1,NA
"7759",62,19,2,1,1,0,0,2.43000000000001,1,NA
"7760",62,117,2,1,1,0,1,2.59999999999999,1,NA
"7761",62,105,2,1,1,1,1,1.69,6,NA
"7762",62,57,2,1,1,0,0,3.04000000000002,1,NA
"7763",62,101,2,1,1,1,1,2.07999999999998,2,NA
"7764",62,96,2,1,1,0,1,1.30000000000001,1,NA
"7765",62,103,2,1,1,0,1,2.97999999999996,1,NA
"7766",62,31,2,1,1,1,0,3.21999999999997,1,NA
"7767",62,4,2,1,1,0,0,2.83999999999997,1,NA
"7768",62,21,2,1,1,0,0,2.74000000000001,1,NA
"7769",62,43,2,1,1,1,0,4.40999999999997,1,NA
"7770",62,118,2,1,1,1,1,3.26999999999998,1,NA
"7771",62,3,2,1,1,0,0,3.53999999999996,1,NA
"7772",62,2,2,1,1,0,0,3.02999999999997,1,NA
"7773",62,30,2,1,1,0,0,2.37,2,NA
"7774",62,92,2,1,1,1,1,2.20999999999998,5,NA
"7775",62,33,2,1,1,0,0,1.51999999999998,2,NA
"7776",62,26,2,1,1,1,0,3.86000000000001,3,NA
"7777",62,91,2,1,1,1,1,3.38,1,NA
"7778",62,18,2,1,1,0,0,3.40999999999997,1,NA
"7779",62,56,2,1,1,1,0,3.25999999999999,1,NA
"7780",62,39,2,1,1,1,0,3.23000000000002,2,NA
"7781",62,102,2,1,1,1,1,2.17000000000002,3,NA
"7782",62,104,2,1,1,0,1,3.28000000000003,1,NA
"7783",62,93,2,1,1,1,1,1.76999999999998,2,NA
"7784",62,45,2,1,1,0,0,2.73000000000002,2,NA
"7785",63,12,2,1,1,1,1,4.62000000000001,1,NA
"7786",63,116,2,1,1,0,0,4.17,2,NA
"7787",63,24,2,1,1,1,1,3.92,3,NA
"7788",63,111,2,1,1,0,0,4.62999999999999,1,NA
"7789",63,115,2,1,1,1,0,4.19,2,NA
"7790",63,41,2,1,1,0,1,4.04000000000001,1,NA
"7791",63,48,2,1,1,1,1,2.84999999999999,5,NA
"7792",63,119,2,1,1,0,0,4.06999999999999,1,NA
"7793",63,1,2,1,1,1,1,2.57000000000001,2,NA
"7794",63,16,2,1,1,1,1,6.36999999999998,2,NA
"7795",63,112,2,1,1,0,0,5.13999999999999,5,NA
"7796",63,92,2,1,1,0,0,4.66,1,NA
"7797",63,102,2,1,1,1,0,5.43000000000001,2,NA
"7798",63,36,2,1,1,1,1,3.58000000000001,1,NA
"7799",63,47,2,1,1,0,1,5.68000000000001,1,NA
"7800",63,101,2,1,1,0,0,3.33000000000001,2,NA
"7801",63,100,2,1,1,1,0,2.93000000000001,2,NA
"7802",63,22,2,1,1,1,1,4.10999999999999,1,NA
"7803",63,32,2,1,1,1,1,2.98999999999998,3,NA
"7804",63,106,2,1,1,0,0,3.34999999999999,4,NA
"7805",63,50,2,1,1,1,1,3.85000000000002,2,NA
"7806",63,17,2,1,1,1,1,3.03,4,NA
"7807",63,7,2,1,1,1,1,4.37999999999999,3,NA
"7808",63,29,2,1,1,1,1,3.03,2,NA
"7809",63,10,2,1,1,1,1,3.98000000000002,4,NA
"7810",63,103,2,1,1,1,0,2.47000000000003,5,NA
"7811",63,107,2,1,1,0,0,1.94,2,NA
"7812",63,118,2,1,1,1,0,2.76999999999998,3,NA
"7813",63,51,2,1,1,0,1,3.29000000000002,1,NA
"7814",63,42,2,1,1,1,1,2.48000000000002,3,NA
"7815",63,14,2,1,1,1,1,3.76999999999998,2,NA
"7816",63,11,2,1,1,0,1,2.57999999999998,1,NA
"7817",63,120,2,1,1,0,0,4.10999999999996,1,NA
"7818",63,49,2,1,1,1,1,5.24000000000001,4,NA
"7819",63,58,2,1,1,1,1,3.68000000000001,2,NA
"7820",63,109,2,1,1,0,0,2.67000000000002,1,NA
"7821",63,108,2,1,1,1,0,6.94999999999999,1,NA
"7822",63,37,2,1,1,1,1,3.02000000000004,5,NA
"7823",63,27,2,1,1,1,1,2.69,2,NA
"7824",63,44,2,1,1,1,1,2.95000000000005,1,NA
"7825",63,34,2,1,1,1,1,2.97000000000003,4,NA
"7826",63,99,2,1,1,1,0,6.92000000000002,1,NA
"7827",63,97,2,1,1,0,0,2.08000000000004,1,NA
"7828",63,104,2,1,1,1,0,3.23000000000002,2,NA
"7829",63,113,2,1,1,0,0,3.44,1,NA
"7830",63,9,2,1,1,1,1,4.21999999999997,3,NA
"7831",63,114,2,1,1,0,0,4.60000000000002,4,NA
"7832",63,5,2,1,1,0,1,2.99000000000001,1,NA
"7833",63,25,2,1,1,1,1,2.81999999999999,4,NA
"7834",63,105,2,1,1,1,0,4.23999999999995,1,NA
"7835",63,117,2,1,1,0,0,5,1,NA
"7836",63,91,2,1,1,1,0,3.65999999999997,1,NA
"7837",63,94,2,1,1,1,0,3.05000000000001,1,NA
"7838",63,8,2,1,1,1,1,2.63999999999999,6,NA
"7839",63,110,2,1,1,1,0,4.59000000000003,1,NA
"7840",63,95,2,1,1,0,0,4.12000000000001,1,NA
"7841",63,55,2,1,1,1,1,2.92000000000002,5,NA
"7842",63,98,2,1,1,1,0,4.96999999999997,1,NA
"7843",63,96,2,1,1,0,0,2.85999999999996,1,NA
"7844",63,93,2,1,1,1,0,2.80000000000001,1,NA
"7845",64,41,2,1,1,0,0,2.92,4,NA
"7846",64,25,2,1,1,1,0,1.78,5,NA
"7847",64,101,2,1,1,0,1,1.7,5,NA
"7848",64,49,2,1,1,1,0,1.54000000000001,4,NA
"7849",64,99,2,1,1,1,1,1.83,5,NA
"7850",64,48,2,1,1,0,0,1.86,6,NA
"7851",64,119,2,1,1,1,1,6.2,4,NA
"7852",64,51,2,1,1,1,0,1.42,3,NA
"7853",64,108,2,1,1,1,1,1.02000000000001,5,NA
"7854",64,102,2,1,1,1,1,1.42999999999999,3,NA
"7855",64,120,2,1,1,1,1,2.33999999999999,5,NA
"7856",64,116,2,1,1,1,1,1.55,4,NA
"7857",64,91,2,1,1,1,1,7.25999999999999,5,NA
"7858",64,29,2,1,1,1,0,2.45999999999999,4,NA
"7859",64,37,2,1,1,0,0,1.75,3,NA
"7860",64,36,2,1,1,1,0,2.82000000000002,4,NA
"7861",64,93,2,1,1,0,1,2.09999999999999,6,NA
"7862",64,9,2,1,1,0,0,1.66999999999999,4,NA
"7863",64,5,2,1,1,1,0,1.19999999999999,3,NA
"7864",64,24,2,1,1,1,0,1.37,4,NA
"7865",64,22,2,1,1,1,0,1.78,4,NA
"7866",64,110,2,1,1,1,1,1.13,5,NA
"7867",64,106,2,1,1,0,1,2.25,5,NA
"7868",64,118,2,1,1,1,1,1.75,5,NA
"7869",64,95,2,1,1,1,1,1.31999999999999,3,NA
"7870",64,109,2,1,1,0,1,3.77000000000001,4,NA
"7871",64,50,2,1,1,1,0,2.37,5,NA
"7872",64,47,2,1,1,0,0,1.21000000000001,4,NA
"7873",64,1,2,1,1,1,0,2.44,4,NA
"7874",64,103,2,1,1,1,1,1.22,1,NA
"7875",64,42,2,1,1,1,0,1.69,4,NA
"7876",64,94,2,1,1,1,1,1.49000000000001,5,NA
"7877",64,114,2,1,1,1,1,1.90000000000001,5,NA
"7878",64,111,2,1,1,1,1,1.78,4,NA
"7879",64,27,2,1,1,1,0,1.15000000000001,5,NA
"7880",64,17,2,1,1,1,0,1.21000000000001,4,NA
"7881",64,104,2,1,1,1,1,2.47999999999999,4,NA
"7882",64,96,2,1,1,1,1,1.58999999999997,2,NA
"7883",64,44,2,1,1,1,0,2.47,5,NA
"7884",64,97,2,1,1,1,1,2.63,4,NA
"7885",64,117,2,1,1,1,1,1.64999999999998,4,NA
"7886",64,34,2,1,1,1,0,1.84000000000003,4,NA
"7887",64,92,2,1,1,1,1,1.35000000000002,5,NA
"7888",64,11,2,1,1,1,0,2.12,4,NA
"7889",64,113,2,1,1,1,1,1.15999999999997,5,NA
"7890",64,10,2,1,1,1,0,2.10000000000002,4,NA
"7891",64,105,2,1,1,1,1,3,6,NA
"7892",64,14,2,1,1,1,0,2.11000000000001,4,NA
"7893",64,7,2,1,1,0,0,1.69999999999999,3,NA
"7894",64,98,2,1,1,1,1,2.02000000000004,4,NA
"7895",64,16,2,1,1,1,0,1.20000000000005,4,NA
"7896",64,58,2,1,1,1,0,1.86000000000001,5,NA
"7897",64,107,2,1,1,1,1,1.93000000000001,2,NA
"7898",64,12,2,1,1,0,0,2.25,6,NA
"7899",64,55,2,1,1,1,0,1.40999999999997,4,NA
"7900",64,8,2,1,1,1,0,1.89999999999998,5,NA
"7901",64,100,2,1,1,1,1,1.34999999999997,4,NA
"7902",64,32,2,1,1,1,0,2.12,3,NA
"7903",65,48,2,1,1,0,1,4.16000000000001,2,NA
"7904",65,11,2,1,1,0,1,3.51000000000001,2,NA
"7905",65,12,2,1,1,1,1,3.69,2,NA
"7906",65,60,2,1,1,1,0,4.86000000000001,6,NA
"7907",65,27,2,1,1,0,1,3.7,2,NA
"7908",65,13,2,1,1,1,0,3.11,3,NA
"7909",65,22,2,1,1,1,1,7.69,3,NA
"7910",65,41,2,1,1,0,1,5.69,2,NA
"7911",65,26,2,1,1,1,0,5.97999999999999,3,NA
"7912",65,59,2,1,1,1,0,4,4,NA
"7913",65,23,2,1,1,1,0,8.79999999999998,3,NA
"7914",65,35,2,1,1,0,0,3.34,3,NA
"7915",65,55,2,1,1,1,1,4.06,4,NA
"7916",65,4,2,1,1,0,0,5.05000000000001,4,NA
"7917",65,6,2,1,1,1,0,3.03,4,NA
"7918",65,19,2,1,1,0,0,6.76999999999998,4,NA
"7919",65,44,2,1,1,1,1,5.97999999999999,3,NA
"7920",65,31,2,1,1,0,0,4.45999999999998,3,NA
"7921",65,38,2,1,1,1,0,5.90000000000003,4,NA
"7922",65,45,2,1,1,0,0,4.93000000000001,2,NA
"7923",65,14,2,1,1,0,1,8.13,3,NA
"7924",65,57,2,1,1,1,0,8.72000000000003,3,NA
"7925",65,25,2,1,1,0,1,5.81,3,NA
"7926",65,50,2,1,1,1,1,4.58999999999997,5,NA
"7927",65,30,2,1,1,0,0,6.00999999999999,2,NA
"7928",65,33,2,1,1,0,0,5.65000000000003,2,NA
"7929",65,49,2,1,1,1,1,5.56999999999999,4,NA
"7930",65,18,2,1,1,0,0,8.05000000000001,4,NA
"7931",65,42,2,1,1,1,1,4.02999999999997,3,NA
"7932",65,53,2,1,1,0,0,5.43000000000001,2,NA
"7933",65,2,2,1,1,0,0,8.31,5,NA
"7934",65,1,2,1,1,0,1,4.61999999999995,5,NA
"7935",65,9,2,1,1,0,1,6.54999999999996,2,NA
"7936",65,20,2,1,1,0,0,5.02000000000004,3,NA
"7937",65,52,2,1,1,1,0,6.69,4,NA
"7938",65,29,2,1,1,0,1,5.30000000000001,2,NA
"7939",65,10,2,1,1,1,1,3.47000000000003,3,NA
"7940",65,43,2,1,1,1,0,6.24000000000001,3,NA
"7941",65,17,2,1,1,1,1,5.55999999999995,1,NA
"7942",65,5,2,1,1,0,1,6.57999999999998,5,NA
"7943",65,51,2,1,1,0,1,7.79999999999996,1,NA
"7944",65,32,2,1,1,1,1,5.21000000000004,5,NA
"7945",65,3,2,1,1,1,0,3.83999999999997,1,NA
"7946",65,54,2,1,1,1,0,4.33000000000004,2,NA
"7947",65,24,2,1,1,0,1,8.43000000000006,1,NA
"7948",65,58,2,1,1,1,1,7.19000000000005,2,NA
"7949",65,47,2,1,1,0,1,4.25,1,NA
"7950",65,16,2,1,1,1,1,4.06000000000006,1,NA
"7951",65,56,2,1,1,1,0,6.59000000000003,2,NA
"7952",65,15,2,1,1,1,0,4.75999999999999,3,NA
"7953",65,21,2,1,1,1,0,5.32000000000005,2,NA
"7954",65,39,2,1,1,0,0,6.63999999999999,3,NA
"7955",65,37,2,1,1,0,1,5.76999999999998,2,NA
"7956",65,40,2,1,1,1,0,5.25999999999999,2,NA
"7957",65,8,2,1,1,0,1,4.07000000000005,5,NA
"7958",65,34,2,1,1,0,1,4.5,4,NA
"7959",65,7,2,1,1,1,1,4.72000000000003,3,NA
"7960",66,5,2,1,1,0,0,2.17999999999999,4,NA
"7961",66,39,2,1,1,0,1,4.62000000000001,4,NA
"7962",66,1,2,1,1,1,0,3.55000000000001,3,NA
"7963",66,35,2,1,1,0,1,3.44,2,NA
"7964",66,34,2,1,1,0,0,4.12999999999999,2,NA
"7965",66,15,2,1,1,0,1,3.27,2,NA
"7966",66,11,2,1,1,0,0,1.79000000000001,4,NA
"7967",66,20,2,1,1,1,1,2.69000000000003,3,NA
"7968",66,55,2,1,1,0,0,5.56,3,NA
"7969",66,43,2,1,1,0,1,3.27000000000001,2,NA
"7970",66,36,2,1,1,1,0,2.37,3,NA
"7971",66,4,2,1,1,0,1,2.41999999999999,3,NA
"7972",66,42,2,1,1,0,0,2.94,3,NA
"7973",66,52,2,1,1,1,1,4.74000000000001,3,NA
"7974",66,49,2,1,1,1,0,2.28,3,NA
"7975",66,33,2,1,1,0,1,3.47,3,NA
"7976",66,21,2,1,1,1,1,3.59999999999999,3,NA
"7977",66,23,2,1,1,1,1,2.84999999999999,3,NA
"7978",66,45,2,1,1,1,1,4.32999999999998,3,NA
"7979",66,54,2,1,1,0,1,3.82999999999998,2,NA
"7980",66,30,2,1,1,1,1,3.62,4,NA
"7981",66,28,2,1,1,1,1,3.5,3,NA
"7982",66,59,2,1,1,1,1,1.88,4,NA
"7983",66,10,2,1,1,0,0,3.53,2,NA
"7984",66,6,2,1,1,0,1,2.25999999999999,2,NA
"7985",66,32,2,1,1,1,0,2.37,3,NA
"7986",66,58,2,1,1,0,0,4.03,3,NA
"7987",66,46,2,1,1,1,1,3.72999999999999,2,NA
"7988",66,51,2,1,1,1,0,3.65999999999997,3,NA
"7989",66,13,2,1,1,1,1,2.04000000000002,3,NA
"7990",66,27,2,1,1,1,0,3.01000000000005,2,NA
"7991",66,37,2,1,1,0,0,2.91000000000003,2,NA
"7992",66,38,2,1,1,1,1,2.84999999999997,3,NA
"7993",66,17,2,1,1,0,0,2.82999999999998,2,NA
"7994",66,50,2,1,1,1,0,3.37,3,NA
"7995",66,14,2,1,1,1,0,3.79000000000002,2,NA
"7996",66,7,2,1,1,1,0,2.36999999999995,3,NA
"7997",66,48,2,1,1,1,0,2.88,4,NA
"7998",66,56,2,1,1,1,1,2.38,3,NA
"7999",66,25,2,1,1,0,0,2.69999999999999,3,NA
"8000",66,3,2,1,1,1,1,2.95999999999998,2,NA
"8001",66,19,2,1,1,0,1,2.41000000000003,2,NA
"8002",66,57,2,1,1,1,1,4.39999999999998,3,NA
"8003",66,41,2,1,1,0,0,3.41000000000003,2,NA
"8004",66,44,2,1,1,1,0,2.25,2,NA
"8005",66,8,2,1,1,0,0,2.06999999999999,2,NA
"8006",66,40,2,1,1,1,1,1.95999999999998,3,NA
"8007",66,2,2,1,1,0,1,2.93000000000001,2,NA
"8008",66,31,2,1,1,1,1,2.63,3,NA
"8009",66,47,2,1,1,0,0,1.97000000000003,2,NA
"8010",66,18,2,1,1,1,1,3.98000000000002,3,NA
"8011",66,60,2,1,1,1,1,1.94,3,NA
"8012",66,16,2,1,1,0,0,2.19,2,NA
"8013",66,29,2,1,1,1,0,2.36000000000001,5,NA
"8014",66,22,2,1,1,1,0,3.51999999999998,2,NA
"8015",66,24,2,1,1,1,0,3.09999999999997,3,NA
"8016",66,9,2,1,1,0,0,2.30000000000001,2,NA
"8017",66,12,2,1,1,0,0,2.07999999999998,2,NA
"8018",66,26,2,1,1,1,1,2.29999999999995,2,NA
"8019",66,53,2,1,1,0,1,1.94,2,NA
"8020",67,73,2,1,1,1,0,4.71000000000001,1,NA
"8021",67,30,2,1,1,0,1,5.02000000000001,3,NA
"8022",67,52,2,1,1,0,1,5.77,1,NA
"8023",67,84,2,1,1,1,0,4.09999999999999,2,NA
"8024",67,26,2,1,1,1,1,3.03999999999999,2,NA
"8025",67,69,2,1,1,0,0,2.75,1,NA
"8026",67,54,2,1,1,1,1,5.01000000000001,2,NA
"8027",67,78,2,1,1,0,0,4.77,1,NA
"8028",67,31,2,1,1,1,1,5,1,NA
"8029",67,56,2,1,1,1,1,4.37000000000001,2,NA
"8030",67,13,2,1,1,1,1,3.15000000000001,2,NA
"8031",67,86,2,1,1,1,0,4.86000000000001,3,NA
"8032",67,15,2,1,1,1,1,4.84999999999999,1,NA
"8033",67,81,2,1,1,1,0,5.12000000000001,2,NA
"8034",67,88,2,1,1,1,0,7.04999999999998,1,NA
"8035",67,76,2,1,1,1,0,5.06999999999999,2,NA
"8036",67,82,2,1,1,1,0,4.19,1,NA
"8037",67,39,2,1,1,0,1,7.59999999999999,2,NA
"8038",67,20,2,1,1,1,1,6.33000000000001,1,NA
"8039",67,33,2,1,1,0,1,5.62999999999999,1,NA
"8040",67,23,2,1,1,0,1,5.69999999999999,1,NA
"8041",67,67,2,1,1,0,0,4.91999999999999,2,NA
"8042",67,61,2,1,1,0,0,4.03,1,NA
"8043",67,53,2,1,1,1,1,4.95999999999998,1,NA
"8044",67,4,2,1,1,0,1,4.81999999999999,1,NA
"8045",67,64,2,1,1,1,0,3.81999999999999,2,NA
"8046",67,57,2,1,1,1,1,7.50999999999999,1,NA
"8047",67,35,2,1,1,0,1,4.19,1,NA
"8048",67,66,2,1,1,1,0,3.46999999999997,2,NA
"8049",67,63,2,1,1,1,0,5.81,1,NA
"8050",67,46,2,1,1,0,1,3.93000000000001,1,NA
"8051",67,6,2,1,1,1,1,6.03000000000003,1,NA
"8052",67,38,2,1,1,0,1,4.19,1,NA
"8053",67,40,2,1,1,1,1,4.78000000000003,3,NA
"8054",67,3,2,1,1,1,1,4.01999999999998,1,NA
"8055",67,43,2,1,1,1,1,3.85000000000002,1,NA
"8056",67,87,2,1,1,0,0,5.00999999999999,1,NA
"8057",67,74,2,1,1,0,0,6.40000000000003,1,NA
"8058",67,83,2,1,1,1,0,5.29000000000002,2,NA
"8059",67,65,2,1,1,1,0,4.51999999999998,1,NA
"8060",67,45,2,1,1,1,1,4.69999999999999,1,NA
"8061",67,77,2,1,1,0,0,7.62999999999999,1,NA
"8062",67,79,2,1,1,1,0,3.07999999999998,1,NA
"8063",67,59,2,1,1,1,1,4.98000000000002,1,NA
"8064",67,90,2,1,1,1,0,7.21999999999997,1,NA
"8065",67,2,2,1,1,0,1,5.07999999999998,1,NA
"8066",67,72,2,1,1,1,0,4.12999999999999,1,NA
"8067",67,68,2,1,1,0,0,4.41000000000003,1,NA
"8068",67,71,2,1,1,1,0,6.54999999999996,1,NA
"8069",67,28,2,1,1,0,1,5.56,1,NA
"8070",67,19,2,1,1,0,1,3.72000000000003,2,NA
"8071",67,85,2,1,1,1,0,6.62000000000001,1,NA
"8072",67,75,2,1,1,0,0,7.82999999999998,1,NA
"8073",67,62,2,1,1,0,0,7.73000000000002,2,NA
"8074",67,18,2,1,1,0,1,5.59999999999997,1,NA
"8075",67,80,2,1,1,1,0,2.94999999999999,1,NA
"8076",67,70,2,1,1,0,0,5.87000000000001,1,NA
"8077",67,21,2,1,1,0,1,7.77999999999997,1,NA
"8078",67,89,2,1,1,0,0,3.30999999999994,1,NA
"8079",67,60,2,1,1,0,1,7.95000000000004,1,NA
"8080",68,30,2,1,1,1,0,3.15000000000001,3,NA
"8081",68,13,2,1,1,0,0,4.97,6,NA
"8082",68,35,2,1,1,0,0,7.77000000000001,2,NA
"8083",68,19,2,1,1,0,0,5.71000000000001,2,NA
"8084",68,62,2,1,1,1,1,2.54999999999998,2,NA
"8085",68,40,2,1,1,1,0,4.78,5,NA
"8086",68,78,2,1,1,1,1,2.36999999999998,1,NA
"8087",68,77,2,1,1,1,1,3.91999999999999,1,NA
"8088",68,86,2,1,1,1,1,3.66,6,NA
"8089",68,4,2,1,1,0,0,6.94,3,NA
"8090",68,61,2,1,1,1,1,6.22999999999999,1,NA
"8091",68,88,2,1,1,0,1,9.66999999999999,2,NA
"8092",68,57,2,1,1,1,0,5.46000000000001,2,NA
"8093",68,54,2,1,1,1,0,4.50999999999999,1,NA
"8094",68,63,2,1,1,1,1,5.38999999999999,1,NA
"8095",68,81,2,1,1,0,1,5.23000000000002,3,NA
"8096",68,3,2,1,1,1,0,4.52000000000001,1,NA
"8097",68,56,2,1,1,1,0,4.48999999999998,2,NA
"8098",68,65,2,1,1,1,1,6.49000000000001,1,NA
"8099",68,20,2,1,1,1,0,3.84,5,NA
"8100",68,6,2,1,1,1,0,2.88999999999999,3,NA
"8101",68,89,2,1,1,1,1,4.14000000000004,2,NA
"8102",68,52,2,1,1,0,0,6.01000000000005,1,NA
"8103",68,2,2,1,1,0,0,4.99000000000001,3,NA
"8104",68,38,2,1,1,1,0,5.09000000000003,1,NA
"8105",68,39,2,1,1,0,0,3.97000000000003,2,NA
"8106",68,73,2,1,1,1,1,6.33000000000004,2,NA
"8107",68,31,2,1,1,1,0,6.87999999999999,1,NA
"8108",68,18,2,1,1,1,0,5.45000000000004,2,NA
"8109",68,60,2,1,1,1,0,4.94999999999999,4,NA
"8110",68,26,2,1,1,1,0,4.16999999999996,2,NA
"8111",68,59,2,1,1,1,0,4.65999999999997,2,NA
"8112",68,46,2,1,1,0,0,4.28999999999996,1,NA
"8113",68,75,2,1,1,0,1,4.17000000000002,2,NA
"8114",68,66,2,1,1,1,1,2.25999999999999,2,NA
"8115",68,53,2,1,1,0,0,3.56999999999999,1,NA
"8116",68,43,2,1,1,1,0,3.89999999999998,1,NA
"8117",68,83,2,1,1,0,1,4.26000000000005,3,NA
"8118",68,84,2,1,1,0,1,2.92000000000002,4,NA
"8119",68,64,2,1,1,1,1,5.06,1,NA
"8120",68,28,2,1,1,1,0,6.90999999999997,1,NA
"8121",68,80,2,1,1,1,1,6.01999999999998,1,NA
"8122",68,70,2,1,1,0,1,3.66000000000003,1,NA
"8123",68,71,2,1,1,0,1,4.80000000000001,2,NA
"8124",68,68,2,1,1,0,1,6.56,4,NA
"8125",68,79,2,1,1,1,1,3.61000000000001,1,NA
"8126",68,45,2,1,1,1,0,5.06999999999999,2,NA
"8127",68,76,2,1,1,0,1,3.39999999999998,1,NA
"8128",68,85,2,1,1,0,1,4.10000000000002,1,NA
"8129",68,82,2,1,1,1,1,3.14000000000004,2,NA
"8130",68,69,2,1,1,0,1,2.77999999999997,3,NA
"8131",68,33,2,1,1,1,0,3.63,1,NA
"8132",68,15,2,1,1,0,0,7.03999999999996,2,NA
"8133",68,72,2,1,1,1,1,9.57000000000005,1,NA
"8134",68,90,2,1,1,1,1,3.30000000000007,1,NA
"8135",68,87,2,1,1,0,1,3.92000000000007,3,NA
"8136",68,74,2,1,1,0,1,4.27999999999997,2,NA
"8137",68,67,2,1,1,0,1,5.74000000000001,2,NA
"8138",68,23,2,1,1,1,0,6.74000000000001,3,NA
"8139",69,29,2,1,1,1,1,2.56999999999999,3,NA
"8140",69,32,2,1,1,0,1,3.64999999999999,1,NA
"8141",69,41,2,1,1,0,1,2.78,1,NA
"8142",69,42,2,1,1,0,1,3.08,2,NA
"8143",69,51,2,1,1,1,1,2.93000000000001,1,NA
"8144",69,14,2,1,1,1,1,2.69999999999999,1,NA
"8145",69,50,2,1,1,0,1,2.81999999999999,1,NA
"8146",69,67,2,1,1,1,0,2.88000000000001,2,NA
"8147",69,75,2,1,1,1,0,2.72000000000001,1,NA
"8148",69,80,2,1,1,0,0,2.97999999999999,1,NA
"8149",69,84,2,1,1,0,0,3.12,1,NA
"8150",69,82,2,1,1,1,0,3.45999999999998,1,NA
"8151",69,16,2,1,1,0,1,2.40000000000001,1,NA
"8152",69,64,2,1,1,1,0,3.16,1,NA
"8153",69,68,2,1,1,1,0,3.44999999999999,1,NA
"8154",69,76,2,1,1,0,0,3.60999999999999,1,NA
"8155",69,44,2,1,1,1,1,3.75,1,NA
"8156",69,86,2,1,1,1,0,4.97,1,NA
"8157",69,34,2,1,1,1,1,4.06999999999999,1,NA
"8158",69,10,2,1,1,0,1,3.93000000000001,1,NA
"8159",69,78,2,1,1,0,0,3.33000000000001,1,NA
"8160",69,25,2,1,1,1,1,3.02000000000001,3,NA
"8161",69,70,2,1,1,0,0,4.35999999999999,2,NA
"8162",69,63,2,1,1,1,0,2.79000000000002,1,NA
"8163",69,47,2,1,1,0,1,3.78,1,NA
"8164",69,85,2,1,1,1,0,3.79000000000002,1,NA
"8165",69,90,2,1,1,1,0,3.54999999999998,1,NA
"8166",69,49,2,1,1,1,1,3.55000000000001,1,NA
"8167",69,89,2,1,1,0,0,3.20000000000002,1,NA
"8168",69,11,2,1,1,1,1,4.31999999999999,1,NA
"8169",69,58,2,1,1,0,1,3.38,1,NA
"8170",69,72,2,1,1,1,0,3.33999999999997,1,NA
"8171",69,27,2,1,1,1,1,4.93000000000001,1,NA
"8172",69,61,2,1,1,0,0,2.46999999999997,1,NA
"8173",69,81,2,1,1,1,0,3.08999999999997,1,NA
"8174",69,88,2,1,1,0,0,2.97000000000003,1,NA
"8175",69,5,2,1,1,1,1,3.85000000000002,1,NA
"8176",69,48,2,1,1,0,1,2.25,1,NA
"8177",69,17,2,1,1,1,1,4.60000000000002,1,NA
"8178",69,74,2,1,1,1,0,3.38,1,NA
"8179",69,8,2,1,1,0,1,2.49000000000001,1,NA
"8180",69,87,2,1,1,1,0,2.51999999999998,1,NA
"8181",69,65,2,1,1,1,0,2.79000000000002,1,NA
"8182",69,37,2,1,1,0,1,3.69,1,NA
"8183",69,12,2,1,1,1,1,1.93000000000001,1,NA
"8184",69,83,2,1,1,1,0,4.64999999999998,1,NA
"8185",69,55,2,1,1,1,1,4.32999999999998,3,NA
"8186",69,7,2,1,1,1,1,2.94999999999999,1,NA
"8187",69,24,2,1,1,0,1,4.56999999999999,1,NA
"8188",69,36,2,1,1,1,1,7.40000000000003,1,NA
"8189",69,66,2,1,1,0,0,2.95000000000005,1,NA
"8190",69,22,2,1,1,1,1,3.81999999999999,1,NA
"8191",69,79,2,1,1,0,0,2.90000000000003,1,NA
"8192",69,1,2,1,1,1,1,4.05000000000001,1,NA
"8193",69,69,2,1,1,0,0,3.25999999999999,1,NA
"8194",69,73,2,1,1,1,0,2.67000000000002,1,NA
"8195",69,77,2,1,1,0,0,2.65000000000003,1,NA
"8196",69,62,2,1,1,0,0,4.81,1,NA
"8197",69,71,2,1,1,0,0,3.39999999999998,1,NA
"8198",69,9,2,1,1,0,1,2.30000000000001,4,NA
"8199",70,24,2,1,1,1,0,2.27,1,NA
"8200",70,34,2,1,1,0,0,2.23999999999999,2,NA
"8201",70,73,2,1,1,1,1,2.30000000000001,3,NA
"8202",70,90,2,1,1,1,1,2.11999999999999,4,NA
"8203",70,84,2,1,1,1,1,2.33,2,NA
"8204",70,36,2,1,1,0,0,2.07000000000001,4,NA
"8205",70,87,2,1,1,1,1,2.07000000000002,3,NA
"8206",70,10,2,1,1,0,0,2.18000000000001,3,NA
"8207",70,44,2,1,1,0,0,2.40000000000001,1,NA
"8208",70,29,2,1,1,1,0,1.55000000000001,2,NA
"8209",70,14,2,1,1,1,0,1.90000000000001,1,NA
"8210",70,49,2,1,1,0,0,2.10000000000002,2,NA
"8211",70,8,2,1,1,1,0,1.62,1,NA
"8212",70,89,2,1,1,1,1,1.85999999999998,1,NA
"8213",70,72,2,1,1,0,1,2.41999999999999,1,NA
"8214",70,68,2,1,1,0,1,3.59,1,NA
"8215",70,75,2,1,1,1,1,2.43000000000001,2,NA
"8216",70,42,2,1,1,1,0,2.16999999999999,4,NA
"8217",70,32,2,1,1,0,0,2.66,2,NA
"8218",70,51,2,1,1,1,0,2.45999999999998,4,NA
"8219",70,1,2,1,1,0,0,2.44999999999999,5,NA
"8220",70,76,2,1,1,1,1,2.67000000000002,4,NA
"8221",70,12,2,1,1,1,0,2.19,3,NA
"8222",70,55,2,1,1,1,0,2.90000000000001,4,NA
"8223",70,85,2,1,1,1,1,2.03999999999999,2,NA
"8224",70,25,2,1,1,0,0,2.71000000000001,1,NA
"8225",70,17,2,1,1,0,0,2.32999999999998,1,NA
"8226",70,47,2,1,1,0,0,2.30000000000001,1,NA
"8227",70,64,2,1,1,1,1,2.31999999999999,5,NA
"8228",70,5,2,1,1,0,0,2.93000000000001,5,NA
"8229",70,61,2,1,1,1,1,1.78000000000003,1,NA
"8230",70,83,2,1,1,0,1,2.98000000000002,4,NA
"8231",70,37,2,1,1,1,0,2.88999999999999,2,NA
"8232",70,71,2,1,1,1,1,3.13999999999999,1,NA
"8233",70,66,2,1,1,0,1,2.13999999999999,2,NA
"8234",70,77,2,1,1,1,1,2.09000000000003,1,NA
"8235",70,48,2,1,1,1,0,2.38999999999999,1,NA
"8236",70,27,2,1,1,1,0,2.88,3,NA
"8237",70,11,2,1,1,0,0,2.23000000000002,1,NA
"8238",70,65,2,1,1,0,1,2.46000000000004,1,NA
"8239",70,41,2,1,1,0,0,2.76999999999998,2,NA
"8240",70,74,2,1,1,0,1,2.69999999999999,1,NA
"8241",70,62,2,1,1,1,1,3.23000000000002,2,NA
"8242",70,22,2,1,1,1,0,4.30000000000001,1,NA
"8243",70,63,2,1,1,0,1,2.75,2,NA
"8244",70,80,2,1,1,1,1,1.75999999999999,3,NA
"8245",70,88,2,1,1,1,1,2.23000000000002,1,NA
"8246",70,67,2,1,1,0,1,2.66999999999996,2,NA
"8247",70,58,2,1,1,1,0,3.00999999999999,3,NA
"8248",70,86,2,1,1,1,1,3.06,5,NA
"8249",70,78,2,1,1,1,1,2.82999999999998,1,NA
"8250",70,69,2,1,1,0,1,2.59000000000003,1,NA
"8251",70,70,2,1,1,1,1,3.13,5,NA
"8252",70,16,2,1,1,0,0,2.11000000000001,1,NA
"8253",70,82,2,1,1,1,1,2.28999999999996,1,NA
"8254",70,9,2,1,1,1,0,2.41000000000003,2,NA
"8255",70,50,2,1,1,1,0,2.86000000000001,5,NA
"8256",70,7,2,1,1,1,0,3.13,3,NA
"8257",70,81,2,1,1,1,1,2.62,3,NA
"8258",70,79,2,1,1,0,1,1.86000000000001,1,NA
"8259",71,28,2,1,1,1,0,5.73999999999999,1,NA
"8260",71,43,2,1,1,1,0,4.06999999999999,2,NA
"8261",71,38,2,1,1,1,0,5.33,1,NA
"8262",71,9,2,1,1,1,1,4.97999999999999,1,NA
"8263",71,23,2,1,1,0,0,7.05999999999999,2,NA
"8264",71,47,2,1,1,1,1,5.05000000000001,1,NA
"8265",71,18,2,1,1,1,0,9.12,1,NA
"8266",71,58,2,1,1,1,1,3.87,3,NA
"8267",71,20,2,1,1,0,0,4.51000000000002,1,NA
"8268",71,2,2,1,1,0,0,6.53,1,NA
"8269",71,57,2,1,1,1,0,4.76999999999998,1,NA
"8270",71,16,2,1,1,1,1,3.69,1,NA
"8271",71,34,2,1,1,1,1,7.43000000000001,1,NA
"8272",71,22,2,1,1,1,1,4.91999999999999,1,NA
"8273",71,12,2,1,1,1,1,4.35000000000002,1,NA
"8274",71,7,2,1,1,0,1,5.79999999999998,1,NA
"8275",71,24,2,1,1,1,1,2.47,1,NA
"8276",71,11,2,1,1,1,1,3.41,1,NA
"8277",71,3,2,1,1,0,0,6.39999999999998,1,NA
"8278",71,53,2,1,1,0,0,4.31999999999999,1,NA
"8279",71,32,2,1,1,1,1,6.60000000000002,1,NA
"8280",71,46,2,1,1,1,0,5.61000000000001,1,NA
"8281",71,33,2,1,1,1,0,3.24000000000001,1,NA
"8282",71,49,2,1,1,1,1,4.19,1,NA
"8283",71,10,2,1,1,1,1,4.46999999999997,1,NA
"8284",71,59,2,1,1,1,0,6.13999999999999,2,NA
"8285",71,29,2,1,1,1,1,3.25,1,NA
"8286",71,35,2,1,1,1,0,3.76999999999998,3,NA
"8287",71,15,2,1,1,0,0,4.73000000000002,4,NA
"8288",71,52,2,1,1,1,0,4.96999999999997,1,NA
"8289",71,5,2,1,1,1,1,4.70000000000004,1,NA
"8290",71,40,2,1,1,1,0,5.04999999999996,4,NA
"8291",71,41,2,1,1,0,1,4.67000000000002,1,NA
"8292",71,6,2,1,1,1,0,3.49000000000001,1,NA
"8293",71,51,2,1,1,0,1,3.74000000000001,1,NA
"8294",71,1,2,1,1,0,1,5.41999999999996,1,NA
"8295",71,26,2,1,1,0,0,4.55000000000001,1,NA
"8296",71,36,2,1,1,0,1,5.19,1,NA
"8297",71,45,2,1,1,1,0,2.66000000000003,1,NA
"8298",71,31,2,1,1,0,0,6.20000000000004,1,NA
"8299",71,39,2,1,1,1,0,5.81,3,NA
"8300",71,60,2,1,1,1,0,3.16999999999996,3,NA
"8301",71,17,2,1,1,1,1,3.18000000000001,1,NA
"8302",71,8,2,1,1,0,1,4.05000000000001,1,NA
"8303",71,54,2,1,1,1,0,6.76999999999998,1,NA
"8304",71,30,2,1,1,1,0,4.47999999999996,3,NA
"8305",71,13,2,1,1,1,0,3.02000000000004,4,NA
"8306",71,27,2,1,1,1,1,5.27999999999997,3,NA
"8307",71,25,2,1,1,1,1,4.51999999999998,3,NA
"8308",71,37,2,1,1,0,1,4.52999999999997,1,NA
"8309",71,4,2,1,1,1,0,5.69999999999999,1,NA
"8310",71,19,2,1,1,1,0,3.92000000000002,1,NA
"8311",71,42,2,1,1,1,1,4.47000000000003,4,NA
"8312",71,48,2,1,1,1,1,3,1,NA
"8313",71,50,2,1,1,1,1,2.75999999999999,6,NA
"8314",71,14,2,1,1,1,1,2.89999999999998,1,NA
"8315",71,21,2,1,1,1,0,5.20000000000004,1,NA
"8316",71,56,2,1,1,1,0,4.25999999999999,1,NA
"8317",71,44,2,1,1,0,1,3.96999999999997,1,NA
"8318",71,55,2,1,1,1,1,8.34000000000003,1,NA
"8319",72,29,2,1,1,1,0,3.09,1,NA
"8320",72,6,2,1,1,1,1,2.65000000000001,3,NA
"8321",72,9,2,1,1,0,0,3.66,2,NA
"8322",72,17,2,1,1,0,0,3.77000000000001,6,NA
"8323",72,8,2,1,1,1,0,4.82999999999998,1,NA
"8324",72,7,2,1,1,0,0,5.06999999999999,3,NA
"8325",72,2,2,1,1,0,1,6.99000000000001,3,NA
"8326",72,5,2,1,1,1,0,4.85999999999999,3,NA
"8327",72,49,2,1,1,1,0,5.83999999999997,1,NA
"8328",72,3,2,1,1,1,1,2.93000000000001,6,NA
"8329",72,51,2,1,1,0,0,4.67000000000002,1,NA
"8330",72,20,2,1,1,1,1,4.50999999999999,6,NA
"8331",72,53,2,1,1,0,1,4.03999999999999,1,NA
"8332",72,22,2,1,1,1,0,4.30999999999997,1,NA
"8333",72,31,2,1,1,0,1,5.32999999999998,1,NA
"8334",72,15,2,1,1,1,1,3.86999999999995,4,NA
"8335",72,40,2,1,1,0,1,4.91999999999996,3,NA
"8336",72,59,2,1,1,0,1,4.39999999999998,1,NA
"8337",72,30,2,1,1,1,1,4.45999999999998,1,NA
"8338",72,24,2,1,1,1,0,5.68000000000001,1,NA
"8339",72,19,2,1,1,0,1,5.07000000000005,3,NA
"8340",72,21,2,1,1,0,1,4.42000000000002,1,NA
"8341",72,58,2,1,1,0,0,4.94,1,NA
"8342",72,55,2,1,1,0,0,6.91999999999996,2,NA
"8343",72,52,2,1,1,0,1,6.94999999999999,1,NA
"8344",72,18,2,1,1,1,1,6.33999999999997,3,NA
"8345",72,54,2,1,1,1,1,5.87000000000001,1,NA
"8346",72,41,2,1,1,0,0,2.80000000000001,1,NA
"8347",72,48,2,1,1,1,0,4,2,NA
"8348",72,57,2,1,1,0,1,2.68000000000001,1,NA
"8349",72,42,2,1,1,1,0,4.81,3,NA
"8350",72,33,2,1,1,0,1,1.90999999999997,1,NA
"8351",72,13,2,1,1,1,1,3.28000000000003,5,NA
"8352",72,43,2,1,1,0,1,3.82999999999998,1,NA
"8353",72,37,2,1,1,0,0,5.74000000000001,1,NA
"8354",72,11,2,1,1,1,0,7.44,1,NA
"8355",72,14,2,1,1,0,0,6.86000000000001,3,NA
"8356",72,4,2,1,1,0,1,2.77999999999997,1,NA
"8357",72,50,2,1,1,1,0,2.63999999999999,6,NA
"8358",72,56,2,1,1,0,1,8.14000000000004,1,NA
"8359",72,46,2,1,1,1,1,4.93000000000001,1,NA
"8360",72,28,2,1,1,1,1,3.69,1,NA
"8361",72,32,2,1,1,0,0,2.57999999999998,1,NA
"8362",72,38,2,1,1,1,1,2.62,3,NA
"8363",72,44,2,1,1,1,0,2.88,4,NA
"8364",72,25,2,1,1,1,0,4.72000000000003,3,NA
"8365",72,34,2,1,1,1,0,3.51999999999998,1,NA
"8366",72,47,2,1,1,1,0,3.56999999999994,3,NA
"8367",72,23,2,1,1,0,1,3.04999999999995,1,NA
"8368",72,26,2,1,1,1,1,5.17999999999995,4,NA
"8369",72,39,2,1,1,0,1,3.38,1,NA
"8370",72,10,2,1,1,0,0,7.38999999999999,1,NA
"8371",72,36,2,1,1,1,0,7.30999999999995,3,NA
"8372",72,45,2,1,1,0,1,5.69000000000005,1,NA
"8373",72,16,2,1,1,0,0,2.22000000000003,1,NA
"8374",72,35,2,1,1,1,1,5.30000000000007,3,NA
"8375",72,12,2,1,1,1,0,3.05000000000007,1,NA
"8376",73,102,2,1,1,0,0,2.58,2,NA
"8377",73,88,2,1,1,0,1,4.58000000000001,2,NA
"8378",73,72,2,1,1,0,1,4.23,2,NA
"8379",73,116,2,1,1,0,0,3.97,2,NA
"8380",73,95,2,1,1,0,0,3.28,2,NA
"8381",73,117,2,1,1,0,0,6.12999999999999,2,NA
"8382",73,84,2,1,1,1,1,2.73000000000002,4,NA
"8383",73,71,2,1,1,1,1,4.75,2,NA
"8384",73,64,2,1,1,0,1,4.95999999999998,2,NA
"8385",73,99,2,1,1,0,0,5.77000000000001,1,NA
"8386",73,114,2,1,1,0,0,5.75,1,NA
"8387",73,106,2,1,1,0,0,5.31,1,NA
"8388",73,100,2,1,1,1,0,4.32999999999998,2,NA
"8389",73,61,2,1,1,0,1,6.25999999999999,2,NA
"8390",73,107,2,1,1,1,0,6.28,2,NA
"8391",73,119,2,1,1,1,0,4.22999999999999,2,NA
"8392",73,76,2,1,1,0,1,4.86000000000001,3,NA
"8393",73,90,2,1,1,1,1,7.15000000000001,2,NA
"8394",73,80,2,1,1,1,1,3.31,2,NA
"8395",73,63,2,1,1,1,1,5.37999999999999,2,NA
"8396",73,89,2,1,1,1,1,9.06999999999999,2,NA
"8397",73,77,2,1,1,1,1,7.47000000000003,2,NA
"8398",73,83,2,1,1,0,1,4.48000000000002,2,NA
"8399",73,98,2,1,1,1,0,5.12000000000001,2,NA
"8400",73,109,2,1,1,1,0,4.02999999999997,2,NA
"8401",73,70,2,1,1,1,1,4.44999999999999,2,NA
"8402",73,69,2,1,1,1,1,4.80000000000001,2,NA
"8403",73,82,2,1,1,1,1,4.56,2,NA
"8404",73,101,2,1,1,1,0,5.70999999999998,2,NA
"8405",73,66,2,1,1,1,1,3.18000000000001,2,NA
"8406",73,103,2,1,1,1,0,5.77000000000004,2,NA
"8407",73,108,2,1,1,1,0,8.09999999999997,2,NA
"8408",73,94,2,1,1,1,0,5.66999999999996,2,NA
"8409",73,113,2,1,1,1,0,3.92000000000002,2,NA
"8410",73,110,2,1,1,0,0,5.83000000000004,1,NA
"8411",73,93,2,1,1,1,0,3.08999999999997,2,NA
"8412",73,87,2,1,1,0,1,5.21999999999997,1,NA
"8413",73,120,2,1,1,1,0,8,2,NA
"8414",73,104,2,1,1,1,0,6.19999999999999,2,NA
"8415",73,73,2,1,1,1,1,3.57999999999998,2,NA
"8416",73,78,2,1,1,1,1,4.18000000000001,2,NA
"8417",73,81,2,1,1,1,1,7.19999999999999,5,NA
"8418",73,68,2,1,1,1,1,5.96000000000004,5,NA
"8419",73,67,2,1,1,0,1,3.34999999999997,5,NA
"8420",73,118,2,1,1,1,0,4.75,3,NA
"8421",73,65,2,1,1,1,1,3.24000000000001,2,NA
"8422",73,79,2,1,1,0,1,3.27999999999997,2,NA
"8423",73,115,2,1,1,0,0,1.96999999999997,2,NA
"8424",73,112,2,1,1,1,0,4.75,2,NA
"8425",73,75,2,1,1,0,1,3.88,2,NA
"8426",73,105,2,1,1,1,0,4.56999999999999,2,NA
"8427",73,92,2,1,1,0,0,4.03999999999996,2,NA
"8428",73,86,2,1,1,1,1,4.00999999999999,5,NA
"8429",73,91,2,1,1,1,0,3,2,NA
"8430",73,85,2,1,1,1,1,4.28000000000009,2,NA
"8431",73,62,2,1,1,0,1,3.64999999999998,2,NA
"8432",73,74,2,1,1,1,1,6.84000000000003,2,NA
"8433",73,97,2,1,1,1,0,5.71000000000004,2,NA
"8434",73,111,2,1,1,1,0,4.45000000000004,2,NA
"8435",73,96,2,1,1,0,0,2.89999999999998,2,NA
"8436",74,96,2,1,1,1,1,3.99000000000001,3,NA
"8437",74,90,2,1,1,0,0,7.12000000000001,3,NA
"8438",74,88,2,1,1,1,0,7.75,1,NA
"8439",74,66,2,1,1,0,0,3.54000000000001,3,NA
"8440",74,105,2,1,1,1,1,5.42,2,NA
"8441",74,73,2,1,1,1,0,2.5,3,NA
"8442",74,107,2,1,1,0,1,8.81999999999999,2,NA
"8443",74,62,2,1,1,1,0,2.88,4,NA
"8444",74,93,2,1,1,0,1,3.56,1,NA
"8445",74,64,2,1,1,1,0,2.65000000000001,2,NA
"8446",74,63,2,1,1,0,0,2.66,4,NA
"8447",74,118,2,1,1,1,1,5.20000000000002,4,NA
"8448",74,83,2,1,1,0,0,8.27999999999997,5,NA
"8449",74,75,2,1,1,1,0,2.39000000000001,1,NA
"8450",74,115,2,1,1,1,1,4.80000000000001,3,NA
"8451",74,77,2,1,1,0,0,9.48000000000002,1,NA
"8452",74,113,2,1,1,1,1,6.20000000000002,3,NA
"8453",74,99,2,1,1,1,1,5.66,2,NA
"8454",74,76,2,1,1,1,0,8.17000000000002,4,NA
"8455",74,103,2,1,1,0,1,5.37000000000001,2,NA
"8456",74,74,2,1,1,0,0,2.89999999999998,1,NA
"8457",74,68,2,1,1,1,0,8.38999999999999,2,NA
"8458",74,95,2,1,1,0,1,4.25,2,NA
"8459",74,81,2,1,1,1,0,4.28000000000003,5,NA
"8460",74,108,2,1,1,1,1,4.60000000000002,4,NA
"8461",74,109,2,1,1,0,1,4.56999999999999,2,NA
"8462",74,86,2,1,1,0,0,2.91999999999996,3,NA
"8463",74,116,2,1,1,1,1,4.47000000000003,3,NA
"8464",74,72,2,1,1,1,0,3.73000000000002,3,NA
"8465",74,100,2,1,1,0,1,6.01999999999998,3,NA
"8466",74,104,2,1,1,1,1,5.00999999999999,2,NA
"8467",74,110,2,1,1,0,1,8.92000000000002,5,NA
"8468",74,98,2,1,1,0,1,4.02999999999997,1,NA
"8469",74,61,2,1,1,1,0,3.17000000000002,4,NA
"8470",74,69,2,1,1,1,0,5.82000000000005,2,NA
"8471",74,71,2,1,1,0,0,4.60000000000002,2,NA
"8472",74,65,2,1,1,1,0,5.06,3,NA
"8473",74,92,2,1,1,1,1,5.25,6,NA
"8474",74,67,2,1,1,0,0,2.88,5,NA
"8475",74,114,2,1,1,0,1,7.80000000000001,1,NA
"8476",74,84,2,1,1,1,0,7.20999999999998,2,NA
"8477",74,106,2,1,1,0,1,3.82999999999998,3,NA
"8478",74,97,2,1,1,1,1,6.60999999999996,3,NA
"8479",74,101,2,1,1,0,1,4.98000000000002,5,NA
"8480",74,111,2,1,1,1,1,7.34999999999997,4,NA
"8481",74,87,2,1,1,0,0,7.02999999999997,3,NA
"8482",74,91,2,1,1,1,1,6.18000000000001,4,NA
"8483",74,85,2,1,1,1,0,5.46999999999991,4,NA
"8484",74,102,2,1,1,0,1,5.76999999999998,4,NA
"8485",74,94,2,1,1,1,1,8.42000000000007,4,NA
"8486",74,82,2,1,1,1,0,3.76999999999998,3,NA
"8487",74,119,2,1,1,1,1,3.38,2,NA
"8488",74,120,2,1,1,1,1,3.86999999999989,4,NA
"8489",74,112,2,1,1,0,1,2.18000000000006,6,NA
"8490",74,78,2,1,1,1,0,5.19000000000005,2,NA
"8491",74,70,2,1,1,0,0,7.55000000000007,3,NA
"8492",74,80,2,1,1,1,0,4.10000000000002,4,NA
"8493",75,39,2,1,1,1,1,2.95,3,NA
"8494",75,117,2,1,1,0,0,2.72,3,NA
"8495",75,100,2,1,1,1,0,3.68000000000001,3,NA
"8496",75,38,2,1,1,1,1,2.80000000000001,3,NA
"8497",75,93,2,1,1,1,0,4.42999999999999,3,NA
"8498",75,96,2,1,1,0,0,3.00999999999999,2,NA
"8499",75,28,2,1,1,1,1,2.54999999999998,2,NA
"8500",75,43,2,1,1,0,1,4.47,3,NA
"8501",75,118,2,1,1,1,0,1.82999999999998,3,NA
"8502",75,20,2,1,1,1,1,2.07000000000002,4,NA
"8503",75,103,2,1,1,1,0,3.69,6,NA
"8504",75,112,2,1,1,1,0,3.19,3,NA
"8505",75,52,2,1,1,1,1,2.87,3,NA
"8506",75,13,2,1,1,1,1,2.11000000000001,5,NA
"8507",75,111,2,1,1,0,0,2.53999999999999,3,NA
"8508",75,110,2,1,1,1,0,2.53,3,NA
"8509",75,115,2,1,1,1,0,5.5,4,NA
"8510",75,108,2,1,1,0,0,3,3,NA
"8511",75,35,2,1,1,1,1,2.22000000000003,4,NA
"8512",75,57,2,1,1,1,1,4.81999999999999,4,NA
"8513",75,56,2,1,1,1,1,2.75,4,NA
"8514",75,113,2,1,1,0,0,2.41999999999999,3,NA
"8515",75,23,2,1,1,1,1,4.53,3,NA
"8516",75,98,2,1,1,0,0,2.53999999999999,3,NA
"8517",75,4,2,1,1,0,1,2.77000000000001,2,NA
"8518",75,18,2,1,1,1,1,3.31999999999999,5,NA
"8519",75,97,2,1,1,0,0,3.82999999999998,2,NA
"8520",75,3,2,1,1,1,1,1.92000000000002,3,NA
"8521",75,6,2,1,1,1,1,2.86000000000001,4,NA
"8522",75,15,2,1,1,1,1,1.59000000000003,4,NA
"8523",75,30,2,1,1,1,1,2.72000000000003,4,NA
"8524",75,101,2,1,1,0,0,1.80000000000001,3,NA
"8525",75,92,2,1,1,0,0,3.49000000000001,2,NA
"8526",75,53,2,1,1,1,1,3.03999999999996,3,NA
"8527",75,2,2,1,1,0,1,5.04000000000002,2,NA
"8528",75,31,2,1,1,1,1,4.02999999999997,3,NA
"8529",75,40,2,1,1,1,1,2.44999999999999,6,NA
"8530",75,60,2,1,1,1,1,4.30000000000001,4,NA
"8531",75,119,2,1,1,1,0,1.90999999999997,3,NA
"8532",75,106,2,1,1,0,0,2.29999999999995,2,NA
"8533",75,114,2,1,1,1,0,2.08000000000004,3,NA
"8534",75,104,2,1,1,1,0,2.70999999999998,2,NA
"8535",75,26,2,1,1,1,1,3.38000000000005,3,NA
"8536",75,109,2,1,1,1,0,5.69,2,NA
"8537",75,116,2,1,1,1,0,2.92000000000002,4,NA
"8538",75,99,2,1,1,0,0,2.31,2,NA
"8539",75,105,2,1,1,1,0,2.26999999999998,3,NA
"8540",75,19,2,1,1,0,1,4.44999999999999,2,NA
"8541",75,46,2,1,1,0,1,3.55000000000001,3,NA
"8542",75,45,2,1,1,0,1,3.19,5,NA
"8543",75,33,2,1,1,0,1,4.37999999999999,3,NA
"8544",75,59,2,1,1,1,1,2.80000000000001,3,NA
"8545",75,21,2,1,1,0,1,3.84999999999997,3,NA
"8546",75,91,2,1,1,0,0,2.94999999999999,3,NA
"8547",75,54,2,1,1,1,1,2.75,3,NA
"8548",75,107,2,1,1,0,0,4.81999999999999,3,NA
"8549",75,102,2,1,1,0,0,5.15000000000003,4,NA
"8550",75,94,2,1,1,1,0,3.25999999999999,3,NA
"8551",75,120,2,1,1,1,0,2.06,2,NA
"8552",75,95,2,1,1,1,0,2.46999999999997,3,NA
"8553",76,92,2,1,1,1,1,2.40000000000001,2,NA
"8554",76,60,2,1,1,1,0,2.48,3,NA
"8555",76,52,2,1,1,0,0,3.36999999999999,1,NA
"8556",76,110,2,1,1,0,1,3.84999999999999,5,NA
"8557",76,13,2,1,1,0,0,5.14999999999999,2,NA
"8558",76,105,2,1,1,1,1,3.92999999999999,2,NA
"8559",76,43,2,1,1,0,0,2.16000000000001,1,NA
"8560",76,33,2,1,1,1,0,3.39999999999999,1,NA
"8561",76,59,2,1,1,1,0,1.91999999999999,4,NA
"8562",76,28,2,1,1,0,0,3.66,4,NA
"8563",76,53,2,1,1,0,0,3.55000000000001,1,NA
"8564",76,38,2,1,1,1,0,2.75,2,NA
"8565",76,114,2,1,1,0,1,2.5,6,NA
"8566",76,102,2,1,1,1,1,4.03,2,NA
"8567",76,2,2,1,1,0,0,2.56999999999999,2,NA
"8568",76,40,2,1,1,1,0,2.11999999999998,5,NA
"8569",76,15,2,1,1,0,0,2.58000000000001,3,NA
"8570",76,56,2,1,1,1,0,4.00999999999999,3,NA
"8571",76,46,2,1,1,0,0,3.12,2,NA
"8572",76,18,2,1,1,1,0,3.63999999999999,1,NA
"8573",76,104,2,1,1,1,1,3.34999999999999,1,NA
"8574",76,119,2,1,1,1,1,2.35999999999999,2,NA
"8575",76,23,2,1,1,0,0,3.78,2,NA
"8576",76,117,2,1,1,0,1,3.28,1,NA
"8577",76,93,2,1,1,0,1,3.89000000000001,3,NA
"8578",76,19,2,1,1,0,0,3.66,4,NA
"8579",76,118,2,1,1,1,1,2.38999999999999,4,NA
"8580",76,31,2,1,1,1,0,5.25999999999999,2,NA
"8581",76,115,2,1,1,1,1,2.94999999999999,2,NA
"8582",76,101,2,1,1,0,1,3.45000000000002,3,NA
"8583",76,3,2,1,1,0,0,2.92000000000002,1,NA
"8584",76,35,2,1,1,0,0,2.23000000000002,1,NA
"8585",76,95,2,1,1,1,1,4.73000000000002,3,NA
"8586",76,97,2,1,1,1,1,2.56,3,NA
"8587",76,21,2,1,1,0,0,4.20000000000004,1,NA
"8588",76,4,2,1,1,0,0,3.63999999999999,2,NA
"8589",76,106,2,1,1,1,1,3.38999999999999,2,NA
"8590",76,103,2,1,1,1,1,3.16000000000003,6,NA
"8591",76,39,2,1,1,1,0,3.03000000000003,3,NA
"8592",76,111,2,1,1,1,1,2.94,2,NA
"8593",76,91,2,1,1,1,1,3.84000000000003,1,NA
"8594",76,100,2,1,1,0,1,2.51999999999998,2,NA
"8595",76,94,2,1,1,1,1,3.06,3,NA
"8596",76,113,2,1,1,1,1,2.77000000000004,2,NA
"8597",76,96,2,1,1,0,1,1.77000000000004,1,NA
"8598",76,109,2,1,1,1,1,2.19,2,NA
"8599",76,116,2,1,1,1,1,1.73000000000002,5,NA
"8600",76,6,2,1,1,1,0,3.04000000000002,2,NA
"8601",76,30,2,1,1,0,0,2.63,1,NA
"8602",76,108,2,1,1,1,1,2.94,3,NA
"8603",76,99,2,1,1,1,1,4.51000000000005,2,NA
"8604",76,20,2,1,1,1,0,2.54999999999995,5,NA
"8605",76,26,2,1,1,0,0,2.45999999999998,1,NA
"8606",76,112,2,1,1,0,1,4.44,6,NA
"8607",76,57,2,1,1,1,0,3.56999999999999,2,NA
"8608",76,98,2,1,1,0,1,2.5,2,NA
"8609",76,107,2,1,1,1,1,2.08000000000004,1,NA
"8610",76,120,2,1,1,1,1,2.48000000000002,4,NA
"8611",76,54,2,1,1,1,0,4.56,4,NA
"8612",76,45,2,1,1,0,0,3.43000000000001,3,NA
"8613",77,73,2,1,1,1,0,3.13,1,NA
"8614",77,70,2,1,1,0,0,3.64,3,NA
"8615",77,43,2,1,1,0,1,3.35000000000001,2,NA
"8616",77,30,2,1,1,1,1,3.73999999999999,1,NA
"8617",77,74,2,1,1,1,0,3.75999999999999,1,NA
"8618",77,46,2,1,1,1,1,4.42,2,NA
"8619",77,86,2,1,1,1,0,5.37000000000002,3,NA
"8620",77,60,2,1,1,0,1,3.08000000000001,3,NA
"8621",77,88,2,1,1,0,0,5.87000000000001,2,NA
"8622",77,62,2,1,1,1,0,3.84999999999999,4,NA
"8623",77,38,2,1,1,1,1,2.69,3,NA
"8624",77,28,2,1,1,0,1,3.76999999999998,2,NA
"8625",77,4,2,1,1,1,1,8.08999999999997,3,NA
"8626",77,61,2,1,1,1,0,9.32000000000002,1,NA
"8627",77,39,2,1,1,0,1,8.79999999999998,2,NA
"8628",77,45,2,1,1,1,1,4.18000000000001,3,NA
"8629",77,82,2,1,1,0,0,4.81999999999999,2,NA
"8630",77,64,2,1,1,0,0,5.90000000000001,1,NA
"8631",77,6,2,1,1,0,1,5.27000000000001,1,NA
"8632",77,19,2,1,1,0,1,2.81,5,NA
"8633",77,90,2,1,1,1,0,4.99000000000001,3,NA
"8634",77,75,2,1,1,0,0,5.70000000000002,2,NA
"8635",77,21,2,1,1,1,1,7.07999999999998,3,NA
"8636",77,72,2,1,1,1,0,6.91000000000003,2,NA
"8637",77,71,2,1,1,1,0,7.68000000000001,1,NA
"8638",77,66,2,1,1,1,0,3.06999999999999,2,NA
"8639",77,68,2,1,1,0,0,5.94,3,NA
"8640",77,59,2,1,1,1,1,3.44999999999999,2,NA
"8641",77,40,2,1,1,1,1,2.98000000000002,5,NA
"8642",77,67,2,1,1,0,0,7.46000000000004,2,NA
"8643",77,56,2,1,1,1,1,2.96999999999997,4,NA
"8644",77,23,2,1,1,1,1,4.69999999999999,1,NA
"8645",77,33,2,1,1,0,1,4.64999999999998,1,NA
"8646",77,80,2,1,1,1,0,3.83000000000004,2,NA
"8647",77,53,2,1,1,1,1,4.08000000000004,4,NA
"8648",77,77,2,1,1,1,0,4.31999999999999,3,NA
"8649",77,18,2,1,1,1,1,4.50999999999999,5,NA
"8650",77,35,2,1,1,1,1,6.61000000000001,4,NA
"8651",77,31,2,1,1,1,1,5.31999999999999,3,NA
"8652",77,20,2,1,1,0,1,4.05000000000001,1,NA
"8653",77,65,2,1,1,1,0,3.65000000000003,3,NA
"8654",77,52,2,1,1,1,1,5.72000000000003,2,NA
"8655",77,79,2,1,1,1,0,2.81999999999999,1,NA
"8656",77,13,2,1,1,1,1,2.72000000000003,5,NA
"8657",77,57,2,1,1,1,1,5.71000000000004,3,NA
"8658",77,81,2,1,1,1,0,3.18000000000001,4,NA
"8659",77,26,2,1,1,1,1,3.87,2,NA
"8660",77,15,2,1,1,0,1,3.66000000000003,1,NA
"8661",77,3,2,1,1,1,1,4.74000000000001,1,NA
"8662",77,84,2,1,1,1,0,3.19,4,NA
"8663",77,63,2,1,1,1,0,7.44999999999999,1,NA
"8664",77,76,2,1,1,1,0,5.04000000000002,3,NA
"8665",77,87,2,1,1,1,0,3.22999999999996,3,NA
"8666",77,85,2,1,1,0,0,6.53000000000003,1,NA
"8667",77,2,2,1,1,0,1,8.67999999999995,1,NA
"8668",77,89,2,1,1,1,0,5.85000000000002,1,NA
"8669",77,78,2,1,1,1,0,3.78999999999996,2,NA
"8670",77,54,2,1,1,1,1,4.2399999999999,3,NA
"8671",77,69,2,1,1,1,0,3.32999999999993,2,NA
"8672",79,102,2,1,1,0,0,3.86,5,NA
"8673",79,118,2,1,1,1,0,2.89999999999999,6,NA
"8674",79,67,2,1,1,0,1,4.34999999999999,4,NA
"8675",79,100,2,1,1,1,0,3.84999999999999,5,NA
"8676",79,95,2,1,1,0,0,4.23,3,NA
"8677",79,79,2,1,1,0,1,2.87,5,NA
"8678",79,111,2,1,1,0,0,4.36000000000001,3,NA
"8679",79,85,2,1,1,1,1,2.84999999999999,6,NA
"8680",79,113,2,1,1,1,0,4.23999999999998,3,NA
"8681",79,112,2,1,1,0,0,4.13999999999999,2,NA
"8682",79,106,2,1,1,1,0,2.97999999999999,4,NA
"8683",79,93,2,1,1,1,0,7.15000000000001,3,NA
"8684",79,86,2,1,1,1,1,3.93000000000001,5,NA
"8685",79,107,2,1,1,0,0,3.82000000000002,2,NA
"8686",79,71,2,1,1,1,1,2.88,3,NA
"8687",79,101,2,1,1,1,0,9.66,4,NA
"8688",79,96,2,1,1,0,0,2.66999999999999,3,NA
"8689",79,108,2,1,1,0,0,2.11999999999998,3,NA
"8690",79,97,2,1,1,1,0,4.12000000000001,3,NA
"8691",79,114,2,1,1,0,0,5.19,4,NA
"8692",79,115,2,1,1,1,0,4.31,4,NA
"8693",79,103,2,1,1,1,0,4.55000000000001,4,NA
"8694",79,68,2,1,1,1,1,4.02000000000001,2,NA
"8695",79,65,2,1,1,1,1,2.50999999999999,3,NA
"8696",79,120,2,1,1,1,0,5.02999999999997,4,NA
"8697",79,109,2,1,1,0,0,2.12,2,NA
"8698",79,74,2,1,1,0,1,2.78000000000003,5,NA
"8699",79,104,2,1,1,0,0,2.31999999999999,2,NA
"8700",79,110,2,1,1,0,0,4.83999999999997,4,NA
"8701",79,70,2,1,1,1,1,2.03000000000003,5,NA
"8702",79,61,2,1,1,1,1,4.43000000000001,3,NA
"8703",79,81,2,1,1,0,1,2.88,4,NA
"8704",79,119,2,1,1,0,0,4.87999999999999,3,NA
"8705",79,91,2,1,1,1,0,2.82999999999998,4,NA
"8706",79,89,2,1,1,1,1,2.44,3,NA
"8707",79,116,2,1,1,1,0,3.96000000000004,2,NA
"8708",79,77,2,1,1,0,1,2.12,2,NA
"8709",79,66,2,1,1,1,1,1.76000000000005,3,NA
"8710",79,76,2,1,1,1,1,2.69999999999999,2,NA
"8711",79,62,2,1,1,0,1,5.97000000000003,6,NA
"8712",79,105,2,1,1,1,0,7.56999999999999,3,NA
"8713",79,75,2,1,1,0,1,2.34999999999997,2,NA
"8714",79,117,2,1,1,1,0,4.48000000000002,3,NA
"8715",79,80,2,1,1,1,1,2.38999999999999,3,NA
"8716",79,78,2,1,1,1,1,1.75,3,NA
"8717",79,82,2,1,1,0,1,2.38,3,NA
"8718",79,94,2,1,1,1,0,2.88,3,NA
"8719",79,73,2,1,1,1,1,3.52999999999997,4,NA
"8720",79,88,2,1,1,0,1,2.31999999999999,4,NA
"8721",79,99,2,1,1,1,0,2.60000000000002,6,NA
"8722",79,92,2,1,1,0,0,3.59999999999997,2,NA
"8723",79,98,2,1,1,0,0,2.77999999999997,2,NA
"8724",79,83,2,1,1,1,1,7.53999999999996,4,NA
"8725",79,63,2,1,1,0,1,4.98000000000002,3,NA
"8726",79,84,2,1,1,0,1,4.82999999999998,4,NA
"8727",79,90,2,1,1,0,1,3.32999999999998,3,NA
"8728",79,64,2,1,1,0,1,1.52999999999997,4,NA
"8729",79,87,2,1,1,1,1,3.44999999999999,2,NA
"8730",79,69,2,1,1,0,1,7.37000000000001,4,NA
"8731",80,92,2,1,1,1,1,2.71,2,NA
"8732",80,103,2,1,1,0,1,2.88,3,NA
"8733",80,95,2,1,1,0,1,2.94,3,NA
"8734",80,61,2,1,1,1,0,2.27,3,NA
"8735",80,106,2,1,1,1,1,2.19,2,NA
"8736",80,74,2,1,1,1,0,2.73,2,NA
"8737",80,76,2,1,1,0,0,2.55,2,NA
"8738",80,72,2,1,1,0,0,3.01000000000001,3,NA
"8739",80,93,2,1,1,1,1,2.97,3,NA
"8740",80,101,2,1,1,0,1,3.26000000000001,3,NA
"8741",80,85,2,1,1,0,0,2.83,2,NA
"8742",80,63,2,1,1,0,0,3.56999999999999,3,NA
"8743",80,78,2,1,1,0,0,2.92,2,NA
"8744",80,108,2,1,1,0,1,2.03999999999999,2,NA
"8745",80,115,2,1,1,1,1,2.64,3,NA
"8746",80,91,2,1,1,1,1,2.48999999999999,3,NA
"8747",80,117,2,1,1,0,1,2.72999999999999,3,NA
"8748",80,96,2,1,1,1,1,1.69999999999999,3,NA
"8749",80,105,2,1,1,1,1,2.88,3,NA
"8750",80,116,2,1,1,0,1,4.16,3,NA
"8751",80,102,2,1,1,1,1,1.97999999999999,3,NA
"8752",80,67,2,1,1,0,0,4.18000000000001,4,NA
"8753",80,77,2,1,1,1,0,3.28,3,NA
"8754",80,89,2,1,1,1,0,3.06,3,NA
"8755",80,66,2,1,1,1,0,2.03,4,NA
"8756",80,99,2,1,1,1,1,2.40000000000001,3,NA
"8757",80,90,2,1,1,1,0,4.09,4,NA
"8758",80,110,2,1,1,1,1,2.92000000000002,3,NA
"8759",80,98,2,1,1,0,1,2.48999999999998,4,NA
"8760",80,82,2,1,1,1,0,2.01999999999998,4,NA
"8761",80,118,2,1,1,1,1,5.18000000000001,4,NA
"8762",80,86,2,1,1,1,0,4.28,5,NA
"8763",80,79,2,1,1,1,0,2.66999999999999,4,NA
"8764",80,84,2,1,1,1,0,2.97,3,NA
"8765",80,100,2,1,1,1,1,3.21000000000001,4,NA
"8766",80,62,2,1,1,1,0,2.40000000000001,3,NA
"8767",80,64,2,1,1,0,0,2.96000000000001,3,NA
"8768",80,70,2,1,1,1,0,3.78,4,NA
"8769",80,68,2,1,1,1,0,3.15000000000001,4,NA
"8770",80,107,2,1,1,1,1,2.18000000000001,4,NA
"8771",80,113,2,1,1,1,1,2.63999999999999,3,NA
"8772",80,81,2,1,1,1,0,2.13,4,NA
"8773",80,97,2,1,1,1,1,2.03999999999996,4,NA
"8774",80,65,2,1,1,1,0,2.97000000000003,4,NA
"8775",80,104,2,1,1,1,1,2.84999999999997,3,NA
"8776",80,71,2,1,1,1,0,2.88999999999999,2,NA
"8777",80,87,2,1,1,1,0,2.16999999999996,3,NA
"8778",80,111,2,1,1,1,1,1.74000000000001,2,NA
"8779",80,94,2,1,1,0,1,1.93000000000001,2,NA
"8780",80,112,2,1,1,1,1,3.35000000000002,3,NA
"8781",80,69,2,1,1,0,0,4.70999999999998,3,NA
"8782",80,75,2,1,1,0,0,2.31,2,NA
"8783",80,120,2,1,1,1,1,3.61000000000001,3,NA
"8784",80,73,2,1,1,1,0,5.88999999999999,2,NA
"8785",80,88,2,1,1,0,0,2.98000000000002,2,NA
"8786",80,119,2,1,1,1,1,4.36000000000001,2,NA
"8787",80,80,2,1,1,1,0,2.21000000000004,3,NA
"8788",80,109,2,1,1,1,1,5.12999999999999,2,NA
"8789",80,114,2,1,1,1,1,2.26999999999998,3,NA
"8790",80,83,2,1,1,1,0,3.94999999999999,3,NA
"8791",81,17,2,1,1,0,1,2.36,1,NA
"8792",81,8,2,1,1,1,1,2.5,2,NA
"8793",81,27,2,1,1,0,1,2.29000000000001,1,NA
"8794",81,103,2,1,1,0,0,2.86,6,NA
"8795",81,104,2,1,1,1,0,2.78,1,NA
"8796",81,92,2,1,1,0,0,2.55,1,NA
"8797",81,44,2,1,1,1,1,2.49000000000001,3,NA
"8798",81,5,2,1,1,0,1,3.13999999999999,2,NA
"8799",81,1,2,1,1,0,1,2.43000000000001,1,NA
"8800",81,99,2,1,1,0,0,3.43000000000001,1,NA
"8801",81,24,2,1,1,1,1,3.09999999999999,2,NA
"8802",81,37,2,1,1,1,1,3.88999999999999,1,NA
"8803",81,11,2,1,1,0,1,2.50999999999999,1,NA
"8804",81,111,2,1,1,1,0,2.73999999999998,2,NA
"8805",81,102,2,1,1,1,0,2.57999999999998,2,NA
"8806",81,112,2,1,1,0,0,4.44,6,NA
"8807",81,10,2,1,1,0,1,3.07999999999998,1,NA
"8808",81,16,2,1,1,0,1,2.13999999999999,1,NA
"8809",81,115,2,1,1,0,0,2.68000000000001,1,NA
"8810",81,105,2,1,1,1,0,3.32999999999998,1,NA
"8811",81,12,2,1,1,1,1,3.17999999999998,2,NA
"8812",81,96,2,1,1,1,0,2.41999999999999,2,NA
"8813",81,58,2,1,1,0,1,3.16,1,NA
"8814",81,9,2,1,1,0,1,2.67000000000002,3,NA
"8815",81,97,2,1,1,0,0,2.63999999999999,1,NA
"8816",81,94,2,1,1,0,0,1.84999999999999,1,NA
"8817",81,107,2,1,1,1,0,2.13,2,NA
"8818",81,113,2,1,1,1,0,4.38999999999999,1,NA
"8819",81,32,2,1,1,1,1,2.44999999999999,4,NA
"8820",81,98,2,1,1,0,0,2.42000000000002,2,NA
"8821",81,29,2,1,1,0,1,2.41999999999999,1,NA
"8822",81,50,2,1,1,1,1,3.06999999999999,1,NA
"8823",81,106,2,1,1,0,0,2.79999999999995,1,NA
"8824",81,101,2,1,1,1,0,3.06,1,NA
"8825",81,110,2,1,1,1,0,3.30000000000001,2,NA
"8826",81,34,2,1,1,0,1,3.38000000000005,4,NA
"8827",81,42,2,1,1,1,1,3.33000000000004,1,NA
"8828",81,48,2,1,1,1,1,3.10000000000002,3,NA
"8829",81,36,2,1,1,0,1,2.92000000000002,1,NA
"8830",81,108,2,1,1,0,0,2.25,1,NA
"8831",81,100,2,1,1,1,0,2.55000000000001,1,NA
"8832",81,119,2,1,1,1,0,2.38999999999999,1,NA
"8833",81,25,2,1,1,1,1,3.29000000000002,2,NA
"8834",81,109,2,1,1,0,0,3.05000000000001,1,NA
"8835",81,49,2,1,1,1,1,3.40000000000003,1,NA
"8836",81,55,2,1,1,1,1,2.56,5,NA
"8837",81,114,2,1,1,0,0,3.22999999999996,1,NA
"8838",81,41,2,1,1,0,1,3.65000000000003,2,NA
"8839",81,120,2,1,1,0,0,3.38,1,NA
"8840",81,118,2,1,1,1,0,2.68000000000001,3,NA
"8841",81,22,2,1,1,0,1,3.06,1,NA
"8842",81,93,2,1,1,0,0,2.95999999999998,1,NA
"8843",81,91,2,1,1,1,0,2.04999999999995,1,NA
"8844",81,95,2,1,1,0,0,2.69,4,NA
"8845",81,51,2,1,1,1,1,2.63,4,NA
"8846",81,116,2,1,1,0,0,2.87,1,NA
"8847",81,7,2,1,1,0,1,3.18000000000001,1,NA
"8848",81,47,2,1,1,1,1,2.56999999999999,4,NA
"8849",81,117,2,1,1,1,0,3.40000000000003,3,NA
"8850",81,14,2,1,1,1,1,3.36000000000001,1,NA
