"","subject","statement_identifier","procedure_identifier","within_identifier","between_identifier","response","repeated","rt","trial"
"1",1,1,1,1,1,0,1,NA,NA
"2",1,2,1,1,1,1,0,NA,NA
"3",1,3,1,1,1,0,0,NA,NA
"4",1,4,1,1,1,0,0,NA,NA
"5",1,5,1,1,1,0,1,NA,NA
"6",1,6,1,1,1,0,0,NA,NA
"7",1,7,1,1,1,1,1,NA,NA
"8",1,8,1,1,1,1,1,NA,NA
"9",1,9,1,1,1,1,1,NA,NA
"10",1,10,1,1,1,1,1,NA,NA
"11",1,11,1,1,1,0,1,NA,NA
"12",1,12,1,1,1,1,1,NA,NA
"13",1,13,1,1,1,0,0,NA,NA
"14",1,14,1,1,1,1,1,NA,NA
"15",1,15,1,1,1,0,0,NA,NA
"16",1,16,1,1,1,1,1,NA,NA
"17",1,17,1,1,1,1,1,NA,NA
"18",1,18,1,1,1,0,0,NA,NA
"19",1,19,1,1,1,0,0,NA,NA
"20",1,20,1,1,1,1,0,NA,NA
"21",1,21,1,1,1,1,0,NA,NA
"22",1,22,1,1,1,1,1,NA,NA
"23",1,23,1,1,1,0,0,NA,NA
"24",1,24,1,1,1,1,1,NA,NA
"25",1,25,1,1,1,0,1,NA,NA
"26",1,26,1,1,1,1,0,NA,NA
"27",1,27,1,1,1,1,1,NA,NA
"28",1,28,1,1,1,0,0,NA,NA
"29",1,29,1,1,1,0,1,NA,NA
"30",1,30,1,1,1,0,0,NA,NA
"31",1,31,1,1,1,1,0,NA,NA
"32",1,32,1,1,1,1,1,NA,NA
"33",1,33,1,1,1,0,0,NA,NA
"34",1,34,1,1,1,0,1,NA,NA
"35",1,35,1,1,1,0,0,NA,NA
"36",1,36,1,1,1,0,1,NA,NA
"37",1,37,1,1,1,0,1,NA,NA
"38",1,38,1,1,1,1,0,NA,NA
"39",1,39,1,1,1,0,0,NA,NA
"40",1,40,1,1,1,1,0,NA,NA
"41",1,41,1,1,1,0,1,NA,NA
"42",1,42,1,1,1,1,1,NA,NA
"43",1,43,1,1,1,0,0,NA,NA
"44",1,44,1,1,1,1,1,NA,NA
"45",1,45,1,1,1,0,0,NA,NA
"46",1,46,1,1,1,1,0,NA,NA
"47",1,47,1,1,1,1,1,NA,NA
"48",1,48,1,1,1,1,1,NA,NA
"49",1,49,1,1,1,1,1,NA,NA
"50",1,50,1,1,1,1,1,NA,NA
"51",1,51,1,1,1,1,1,NA,NA
"52",1,52,1,1,1,1,0,NA,NA
"53",1,53,1,1,1,1,0,NA,NA
"54",1,54,1,1,1,1,0,NA,NA
"55",1,55,1,1,1,1,1,NA,NA
"56",1,56,1,1,1,0,0,NA,NA
"57",1,57,1,1,1,0,0,NA,NA
"58",1,58,1,1,1,1,1,NA,NA
"59",1,59,1,1,1,1,0,NA,NA
"60",1,60,2,1,1,1,0,NA,NA
"61",1,61,2,1,1,1,1,NA,NA
"62",1,62,2,1,1,1,0,NA,NA
"63",1,63,2,1,1,1,1,NA,NA
"64",1,64,2,1,1,0,0,NA,NA
"65",1,65,2,1,1,0,1,NA,NA
"66",1,66,2,1,1,0,0,NA,NA
"67",1,67,2,1,1,1,0,NA,NA
"68",1,68,2,1,1,1,1,NA,NA
"69",1,69,2,1,1,0,1,NA,NA
"70",1,70,2,1,1,1,0,NA,NA
"71",1,71,2,1,1,1,1,NA,NA
"72",1,72,2,1,1,0,0,NA,NA
"73",1,73,2,1,1,1,0,NA,NA
"74",1,74,2,1,1,1,1,NA,NA
"75",1,75,2,1,1,0,1,NA,NA
"76",1,76,2,1,1,0,1,NA,NA
"77",1,77,2,1,1,1,0,NA,NA
"78",1,78,2,1,1,0,0,NA,NA
"79",1,79,2,1,1,1,1,NA,NA
"80",1,80,2,1,1,0,1,NA,NA
"81",1,81,2,1,1,1,1,NA,NA
"82",1,82,2,1,1,1,1,NA,NA
"83",1,83,2,1,1,1,0,NA,NA
"84",1,84,2,1,1,1,1,NA,NA
"85",1,85,2,1,1,1,1,NA,NA
"86",1,86,2,1,1,0,1,NA,NA
"87",1,87,2,1,1,0,0,NA,NA
"88",1,88,2,1,1,1,1,NA,NA
"89",1,89,2,1,1,1,0,NA,NA
"90",1,90,2,1,1,1,0,NA,NA
"91",1,91,2,1,1,1,0,NA,NA
"92",1,92,2,1,1,0,0,NA,NA
"93",1,93,2,1,1,0,1,NA,NA
"94",1,94,2,1,1,0,1,NA,NA
"95",1,95,2,1,1,0,0,NA,NA
"96",1,96,2,1,1,1,0,NA,NA
"97",1,97,2,1,1,0,1,NA,NA
"98",1,98,2,1,1,0,0,NA,NA
"99",1,99,2,1,1,1,0,NA,NA
"100",1,100,2,1,1,1,0,NA,NA
"101",1,101,2,1,1,1,0,NA,NA
"102",1,102,2,1,1,1,1,NA,NA
"103",1,103,2,1,1,1,0,NA,NA
"104",1,104,2,1,1,0,0,NA,NA
"105",1,105,2,1,1,1,1,NA,NA
"106",1,106,2,1,1,1,0,NA,NA
"107",1,107,2,1,1,1,1,NA,NA
"108",1,108,2,1,1,1,1,NA,NA
"109",1,109,2,1,1,0,1,NA,NA
"110",1,110,2,1,1,1,0,NA,NA
"111",1,111,2,1,1,1,0,NA,NA
"112",1,112,2,1,1,0,1,NA,NA
"113",1,113,2,1,1,0,0,NA,NA
"114",1,114,2,1,1,1,0,NA,NA
"115",1,115,2,1,1,1,1,NA,NA
"116",2,31,1,1,1,0,0,NA,NA
"117",2,35,1,1,1,1,0,NA,NA
"118",2,17,1,1,1,1,1,NA,NA
"119",2,49,1,1,1,1,1,NA,NA
"120",2,5,1,1,1,0,1,NA,NA
"121",2,16,1,1,1,0,1,NA,NA
"122",2,40,1,1,1,0,0,NA,NA
"123",2,39,1,1,1,0,0,NA,NA
"124",2,116,1,1,1,0,0,NA,NA
"125",2,14,1,1,1,1,1,NA,NA
"126",2,21,1,1,1,1,0,NA,NA
"127",2,28,1,1,1,1,0,NA,NA
"128",2,15,1,1,1,1,0,NA,NA
"129",2,53,1,1,1,0,0,NA,NA
"130",2,52,1,1,1,1,0,NA,NA
"131",2,10,1,1,1,0,1,NA,NA
"132",2,51,1,1,1,1,1,NA,NA
"133",2,73,2,1,1,1,1,NA,NA
"134",2,104,2,1,1,1,1,NA,NA
"135",2,89,2,1,1,1,1,NA,NA
"136",2,98,2,1,1,1,1,NA,NA
"137",2,105,2,1,1,1,0,NA,NA
"138",2,67,2,1,1,0,1,NA,NA
"139",2,103,2,1,1,1,1,NA,NA
"140",2,68,2,1,1,0,0,NA,NA
"141",2,62,2,1,1,1,1,NA,NA
"142",2,113,2,1,1,1,1,NA,NA
"143",2,80,2,1,1,1,0,NA,NA
"144",2,82,2,1,1,1,0,NA,NA
"145",2,79,2,1,1,0,0,NA,NA
"146",2,66,2,1,1,1,1,NA,NA
"147",2,87,2,1,1,1,1,NA,NA
"148",2,60,2,1,1,1,1,NA,NA
"149",2,61,2,1,1,1,0,NA,NA
"150",2,102,2,1,1,0,0,NA,NA
"151",2,76,2,1,1,0,0,NA,NA
"152",2,97,2,1,1,1,0,NA,NA
"153",2,70,2,1,1,1,1,NA,NA
"154",2,100,2,1,1,1,1,NA,NA
"155",2,115,2,1,1,0,0,NA,NA
"156",2,111,2,1,1,1,1,NA,NA
"157",2,117,2,1,1,0,1,NA,NA
"158",2,88,2,1,1,1,0,NA,NA
"159",2,83,2,1,1,1,1,NA,NA
"160",2,85,2,1,1,0,0,NA,NA
"161",2,71,2,1,1,1,0,NA,NA
"162",2,65,2,1,1,0,0,NA,NA
"163",2,56,1,1,1,1,0,NA,NA
"164",2,20,1,1,1,1,0,NA,NA
"165",2,33,1,1,1,1,0,NA,NA
"166",2,34,1,1,1,0,1,NA,NA
"167",2,18,1,1,1,1,0,NA,NA
"168",2,32,1,1,1,1,1,NA,NA
"169",2,1,1,1,1,0,1,NA,NA
"170",2,118,2,1,1,1,0,NA,NA
"171",2,119,2,1,1,0,0,NA,NA
"172",2,84,2,1,1,1,0,NA,NA
"173",2,101,2,1,1,1,1,NA,NA
"174",2,78,2,1,1,1,1,NA,NA
"175",2,112,2,1,1,0,0,NA,NA
"176",2,120,2,1,1,0,0,NA,NA
"177",2,93,2,1,1,0,0,NA,NA
"178",2,77,2,1,1,1,1,NA,NA
"179",2,96,2,1,1,1,1,NA,NA
"180",2,109,2,1,1,0,0,NA,NA
"181",2,86,2,1,1,1,0,NA,NA
"182",2,110,2,1,1,0,1,NA,NA
"183",2,23,1,1,1,1,0,NA,NA
"184",2,59,1,1,1,1,0,NA,NA
"185",2,27,1,1,1,0,1,NA,NA
"186",2,26,1,1,1,1,0,NA,NA
"187",2,2,1,1,1,0,0,NA,NA
"188",2,3,1,1,1,1,0,NA,NA
"189",2,12,1,1,1,1,1,NA,NA
"190",2,24,1,1,1,1,1,NA,NA
"191",2,43,1,1,1,0,0,NA,NA
"192",2,58,1,1,1,1,1,NA,NA
"193",2,25,1,1,1,1,1,NA,NA
"194",2,54,1,1,1,1,0,NA,NA
"195",2,46,1,1,1,0,0,NA,NA
"196",2,8,1,1,1,1,1,NA,NA
"197",2,19,1,1,1,0,0,NA,NA
"198",2,41,1,1,1,1,1,NA,NA
"199",2,37,1,1,1,1,1,NA,NA
"200",2,47,1,1,1,1,1,NA,NA
"201",2,55,1,1,1,0,1,NA,NA
"202",2,30,1,1,1,0,0,NA,NA
"203",2,29,1,1,1,1,1,NA,NA
"204",2,38,1,1,1,1,0,NA,NA
"205",2,50,1,1,1,1,1,NA,NA
"206",2,42,1,1,1,1,1,NA,NA
"207",2,9,1,1,1,1,1,NA,NA
"208",2,13,1,1,1,0,0,NA,NA
"209",2,22,1,1,1,1,1,NA,NA
"210",2,57,1,1,1,1,0,NA,NA
"211",2,6,1,1,1,1,0,NA,NA
"212",2,45,1,1,1,0,0,NA,NA
"213",2,7,1,1,1,1,1,NA,NA
"214",2,11,1,1,1,1,1,NA,NA
"215",2,36,1,1,1,1,1,NA,NA
"216",2,69,2,1,1,0,0,NA,NA
"217",2,64,2,1,1,1,1,NA,NA
"218",2,91,2,1,1,1,1,NA,NA
"219",2,90,2,1,1,1,1,NA,NA
"220",2,74,2,1,1,1,0,NA,NA
"221",2,75,2,1,1,0,0,NA,NA
"222",2,92,2,1,1,1,1,NA,NA
"223",2,44,1,1,1,1,1,NA,NA
"224",2,4,1,1,1,0,0,NA,NA
"225",2,48,1,1,1,0,1,NA,NA
"226",2,108,2,1,1,1,0,NA,NA
"227",2,63,2,1,1,1,0,NA,NA
"228",2,106,2,1,1,0,1,NA,NA
"229",2,95,2,1,1,1,1,NA,NA
"230",2,99,2,1,1,0,1,NA,NA
"231",2,94,2,1,1,0,0,NA,NA
"232",2,114,2,1,1,0,1,NA,NA
"233",2,107,2,1,1,1,0,NA,NA
"234",2,72,2,1,1,1,1,NA,NA
"235",2,81,2,1,1,1,0,NA,NA
"236",4,75,1,1,1,0,0,NA,NA
"237",4,44,1,1,1,1,1,NA,NA
"238",4,14,1,1,1,1,1,NA,NA
"239",4,81,1,1,1,0,0,NA,NA
"240",4,108,1,1,1,0,0,NA,NA
"241",4,107,1,1,1,1,0,NA,NA
"242",4,36,1,1,1,0,1,NA,NA
"243",4,32,1,1,1,1,1,NA,NA
"244",4,119,1,1,1,0,0,NA,NA
"245",4,58,1,1,1,1,1,NA,NA
"246",4,120,1,1,1,0,0,NA,NA
"247",4,118,1,1,1,1,0,NA,NA
"248",4,85,1,1,1,0,0,NA,NA
"249",4,63,1,1,1,1,0,NA,NA
"250",4,115,1,1,1,1,0,NA,NA
"251",4,42,1,1,1,1,1,NA,NA
"252",4,93,1,1,1,1,0,NA,NA
"253",4,49,1,1,1,1,1,NA,NA
"254",4,9,1,1,1,1,1,NA,NA
"255",4,50,1,1,1,1,1,NA,NA
"256",4,84,1,1,1,0,0,NA,NA
"257",4,24,1,1,1,1,1,NA,NA
"258",4,112,1,1,1,0,0,NA,NA
"259",4,11,1,1,1,1,1,NA,NA
"260",4,69,1,1,1,0,0,NA,NA
"261",4,47,1,1,1,1,1,NA,NA
"262",4,51,1,1,1,1,1,NA,NA
"263",4,65,1,1,1,0,0,NA,NA
"264",4,5,1,1,1,1,1,NA,NA
"265",4,22,1,1,1,1,1,NA,NA
"266",4,109,1,1,1,1,0,NA,NA
"267",4,16,1,1,1,1,1,NA,NA
"268",4,76,1,1,1,1,0,NA,NA
"269",4,1,1,1,1,1,1,NA,NA
"270",4,68,1,1,1,1,0,NA,NA
"271",4,10,1,1,1,1,1,NA,NA
"272",4,80,1,1,1,0,0,NA,NA
"273",4,41,1,1,1,1,1,NA,NA
"274",4,94,1,1,1,0,0,NA,NA
"275",4,79,1,1,1,0,0,NA,NA
"276",4,97,1,1,1,1,0,NA,NA
"277",4,29,1,1,1,1,1,NA,NA
"278",4,55,1,1,1,1,1,NA,NA
"279",4,34,1,1,1,0,1,NA,NA
"280",4,102,1,1,1,1,0,NA,NA
"281",4,88,1,1,1,0,0,NA,NA
"282",4,7,1,1,1,1,1,NA,NA
"283",4,74,1,1,1,0,0,NA,NA
"284",4,105,1,1,1,0,0,NA,NA
"285",4,8,1,1,1,1,1,NA,NA
"286",4,23,2,1,1,0,0,NA,NA
"287",4,95,2,1,1,0,1,NA,NA
"288",4,72,2,1,1,0,1,NA,NA
"289",4,52,2,1,1,1,0,NA,NA
"290",4,57,2,1,1,1,0,NA,NA
"291",4,71,1,1,1,1,0,NA,NA
"292",4,37,1,1,1,1,1,NA,NA
"293",4,48,1,1,1,1,1,NA,NA
"294",4,27,1,1,1,1,1,NA,NA
"295",4,25,1,1,1,1,1,NA,NA
"296",4,86,1,1,1,0,0,NA,NA
"297",4,61,1,1,1,1,0,NA,NA
"298",4,12,1,1,1,1,1,NA,NA
"299",4,17,1,1,1,1,1,NA,NA
"300",4,82,1,1,1,0,0,NA,NA
"301",4,64,2,1,1,1,1,NA,NA
"302",4,67,2,1,1,0,1,NA,NA
"303",4,96,2,1,1,1,1,NA,NA
"304",4,15,2,1,1,1,0,NA,NA
"305",4,21,2,1,1,0,0,NA,NA
"306",4,110,2,1,1,1,1,NA,NA
"307",4,62,2,1,1,0,1,NA,NA
"308",4,113,2,1,1,1,1,NA,NA
"309",4,100,2,1,1,1,1,NA,NA
"310",4,53,2,1,1,0,0,NA,NA
"311",4,92,2,1,1,1,1,NA,NA
"312",4,6,2,1,1,1,0,NA,NA
"313",4,54,2,1,1,1,0,NA,NA
"314",4,89,2,1,1,1,1,NA,NA
"315",4,114,2,1,1,0,1,NA,NA
"316",4,98,2,1,1,1,1,NA,NA
"317",4,87,2,1,1,1,1,NA,NA
"318",4,30,2,1,1,1,0,NA,NA
"319",4,103,2,1,1,0,1,NA,NA
"320",4,99,2,1,1,1,1,NA,NA
"321",4,66,2,1,1,0,1,NA,NA
"322",4,91,2,1,1,1,1,NA,NA
"323",4,45,2,1,1,0,0,NA,NA
"324",4,56,2,1,1,1,0,NA,NA
"325",4,104,2,1,1,1,1,NA,NA
"326",4,78,2,1,1,0,1,NA,NA
"327",4,28,2,1,1,1,0,NA,NA
"328",4,83,2,1,1,1,1,NA,NA
"329",4,26,2,1,1,1,0,NA,NA
"330",4,3,2,1,1,1,0,NA,NA
"331",4,77,2,1,1,1,1,NA,NA
"332",4,38,2,1,1,0,0,NA,NA
"333",4,46,2,1,1,1,0,NA,NA
"334",4,20,2,1,1,1,0,NA,NA
"335",4,59,2,1,1,1,0,NA,NA
"336",4,33,2,1,1,0,0,NA,NA
"337",4,60,2,1,1,1,1,NA,NA
"338",4,40,2,1,1,0,0,NA,NA
"339",4,31,2,1,1,1,0,NA,NA
"340",4,111,2,1,1,1,1,NA,NA
"341",4,2,2,1,1,1,0,NA,NA
"342",4,4,2,1,1,1,0,NA,NA
"343",4,13,2,1,1,0,0,NA,NA
"344",4,35,2,1,1,0,0,NA,NA
"345",4,19,2,1,1,1,0,NA,NA
"346",4,101,2,1,1,0,1,NA,NA
"347",4,39,2,1,1,0,0,NA,NA
"348",4,106,2,1,1,1,1,NA,NA
"349",4,70,2,1,1,1,1,NA,NA
"350",4,43,2,1,1,0,0,NA,NA
"351",4,116,2,1,1,1,0,NA,NA
"352",4,117,2,1,1,1,1,NA,NA
"353",4,73,2,1,1,0,1,NA,NA
"354",4,90,2,1,1,1,1,NA,NA
"355",5,99,1,1,1,1,0,NA,NA
"356",5,72,1,1,1,0,0,NA,NA
"357",5,66,1,1,1,1,0,NA,NA
"358",5,29,1,1,1,0,1,NA,NA
"359",5,87,1,1,1,1,0,NA,NA
"360",5,34,1,1,1,0,1,NA,NA
"361",5,51,1,1,1,1,1,NA,NA
"362",5,77,1,1,1,1,0,NA,NA
"363",5,47,1,1,1,1,1,NA,NA
"364",5,90,1,1,1,1,0,NA,NA
"365",5,41,1,1,1,1,1,NA,NA
"366",5,8,1,1,1,1,1,NA,NA
"367",5,16,1,1,1,0,1,NA,NA
"368",5,104,1,1,1,1,0,NA,NA
"369",5,62,1,1,1,1,0,NA,NA
"370",5,35,2,1,1,1,1,NA,NA
"371",5,112,2,1,1,1,0,NA,NA
"372",5,12,1,1,1,1,1,NA,NA
"373",5,101,1,1,1,0,0,NA,NA
"374",5,76,2,1,1,1,0,NA,NA
"375",5,38,2,1,1,0,1,NA,NA
"376",5,61,2,1,1,1,0,NA,NA
"377",5,107,2,1,1,1,0,NA,NA
"378",5,57,2,1,1,1,1,NA,NA
"379",5,108,2,1,1,0,0,NA,NA
"380",5,105,2,1,1,1,0,NA,NA
"381",5,85,2,1,1,1,0,NA,NA
"382",5,39,2,1,1,0,1,NA,NA
"383",5,73,1,1,1,0,0,NA,NA
"384",5,94,2,1,1,0,0,NA,NA
"385",5,118,2,1,1,0,0,NA,NA
"386",5,82,2,1,1,1,0,NA,NA
"387",5,119,2,1,1,1,0,NA,NA
"388",5,59,2,1,1,1,1,NA,NA
"389",5,80,2,1,1,1,0,NA,NA
"390",5,84,2,1,1,1,0,NA,NA
"391",5,13,2,1,1,1,1,NA,NA
"392",5,33,2,1,1,1,1,NA,NA
"393",5,71,2,1,1,0,0,NA,NA
"394",5,23,2,1,1,0,1,NA,NA
"395",5,31,2,1,1,1,1,NA,NA
"396",5,18,2,1,1,1,1,NA,NA
"397",5,53,2,1,1,1,1,NA,NA
"398",5,74,2,1,1,1,0,NA,NA
"399",5,63,2,1,1,1,0,NA,NA
"400",5,21,2,1,1,1,1,NA,NA
"401",5,19,2,1,1,0,1,NA,NA
"402",5,86,2,1,1,0,0,NA,NA
"403",5,103,1,1,1,0,0,NA,NA
"404",5,113,1,1,1,1,0,NA,NA
"405",5,49,1,1,1,1,1,NA,NA
"406",5,83,1,1,1,1,0,NA,NA
"407",5,89,1,1,1,1,0,NA,NA
"408",5,55,1,1,1,1,1,NA,NA
"409",5,24,1,1,1,1,1,NA,NA
"410",5,22,1,1,1,1,1,NA,NA
"411",5,9,1,1,1,1,1,NA,NA
"412",5,97,2,1,1,0,0,NA,NA
"413",5,120,2,1,1,1,0,NA,NA
"414",5,93,2,1,1,1,0,NA,NA
"415",5,46,2,1,1,1,1,NA,NA
"416",5,109,2,1,1,0,0,NA,NA
"417",5,30,2,1,1,1,1,NA,NA
"418",5,88,2,1,1,0,0,NA,NA
"419",5,56,2,1,1,1,1,NA,NA
"420",5,75,2,1,1,0,0,NA,NA
"421",5,79,2,1,1,1,0,NA,NA
"422",5,68,2,1,1,0,0,NA,NA
"423",5,40,2,1,1,0,1,NA,NA
"424",5,106,1,1,1,1,0,NA,NA
"425",5,60,1,1,1,1,0,NA,NA
"426",5,7,1,1,1,1,1,NA,NA
"427",5,91,1,1,1,1,0,NA,NA
"428",5,44,1,1,1,1,1,NA,NA
"429",5,78,1,1,1,1,0,NA,NA
"430",5,27,1,1,1,1,1,NA,NA
"431",5,10,1,1,1,1,1,NA,NA
"432",5,110,1,1,1,1,0,NA,NA
"433",5,64,1,1,1,1,0,NA,NA
"434",5,98,1,1,1,1,0,NA,NA
"435",5,58,1,1,1,1,1,NA,NA
"436",5,95,1,1,1,1,0,NA,NA
"437",5,25,1,1,1,1,1,NA,NA
"438",5,37,1,1,1,1,1,NA,NA
"439",5,11,1,1,1,1,1,NA,NA
"440",5,70,1,1,1,0,0,NA,NA
"441",5,100,1,1,1,1,0,NA,NA
"442",5,32,1,1,1,1,1,NA,NA
"443",5,3,2,1,1,1,1,NA,NA
"444",5,114,1,1,1,0,0,NA,NA
"445",5,42,1,1,1,1,1,NA,NA
"446",5,17,1,1,1,0,1,NA,NA
"447",5,96,1,1,1,1,0,NA,NA
"448",5,36,1,1,1,1,1,NA,NA
"449",5,117,1,1,1,1,0,NA,NA
"450",5,48,1,1,1,1,1,NA,NA
"451",5,92,1,1,1,1,0,NA,NA
"452",5,111,1,1,1,1,0,NA,NA
"453",5,5,1,1,1,1,1,NA,NA
"454",5,14,1,1,1,1,1,NA,NA
"455",5,1,1,1,1,1,1,NA,NA
"456",5,50,1,1,1,1,1,NA,NA
"457",5,26,2,1,1,1,1,NA,NA
"458",5,2,2,1,1,1,1,NA,NA
"459",5,20,2,1,1,1,1,NA,NA
"460",5,102,2,1,1,1,0,NA,NA
"461",5,116,2,1,1,1,1,NA,NA
"462",5,15,2,1,1,1,1,NA,NA
"463",5,52,2,1,1,1,1,NA,NA
"464",5,28,2,1,1,1,1,NA,NA
"465",5,67,1,1,1,0,0,NA,NA
"466",5,45,2,1,1,0,1,NA,NA
"467",5,54,2,1,1,1,1,NA,NA
"468",5,69,2,1,1,0,0,NA,NA
"469",5,65,2,1,1,1,0,NA,NA
"470",5,4,2,1,1,1,1,NA,NA
"471",5,43,2,1,1,1,1,NA,NA
"472",5,81,2,1,1,1,0,NA,NA
"473",5,115,2,1,1,1,0,NA,NA
"474",5,6,2,1,1,1,1,NA,NA
"475",6,24,1,1,1,1,1,NA,NA
"476",6,50,1,1,1,0,1,NA,NA
"477",6,83,1,1,1,1,0,NA,NA
"478",6,114,1,1,1,0,0,NA,NA
"479",6,49,1,1,1,1,1,NA,NA
"480",6,9,1,1,1,1,1,NA,NA
"481",6,78,1,1,1,1,0,NA,NA
"482",6,66,1,1,1,1,0,NA,NA
"483",6,117,1,1,1,1,0,NA,NA
"484",6,60,1,1,1,1,0,NA,NA
"485",6,111,1,1,1,0,0,NA,NA
"486",6,73,1,1,1,0,0,NA,NA
"487",6,14,1,1,1,1,1,NA,NA
"488",6,70,1,1,1,0,0,NA,NA
"489",6,64,1,1,1,0,0,NA,NA
"490",6,1,1,1,1,1,1,NA,NA
"491",6,99,1,1,1,0,0,NA,NA
"492",6,96,1,1,1,1,0,NA,NA
"493",6,92,1,1,1,0,0,NA,NA
"494",6,29,1,1,1,1,1,NA,NA
"495",6,58,1,1,1,1,1,NA,NA
"496",6,51,1,1,1,1,1,NA,NA
"497",6,67,1,1,1,1,0,NA,NA
"498",6,8,1,1,1,0,1,NA,NA
"499",6,12,1,1,1,0,1,NA,NA
"500",6,5,1,1,1,0,1,NA,NA
"501",6,25,1,1,1,1,1,NA,NA
"502",6,22,1,1,1,1,1,NA,NA
"503",6,16,1,1,1,1,1,NA,NA
"504",6,27,1,1,1,1,1,NA,NA
"505",6,87,1,1,1,1,0,NA,NA
"506",6,41,1,1,1,1,1,NA,NA
"507",6,110,1,1,1,0,0,NA,NA
"508",6,106,1,1,1,0,0,NA,NA
"509",6,62,1,1,1,1,0,NA,NA
"510",6,95,1,1,1,1,0,NA,NA
"511",6,42,1,1,1,1,1,NA,NA
"512",6,90,1,1,1,0,0,NA,NA
"513",6,34,1,1,1,1,1,NA,NA
"514",6,89,1,1,1,0,0,NA,NA
"515",6,77,1,1,1,0,0,NA,NA
"516",6,32,1,1,1,1,1,NA,NA
"517",6,98,1,1,1,1,0,NA,NA
"518",6,100,1,1,1,1,0,NA,NA
"519",6,72,1,1,1,0,0,NA,NA
"520",6,37,1,1,1,1,1,NA,NA
"521",6,7,1,1,1,1,1,NA,NA
"522",6,101,1,1,1,0,0,NA,NA
"523",6,55,1,1,1,1,1,NA,NA
"524",6,10,1,1,1,1,1,NA,NA
"525",6,11,1,1,1,1,1,NA,NA
"526",6,94,2,1,1,1,1,NA,NA
"527",6,97,2,1,1,0,1,NA,NA
"528",6,120,2,1,1,1,1,NA,NA
"529",6,112,2,1,1,0,1,NA,NA
"530",6,79,2,1,1,0,1,NA,NA
"531",6,118,2,1,1,1,1,NA,NA
"532",6,115,2,1,1,0,1,NA,NA
"533",6,47,1,1,1,0,1,NA,NA
"534",6,17,1,1,1,1,1,NA,NA
"535",6,36,1,1,1,1,1,NA,NA
"536",6,19,2,1,1,0,0,NA,NA
"537",6,76,2,1,1,0,1,NA,NA
"538",6,18,2,1,1,0,0,NA,NA
"539",6,46,2,1,1,1,0,NA,NA
"540",6,108,2,1,1,0,1,NA,NA
"541",6,20,2,1,1,1,0,NA,NA
"542",6,53,2,1,1,0,0,NA,NA
"543",6,26,2,1,1,0,0,NA,NA
"544",6,74,2,1,1,1,1,NA,NA
"545",6,82,2,1,1,1,1,NA,NA
"546",6,31,2,1,1,0,0,NA,NA
"547",6,35,2,1,1,0,0,NA,NA
"548",6,15,2,1,1,0,0,NA,NA
"549",6,75,2,1,1,1,1,NA,NA
"550",6,39,2,1,1,1,0,NA,NA
"551",6,54,2,1,1,1,0,NA,NA
"552",6,109,2,1,1,0,1,NA,NA
"553",6,52,2,1,1,0,0,NA,NA
"554",6,4,2,1,1,1,0,NA,NA
"555",6,88,2,1,1,1,1,NA,NA
"556",6,30,2,1,1,0,0,NA,NA
"557",6,3,2,1,1,1,0,NA,NA
"558",6,59,2,1,1,1,0,NA,NA
"559",6,81,2,1,1,0,1,NA,NA
"560",6,57,2,1,1,0,0,NA,NA
"561",6,71,2,1,1,1,1,NA,NA
"562",6,68,2,1,1,0,1,NA,NA
"563",6,86,2,1,1,0,1,NA,NA
"564",6,116,2,1,1,0,0,NA,NA
"565",6,45,2,1,1,0,0,NA,NA
"566",6,63,2,1,1,1,1,NA,NA
"567",6,13,2,1,1,0,0,NA,NA
"568",6,6,2,1,1,1,0,NA,NA
"569",6,93,2,1,1,1,1,NA,NA
"570",6,56,2,1,1,1,0,NA,NA
"571",6,43,2,1,1,0,0,NA,NA
"572",6,40,2,1,1,1,0,NA,NA
"573",6,105,2,1,1,0,1,NA,NA
"574",6,85,2,1,1,0,1,NA,NA
"575",6,84,2,1,1,0,1,NA,NA
"576",6,38,2,1,1,0,0,NA,NA
"577",6,107,2,1,1,1,1,NA,NA
"578",6,65,2,1,1,0,1,NA,NA
"579",6,28,2,1,1,1,0,NA,NA
"580",6,119,2,1,1,1,1,NA,NA
"581",6,102,2,1,1,1,1,NA,NA
"582",6,80,2,1,1,0,1,NA,NA
"583",6,33,2,1,1,1,0,NA,NA
"584",6,23,2,1,1,1,0,NA,NA
"585",6,69,2,1,1,0,1,NA,NA
"586",7,40,1,1,1,1,1,NA,NA
"587",7,57,1,1,1,1,1,NA,NA
"588",7,19,1,1,1,0,1,NA,NA
"589",7,10,1,1,1,1,0,NA,NA
"590",7,42,1,1,1,1,0,NA,NA
"591",7,22,1,1,1,1,0,NA,NA
"592",7,39,1,1,1,0,1,NA,NA
"593",7,59,1,1,1,1,1,NA,NA
"594",7,28,1,1,1,1,1,NA,NA
"595",7,117,2,1,1,1,0,NA,NA
"596",7,63,2,1,1,0,1,NA,NA
"597",7,109,2,1,1,0,1,NA,NA
"598",7,86,2,1,1,0,1,NA,NA
"599",7,74,2,1,1,1,1,NA,NA
"600",7,87,2,1,1,0,0,NA,NA
"601",7,43,1,1,1,1,1,NA,NA
"602",7,12,1,1,1,1,0,NA,NA
"603",7,17,1,1,1,0,0,NA,NA
"604",7,56,1,1,1,1,1,NA,NA
"605",7,27,1,1,1,1,0,NA,NA
"606",7,104,2,1,1,0,0,NA,NA
"607",7,106,2,1,1,1,0,NA,NA
"608",7,85,2,1,1,0,1,NA,NA
"609",7,82,2,1,1,0,1,NA,NA
"610",7,97,2,1,1,1,1,NA,NA
"611",7,69,2,1,1,1,1,NA,NA
"612",7,71,2,1,1,1,1,NA,NA
"613",7,115,2,1,1,1,1,NA,NA
"614",7,111,2,1,1,1,0,NA,NA
"615",7,73,2,1,1,1,0,NA,NA
"616",7,103,2,1,1,1,0,NA,NA
"617",7,60,2,1,1,0,0,NA,NA
"618",7,81,2,1,1,1,1,NA,NA
"619",7,90,2,1,1,1,0,NA,NA
"620",7,77,2,1,1,0,0,NA,NA
"621",7,84,2,1,1,1,1,NA,NA
"622",7,91,2,1,1,1,0,NA,NA
"623",7,120,2,1,1,0,1,NA,NA
"624",7,118,2,1,1,1,1,NA,NA
"625",7,114,2,1,1,0,0,NA,NA
"626",7,96,2,1,1,1,0,NA,NA
"627",7,100,2,1,1,1,0,NA,NA
"628",7,61,2,1,1,1,1,NA,NA
"629",7,66,2,1,1,1,0,NA,NA
"630",7,113,2,1,1,0,0,NA,NA
"631",7,79,2,1,1,1,1,NA,NA
"632",7,70,2,1,1,0,0,NA,NA
"633",7,108,2,1,1,0,1,NA,NA
"634",7,83,2,1,1,1,0,NA,NA
"635",7,93,2,1,1,1,1,NA,NA
"636",7,78,2,1,1,1,0,NA,NA
"637",7,98,2,1,1,0,0,NA,NA
"638",7,119,2,1,1,1,1,NA,NA
"639",7,112,2,1,1,0,1,NA,NA
"640",7,38,1,1,1,0,1,NA,NA
"641",7,23,1,1,1,0,1,NA,NA
"642",7,45,1,1,1,0,1,NA,NA
"643",7,53,1,1,1,1,1,NA,NA
"644",7,13,1,1,1,0,1,NA,NA
"645",7,20,1,1,1,1,1,NA,NA
"646",7,7,1,1,1,0,0,NA,NA
"647",7,54,1,1,1,1,1,NA,NA
"648",7,30,1,1,1,1,1,NA,NA
"649",7,52,1,1,1,0,1,NA,NA
"650",7,35,1,1,1,1,1,NA,NA
"651",7,33,1,1,1,1,1,NA,NA
"652",7,32,1,1,1,1,0,NA,NA
"653",7,41,1,1,1,0,0,NA,NA
"654",7,92,2,1,1,0,0,NA,NA
"655",7,80,2,1,1,1,1,NA,NA
"656",7,94,2,1,1,1,1,NA,NA
"657",7,101,2,1,1,1,0,NA,NA
"658",7,88,2,1,1,0,1,NA,NA
"659",7,49,1,1,1,0,0,NA,NA
"660",7,16,1,1,1,0,0,NA,NA
"661",7,47,1,1,1,1,0,NA,NA
"662",7,29,1,1,1,0,0,NA,NA
"663",7,25,1,1,1,0,0,NA,NA
"664",7,9,1,1,1,0,0,NA,NA
"665",7,58,1,1,1,1,0,NA,NA
"666",7,26,1,1,1,1,1,NA,NA
"667",7,31,1,1,1,0,1,NA,NA
"668",7,4,1,1,1,0,1,NA,NA
"669",7,116,1,1,1,0,1,NA,NA
"670",7,37,1,1,1,0,0,NA,NA
"671",7,21,1,1,1,1,1,NA,NA
"672",7,1,1,1,1,1,0,NA,NA
"673",7,2,1,1,1,1,1,NA,NA
"674",7,18,1,1,1,0,1,NA,NA
"675",7,51,1,1,1,1,0,NA,NA
"676",7,34,1,1,1,0,0,NA,NA
"677",7,15,1,1,1,1,1,NA,NA
"678",7,44,1,1,1,1,0,NA,NA
"679",7,24,1,1,1,1,0,NA,NA
"680",7,65,2,1,1,0,1,NA,NA
"681",7,11,1,1,1,0,0,NA,NA
"682",7,48,1,1,1,1,0,NA,NA
"683",7,8,1,1,1,0,0,NA,NA
"684",7,14,1,1,1,1,0,NA,NA
"685",7,46,1,1,1,1,1,NA,NA
"686",7,55,1,1,1,0,0,NA,NA
"687",7,6,1,1,1,0,1,NA,NA
"688",7,3,1,1,1,1,1,NA,NA
"689",7,36,1,1,1,0,0,NA,NA
"690",7,50,1,1,1,1,0,NA,NA
"691",7,105,2,1,1,1,1,NA,NA
"692",7,95,2,1,1,0,0,NA,NA
"693",7,64,2,1,1,1,0,NA,NA
"694",7,110,2,1,1,0,0,NA,NA
"695",7,99,2,1,1,1,0,NA,NA
"696",7,68,2,1,1,0,1,NA,NA
"697",7,75,2,1,1,0,1,NA,NA
"698",7,67,2,1,1,0,0,NA,NA
"699",7,102,2,1,1,0,1,NA,NA
"700",7,62,2,1,1,1,0,NA,NA
"701",7,76,2,1,1,0,1,NA,NA
"702",7,107,2,1,1,0,1,NA,NA
"703",7,89,2,1,1,1,0,NA,NA
"704",9,13,1,1,1,0,1,NA,NA
"705",9,33,1,1,1,1,1,NA,NA
"706",9,109,1,1,1,1,0,NA,NA
"707",9,45,1,1,1,1,1,NA,NA
"708",9,35,1,1,1,1,1,NA,NA
"709",9,63,1,1,1,1,0,NA,NA
"710",9,115,1,1,1,1,0,NA,NA
"711",9,88,1,1,1,0,0,NA,NA
"712",9,85,1,1,1,0,0,NA,NA
"713",9,108,1,1,1,1,0,NA,NA
"714",9,38,1,1,1,1,1,NA,NA
"715",9,57,1,1,1,1,1,NA,NA
"716",9,116,1,1,1,1,1,NA,NA
"717",9,74,1,1,1,1,0,NA,NA
"718",9,86,1,1,1,0,0,NA,NA
"719",9,118,1,1,1,0,0,NA,NA
"720",9,75,1,1,1,1,0,NA,NA
"721",9,6,1,1,1,0,1,NA,NA
"722",9,93,1,1,1,0,0,NA,NA
"723",9,68,1,1,1,0,0,NA,NA
"724",9,102,1,1,1,1,0,NA,NA
"725",9,43,1,1,1,0,1,NA,NA
"726",9,82,1,1,1,1,0,NA,NA
"727",9,30,1,1,1,1,1,NA,NA
"728",9,84,1,1,1,0,0,NA,NA
"729",9,65,1,1,1,1,0,NA,NA
"730",9,71,1,1,1,1,0,NA,NA
"731",9,26,1,1,1,0,1,NA,NA
"732",9,53,1,1,1,0,1,NA,NA
"733",9,52,1,1,1,1,1,NA,NA
"734",9,79,1,1,1,0,0,NA,NA
"735",9,28,1,1,1,0,1,NA,NA
"736",9,61,1,1,1,0,0,NA,NA
"737",9,23,1,1,1,1,1,NA,NA
"738",9,69,1,1,1,0,0,NA,NA
"739",9,21,1,1,1,1,1,NA,NA
"740",9,46,1,1,1,1,1,NA,NA
"741",9,40,1,1,1,0,1,NA,NA
"742",9,4,1,1,1,1,1,NA,NA
"743",9,18,1,1,1,1,1,NA,NA
"744",9,2,1,1,1,1,1,NA,NA
"745",9,80,1,1,1,0,0,NA,NA
"746",9,76,1,1,1,1,0,NA,NA
"747",9,112,1,1,1,0,0,NA,NA
"748",9,105,1,1,1,0,0,NA,NA
"749",9,15,1,1,1,0,1,NA,NA
"750",9,56,1,1,1,1,1,NA,NA
"751",9,120,1,1,1,1,0,NA,NA
"752",9,81,1,1,1,1,0,NA,NA
"753",9,31,1,1,1,1,1,NA,NA
"754",9,39,1,1,1,1,1,NA,NA
"755",9,107,1,1,1,1,0,NA,NA
"756",9,119,1,1,1,1,0,NA,NA
"757",9,20,1,1,1,1,1,NA,NA
"758",9,94,1,1,1,0,0,NA,NA
"759",9,54,1,1,1,0,1,NA,NA
"760",9,59,1,1,1,1,1,NA,NA
"761",9,3,1,1,1,0,1,NA,NA
"762",9,19,1,1,1,0,1,NA,NA
"763",9,98,2,1,1,1,0,NA,NA
"764",9,113,2,1,1,0,0,NA,NA
"765",9,44,2,1,1,1,1,NA,NA
"766",9,42,2,1,1,0,1,NA,NA
"767",9,25,2,1,1,0,1,NA,NA
"768",9,49,2,1,1,1,1,NA,NA
"769",9,83,2,1,1,1,0,NA,NA
"770",9,95,2,1,1,1,0,NA,NA
"771",9,1,2,1,1,0,1,NA,NA
"772",9,64,2,1,1,1,0,NA,NA
"773",9,11,2,1,1,0,1,NA,NA
"774",9,41,2,1,1,0,1,NA,NA
"775",9,110,2,1,1,0,0,NA,NA
"776",9,97,1,1,1,0,0,NA,NA
"777",9,100,2,1,1,1,0,NA,NA
"778",9,77,2,1,1,0,0,NA,NA
"779",9,36,2,1,1,1,1,NA,NA
"780",9,60,2,1,1,1,0,NA,NA
"781",9,7,2,1,1,0,1,NA,NA
"782",9,51,2,1,1,1,1,NA,NA
"783",9,8,2,1,1,0,1,NA,NA
"784",9,67,2,1,1,1,0,NA,NA
"785",9,78,2,1,1,1,0,NA,NA
"786",9,22,2,1,1,1,1,NA,NA
"787",9,99,2,1,1,1,0,NA,NA
"788",9,90,2,1,1,1,0,NA,NA
"789",9,24,2,1,1,1,1,NA,NA
"790",9,9,2,1,1,1,1,NA,NA
"791",9,14,2,1,1,1,1,NA,NA
"792",9,10,2,1,1,0,1,NA,NA
"793",9,5,2,1,1,1,1,NA,NA
"794",9,114,2,1,1,0,0,NA,NA
"795",9,62,2,1,1,0,0,NA,NA
"796",9,66,2,1,1,0,0,NA,NA
"797",9,17,2,1,1,0,1,NA,NA
"798",9,89,2,1,1,0,0,NA,NA
"799",9,27,2,1,1,1,1,NA,NA
"800",9,16,2,1,1,1,1,NA,NA
"801",9,48,2,1,1,1,1,NA,NA
"802",9,103,2,1,1,0,0,NA,NA
"803",9,37,2,1,1,0,1,NA,NA
"804",9,92,2,1,1,1,0,NA,NA
"805",9,106,2,1,1,1,0,NA,NA
"806",9,47,2,1,1,0,1,NA,NA
"807",9,104,2,1,1,0,0,NA,NA
"808",9,58,2,1,1,1,1,NA,NA
"809",9,96,2,1,1,1,0,NA,NA
"810",9,117,2,1,1,0,0,NA,NA
"811",9,73,2,1,1,0,0,NA,NA
"812",9,101,2,1,1,1,0,NA,NA
"813",9,72,2,1,1,1,0,NA,NA
"814",9,111,2,1,1,1,0,NA,NA
"815",9,55,2,1,1,1,1,NA,NA
"816",9,50,2,1,1,1,1,NA,NA
"817",9,32,2,1,1,1,1,NA,NA
"818",9,12,2,1,1,1,1,NA,NA
"819",9,29,2,1,1,1,1,NA,NA
"820",9,91,2,1,1,0,0,NA,NA
"821",9,34,2,1,1,1,1,NA,NA
"822",9,70,2,1,1,1,0,NA,NA
"823",9,87,2,1,1,1,0,NA,NA
"824",11,66,1,1,1,1,0,NA,NA
"825",11,35,1,1,1,0,1,NA,NA
"826",11,110,1,1,1,0,0,NA,NA
"827",11,30,1,1,1,1,1,NA,NA
"828",11,56,1,1,1,1,1,NA,NA
"829",11,40,1,1,1,1,1,NA,NA
"830",11,46,1,1,1,0,1,NA,NA
"831",11,67,1,1,1,0,0,NA,NA
"832",11,101,1,1,1,1,0,NA,NA
"833",11,60,1,1,1,1,0,NA,NA
"834",11,2,1,1,1,1,1,NA,NA
"835",11,96,1,1,1,1,0,NA,NA
"836",11,62,1,1,1,0,0,NA,NA
"837",11,58,2,1,1,1,1,NA,NA
"838",11,118,2,1,1,1,0,NA,NA
"839",11,22,2,1,1,1,1,NA,NA
"840",11,8,2,1,1,1,1,NA,NA
"841",11,107,2,1,1,1,0,NA,NA
"842",11,76,2,1,1,0,0,NA,NA
"843",11,41,2,1,1,0,1,NA,NA
"844",11,36,2,1,1,1,1,NA,NA
"845",11,111,1,1,1,1,0,NA,NA
"846",11,89,1,1,1,1,0,NA,NA
"847",11,14,2,1,1,1,1,NA,NA
"848",11,1,2,1,1,1,1,NA,NA
"849",11,37,2,1,1,0,1,NA,NA
"850",11,55,2,1,1,1,1,NA,NA
"851",11,102,2,1,1,0,0,NA,NA
"852",11,84,2,1,1,0,0,NA,NA
"853",11,80,2,1,1,1,0,NA,NA
"854",11,68,2,1,1,0,0,NA,NA
"855",11,119,2,1,1,0,0,NA,NA
"856",11,10,2,1,1,1,1,NA,NA
"857",11,79,2,1,1,1,0,NA,NA
"858",11,27,2,1,1,1,1,NA,NA
"859",11,63,2,1,1,0,0,NA,NA
"860",11,65,2,1,1,1,0,NA,NA
"861",11,97,2,1,1,0,0,NA,NA
"862",11,88,2,1,1,1,0,NA,NA
"863",11,82,2,1,1,1,0,NA,NA
"864",11,5,2,1,1,1,1,NA,NA
"865",11,75,2,1,1,1,0,NA,NA
"866",11,32,2,1,1,1,1,NA,NA
"867",11,9,2,1,1,0,1,NA,NA
"868",11,24,2,1,1,1,1,NA,NA
"869",11,48,2,1,1,1,1,NA,NA
"870",11,50,2,1,1,0,1,NA,NA
"871",11,93,2,1,1,1,0,NA,NA
"872",11,120,2,1,1,1,0,NA,NA
"873",11,7,2,1,1,1,1,NA,NA
"874",11,51,2,1,1,1,1,NA,NA
"875",11,11,2,1,1,0,1,NA,NA
"876",11,42,2,1,1,1,1,NA,NA
"877",11,115,2,1,1,1,0,NA,NA
"878",11,105,2,1,1,1,0,NA,NA
"879",11,71,2,1,1,0,0,NA,NA
"880",11,112,2,1,1,0,0,NA,NA
"881",11,16,2,1,1,1,1,NA,NA
"882",11,99,1,1,1,1,0,NA,NA
"883",11,6,1,1,1,1,1,NA,NA
"884",11,19,1,1,1,1,1,NA,NA
"885",11,21,1,1,1,1,1,NA,NA
"886",11,59,1,1,1,1,1,NA,NA
"887",11,92,1,1,1,1,0,NA,NA
"888",11,95,1,1,1,0,0,NA,NA
"889",11,43,1,1,1,1,1,NA,NA
"890",11,104,1,1,1,1,0,NA,NA
"891",11,117,1,1,1,1,0,NA,NA
"892",11,4,1,1,1,1,1,NA,NA
"893",11,100,1,1,1,1,0,NA,NA
"894",11,53,1,1,1,1,1,NA,NA
"895",11,33,1,1,1,0,1,NA,NA
"896",11,57,1,1,1,1,1,NA,NA
"897",11,31,1,1,1,0,1,NA,NA
"898",11,61,2,1,1,0,0,NA,NA
"899",11,25,2,1,1,0,1,NA,NA
"900",11,73,1,1,1,1,0,NA,NA
"901",11,72,1,1,1,0,0,NA,NA
"902",11,28,1,1,1,1,1,NA,NA
"903",11,103,1,1,1,1,0,NA,NA
"904",11,54,1,1,1,1,1,NA,NA
"905",11,13,1,1,1,1,1,NA,NA
"906",11,78,1,1,1,0,0,NA,NA
"907",11,39,1,1,1,1,1,NA,NA
"908",11,45,1,1,1,1,1,NA,NA
"909",11,83,1,1,1,1,0,NA,NA
"910",11,116,1,1,1,1,1,NA,NA
"911",11,64,1,1,1,1,0,NA,NA
"912",11,15,1,1,1,1,1,NA,NA
"913",11,70,1,1,1,1,0,NA,NA
"914",11,87,1,1,1,1,0,NA,NA
"915",11,3,1,1,1,1,1,NA,NA
"916",11,18,1,1,1,1,1,NA,NA
"917",11,52,1,1,1,1,1,NA,NA
"918",11,98,1,1,1,1,0,NA,NA
"919",11,90,1,1,1,1,0,NA,NA
"920",11,106,1,1,1,1,0,NA,NA
"921",11,20,1,1,1,1,1,NA,NA
"922",11,12,2,1,1,1,1,NA,NA
"923",11,86,2,1,1,0,0,NA,NA
"924",11,44,2,1,1,1,1,NA,NA
"925",11,113,1,1,1,1,0,NA,NA
"926",11,114,1,1,1,0,0,NA,NA
"927",11,77,1,1,1,1,0,NA,NA
"928",11,26,1,1,1,1,1,NA,NA
"929",11,91,1,1,1,1,0,NA,NA
"930",11,23,1,1,1,1,1,NA,NA
"931",11,38,1,1,1,0,1,NA,NA
"932",11,74,2,1,1,1,0,NA,NA
"933",11,49,2,1,1,1,1,NA,NA
"934",11,108,2,1,1,1,0,NA,NA
"935",11,47,2,1,1,0,1,NA,NA
"936",11,34,2,1,1,0,1,NA,NA
"937",11,69,2,1,1,0,0,NA,NA
"938",11,85,2,1,1,0,0,NA,NA
"939",11,17,2,1,1,1,1,NA,NA
"940",11,94,2,1,1,1,0,NA,NA
"941",11,29,2,1,1,0,1,NA,NA
"942",11,81,2,1,1,1,0,NA,NA
"943",11,109,2,1,1,1,0,NA,NA
"944",12,77,1,1,1,1,0,NA,NA
"945",12,103,1,1,1,1,0,NA,NA
"946",12,13,1,1,1,1,1,NA,NA
"947",12,110,1,1,1,1,0,NA,NA
"948",12,98,1,1,1,0,0,NA,NA
"949",12,111,1,1,1,0,0,NA,NA
"950",12,107,2,1,1,1,1,NA,NA
"951",12,21,1,1,1,1,1,NA,NA
"952",12,52,1,1,1,0,1,NA,NA
"953",12,92,1,1,1,1,0,NA,NA
"954",12,26,1,1,1,0,1,NA,NA
"955",12,43,1,1,1,1,1,NA,NA
"956",12,39,1,1,1,1,1,NA,NA
"957",12,70,1,1,1,1,0,NA,NA
"958",12,2,1,1,1,1,1,NA,NA
"959",12,3,1,1,1,1,1,NA,NA
"960",12,99,1,1,1,0,0,NA,NA
"961",12,19,1,1,1,0,1,NA,NA
"962",12,83,1,1,1,0,0,NA,NA
"963",12,59,1,1,1,1,1,NA,NA
"964",12,64,1,1,1,0,0,NA,NA
"965",12,45,1,1,1,0,1,NA,NA
"966",12,33,1,1,1,1,1,NA,NA
"967",12,90,1,1,1,1,0,NA,NA
"968",12,96,1,1,1,1,0,NA,NA
"969",12,87,1,1,1,1,0,NA,NA
"970",12,72,1,1,1,0,0,NA,NA
"971",12,57,1,1,1,0,1,NA,NA
"972",12,60,1,1,1,0,0,NA,NA
"973",12,20,1,1,1,1,1,NA,NA
"974",12,95,1,1,1,0,0,NA,NA
"975",12,31,1,1,1,1,1,NA,NA
"976",12,23,1,1,1,0,1,NA,NA
"977",12,73,1,1,1,1,0,NA,NA
"978",12,114,1,1,1,1,0,NA,NA
"979",12,62,1,1,1,0,0,NA,NA
"980",12,67,1,1,1,0,0,NA,NA
"981",12,40,1,1,1,1,1,NA,NA
"982",12,6,1,1,1,0,1,NA,NA
"983",12,56,1,1,1,1,1,NA,NA
"984",12,18,1,1,1,1,1,NA,NA
"985",12,89,1,1,1,1,0,NA,NA
"986",12,101,1,1,1,1,0,NA,NA
"987",12,54,1,1,1,1,1,NA,NA
"988",12,91,1,1,1,1,0,NA,NA
"989",12,15,1,1,1,1,1,NA,NA
"990",12,116,1,1,1,1,1,NA,NA
"991",12,46,1,1,1,1,1,NA,NA
"992",12,100,1,1,1,1,0,NA,NA
"993",12,28,1,1,1,0,1,NA,NA
"994",12,30,1,1,1,1,1,NA,NA
"995",12,113,1,1,1,1,0,NA,NA
"996",12,104,1,1,1,1,0,NA,NA
"997",12,38,1,1,1,1,1,NA,NA
"998",12,4,1,1,1,0,1,NA,NA
"999",12,53,1,1,1,1,1,NA,NA
"1000",12,117,1,1,1,0,0,NA,NA
"1001",12,35,1,1,1,1,1,NA,NA
"1002",12,106,1,1,1,1,0,NA,NA
"1003",12,78,1,1,1,1,0,NA,NA
"1004",12,66,1,1,1,1,0,NA,NA
"1005",12,85,2,1,1,1,1,NA,NA
"1006",12,108,2,1,1,0,1,NA,NA
"1007",12,93,2,1,1,0,1,NA,NA
"1008",12,105,2,1,1,1,1,NA,NA
"1009",12,27,2,1,1,1,0,NA,NA
"1010",12,47,2,1,1,1,0,NA,NA
"1011",12,74,2,1,1,0,1,NA,NA
"1012",12,81,2,1,1,1,1,NA,NA
"1013",12,65,2,1,1,1,1,NA,NA
"1014",12,58,2,1,1,1,0,NA,NA
"1015",12,68,2,1,1,0,1,NA,NA
"1016",12,7,2,1,1,1,0,NA,NA
"1017",12,42,2,1,1,1,0,NA,NA
"1018",12,118,2,1,1,1,1,NA,NA
"1019",12,55,2,1,1,1,0,NA,NA
"1020",12,63,2,1,1,1,1,NA,NA
"1021",12,102,2,1,1,1,1,NA,NA
"1022",12,119,2,1,1,1,1,NA,NA
"1023",12,61,2,1,1,1,1,NA,NA
"1024",12,9,2,1,1,0,0,NA,NA
"1025",12,1,2,1,1,0,0,NA,NA
"1026",12,37,2,1,1,0,0,NA,NA
"1027",12,36,2,1,1,1,0,NA,NA
"1028",12,69,2,1,1,1,1,NA,NA
"1029",12,112,2,1,1,1,1,NA,NA
"1030",12,10,2,1,1,1,0,NA,NA
"1031",12,11,2,1,1,1,0,NA,NA
"1032",12,75,2,1,1,1,1,NA,NA
"1033",12,84,2,1,1,1,1,NA,NA
"1034",12,71,2,1,1,0,1,NA,NA
"1035",12,49,2,1,1,1,0,NA,NA
"1036",12,82,2,1,1,1,1,NA,NA
"1037",12,51,2,1,1,0,0,NA,NA
"1038",12,88,2,1,1,1,1,NA,NA
"1039",12,29,2,1,1,1,0,NA,NA
"1040",12,22,2,1,1,0,0,NA,NA
"1041",12,76,2,1,1,1,1,NA,NA
"1042",12,86,2,1,1,1,1,NA,NA
"1043",12,109,2,1,1,1,1,NA,NA
"1044",12,17,2,1,1,1,0,NA,NA
"1045",12,79,2,1,1,1,1,NA,NA
"1046",12,25,2,1,1,1,0,NA,NA
"1047",12,94,2,1,1,1,1,NA,NA
"1048",12,32,2,1,1,1,0,NA,NA
"1049",12,8,2,1,1,1,0,NA,NA
"1050",12,16,2,1,1,1,0,NA,NA
"1051",12,34,2,1,1,1,0,NA,NA
"1052",12,50,2,1,1,1,0,NA,NA
"1053",12,115,2,1,1,0,1,NA,NA
"1054",12,80,2,1,1,0,1,NA,NA
"1055",12,41,2,1,1,1,0,NA,NA
"1056",12,14,2,1,1,1,0,NA,NA
"1057",12,12,2,1,1,1,0,NA,NA
"1058",12,44,2,1,1,0,0,NA,NA
"1059",12,5,2,1,1,1,0,NA,NA
"1060",12,24,2,1,1,1,0,NA,NA
"1061",12,48,2,1,1,1,0,NA,NA
"1062",12,120,2,1,1,1,1,NA,NA
"1063",12,97,2,1,1,1,1,NA,NA
"1064",13,105,1,1,1,1,1,NA,NA
"1065",13,51,1,1,1,1,0,NA,NA
"1066",13,44,1,1,1,0,0,NA,NA
"1067",13,115,1,1,1,1,1,NA,NA
"1068",13,24,1,1,1,1,0,NA,NA
"1069",13,85,1,1,1,1,1,NA,NA
"1070",13,58,1,1,1,1,0,NA,NA
"1071",13,74,1,1,1,0,1,NA,NA
"1072",13,69,1,1,1,1,1,NA,NA
"1073",13,47,1,1,1,0,0,NA,NA
"1074",13,63,1,1,1,1,1,NA,NA
"1075",13,94,1,1,1,1,1,NA,NA
"1076",13,11,1,1,1,0,0,NA,NA
"1077",13,49,1,1,1,1,0,NA,NA
"1078",13,87,2,1,1,1,0,NA,NA
"1079",13,46,2,1,1,1,1,NA,NA
"1080",13,113,2,1,1,1,0,NA,NA
"1081",13,54,2,1,1,0,1,NA,NA
"1082",13,43,2,1,1,1,1,NA,NA
"1083",13,72,2,1,1,0,0,NA,NA
"1084",13,40,2,1,1,1,1,NA,NA
"1085",13,4,2,1,1,1,1,NA,NA
"1086",13,62,2,1,1,1,0,NA,NA
"1087",13,7,1,1,1,0,0,NA,NA
"1088",13,13,2,1,1,1,1,NA,NA
"1089",13,39,2,1,1,1,1,NA,NA
"1090",13,114,2,1,1,1,0,NA,NA
"1091",13,101,2,1,1,1,0,NA,NA
"1092",13,26,2,1,1,1,1,NA,NA
"1093",13,53,2,1,1,0,1,NA,NA
"1094",13,66,2,1,1,1,0,NA,NA
"1095",13,19,2,1,1,0,1,NA,NA
"1096",13,28,2,1,1,0,1,NA,NA
"1097",13,78,2,1,1,1,0,NA,NA
"1098",13,3,2,1,1,1,1,NA,NA
"1099",13,60,2,1,1,1,0,NA,NA
"1100",13,110,2,1,1,0,0,NA,NA
"1101",13,103,2,1,1,1,0,NA,NA
"1102",13,35,2,1,1,0,1,NA,NA
"1103",13,77,2,1,1,1,0,NA,NA
"1104",13,20,2,1,1,1,1,NA,NA
"1105",13,89,2,1,1,1,0,NA,NA
"1106",13,31,2,1,1,1,1,NA,NA
"1107",13,91,2,1,1,1,0,NA,NA
"1108",13,45,2,1,1,0,1,NA,NA
"1109",13,64,2,1,1,1,0,NA,NA
"1110",13,70,2,1,1,0,0,NA,NA
"1111",13,73,2,1,1,1,0,NA,NA
"1112",13,23,2,1,1,0,1,NA,NA
"1113",13,95,2,1,1,1,0,NA,NA
"1114",13,2,2,1,1,0,1,NA,NA
"1115",13,59,2,1,1,1,1,NA,NA
"1116",13,38,2,1,1,1,1,NA,NA
"1117",13,15,2,1,1,0,1,NA,NA
"1118",13,90,2,1,1,1,0,NA,NA
"1119",13,104,2,1,1,1,0,NA,NA
"1120",13,117,2,1,1,0,0,NA,NA
"1121",13,83,2,1,1,1,0,NA,NA
"1122",13,56,2,1,1,1,1,NA,NA
"1123",13,27,1,1,1,0,0,NA,NA
"1124",13,65,1,1,1,1,1,NA,NA
"1125",13,108,1,1,1,1,1,NA,NA
"1126",13,97,1,1,1,1,1,NA,NA
"1127",13,50,1,1,1,0,0,NA,NA
"1128",13,120,1,1,1,1,1,NA,NA
"1129",13,79,1,1,1,1,1,NA,NA
"1130",13,55,1,1,1,0,0,NA,NA
"1131",13,12,1,1,1,1,0,NA,NA
"1132",13,76,1,1,1,1,1,NA,NA
"1133",13,86,1,1,1,0,1,NA,NA
"1134",13,42,1,1,1,0,0,NA,NA
"1135",13,34,1,1,1,1,0,NA,NA
"1136",13,36,1,1,1,1,0,NA,NA
"1137",13,119,1,1,1,0,1,NA,NA
"1138",13,16,1,1,1,0,0,NA,NA
"1139",13,71,1,1,1,1,1,NA,NA
"1140",13,67,2,1,1,1,0,NA,NA
"1141",13,17,1,1,1,0,0,NA,NA
"1142",13,118,1,1,1,1,1,NA,NA
"1143",13,68,1,1,1,1,1,NA,NA
"1144",13,1,1,1,1,0,0,NA,NA
"1145",13,109,1,1,1,1,1,NA,NA
"1146",13,48,1,1,1,0,0,NA,NA
"1147",13,88,1,1,1,1,1,NA,NA
"1148",13,37,1,1,1,0,0,NA,NA
"1149",13,10,1,1,1,0,0,NA,NA
"1150",13,102,1,1,1,1,1,NA,NA
"1151",13,84,1,1,1,1,1,NA,NA
"1152",13,32,1,1,1,1,0,NA,NA
"1153",13,29,1,1,1,1,0,NA,NA
"1154",13,14,1,1,1,1,0,NA,NA
"1155",13,8,1,1,1,0,0,NA,NA
"1156",13,81,1,1,1,1,1,NA,NA
"1157",13,41,1,1,1,0,0,NA,NA
"1158",13,25,1,1,1,1,0,NA,NA
"1159",13,107,1,1,1,1,1,NA,NA
"1160",13,61,1,1,1,1,1,NA,NA
"1161",13,5,1,1,1,0,0,NA,NA
"1162",13,112,1,1,1,0,1,NA,NA
"1163",13,106,2,1,1,1,0,NA,NA
"1164",13,116,2,1,1,0,1,NA,NA
"1165",13,92,2,1,1,0,0,NA,NA
"1166",13,21,2,1,1,0,1,NA,NA
"1167",13,93,1,1,1,0,1,NA,NA
"1168",13,82,1,1,1,1,1,NA,NA
"1169",13,22,1,1,1,1,0,NA,NA
"1170",13,9,1,1,1,1,0,NA,NA
"1171",13,75,1,1,1,1,1,NA,NA
"1172",13,80,1,1,1,1,1,NA,NA
"1173",13,6,2,1,1,0,1,NA,NA
"1174",13,30,2,1,1,0,1,NA,NA
"1175",13,96,2,1,1,1,0,NA,NA
"1176",13,33,2,1,1,1,1,NA,NA
"1177",13,18,2,1,1,1,1,NA,NA
"1178",13,111,2,1,1,1,0,NA,NA
"1179",13,99,2,1,1,1,0,NA,NA
"1180",13,100,2,1,1,1,0,NA,NA
"1181",13,98,2,1,1,1,0,NA,NA
"1182",13,57,2,1,1,0,1,NA,NA
"1183",13,52,2,1,1,1,1,NA,NA
"1184",14,84,1,1,1,0,1,NA,NA
"1185",14,71,1,1,1,1,1,NA,NA
"1186",14,68,1,1,1,1,1,NA,NA
"1187",14,108,1,1,1,1,1,NA,NA
"1188",14,21,2,1,1,0,0,NA,NA
"1189",14,60,2,1,1,1,1,NA,NA
"1190",14,35,2,1,1,0,0,NA,NA
"1191",14,54,2,1,1,1,0,NA,NA
"1192",14,70,2,1,1,1,1,NA,NA
"1193",14,82,1,1,1,1,1,NA,NA
"1194",14,12,1,1,1,1,0,NA,NA
"1195",14,80,1,1,1,0,1,NA,NA
"1196",14,7,1,1,1,0,0,NA,NA
"1197",14,118,1,1,1,1,1,NA,NA
"1198",14,95,2,1,1,0,1,NA,NA
"1199",14,110,2,1,1,0,1,NA,NA
"1200",14,113,2,1,1,0,1,NA,NA
"1201",14,22,1,1,1,0,0,NA,NA
"1202",14,42,1,1,1,0,0,NA,NA
"1203",14,27,1,1,1,1,0,NA,NA
"1204",14,94,1,1,1,1,1,NA,NA
"1205",14,11,1,1,1,1,0,NA,NA
"1206",14,9,1,1,1,0,0,NA,NA
"1207",14,55,1,1,1,1,0,NA,NA
"1208",14,32,1,1,1,1,0,NA,NA
"1209",14,16,1,1,1,1,0,NA,NA
"1210",14,85,1,1,1,1,1,NA,NA
"1211",14,109,1,1,1,1,1,NA,NA
"1212",14,51,1,1,1,1,0,NA,NA
"1213",14,107,1,1,1,1,1,NA,NA
"1214",14,69,1,1,1,1,1,NA,NA
"1215",14,44,1,1,1,1,0,NA,NA
"1216",14,50,1,1,1,0,0,NA,NA
"1217",14,41,1,1,1,1,0,NA,NA
"1218",14,8,1,1,1,1,0,NA,NA
"1219",14,63,1,1,1,1,1,NA,NA
"1220",14,74,1,1,1,1,1,NA,NA
"1221",14,25,1,1,1,1,0,NA,NA
"1222",14,37,1,1,1,0,0,NA,NA
"1223",14,93,1,1,1,0,1,NA,NA
"1224",14,81,1,1,1,1,1,NA,NA
"1225",14,61,1,1,1,1,1,NA,NA
"1226",14,5,1,1,1,1,0,NA,NA
"1227",14,97,1,1,1,1,1,NA,NA
"1228",14,65,1,1,1,1,1,NA,NA
"1229",14,88,1,1,1,0,1,NA,NA
"1230",14,29,1,1,1,1,0,NA,NA
"1231",14,34,1,1,1,1,0,NA,NA
"1232",14,75,1,1,1,0,1,NA,NA
"1233",14,47,1,1,1,1,0,NA,NA
"1234",14,115,1,1,1,1,1,NA,NA
"1235",14,1,1,1,1,1,0,NA,NA
"1236",14,112,1,1,1,0,1,NA,NA
"1237",14,86,1,1,1,1,1,NA,NA
"1238",14,49,1,1,1,1,0,NA,NA
"1239",14,120,1,1,1,0,1,NA,NA
"1240",14,24,1,1,1,1,0,NA,NA
"1241",14,102,1,1,1,1,1,NA,NA
"1242",14,14,1,1,1,1,0,NA,NA
"1243",14,79,1,1,1,1,1,NA,NA
"1244",14,17,1,1,1,0,0,NA,NA
"1245",14,119,1,1,1,1,1,NA,NA
"1246",14,64,2,1,1,1,1,NA,NA
"1247",14,3,2,1,1,1,0,NA,NA
"1248",14,67,2,1,1,1,1,NA,NA
"1249",14,87,2,1,1,1,1,NA,NA
"1250",14,100,2,1,1,1,1,NA,NA
"1251",14,18,2,1,1,0,0,NA,NA
"1252",14,103,2,1,1,1,1,NA,NA
"1253",14,13,2,1,1,1,0,NA,NA
"1254",14,83,2,1,1,1,1,NA,NA
"1255",14,96,2,1,1,1,1,NA,NA
"1256",14,46,2,1,1,1,0,NA,NA
"1257",14,40,2,1,1,1,0,NA,NA
"1258",14,62,2,1,1,0,1,NA,NA
"1259",14,26,2,1,1,1,0,NA,NA
"1260",14,73,2,1,1,1,1,NA,NA
"1261",14,59,2,1,1,1,0,NA,NA
"1262",14,56,2,1,1,1,0,NA,NA
"1263",14,98,2,1,1,0,1,NA,NA
"1264",14,43,2,1,1,0,0,NA,NA
"1265",14,116,2,1,1,1,0,NA,NA
"1266",14,89,2,1,1,1,1,NA,NA
"1267",14,90,2,1,1,1,1,NA,NA
"1268",14,72,2,1,1,0,1,NA,NA
"1269",14,20,2,1,1,1,0,NA,NA
"1270",14,99,2,1,1,1,1,NA,NA
"1271",14,52,2,1,1,1,0,NA,NA
"1272",14,104,2,1,1,1,1,NA,NA
"1273",14,6,2,1,1,1,0,NA,NA
"1274",14,78,2,1,1,0,1,NA,NA
"1275",14,101,2,1,1,1,1,NA,NA
"1276",14,106,2,1,1,1,1,NA,NA
"1277",14,92,2,1,1,0,1,NA,NA
"1278",14,39,2,1,1,0,0,NA,NA
"1279",14,15,2,1,1,0,0,NA,NA
"1280",14,31,2,1,1,0,0,NA,NA
"1281",14,111,2,1,1,1,1,NA,NA
"1282",14,28,2,1,1,0,0,NA,NA
"1283",14,66,2,1,1,1,1,NA,NA
"1284",14,4,2,1,1,0,0,NA,NA
"1285",14,57,2,1,1,1,0,NA,NA
"1286",14,2,2,1,1,1,0,NA,NA
"1287",14,77,2,1,1,1,1,NA,NA
"1288",14,33,2,1,1,1,0,NA,NA
"1289",14,45,2,1,1,0,0,NA,NA
"1290",14,53,2,1,1,1,0,NA,NA
"1291",14,30,2,1,1,0,0,NA,NA
"1292",14,19,2,1,1,0,0,NA,NA
"1293",14,23,2,1,1,0,0,NA,NA
"1294",14,91,2,1,1,1,1,NA,NA
"1295",14,114,2,1,1,0,1,NA,NA
"1296",14,38,2,1,1,1,0,NA,NA
"1297",14,117,2,1,1,0,1,NA,NA
"1298",15,76,1,1,1,1,1,NA,NA
"1299",15,88,1,1,1,1,1,NA,NA
"1300",15,93,1,1,1,0,1,NA,NA
"1301",15,81,1,1,1,0,1,NA,NA
"1302",15,35,1,1,1,0,0,NA,NA
"1303",15,46,1,1,1,1,0,NA,NA
"1304",15,91,2,1,1,1,0,NA,NA
"1305",15,90,2,1,1,1,0,NA,NA
"1306",15,48,2,1,1,0,1,NA,NA
"1307",15,14,2,1,1,1,1,NA,NA
"1308",15,44,2,1,1,0,1,NA,NA
"1309",15,58,2,1,1,1,1,NA,NA
"1310",15,98,2,1,1,1,0,NA,NA
"1311",15,92,2,1,1,0,0,NA,NA
"1312",15,55,2,1,1,1,1,NA,NA
"1313",15,11,2,1,1,1,1,NA,NA
"1314",15,34,2,1,1,0,1,NA,NA
"1315",15,62,2,1,1,1,0,NA,NA
"1316",15,66,2,1,1,1,0,NA,NA
"1317",15,8,2,1,1,0,1,NA,NA
"1318",15,17,2,1,1,1,1,NA,NA
"1319",15,12,2,1,1,1,1,NA,NA
"1320",15,67,2,1,1,1,0,NA,NA
"1321",15,99,2,1,1,0,0,NA,NA
"1322",15,100,2,1,1,1,0,NA,NA
"1323",15,41,2,1,1,0,1,NA,NA
"1324",15,83,2,1,1,0,0,NA,NA
"1325",15,49,2,1,1,1,1,NA,NA
"1326",15,24,2,1,1,1,1,NA,NA
"1327",15,87,2,1,1,1,0,NA,NA
"1328",15,32,2,1,1,1,1,NA,NA
"1329",15,114,2,1,1,1,0,NA,NA
"1330",15,96,2,1,1,0,0,NA,NA
"1331",15,104,2,1,1,1,0,NA,NA
"1332",15,110,2,1,1,0,0,NA,NA
"1333",15,77,2,1,1,0,0,NA,NA
"1334",15,60,2,1,1,0,0,NA,NA
"1335",15,9,2,1,1,1,1,NA,NA
"1336",15,95,2,1,1,1,0,NA,NA
"1337",15,70,2,1,1,1,0,NA,NA
"1338",15,27,2,1,1,1,1,NA,NA
"1339",15,29,2,1,1,0,1,NA,NA
"1340",15,10,2,1,1,1,1,NA,NA
"1341",15,111,2,1,1,1,0,NA,NA
"1342",15,25,2,1,1,1,1,NA,NA
"1343",15,89,2,1,1,0,0,NA,NA
"1344",15,42,2,1,1,0,1,NA,NA
"1345",15,16,2,1,1,1,1,NA,NA
"1346",15,51,2,1,1,1,1,NA,NA
"1347",15,101,2,1,1,0,0,NA,NA
"1348",15,22,2,1,1,1,1,NA,NA
"1349",15,64,2,1,1,0,0,NA,NA
"1350",15,37,2,1,1,0,1,NA,NA
"1351",15,117,2,1,1,0,0,NA,NA
"1352",15,72,2,1,1,1,0,NA,NA
"1353",15,7,2,1,1,1,1,NA,NA
"1354",15,73,2,1,1,0,0,NA,NA
"1355",15,103,2,1,1,0,0,NA,NA
"1356",15,113,2,1,1,0,0,NA,NA
"1357",15,47,2,1,1,0,1,NA,NA
"1358",15,6,1,1,1,0,0,NA,NA
"1359",15,116,1,1,1,0,0,NA,NA
"1360",15,118,1,1,1,1,1,NA,NA
"1361",15,102,1,1,1,1,1,NA,NA
"1362",15,56,1,1,1,0,0,NA,NA
"1363",15,79,1,1,1,1,1,NA,NA
"1364",15,3,1,1,1,0,0,NA,NA
"1365",15,74,1,1,1,1,1,NA,NA
"1366",15,52,1,1,1,0,0,NA,NA
"1367",15,65,1,1,1,1,1,NA,NA
"1368",15,23,1,1,1,1,0,NA,NA
"1369",15,94,1,1,1,0,1,NA,NA
"1370",15,59,1,1,1,1,0,NA,NA
"1371",15,30,1,1,1,0,0,NA,NA
"1372",15,120,1,1,1,1,1,NA,NA
"1373",15,86,1,1,1,0,1,NA,NA
"1374",15,43,1,1,1,1,0,NA,NA
"1375",15,105,1,1,1,1,1,NA,NA
"1376",15,20,1,1,1,1,0,NA,NA
"1377",15,53,1,1,1,0,0,NA,NA
"1378",15,18,1,1,1,1,0,NA,NA
"1379",15,26,1,1,1,1,0,NA,NA
"1380",15,80,1,1,1,0,1,NA,NA
"1381",15,13,1,1,1,1,0,NA,NA
"1382",15,112,1,1,1,1,1,NA,NA
"1383",15,75,1,1,1,0,1,NA,NA
"1384",15,2,1,1,1,0,0,NA,NA
"1385",15,38,1,1,1,1,0,NA,NA
"1386",15,119,1,1,1,1,1,NA,NA
"1387",15,115,1,1,1,1,1,NA,NA
"1388",15,19,1,1,1,0,0,NA,NA
"1389",15,33,1,1,1,1,0,NA,NA
"1390",15,15,1,1,1,0,0,NA,NA
"1391",15,31,1,1,1,0,0,NA,NA
"1392",15,39,1,1,1,0,0,NA,NA
"1393",15,97,1,1,1,0,1,NA,NA
"1394",15,71,1,1,1,1,1,NA,NA
"1395",15,107,1,1,1,1,1,NA,NA
"1396",15,85,1,1,1,1,1,NA,NA
"1397",15,28,1,1,1,1,0,NA,NA
"1398",15,68,1,1,1,0,1,NA,NA
"1399",15,69,1,1,1,1,1,NA,NA
"1400",15,108,1,1,1,1,1,NA,NA
"1401",16,84,1,1,1,1,1,NA,NA
"1402",16,108,1,1,1,1,1,NA,NA
"1403",16,64,2,1,1,1,1,NA,NA
"1404",16,7,2,1,1,1,0,NA,NA
"1405",16,3,1,1,1,1,0,NA,NA
"1406",16,42,2,1,1,0,0,NA,NA
"1407",16,117,2,1,1,0,1,NA,NA
"1408",16,5,2,1,1,1,0,NA,NA
"1409",16,29,2,1,1,1,0,NA,NA
"1410",16,113,2,1,1,1,1,NA,NA
"1411",16,39,1,1,1,1,0,NA,NA
"1412",16,24,2,1,1,1,0,NA,NA
"1413",16,72,2,1,1,1,1,NA,NA
"1414",16,92,2,1,1,0,1,NA,NA
"1415",16,10,2,1,1,0,0,NA,NA
"1416",16,87,2,1,1,0,1,NA,NA
"1417",16,98,2,1,1,1,1,NA,NA
"1418",16,50,2,1,1,1,0,NA,NA
"1419",16,89,2,1,1,0,1,NA,NA
"1420",16,9,2,1,1,1,0,NA,NA
"1421",16,36,2,1,1,0,0,NA,NA
"1422",16,70,2,1,1,1,1,NA,NA
"1423",16,1,2,1,1,0,0,NA,NA
"1424",16,11,2,1,1,0,0,NA,NA
"1425",16,46,1,1,1,1,0,NA,NA
"1426",16,120,1,1,1,1,1,NA,NA
"1427",16,80,1,1,1,1,1,NA,NA
"1428",16,85,1,1,1,1,1,NA,NA
"1429",16,40,1,1,1,1,0,NA,NA
"1430",16,59,1,1,1,0,0,NA,NA
"1431",16,118,1,1,1,1,1,NA,NA
"1432",16,19,1,1,1,0,0,NA,NA
"1433",16,45,1,1,1,0,0,NA,NA
"1434",16,71,1,1,1,1,1,NA,NA
"1435",16,23,1,1,1,1,0,NA,NA
"1436",16,4,1,1,1,1,0,NA,NA
"1437",16,75,1,1,1,1,1,NA,NA
"1438",16,15,1,1,1,1,0,NA,NA
"1439",16,79,1,1,1,0,1,NA,NA
"1440",16,54,1,1,1,0,0,NA,NA
"1441",16,97,1,1,1,1,1,NA,NA
"1442",16,18,1,1,1,1,0,NA,NA
"1443",16,26,1,1,1,1,0,NA,NA
"1444",16,94,1,1,1,1,1,NA,NA
"1445",16,13,1,1,1,1,0,NA,NA
"1446",16,21,1,1,1,0,0,NA,NA
"1447",16,38,1,1,1,1,0,NA,NA
"1448",16,43,1,1,1,1,0,NA,NA
"1449",16,57,1,1,1,0,0,NA,NA
"1450",16,112,1,1,1,1,1,NA,NA
"1451",16,76,1,1,1,1,1,NA,NA
"1452",16,74,1,1,1,1,1,NA,NA
"1453",16,28,1,1,1,0,0,NA,NA
"1454",16,56,1,1,1,1,0,NA,NA
"1455",16,6,1,1,1,1,0,NA,NA
"1456",16,82,1,1,1,1,1,NA,NA
"1457",16,93,1,1,1,1,1,NA,NA
"1458",16,65,1,1,1,1,1,NA,NA
"1459",16,88,1,1,1,1,1,NA,NA
"1460",16,61,1,1,1,1,1,NA,NA
"1461",16,68,1,1,1,0,1,NA,NA
"1462",16,102,1,1,1,1,1,NA,NA
"1463",16,115,1,1,1,0,1,NA,NA
"1464",16,30,1,1,1,1,0,NA,NA
"1465",16,109,1,1,1,1,1,NA,NA
"1466",16,119,1,1,1,0,1,NA,NA
"1467",16,107,1,1,1,1,1,NA,NA
"1468",16,53,1,1,1,0,0,NA,NA
"1469",16,69,1,1,1,1,1,NA,NA
"1470",16,86,1,1,1,1,1,NA,NA
"1471",16,31,1,1,1,0,0,NA,NA
"1472",16,81,1,1,1,1,1,NA,NA
"1473",16,116,1,1,1,1,0,NA,NA
"1474",16,105,1,1,1,1,1,NA,NA
"1475",16,33,1,1,1,0,0,NA,NA
"1476",16,20,1,1,1,1,0,NA,NA
"1477",16,2,1,1,1,0,0,NA,NA
"1478",16,52,1,1,1,1,0,NA,NA
"1479",16,63,1,1,1,1,1,NA,NA
"1480",16,35,1,1,1,1,0,NA,NA
"1481",16,96,2,1,1,1,1,NA,NA
"1482",16,104,2,1,1,1,1,NA,NA
"1483",16,14,2,1,1,0,0,NA,NA
"1484",16,91,2,1,1,1,1,NA,NA
"1485",16,78,2,1,1,1,1,NA,NA
"1486",16,44,2,1,1,1,0,NA,NA
"1487",16,106,2,1,1,1,1,NA,NA
"1488",16,90,2,1,1,0,1,NA,NA
"1489",16,101,2,1,1,0,1,NA,NA
"1490",16,62,2,1,1,1,1,NA,NA
"1491",16,66,2,1,1,1,1,NA,NA
"1492",16,99,2,1,1,0,1,NA,NA
"1493",16,8,2,1,1,1,0,NA,NA
"1494",16,37,2,1,1,1,0,NA,NA
"1495",16,95,2,1,1,0,1,NA,NA
"1496",16,60,2,1,1,1,1,NA,NA
"1497",16,48,2,1,1,0,0,NA,NA
"1498",16,73,2,1,1,1,1,NA,NA
"1499",16,16,2,1,1,0,0,NA,NA
"1500",16,32,2,1,1,1,0,NA,NA
"1501",16,34,2,1,1,0,0,NA,NA
"1502",16,67,2,1,1,1,1,NA,NA
"1503",16,47,2,1,1,0,0,NA,NA
"1504",16,111,2,1,1,1,1,NA,NA
"1505",16,77,2,1,1,1,1,NA,NA
"1506",16,51,2,1,1,0,0,NA,NA
"1507",16,49,2,1,1,1,0,NA,NA
"1508",16,12,2,1,1,1,0,NA,NA
"1509",16,114,2,1,1,1,1,NA,NA
"1510",16,55,2,1,1,0,0,NA,NA
"1511",16,103,2,1,1,1,1,NA,NA
"1512",16,25,2,1,1,1,0,NA,NA
"1513",16,22,2,1,1,1,0,NA,NA
"1514",16,110,2,1,1,0,1,NA,NA
"1515",16,100,2,1,1,1,1,NA,NA
"1516",16,58,2,1,1,1,0,NA,NA
"1517",16,17,2,1,1,1,0,NA,NA
"1518",16,41,2,1,1,0,0,NA,NA
"1519",16,83,2,1,1,1,1,NA,NA
"1520",16,27,2,1,1,1,0,NA,NA
"1521",17,115,1,1,1,1,1,NA,NA
"1522",17,80,1,1,1,1,1,NA,NA
"1523",17,65,1,1,1,1,1,NA,NA
"1524",17,81,1,1,1,1,1,NA,NA
"1525",17,85,1,1,1,1,1,NA,NA
"1526",17,94,1,1,1,0,1,NA,NA
"1527",17,79,1,1,1,1,1,NA,NA
"1528",17,96,1,1,1,1,0,NA,NA
"1529",17,69,1,1,1,1,1,NA,NA
"1530",17,92,1,1,1,0,0,NA,NA
"1531",17,117,1,1,1,1,0,NA,NA
"1532",17,103,1,1,1,1,0,NA,NA
"1533",17,77,1,1,1,0,0,NA,NA
"1534",17,118,1,1,1,1,1,NA,NA
"1535",17,95,1,1,1,1,0,NA,NA
"1536",17,78,1,1,1,1,0,NA,NA
"1537",17,71,1,1,1,1,1,NA,NA
"1538",17,108,1,1,1,1,1,NA,NA
"1539",17,68,1,1,1,1,1,NA,NA
"1540",17,106,1,1,1,1,0,NA,NA
"1541",17,72,1,1,1,0,0,NA,NA
"1542",17,83,1,1,1,1,0,NA,NA
"1543",17,93,1,1,1,0,1,NA,NA
"1544",17,27,2,1,1,1,1,NA,NA
"1545",17,3,2,1,1,0,0,NA,NA
"1546",17,25,2,1,1,1,1,NA,NA
"1547",17,15,2,1,1,0,0,NA,NA
"1548",17,5,2,1,1,0,1,NA,NA
"1549",17,36,2,1,1,1,1,NA,NA
"1550",17,42,2,1,1,0,1,NA,NA
"1551",17,38,2,1,1,1,0,NA,NA
"1552",17,26,2,1,1,1,0,NA,NA
"1553",17,46,2,1,1,1,0,NA,NA
"1554",17,16,2,1,1,1,1,NA,NA
"1555",17,41,2,1,1,1,1,NA,NA
"1556",17,20,2,1,1,1,0,NA,NA
"1557",17,32,2,1,1,0,1,NA,NA
"1558",17,56,2,1,1,1,0,NA,NA
"1559",17,53,2,1,1,1,0,NA,NA
"1560",17,1,2,1,1,1,1,NA,NA
"1561",17,54,2,1,1,1,0,NA,NA
"1562",17,49,2,1,1,1,1,NA,NA
"1563",17,22,2,1,1,1,1,NA,NA
"1564",17,28,2,1,1,1,0,NA,NA
"1565",17,19,2,1,1,0,0,NA,NA
"1566",17,59,2,1,1,1,0,NA,NA
"1567",17,40,2,1,1,0,0,NA,NA
"1568",17,44,2,1,1,1,1,NA,NA
"1569",17,55,2,1,1,1,1,NA,NA
"1570",17,8,2,1,1,0,1,NA,NA
"1571",17,12,2,1,1,1,1,NA,NA
"1572",17,13,2,1,1,1,0,NA,NA
"1573",17,51,2,1,1,1,1,NA,NA
"1574",17,45,2,1,1,1,0,NA,NA
"1575",17,39,2,1,1,0,0,NA,NA
"1576",17,47,2,1,1,1,1,NA,NA
"1577",17,30,2,1,1,0,0,NA,NA
"1578",17,17,2,1,1,1,1,NA,NA
"1579",17,37,2,1,1,1,1,NA,NA
"1580",17,11,2,1,1,0,1,NA,NA
"1581",17,21,2,1,1,1,0,NA,NA
"1582",17,2,2,1,1,0,0,NA,NA
"1583",17,4,2,1,1,1,0,NA,NA
"1584",17,50,2,1,1,0,1,NA,NA
"1585",17,10,2,1,1,1,1,NA,NA
"1586",17,57,2,1,1,1,0,NA,NA
"1587",17,34,2,1,1,0,1,NA,NA
"1588",17,6,2,1,1,1,0,NA,NA
"1589",17,116,2,1,1,1,0,NA,NA
"1590",17,18,2,1,1,0,0,NA,NA
"1591",17,9,2,1,1,0,1,NA,NA
"1592",17,48,2,1,1,1,1,NA,NA
"1593",17,14,2,1,1,1,1,NA,NA
"1594",17,31,2,1,1,0,0,NA,NA
"1595",17,43,2,1,1,1,0,NA,NA
"1596",17,35,2,1,1,1,0,NA,NA
"1597",17,52,2,1,1,1,0,NA,NA
"1598",17,23,2,1,1,1,0,NA,NA
"1599",17,7,2,1,1,0,1,NA,NA
"1600",17,110,1,1,1,1,0,NA,NA
"1601",17,67,1,1,1,1,0,NA,NA
"1602",17,64,1,1,1,0,0,NA,NA
"1603",17,91,1,1,1,1,0,NA,NA
"1604",17,113,1,1,1,0,0,NA,NA
"1605",17,100,1,1,1,1,0,NA,NA
"1606",17,74,1,1,1,1,1,NA,NA
"1607",17,63,1,1,1,1,1,NA,NA
"1608",17,107,1,1,1,1,1,NA,NA
"1609",17,112,1,1,1,1,1,NA,NA
"1610",17,87,1,1,1,1,0,NA,NA
"1611",17,111,1,1,1,1,0,NA,NA
"1612",17,99,1,1,1,0,0,NA,NA
"1613",17,75,1,1,1,1,1,NA,NA
"1614",17,88,1,1,1,1,1,NA,NA
"1615",17,70,1,1,1,1,0,NA,NA
"1616",17,109,1,1,1,1,1,NA,NA
"1617",17,114,1,1,1,0,0,NA,NA
"1618",17,84,1,1,1,1,1,NA,NA
"1619",17,120,1,1,1,1,1,NA,NA
"1620",17,76,1,1,1,1,1,NA,NA
"1621",17,102,1,1,1,1,1,NA,NA
"1622",17,97,1,1,1,1,1,NA,NA
"1623",17,33,2,1,1,1,0,NA,NA
"1624",17,29,2,1,1,1,1,NA,NA
"1625",17,24,2,1,1,1,1,NA,NA
"1626",17,61,1,1,1,0,1,NA,NA
"1627",17,104,1,1,1,1,0,NA,NA
"1628",17,119,1,1,1,1,1,NA,NA
"1629",17,98,1,1,1,1,0,NA,NA
"1630",17,101,1,1,1,1,0,NA,NA
"1631",17,90,1,1,1,1,0,NA,NA
"1632",17,73,1,1,1,0,0,NA,NA
"1633",17,60,1,1,1,0,0,NA,NA
"1634",17,66,1,1,1,1,0,NA,NA
"1635",17,105,1,1,1,1,1,NA,NA
"1636",17,82,1,1,1,1,1,NA,NA
"1637",17,62,1,1,1,1,0,NA,NA
"1638",17,86,1,1,1,0,1,NA,NA
"1639",17,89,1,1,1,1,0,NA,NA
"1640",17,58,2,1,1,1,1,NA,NA
"1641",18,75,1,1,1,0,1,NA,NA
"1642",18,103,1,1,1,1,0,NA,NA
"1643",18,30,2,1,1,1,1,NA,NA
"1644",18,11,2,1,1,0,0,NA,NA
"1645",18,53,2,1,1,0,1,NA,NA
"1646",18,47,2,1,1,0,0,NA,NA
"1647",18,57,2,1,1,1,1,NA,NA
"1648",18,34,2,1,1,0,0,NA,NA
"1649",18,35,2,1,1,1,1,NA,NA
"1650",18,4,2,1,1,0,1,NA,NA
"1651",18,15,2,1,1,0,1,NA,NA
"1652",18,58,2,1,1,1,0,NA,NA
"1653",18,84,1,1,1,0,1,NA,NA
"1654",18,23,2,1,1,0,1,NA,NA
"1655",18,26,2,1,1,1,1,NA,NA
"1656",18,8,2,1,1,0,0,NA,NA
"1657",18,59,2,1,1,1,1,NA,NA
"1658",18,38,2,1,1,0,1,NA,NA
"1659",18,21,2,1,1,1,1,NA,NA
"1660",18,32,2,1,1,0,0,NA,NA
"1661",18,9,2,1,1,0,0,NA,NA
"1662",18,43,2,1,1,0,1,NA,NA
"1663",18,17,2,1,1,0,0,NA,NA
"1664",18,18,2,1,1,1,1,NA,NA
"1665",18,39,2,1,1,1,1,NA,NA
"1666",18,6,2,1,1,0,1,NA,NA
"1667",18,87,1,1,1,0,0,NA,NA
"1668",18,89,1,1,1,1,0,NA,NA
"1669",18,101,1,1,1,1,0,NA,NA
"1670",18,118,1,1,1,1,1,NA,NA
"1671",18,90,1,1,1,1,0,NA,NA
"1672",18,100,1,1,1,0,0,NA,NA
"1673",18,92,1,1,1,1,0,NA,NA
"1674",18,69,1,1,1,0,1,NA,NA
"1675",18,66,1,1,1,1,0,NA,NA
"1676",18,68,1,1,1,0,1,NA,NA
"1677",18,105,1,1,1,1,1,NA,NA
"1678",18,71,1,1,1,0,1,NA,NA
"1679",18,104,1,1,1,1,0,NA,NA
"1680",18,64,1,1,1,0,0,NA,NA
"1681",18,82,1,1,1,1,1,NA,NA
"1682",18,114,1,1,1,0,0,NA,NA
"1683",18,63,1,1,1,1,1,NA,NA
"1684",18,91,1,1,1,0,0,NA,NA
"1685",18,106,1,1,1,0,0,NA,NA
"1686",18,110,1,1,1,0,0,NA,NA
"1687",18,85,1,1,1,0,1,NA,NA
"1688",18,102,1,1,1,1,1,NA,NA
"1689",18,107,1,1,1,0,1,NA,NA
"1690",18,86,1,1,1,0,1,NA,NA
"1691",18,67,1,1,1,0,0,NA,NA
"1692",18,115,1,1,1,1,1,NA,NA
"1693",18,111,1,1,1,1,0,NA,NA
"1694",18,93,1,1,1,0,1,NA,NA
"1695",18,119,1,1,1,0,1,NA,NA
"1696",18,62,1,1,1,1,0,NA,NA
"1697",18,98,1,1,1,0,0,NA,NA
"1698",18,72,1,1,1,0,0,NA,NA
"1699",18,109,1,1,1,0,1,NA,NA
"1700",18,95,1,1,1,0,0,NA,NA
"1701",18,108,1,1,1,0,1,NA,NA
"1702",18,80,1,1,1,1,1,NA,NA
"1703",18,74,1,1,1,1,1,NA,NA
"1704",18,117,1,1,1,0,0,NA,NA
"1705",18,97,1,1,1,0,1,NA,NA
"1706",18,94,1,1,1,0,1,NA,NA
"1707",18,78,1,1,1,0,0,NA,NA
"1708",18,70,1,1,1,0,0,NA,NA
"1709",18,99,1,1,1,0,0,NA,NA
"1710",18,88,1,1,1,1,1,NA,NA
"1711",18,73,1,1,1,0,0,NA,NA
"1712",18,113,1,1,1,0,0,NA,NA
"1713",18,77,1,1,1,1,0,NA,NA
"1714",18,112,1,1,1,1,1,NA,NA
"1715",18,83,1,1,1,1,0,NA,NA
"1716",18,76,1,1,1,1,1,NA,NA
"1717",18,79,1,1,1,0,1,NA,NA
"1718",18,60,1,1,1,1,0,NA,NA
"1719",18,61,1,1,1,1,1,NA,NA
"1720",18,81,1,1,1,1,1,NA,NA
"1721",18,96,1,1,1,1,0,NA,NA
"1722",18,65,1,1,1,0,1,NA,NA
"1723",18,44,2,1,1,0,0,NA,NA
"1724",18,36,2,1,1,1,0,NA,NA
"1725",18,14,2,1,1,0,0,NA,NA
"1726",18,27,2,1,1,0,0,NA,NA
"1727",18,46,2,1,1,0,1,NA,NA
"1728",18,31,2,1,1,0,1,NA,NA
"1729",18,19,2,1,1,0,1,NA,NA
"1730",18,20,2,1,1,0,1,NA,NA
"1731",18,40,2,1,1,1,1,NA,NA
"1732",18,22,2,1,1,0,0,NA,NA
"1733",18,52,2,1,1,0,1,NA,NA
"1734",18,37,2,1,1,0,0,NA,NA
"1735",18,16,2,1,1,0,0,NA,NA
"1736",18,45,2,1,1,0,1,NA,NA
"1737",18,42,2,1,1,1,0,NA,NA
"1738",18,2,2,1,1,0,1,NA,NA
"1739",18,13,2,1,1,1,1,NA,NA
"1740",18,24,2,1,1,1,0,NA,NA
"1741",18,48,2,1,1,0,0,NA,NA
"1742",18,55,2,1,1,1,0,NA,NA
"1743",18,7,2,1,1,1,0,NA,NA
"1744",18,54,2,1,1,0,1,NA,NA
"1745",18,5,2,1,1,0,0,NA,NA
"1746",18,3,2,1,1,1,1,NA,NA
"1747",18,12,2,1,1,0,0,NA,NA
"1748",18,50,2,1,1,0,0,NA,NA
"1749",18,28,2,1,1,0,1,NA,NA
"1750",18,56,2,1,1,0,1,NA,NA
"1751",18,1,2,1,1,1,0,NA,NA
"1752",18,49,2,1,1,0,0,NA,NA
"1753",18,51,2,1,1,1,0,NA,NA
"1754",18,116,2,1,1,1,1,NA,NA
"1755",18,25,2,1,1,1,0,NA,NA
"1756",18,41,2,1,1,0,0,NA,NA
"1757",18,29,2,1,1,1,0,NA,NA
"1758",18,33,2,1,1,0,1,NA,NA
"1759",19,48,1,1,1,0,0,NA,NA
"1760",19,106,1,1,1,0,1,NA,NA
"1761",19,64,1,1,1,1,1,NA,NA
"1762",19,49,1,1,1,0,0,NA,NA
"1763",19,29,1,1,1,0,0,NA,NA
"1764",19,113,1,1,1,1,1,NA,NA
"1765",19,62,1,1,1,1,1,NA,NA
"1766",19,44,1,1,1,1,0,NA,NA
"1767",19,50,1,1,1,1,0,NA,NA
"1768",19,114,1,1,1,1,1,NA,NA
"1769",19,91,1,1,1,0,1,NA,NA
"1770",19,22,1,1,1,0,0,NA,NA
"1771",19,14,1,1,1,1,0,NA,NA
"1772",19,99,1,1,1,0,1,NA,NA
"1773",19,5,1,1,1,1,0,NA,NA
"1774",19,66,1,1,1,0,1,NA,NA
"1775",19,70,1,1,1,0,1,NA,NA
"1776",19,77,1,1,1,1,1,NA,NA
"1777",19,34,1,1,1,1,0,NA,NA
"1778",19,60,1,1,1,1,1,NA,NA
"1779",19,16,1,1,1,0,0,NA,NA
"1780",19,96,1,1,1,1,1,NA,NA
"1781",19,73,1,1,1,1,1,NA,NA
"1782",19,110,1,1,1,1,1,NA,NA
"1783",19,83,1,1,1,1,1,NA,NA
"1784",19,115,2,1,1,0,0,NA,NA
"1785",19,93,2,1,1,1,0,NA,NA
"1786",19,85,2,1,1,1,0,NA,NA
"1787",19,108,2,1,1,1,0,NA,NA
"1788",19,105,2,1,1,1,0,NA,NA
"1789",19,15,2,1,1,1,1,NA,NA
"1790",19,116,2,1,1,1,1,NA,NA
"1791",19,13,2,1,1,1,1,NA,NA
"1792",19,75,2,1,1,0,0,NA,NA
"1793",19,43,2,1,1,0,1,NA,NA
"1794",19,2,2,1,1,0,1,NA,NA
"1795",19,65,2,1,1,1,0,NA,NA
"1796",19,53,2,1,1,1,1,NA,NA
"1797",19,26,2,1,1,1,1,NA,NA
"1798",19,45,2,1,1,0,1,NA,NA
"1799",19,94,2,1,1,0,0,NA,NA
"1800",19,39,2,1,1,0,1,NA,NA
"1801",19,76,2,1,1,0,0,NA,NA
"1802",19,68,2,1,1,0,0,NA,NA
"1803",19,6,2,1,1,1,1,NA,NA
"1804",19,107,2,1,1,0,0,NA,NA
"1805",19,4,2,1,1,0,1,NA,NA
"1806",19,33,2,1,1,1,1,NA,NA
"1807",19,30,2,1,1,0,1,NA,NA
"1808",19,56,2,1,1,1,1,NA,NA
"1809",19,23,2,1,1,1,1,NA,NA
"1810",19,88,2,1,1,0,0,NA,NA
"1811",19,69,2,1,1,0,0,NA,NA
"1812",19,97,2,1,1,1,0,NA,NA
"1813",19,20,2,1,1,1,1,NA,NA
"1814",19,35,2,1,1,0,1,NA,NA
"1815",19,102,2,1,1,0,0,NA,NA
"1816",19,28,2,1,1,0,1,NA,NA
"1817",19,59,2,1,1,1,1,NA,NA
"1818",19,74,2,1,1,1,0,NA,NA
"1819",19,40,2,1,1,0,1,NA,NA
"1820",19,80,2,1,1,0,0,NA,NA
"1821",19,84,2,1,1,0,0,NA,NA
"1822",19,57,2,1,1,1,1,NA,NA
"1823",19,46,2,1,1,0,1,NA,NA
"1824",19,38,2,1,1,1,1,NA,NA
"1825",19,119,2,1,1,0,0,NA,NA
"1826",19,86,2,1,1,0,0,NA,NA
"1827",19,31,2,1,1,1,1,NA,NA
"1828",19,112,2,1,1,0,0,NA,NA
"1829",19,19,2,1,1,1,1,NA,NA
"1830",19,54,2,1,1,1,1,NA,NA
"1831",19,21,2,1,1,1,1,NA,NA
"1832",19,109,2,1,1,1,0,NA,NA
"1833",19,120,2,1,1,1,0,NA,NA
"1834",19,63,2,1,1,1,0,NA,NA
"1835",19,81,2,1,1,0,0,NA,NA
"1836",19,3,2,1,1,1,1,NA,NA
"1837",19,118,2,1,1,0,0,NA,NA
"1838",19,61,2,1,1,1,0,NA,NA
"1839",19,82,2,1,1,1,0,NA,NA
"1840",19,12,1,1,1,1,0,NA,NA
"1841",19,24,1,1,1,1,0,NA,NA
"1842",19,103,1,1,1,0,1,NA,NA
"1843",19,27,1,1,1,0,0,NA,NA
"1844",19,95,1,1,1,1,1,NA,NA
"1845",19,17,1,1,1,0,0,NA,NA
"1846",19,78,1,1,1,0,1,NA,NA
"1847",19,72,1,1,1,1,1,NA,NA
"1848",19,87,1,1,1,0,1,NA,NA
"1849",19,104,1,1,1,1,1,NA,NA
"1850",19,36,1,1,1,0,0,NA,NA
"1851",19,42,1,1,1,0,0,NA,NA
"1852",19,92,1,1,1,0,1,NA,NA
"1853",19,98,1,1,1,0,1,NA,NA
"1854",19,67,1,1,1,0,1,NA,NA
"1855",19,100,1,1,1,1,1,NA,NA
"1856",19,32,1,1,1,1,0,NA,NA
"1857",19,117,1,1,1,1,1,NA,NA
"1858",19,111,1,1,1,1,1,NA,NA
"1859",19,1,1,1,1,0,0,NA,NA
"1860",19,90,1,1,1,1,1,NA,NA
"1861",19,51,1,1,1,1,0,NA,NA
"1862",19,37,1,1,1,0,0,NA,NA
"1863",19,79,2,1,1,0,0,NA,NA
"1864",19,52,2,1,1,1,1,NA,NA
"1865",19,71,2,1,1,1,0,NA,NA
"1866",19,18,2,1,1,1,1,NA,NA
"1867",19,7,1,1,1,0,0,NA,NA
"1868",19,8,1,1,1,0,0,NA,NA
"1869",19,89,1,1,1,0,1,NA,NA
"1870",19,58,1,1,1,1,0,NA,NA
"1871",19,41,1,1,1,0,0,NA,NA
"1872",19,101,1,1,1,1,1,NA,NA
"1873",19,25,1,1,1,1,0,NA,NA
"1874",19,47,1,1,1,1,0,NA,NA
"1875",19,9,1,1,1,1,0,NA,NA
"1876",19,55,1,1,1,0,0,NA,NA
"1877",19,11,1,1,1,0,0,NA,NA
"1878",19,10,1,1,1,1,0,NA,NA
"1879",20,68,2,1,1,0,1,NA,NA
"1880",20,47,1,1,1,0,0,NA,NA
"1881",20,51,1,1,1,1,0,NA,NA
"1882",20,106,1,1,1,1,1,NA,NA
"1883",20,49,1,1,1,1,0,NA,NA
"1884",20,76,2,1,1,1,1,NA,NA
"1885",20,120,2,1,1,0,1,NA,NA
"1886",20,116,2,1,1,1,0,NA,NA
"1887",20,46,2,1,1,0,0,NA,NA
"1888",20,84,2,1,1,0,1,NA,NA
"1889",20,31,2,1,1,0,0,NA,NA
"1890",20,69,2,1,1,1,1,NA,NA
"1891",20,112,2,1,1,0,1,NA,NA
"1892",20,107,2,1,1,1,1,NA,NA
"1893",20,39,2,1,1,1,0,NA,NA
"1894",20,3,2,1,1,1,0,NA,NA
"1895",20,85,2,1,1,1,1,NA,NA
"1896",20,30,2,1,1,0,0,NA,NA
"1897",20,13,2,1,1,1,0,NA,NA
"1898",20,59,2,1,1,1,0,NA,NA
"1899",20,86,2,1,1,1,1,NA,NA
"1900",20,82,2,1,1,1,1,NA,NA
"1901",20,38,2,1,1,0,0,NA,NA
"1902",20,97,2,1,1,1,1,NA,NA
"1903",20,26,2,1,1,1,0,NA,NA
"1904",20,102,2,1,1,0,1,NA,NA
"1905",20,45,2,1,1,0,0,NA,NA
"1906",20,20,2,1,1,1,0,NA,NA
"1907",20,66,1,1,1,1,1,NA,NA
"1908",20,98,1,1,1,1,1,NA,NA
"1909",20,14,1,1,1,0,0,NA,NA
"1910",20,87,1,1,1,0,1,NA,NA
"1911",20,70,1,1,1,0,1,NA,NA
"1912",20,22,1,1,1,0,0,NA,NA
"1913",20,10,1,1,1,0,0,NA,NA
"1914",20,7,1,1,1,0,0,NA,NA
"1915",20,89,1,1,1,1,1,NA,NA
"1916",20,25,1,1,1,1,0,NA,NA
"1917",20,12,1,1,1,0,0,NA,NA
"1918",20,73,1,1,1,1,1,NA,NA
"1919",20,113,1,1,1,0,1,NA,NA
"1920",20,117,1,1,1,0,1,NA,NA
"1921",20,32,1,1,1,1,0,NA,NA
"1922",20,90,1,1,1,1,1,NA,NA
"1923",20,36,1,1,1,0,0,NA,NA
"1924",20,1,1,1,1,0,0,NA,NA
"1925",20,44,1,1,1,1,0,NA,NA
"1926",20,103,1,1,1,1,1,NA,NA
"1927",20,42,1,1,1,0,0,NA,NA
"1928",20,78,1,1,1,1,1,NA,NA
"1929",20,104,1,1,1,1,1,NA,NA
"1930",20,58,1,1,1,0,0,NA,NA
"1931",20,64,1,1,1,1,1,NA,NA
"1932",20,17,1,1,1,0,0,NA,NA
"1933",20,100,1,1,1,1,1,NA,NA
"1934",20,110,1,1,1,1,1,NA,NA
"1935",20,72,1,1,1,1,1,NA,NA
"1936",20,27,1,1,1,1,0,NA,NA
"1937",20,48,1,1,1,0,0,NA,NA
"1938",20,83,1,1,1,1,1,NA,NA
"1939",20,41,1,1,1,0,0,NA,NA
"1940",20,62,1,1,1,0,1,NA,NA
"1941",20,99,1,1,1,0,1,NA,NA
"1942",20,60,1,1,1,1,1,NA,NA
"1943",20,91,1,1,1,1,1,NA,NA
"1944",20,29,1,1,1,0,0,NA,NA
"1945",20,11,1,1,1,1,0,NA,NA
"1946",20,114,1,1,1,1,1,NA,NA
"1947",20,55,1,1,1,1,0,NA,NA
"1948",20,50,1,1,1,1,0,NA,NA
"1949",20,8,1,1,1,0,0,NA,NA
"1950",20,24,1,1,1,1,0,NA,NA
"1951",20,67,1,1,1,0,1,NA,NA
"1952",20,34,1,1,1,0,0,NA,NA
"1953",20,5,1,1,1,0,0,NA,NA
"1954",20,9,1,1,1,0,0,NA,NA
"1955",20,111,1,1,1,1,1,NA,NA
"1956",20,92,1,1,1,1,1,NA,NA
"1957",20,77,1,1,1,1,1,NA,NA
"1958",20,37,1,1,1,0,0,NA,NA
"1959",20,95,1,1,1,1,1,NA,NA
"1960",20,101,1,1,1,1,1,NA,NA
"1961",20,16,1,1,1,1,0,NA,NA
"1962",20,96,1,1,1,1,1,NA,NA
"1963",20,28,2,1,1,1,0,NA,NA
"1964",20,54,2,1,1,0,0,NA,NA
"1965",20,93,2,1,1,1,1,NA,NA
"1966",20,79,2,1,1,0,1,NA,NA
"1967",20,108,2,1,1,1,1,NA,NA
"1968",20,15,2,1,1,0,0,NA,NA
"1969",20,88,2,1,1,1,1,NA,NA
"1970",20,6,2,1,1,1,0,NA,NA
"1971",20,65,2,1,1,0,1,NA,NA
"1972",20,40,2,1,1,0,0,NA,NA
"1973",20,63,2,1,1,1,1,NA,NA
"1974",20,52,2,1,1,0,0,NA,NA
"1975",20,33,2,1,1,1,0,NA,NA
"1976",20,61,2,1,1,1,1,NA,NA
"1977",20,80,2,1,1,1,1,NA,NA
"1978",20,2,2,1,1,0,0,NA,NA
"1979",20,57,2,1,1,0,0,NA,NA
"1980",20,56,2,1,1,1,0,NA,NA
"1981",20,105,2,1,1,1,1,NA,NA
"1982",20,115,2,1,1,1,1,NA,NA
"1983",20,75,2,1,1,0,1,NA,NA
"1984",20,18,2,1,1,1,0,NA,NA
"1985",20,53,2,1,1,0,0,NA,NA
"1986",20,35,2,1,1,1,0,NA,NA
"1987",20,81,2,1,1,0,1,NA,NA
"1988",20,4,2,1,1,0,0,NA,NA
"1989",20,43,2,1,1,1,0,NA,NA
"1990",20,109,2,1,1,1,1,NA,NA
"1991",20,21,2,1,1,0,0,NA,NA
"1992",20,74,2,1,1,1,1,NA,NA
"1993",20,119,2,1,1,0,1,NA,NA
"1994",20,23,2,1,1,1,0,NA,NA
"1995",20,118,2,1,1,1,1,NA,NA
"1996",20,19,2,1,1,1,0,NA,NA
"1997",20,71,2,1,1,1,1,NA,NA
"1998",20,94,2,1,1,1,1,NA,NA
"1999",21,45,1,1,1,0,0,NA,NA
"2000",21,96,1,1,1,1,1,NA,NA
"2001",21,110,1,1,1,0,1,NA,NA
"2002",21,46,1,1,1,1,0,NA,NA
"2003",21,21,1,1,1,1,0,NA,NA
"2004",21,87,1,1,1,1,1,NA,NA
"2005",21,13,1,1,1,1,0,NA,NA
"2006",21,89,1,1,1,1,1,NA,NA
"2007",21,72,1,1,1,0,1,NA,NA
"2008",21,53,1,1,1,0,0,NA,NA
"2009",21,73,1,1,1,1,1,NA,NA
"2010",21,117,1,1,1,0,1,NA,NA
"2011",21,103,1,1,1,1,1,NA,NA
"2012",21,59,1,1,1,0,0,NA,NA
"2013",21,67,1,1,1,0,1,NA,NA
"2014",21,77,1,1,1,1,1,NA,NA
"2015",21,70,1,1,1,1,1,NA,NA
"2016",21,19,1,1,1,0,0,NA,NA
"2017",21,64,1,1,1,1,1,NA,NA
"2018",21,60,1,1,1,1,1,NA,NA
"2019",21,99,1,1,1,1,1,NA,NA
"2020",21,56,1,1,1,0,0,NA,NA
"2021",21,28,1,1,1,1,0,NA,NA
"2022",21,38,1,1,1,0,0,NA,NA
"2023",21,98,1,1,1,1,1,NA,NA
"2024",21,31,1,1,1,0,0,NA,NA
"2025",21,94,2,1,1,1,0,NA,NA
"2026",21,11,2,1,1,1,1,NA,NA
"2027",21,81,2,1,1,1,0,NA,NA
"2028",21,88,2,1,1,0,0,NA,NA
"2029",21,51,2,1,1,1,1,NA,NA
"2030",21,93,2,1,1,0,0,NA,NA
"2031",21,97,2,1,1,1,0,NA,NA
"2032",21,36,2,1,1,1,1,NA,NA
"2033",21,12,2,1,1,1,1,NA,NA
"2034",21,27,2,1,1,1,1,NA,NA
"2035",21,37,2,1,1,0,1,NA,NA
"2036",21,69,2,1,1,1,0,NA,NA
"2037",21,120,2,1,1,0,0,NA,NA
"2038",21,29,2,1,1,1,1,NA,NA
"2039",21,5,2,1,1,1,1,NA,NA
"2040",21,108,2,1,1,0,0,NA,NA
"2041",21,61,2,1,1,0,0,NA,NA
"2042",21,65,2,1,1,1,0,NA,NA
"2043",21,24,2,1,1,1,1,NA,NA
"2044",21,9,2,1,1,1,1,NA,NA
"2045",21,109,2,1,1,1,0,NA,NA
"2046",21,80,2,1,1,0,0,NA,NA
"2047",21,48,2,1,1,1,1,NA,NA
"2048",21,118,2,1,1,0,0,NA,NA
"2049",21,55,2,1,1,0,1,NA,NA
"2050",21,10,2,1,1,1,1,NA,NA
"2051",21,8,2,1,1,0,1,NA,NA
"2052",21,119,2,1,1,0,0,NA,NA
"2053",21,115,2,1,1,1,0,NA,NA
"2054",21,49,2,1,1,0,1,NA,NA
"2055",21,63,2,1,1,1,0,NA,NA
"2056",21,16,2,1,1,1,1,NA,NA
"2057",21,7,2,1,1,0,1,NA,NA
"2058",21,82,2,1,1,1,0,NA,NA
"2059",21,32,2,1,1,1,1,NA,NA
"2060",21,74,2,1,1,0,0,NA,NA
"2061",21,112,2,1,1,0,0,NA,NA
"2062",21,105,2,1,1,1,0,NA,NA
"2063",21,41,2,1,1,1,1,NA,NA
"2064",21,50,2,1,1,0,1,NA,NA
"2065",21,34,2,1,1,1,1,NA,NA
"2066",21,42,2,1,1,1,1,NA,NA
"2067",21,22,2,1,1,0,1,NA,NA
"2068",21,85,2,1,1,0,0,NA,NA
"2069",21,107,2,1,1,1,0,NA,NA
"2070",21,79,2,1,1,1,0,NA,NA
"2071",21,14,2,1,1,0,1,NA,NA
"2072",21,86,2,1,1,1,0,NA,NA
"2073",21,25,2,1,1,1,1,NA,NA
"2074",21,68,2,1,1,0,0,NA,NA
"2075",21,102,2,1,1,1,0,NA,NA
"2076",21,17,2,1,1,1,1,NA,NA
"2077",21,71,2,1,1,1,0,NA,NA
"2078",21,84,2,1,1,0,0,NA,NA
"2079",21,44,2,1,1,1,1,NA,NA
"2080",21,91,1,1,1,1,1,NA,NA
"2081",21,101,1,1,1,1,1,NA,NA
"2082",21,106,1,1,1,1,1,NA,NA
"2083",21,100,1,1,1,1,1,NA,NA
"2084",21,78,1,1,1,0,1,NA,NA
"2085",21,40,1,1,1,1,0,NA,NA
"2086",21,20,1,1,1,0,0,NA,NA
"2087",21,33,1,1,1,1,0,NA,NA
"2088",21,111,1,1,1,1,1,NA,NA
"2089",21,39,1,1,1,0,0,NA,NA
"2090",21,62,1,1,1,1,1,NA,NA
"2091",21,90,1,1,1,1,1,NA,NA
"2092",21,52,1,1,1,1,0,NA,NA
"2093",21,83,1,1,1,1,1,NA,NA
"2094",21,116,1,1,1,0,0,NA,NA
"2095",21,23,1,1,1,1,0,NA,NA
"2096",21,43,1,1,1,0,0,NA,NA
"2097",21,95,1,1,1,1,1,NA,NA
"2098",21,92,1,1,1,1,1,NA,NA
"2099",21,4,1,1,1,0,0,NA,NA
"2100",21,104,1,1,1,1,1,NA,NA
"2101",21,15,1,1,1,0,0,NA,NA
"2102",21,113,1,1,1,1,1,NA,NA
"2103",21,66,1,1,1,1,1,NA,NA
"2104",21,1,2,1,1,0,1,NA,NA
"2105",21,47,2,1,1,1,1,NA,NA
"2106",21,58,2,1,1,1,1,NA,NA
"2107",21,75,2,1,1,1,0,NA,NA
"2108",21,26,1,1,1,0,0,NA,NA
"2109",21,57,1,1,1,1,0,NA,NA
"2110",21,3,1,1,1,0,0,NA,NA
"2111",21,6,1,1,1,0,0,NA,NA
"2112",21,54,1,1,1,1,0,NA,NA
"2113",21,30,1,1,1,1,0,NA,NA
"2114",21,35,1,1,1,0,0,NA,NA
"2115",21,2,1,1,1,0,0,NA,NA
"2116",21,114,1,1,1,1,1,NA,NA
"2117",21,18,1,1,1,1,0,NA,NA
"2118",22,48,2,1,1,1,0,NA,NA
"2119",22,74,2,1,1,1,1,NA,NA
"2120",22,21,1,1,1,0,0,NA,NA
"2121",22,54,1,1,1,0,0,NA,NA
"2122",22,67,1,1,1,1,1,NA,NA
"2123",22,13,1,1,1,1,0,NA,NA
"2124",22,2,1,1,1,0,0,NA,NA
"2125",22,76,2,1,1,1,1,NA,NA
"2126",22,86,2,1,1,0,1,NA,NA
"2127",22,36,2,1,1,0,0,NA,NA
"2128",22,55,2,1,1,0,0,NA,NA
"2129",22,10,2,1,1,1,0,NA,NA
"2130",22,14,2,1,1,1,0,NA,NA
"2131",22,84,2,1,1,1,1,NA,NA
"2132",22,105,2,1,1,0,1,NA,NA
"2133",22,5,2,1,1,0,0,NA,NA
"2134",22,79,2,1,1,0,1,NA,NA
"2135",22,88,2,1,1,0,1,NA,NA
"2136",22,32,2,1,1,1,0,NA,NA
"2137",22,1,2,1,1,0,0,NA,NA
"2138",22,109,2,1,1,0,1,NA,NA
"2139",22,115,2,1,1,1,1,NA,NA
"2140",22,58,2,1,1,1,0,NA,NA
"2141",22,118,2,1,1,1,1,NA,NA
"2142",22,97,2,1,1,1,1,NA,NA
"2143",22,69,2,1,1,1,1,NA,NA
"2144",22,108,2,1,1,1,1,NA,NA
"2145",22,119,2,1,1,0,1,NA,NA
"2146",22,27,2,1,1,1,0,NA,NA
"2147",22,9,2,1,1,1,0,NA,NA
"2148",22,18,1,1,1,0,0,NA,NA
"2149",22,77,1,1,1,1,1,NA,NA
"2150",22,96,1,1,1,1,1,NA,NA
"2151",22,104,1,1,1,1,1,NA,NA
"2152",22,31,1,1,1,0,0,NA,NA
"2153",22,114,1,1,1,1,1,NA,NA
"2154",22,111,1,1,1,1,1,NA,NA
"2155",22,19,1,1,1,0,0,NA,NA
"2156",22,72,1,1,1,1,1,NA,NA
"2157",22,26,1,1,1,0,0,NA,NA
"2158",22,113,1,1,1,1,1,NA,NA
"2159",22,57,1,1,1,0,0,NA,NA
"2160",22,91,1,1,1,1,1,NA,NA
"2161",22,87,1,1,1,1,1,NA,NA
"2162",22,64,1,1,1,1,1,NA,NA
"2163",22,39,1,1,1,0,0,NA,NA
"2164",22,78,1,1,1,1,1,NA,NA
"2165",22,98,1,1,1,1,1,NA,NA
"2166",22,35,1,1,1,1,0,NA,NA
"2167",22,38,1,1,1,0,0,NA,NA
"2168",22,73,1,1,1,1,1,NA,NA
"2169",22,66,1,1,1,1,1,NA,NA
"2170",22,56,1,1,1,0,0,NA,NA
"2171",22,20,1,1,1,1,0,NA,NA
"2172",22,15,1,1,1,0,0,NA,NA
"2173",22,117,1,1,1,1,1,NA,NA
"2174",22,95,1,1,1,1,1,NA,NA
"2175",22,53,1,1,1,0,0,NA,NA
"2176",22,3,1,1,1,0,0,NA,NA
"2177",22,40,1,1,1,0,0,NA,NA
"2178",22,46,1,1,1,0,0,NA,NA
"2179",22,23,1,1,1,0,0,NA,NA
"2180",22,99,1,1,1,1,1,NA,NA
"2181",22,106,1,1,1,1,1,NA,NA
"2182",22,100,1,1,1,1,1,NA,NA
"2183",22,92,1,1,1,1,1,NA,NA
"2184",22,62,1,1,1,1,1,NA,NA
"2185",22,89,1,1,1,1,1,NA,NA
"2186",22,70,1,1,1,0,1,NA,NA
"2187",22,33,1,1,1,0,0,NA,NA
"2188",22,83,1,1,1,1,1,NA,NA
"2189",22,60,1,1,1,1,1,NA,NA
"2190",22,101,1,1,1,1,1,NA,NA
"2191",22,4,1,1,1,1,0,NA,NA
"2192",22,52,1,1,1,1,0,NA,NA
"2193",22,110,1,1,1,1,1,NA,NA
"2194",22,45,1,1,1,1,0,NA,NA
"2195",22,116,1,1,1,1,0,NA,NA
"2196",22,103,1,1,1,1,1,NA,NA
"2197",22,6,1,1,1,1,0,NA,NA
"2198",22,30,1,1,1,1,0,NA,NA
"2199",22,28,1,1,1,1,0,NA,NA
"2200",22,59,1,1,1,0,0,NA,NA
"2201",22,90,1,1,1,0,1,NA,NA
"2202",22,43,1,1,1,0,0,NA,NA
"2203",22,42,2,1,1,1,0,NA,NA
"2204",22,22,2,1,1,1,0,NA,NA
"2205",22,29,2,1,1,1,0,NA,NA
"2206",22,47,2,1,1,0,0,NA,NA
"2207",22,75,2,1,1,1,1,NA,NA
"2208",22,94,2,1,1,1,1,NA,NA
"2209",22,85,2,1,1,1,1,NA,NA
"2210",22,51,2,1,1,0,0,NA,NA
"2211",22,12,2,1,1,1,0,NA,NA
"2212",22,44,2,1,1,1,0,NA,NA
"2213",22,120,2,1,1,1,1,NA,NA
"2214",22,41,2,1,1,0,0,NA,NA
"2215",22,34,2,1,1,1,0,NA,NA
"2216",22,17,2,1,1,0,0,NA,NA
"2217",22,107,2,1,1,1,1,NA,NA
"2218",22,11,2,1,1,1,0,NA,NA
"2219",22,102,2,1,1,1,1,NA,NA
"2220",22,8,2,1,1,1,0,NA,NA
"2221",22,37,2,1,1,1,0,NA,NA
"2222",22,93,2,1,1,0,1,NA,NA
"2223",22,80,2,1,1,0,1,NA,NA
"2224",22,112,2,1,1,1,1,NA,NA
"2225",22,24,2,1,1,1,0,NA,NA
"2226",22,71,2,1,1,1,1,NA,NA
"2227",22,82,2,1,1,1,1,NA,NA
"2228",22,61,2,1,1,0,1,NA,NA
"2229",22,81,2,1,1,1,1,NA,NA
"2230",22,65,2,1,1,1,1,NA,NA
"2231",22,68,2,1,1,1,1,NA,NA
"2232",22,49,2,1,1,1,0,NA,NA
"2233",22,50,2,1,1,1,0,NA,NA
"2234",22,63,2,1,1,1,1,NA,NA
"2235",22,16,2,1,1,0,0,NA,NA
"2236",22,7,2,1,1,1,0,NA,NA
"2237",22,25,2,1,1,1,0,NA,NA
"2238",23,92,1,1,1,1,1,NA,NA
"2239",23,78,1,1,1,1,1,NA,NA
"2240",23,70,1,1,1,1,1,NA,NA
"2241",23,104,1,1,1,1,1,NA,NA
"2242",23,76,1,1,1,1,0,NA,NA
"2243",23,98,1,1,1,1,1,NA,NA
"2244",23,62,1,1,1,1,1,NA,NA
"2245",23,111,1,1,1,1,1,NA,NA
"2246",23,115,1,1,1,0,0,NA,NA
"2247",23,108,1,1,1,1,0,NA,NA
"2248",23,106,1,1,1,1,1,NA,NA
"2249",23,118,1,1,1,0,0,NA,NA
"2250",23,84,1,1,1,1,0,NA,NA
"2251",23,97,1,1,1,1,0,NA,NA
"2252",23,99,1,1,1,0,1,NA,NA
"2253",23,112,1,1,1,1,0,NA,NA
"2254",23,90,1,1,1,1,1,NA,NA
"2255",23,75,1,1,1,0,0,NA,NA
"2256",23,110,1,1,1,1,1,NA,NA
"2257",23,119,1,1,1,0,0,NA,NA
"2258",23,74,1,1,1,1,0,NA,NA
"2259",23,81,1,1,1,1,0,NA,NA
"2260",23,68,1,1,1,0,0,NA,NA
"2261",23,87,1,1,1,0,1,NA,NA
"2262",23,103,1,1,1,1,1,NA,NA
"2263",23,101,1,1,1,1,1,NA,NA
"2264",23,79,1,1,1,0,0,NA,NA
"2265",23,65,1,1,1,0,0,NA,NA
"2266",23,83,1,1,1,1,1,NA,NA
"2267",23,72,1,1,1,1,1,NA,NA
"2268",23,46,2,1,1,1,0,NA,NA
"2269",23,48,2,1,1,1,1,NA,NA
"2270",23,1,2,1,1,0,1,NA,NA
"2271",23,44,2,1,1,1,1,NA,NA
"2272",23,22,2,1,1,0,1,NA,NA
"2273",23,57,2,1,1,0,0,NA,NA
"2274",23,50,2,1,1,1,1,NA,NA
"2275",23,41,2,1,1,0,1,NA,NA
"2276",23,31,2,1,1,1,0,NA,NA
"2277",23,17,2,1,1,1,1,NA,NA
"2278",23,19,2,1,1,0,0,NA,NA
"2279",23,14,2,1,1,0,1,NA,NA
"2280",23,10,2,1,1,1,1,NA,NA
"2281",23,12,2,1,1,1,1,NA,NA
"2282",23,21,2,1,1,1,0,NA,NA
"2283",23,25,2,1,1,1,1,NA,NA
"2284",23,58,2,1,1,0,1,NA,NA
"2285",23,27,2,1,1,1,1,NA,NA
"2286",23,54,2,1,1,0,0,NA,NA
"2287",23,51,2,1,1,1,1,NA,NA
"2288",23,16,2,1,1,1,1,NA,NA
"2289",23,2,2,1,1,0,0,NA,NA
"2290",23,6,2,1,1,1,0,NA,NA
"2291",23,47,2,1,1,0,1,NA,NA
"2292",23,35,2,1,1,0,0,NA,NA
"2293",23,59,2,1,1,1,0,NA,NA
"2294",23,4,2,1,1,1,0,NA,NA
"2295",23,36,2,1,1,1,1,NA,NA
"2296",23,13,2,1,1,1,0,NA,NA
"2297",23,11,2,1,1,1,1,NA,NA
"2298",23,20,2,1,1,1,0,NA,NA
"2299",23,5,2,1,1,0,1,NA,NA
"2300",23,3,2,1,1,1,0,NA,NA
"2301",23,43,2,1,1,1,0,NA,NA
"2302",23,38,2,1,1,1,0,NA,NA
"2303",23,15,2,1,1,0,0,NA,NA
"2304",23,28,2,1,1,0,0,NA,NA
"2305",23,32,2,1,1,1,1,NA,NA
"2306",23,7,2,1,1,0,1,NA,NA
"2307",23,9,2,1,1,1,1,NA,NA
"2308",23,18,2,1,1,1,0,NA,NA
"2309",23,56,2,1,1,1,0,NA,NA
"2310",23,37,2,1,1,0,1,NA,NA
"2311",23,116,2,1,1,1,0,NA,NA
"2312",23,53,2,1,1,1,0,NA,NA
"2313",23,33,2,1,1,0,0,NA,NA
"2314",23,55,2,1,1,0,1,NA,NA
"2315",23,24,2,1,1,0,1,NA,NA
"2316",23,26,2,1,1,1,0,NA,NA
"2317",23,23,2,1,1,1,0,NA,NA
"2318",23,45,2,1,1,0,0,NA,NA
"2319",23,42,2,1,1,0,1,NA,NA
"2320",23,8,2,1,1,1,1,NA,NA
"2321",23,30,2,1,1,1,0,NA,NA
"2322",23,34,2,1,1,1,1,NA,NA
"2323",23,94,1,1,1,0,0,NA,NA
"2324",23,113,1,1,1,1,1,NA,NA
"2325",23,64,1,1,1,1,1,NA,NA
"2326",23,95,1,1,1,1,1,NA,NA
"2327",23,117,1,1,1,1,1,NA,NA
"2328",23,91,1,1,1,1,1,NA,NA
"2329",23,88,1,1,1,1,0,NA,NA
"2330",23,96,1,1,1,1,1,NA,NA
"2331",23,73,1,1,1,1,1,NA,NA
"2332",23,85,1,1,1,0,0,NA,NA
"2333",23,120,1,1,1,1,0,NA,NA
"2334",23,102,1,1,1,0,0,NA,NA
"2335",23,80,1,1,1,1,0,NA,NA
"2336",23,114,1,1,1,1,1,NA,NA
"2337",23,63,1,1,1,1,0,NA,NA
"2338",23,71,1,1,1,0,0,NA,NA
"2339",23,67,1,1,1,1,1,NA,NA
"2340",23,61,1,1,1,0,0,NA,NA
"2341",23,107,1,1,1,0,0,NA,NA
"2342",23,109,1,1,1,0,0,NA,NA
"2343",23,69,1,1,1,0,0,NA,NA
"2344",23,105,1,1,1,1,0,NA,NA
"2345",23,89,1,1,1,1,1,NA,NA
"2346",23,40,2,1,1,1,0,NA,NA
"2347",23,39,2,1,1,1,0,NA,NA
"2348",23,49,2,1,1,0,1,NA,NA
"2349",23,29,2,1,1,1,1,NA,NA
"2350",23,52,2,1,1,1,0,NA,NA
"2351",23,82,1,1,1,1,0,NA,NA
"2352",23,60,1,1,1,1,1,NA,NA
"2353",23,100,1,1,1,1,1,NA,NA
"2354",23,77,1,1,1,1,1,NA,NA
"2355",23,93,1,1,1,0,0,NA,NA
"2356",23,66,1,1,1,1,1,NA,NA
"2357",23,86,1,1,1,1,0,NA,NA
"2358",24,33,2,1,1,1,1,NA,NA
"2359",24,31,2,1,1,1,1,NA,NA
"2360",24,2,2,1,1,0,1,NA,NA
"2361",24,57,2,1,1,1,1,NA,NA
"2362",24,43,2,1,1,1,1,NA,NA
"2363",24,97,1,1,1,1,0,NA,NA
"2364",24,79,1,1,1,0,0,NA,NA
"2365",24,62,1,1,1,1,1,NA,NA
"2366",24,68,1,1,1,0,0,NA,NA
"2367",24,120,1,1,1,1,0,NA,NA
"2368",24,5,2,1,1,1,0,NA,NA
"2369",24,36,2,1,1,1,0,NA,NA
"2370",24,14,2,1,1,0,0,NA,NA
"2371",24,47,2,1,1,0,0,NA,NA
"2372",24,1,2,1,1,0,0,NA,NA
"2373",24,7,2,1,1,1,0,NA,NA
"2374",24,25,2,1,1,1,0,NA,NA
"2375",24,59,2,1,1,1,1,NA,NA
"2376",24,49,2,1,1,1,0,NA,NA
"2377",24,24,2,1,1,1,0,NA,NA
"2378",24,37,2,1,1,0,0,NA,NA
"2379",24,54,2,1,1,1,1,NA,NA
"2380",24,116,2,1,1,1,1,NA,NA
"2381",24,18,2,1,1,0,1,NA,NA
"2382",24,10,2,1,1,0,0,NA,NA
"2383",24,52,2,1,1,1,1,NA,NA
"2384",24,26,2,1,1,1,1,NA,NA
"2385",24,48,2,1,1,1,0,NA,NA
"2386",24,22,2,1,1,0,0,NA,NA
"2387",24,29,2,1,1,1,0,NA,NA
"2388",24,51,2,1,1,1,0,NA,NA
"2389",24,45,2,1,1,1,1,NA,NA
"2390",24,44,2,1,1,1,0,NA,NA
"2391",24,65,1,1,1,1,0,NA,NA
"2392",24,114,1,1,1,1,1,NA,NA
"2393",24,94,1,1,1,1,0,NA,NA
"2394",24,89,1,1,1,1,1,NA,NA
"2395",24,72,1,1,1,1,1,NA,NA
"2396",24,109,1,1,1,1,0,NA,NA
"2397",24,108,1,1,1,1,0,NA,NA
"2398",24,87,1,1,1,1,1,NA,NA
"2399",24,61,1,1,1,0,0,NA,NA
"2400",24,60,1,1,1,1,1,NA,NA
"2401",24,91,1,1,1,1,1,NA,NA
"2402",24,76,1,1,1,1,0,NA,NA
"2403",24,74,1,1,1,1,0,NA,NA
"2404",24,102,1,1,1,0,0,NA,NA
"2405",24,85,1,1,1,1,0,NA,NA
"2406",24,117,1,1,1,1,1,NA,NA
"2407",24,63,1,1,1,0,0,NA,NA
"2408",24,86,1,1,1,1,0,NA,NA
"2409",24,118,1,1,1,1,0,NA,NA
"2410",24,115,1,1,1,0,0,NA,NA
"2411",24,80,1,1,1,0,0,NA,NA
"2412",24,112,1,1,1,1,0,NA,NA
"2413",24,69,1,1,1,0,0,NA,NA
"2414",24,67,1,1,1,1,1,NA,NA
"2415",24,77,1,1,1,1,1,NA,NA
"2416",24,98,1,1,1,1,1,NA,NA
"2417",24,73,1,1,1,1,1,NA,NA
"2418",24,64,1,1,1,1,1,NA,NA
"2419",24,107,1,1,1,1,0,NA,NA
"2420",24,95,1,1,1,0,1,NA,NA
"2421",24,100,1,1,1,1,1,NA,NA
"2422",24,96,1,1,1,1,1,NA,NA
"2423",24,82,1,1,1,1,0,NA,NA
"2424",24,84,1,1,1,1,0,NA,NA
"2425",24,71,1,1,1,1,0,NA,NA
"2426",24,104,1,1,1,1,1,NA,NA
"2427",24,81,1,1,1,0,0,NA,NA
"2428",24,93,1,1,1,0,0,NA,NA
"2429",24,88,1,1,1,0,0,NA,NA
"2430",24,83,1,1,1,0,1,NA,NA
"2431",24,75,1,1,1,1,0,NA,NA
"2432",24,90,1,1,1,1,1,NA,NA
"2433",24,78,1,1,1,1,1,NA,NA
"2434",24,66,1,1,1,1,1,NA,NA
"2435",24,105,1,1,1,0,0,NA,NA
"2436",24,119,1,1,1,1,0,NA,NA
"2437",24,106,1,1,1,1,1,NA,NA
"2438",24,70,1,1,1,1,1,NA,NA
"2439",24,110,1,1,1,1,1,NA,NA
"2440",24,99,1,1,1,1,1,NA,NA
"2441",24,92,1,1,1,1,1,NA,NA
"2442",24,111,1,1,1,1,1,NA,NA
"2443",24,113,1,1,1,1,1,NA,NA
"2444",24,103,1,1,1,1,1,NA,NA
"2445",24,101,1,1,1,1,1,NA,NA
"2446",24,38,2,1,1,0,1,NA,NA
"2447",24,41,2,1,1,1,0,NA,NA
"2448",24,12,2,1,1,1,0,NA,NA
"2449",24,35,2,1,1,1,1,NA,NA
"2450",24,16,2,1,1,0,0,NA,NA
"2451",24,28,2,1,1,0,1,NA,NA
"2452",24,39,2,1,1,0,1,NA,NA
"2453",24,13,2,1,1,1,1,NA,NA
"2454",24,56,2,1,1,1,1,NA,NA
"2455",24,23,2,1,1,1,1,NA,NA
"2456",24,8,2,1,1,1,0,NA,NA
"2457",24,34,2,1,1,0,0,NA,NA
"2458",24,58,2,1,1,0,0,NA,NA
"2459",24,32,2,1,1,1,0,NA,NA
"2460",24,3,2,1,1,1,1,NA,NA
"2461",24,11,2,1,1,1,0,NA,NA
"2462",24,19,2,1,1,1,1,NA,NA
"2463",24,20,2,1,1,1,1,NA,NA
"2464",24,9,2,1,1,1,0,NA,NA
"2465",24,55,2,1,1,0,0,NA,NA
"2466",24,46,2,1,1,1,1,NA,NA
"2467",24,30,2,1,1,1,1,NA,NA
"2468",24,42,2,1,1,0,0,NA,NA
"2469",24,27,2,1,1,0,0,NA,NA
"2470",24,17,2,1,1,0,0,NA,NA
"2471",24,21,2,1,1,0,1,NA,NA
"2472",24,4,2,1,1,1,1,NA,NA
"2473",24,50,2,1,1,1,0,NA,NA
"2474",24,15,2,1,1,1,1,NA,NA
"2475",24,53,2,1,1,1,1,NA,NA
"2476",24,40,2,1,1,0,1,NA,NA
"2477",24,6,2,1,1,0,1,NA,NA
"2478",25,59,1,1,1,1,0,NA,NA
"2479",25,58,1,1,1,1,1,NA,NA
"2480",25,14,1,1,1,1,1,NA,NA
"2481",25,15,1,1,1,0,0,NA,NA
"2482",25,8,1,1,1,1,1,NA,NA
"2483",25,1,1,1,1,1,1,NA,NA
"2484",25,31,1,1,1,0,0,NA,NA
"2485",25,3,1,1,1,1,0,NA,NA
"2486",25,50,1,1,1,1,1,NA,NA
"2487",25,18,1,1,1,1,0,NA,NA
"2488",25,11,1,1,1,0,1,NA,NA
"2489",25,19,1,1,1,1,0,NA,NA
"2490",25,51,1,1,1,1,1,NA,NA
"2491",25,28,1,1,1,1,0,NA,NA
"2492",25,47,1,1,1,0,1,NA,NA
"2493",25,34,1,1,1,1,1,NA,NA
"2494",25,42,1,1,1,1,1,NA,NA
"2495",25,36,1,1,1,1,1,NA,NA
"2496",25,40,1,1,1,1,0,NA,NA
"2497",25,38,1,1,1,1,0,NA,NA
"2498",25,24,1,1,1,1,1,NA,NA
"2499",25,29,1,1,1,1,1,NA,NA
"2500",25,22,1,1,1,0,1,NA,NA
"2501",25,21,1,1,1,1,0,NA,NA
"2502",25,5,1,1,1,0,1,NA,NA
"2503",25,20,1,1,1,1,0,NA,NA
"2504",25,16,1,1,1,0,1,NA,NA
"2505",25,13,1,1,1,1,0,NA,NA
"2506",25,25,1,1,1,1,1,NA,NA
"2507",25,9,1,1,1,1,1,NA,NA
"2508",25,17,1,1,1,1,1,NA,NA
"2509",25,65,2,1,1,1,1,NA,NA
"2510",25,94,2,1,1,1,1,NA,NA
"2511",25,107,2,1,1,0,1,NA,NA
"2512",25,114,2,1,1,1,0,NA,NA
"2513",25,95,2,1,1,0,0,NA,NA
"2514",25,84,2,1,1,1,1,NA,NA
"2515",25,73,2,1,1,0,0,NA,NA
"2516",25,101,2,1,1,0,0,NA,NA
"2517",25,118,2,1,1,1,1,NA,NA
"2518",25,75,2,1,1,1,1,NA,NA
"2519",25,117,2,1,1,0,0,NA,NA
"2520",25,103,2,1,1,1,0,NA,NA
"2521",25,68,2,1,1,1,1,NA,NA
"2522",25,120,2,1,1,1,1,NA,NA
"2523",25,109,2,1,1,0,1,NA,NA
"2524",25,115,2,1,1,1,1,NA,NA
"2525",25,88,2,1,1,1,1,NA,NA
"2526",25,83,2,1,1,1,0,NA,NA
"2527",25,79,2,1,1,1,1,NA,NA
"2528",25,70,2,1,1,1,0,NA,NA
"2529",25,96,2,1,1,0,0,NA,NA
"2530",25,111,2,1,1,1,0,NA,NA
"2531",25,87,2,1,1,0,0,NA,NA
"2532",25,104,2,1,1,1,0,NA,NA
"2533",25,91,2,1,1,1,0,NA,NA
"2534",25,99,2,1,1,1,0,NA,NA
"2535",25,90,2,1,1,1,0,NA,NA
"2536",25,80,2,1,1,1,1,NA,NA
"2537",25,98,2,1,1,0,0,NA,NA
"2538",25,85,2,1,1,1,1,NA,NA
"2539",25,113,2,1,1,1,0,NA,NA
"2540",25,74,2,1,1,1,1,NA,NA
"2541",25,77,2,1,1,1,0,NA,NA
"2542",25,61,2,1,1,1,1,NA,NA
"2543",25,72,2,1,1,0,0,NA,NA
"2544",25,89,2,1,1,1,0,NA,NA
"2545",25,110,2,1,1,1,0,NA,NA
"2546",25,67,2,1,1,0,0,NA,NA
"2547",25,119,2,1,1,0,1,NA,NA
"2548",25,102,2,1,1,1,1,NA,NA
"2549",25,76,2,1,1,1,1,NA,NA
"2550",25,93,2,1,1,0,1,NA,NA
"2551",25,62,2,1,1,1,0,NA,NA
"2552",25,108,2,1,1,1,1,NA,NA
"2553",25,97,2,1,1,1,1,NA,NA
"2554",25,105,2,1,1,1,1,NA,NA
"2555",25,64,2,1,1,1,0,NA,NA
"2556",25,69,2,1,1,0,1,NA,NA
"2557",25,100,2,1,1,1,0,NA,NA
"2558",25,82,2,1,1,1,1,NA,NA
"2559",25,112,2,1,1,0,1,NA,NA
"2560",25,86,2,1,1,1,1,NA,NA
"2561",25,66,2,1,1,0,0,NA,NA
"2562",25,63,2,1,1,1,1,NA,NA
"2563",25,60,2,1,1,0,0,NA,NA
"2564",25,57,1,1,1,0,0,NA,NA
"2565",25,35,1,1,1,0,0,NA,NA
"2566",25,49,1,1,1,1,1,NA,NA
"2567",25,54,1,1,1,1,0,NA,NA
"2568",25,6,1,1,1,0,0,NA,NA
"2569",25,7,1,1,1,1,1,NA,NA
"2570",25,43,1,1,1,1,0,NA,NA
"2571",25,27,1,1,1,1,1,NA,NA
"2572",25,37,1,1,1,1,1,NA,NA
"2573",25,4,1,1,1,0,0,NA,NA
"2574",25,55,1,1,1,1,1,NA,NA
"2575",25,56,1,1,1,1,0,NA,NA
"2576",25,2,1,1,1,0,0,NA,NA
"2577",25,52,1,1,1,1,0,NA,NA
"2578",25,53,1,1,1,1,0,NA,NA
"2579",25,12,1,1,1,1,1,NA,NA
"2580",25,32,1,1,1,1,1,NA,NA
"2581",25,44,1,1,1,1,1,NA,NA
"2582",25,116,1,1,1,1,0,NA,NA
"2583",25,46,1,1,1,0,0,NA,NA
"2584",25,48,1,1,1,1,1,NA,NA
"2585",25,23,1,1,1,1,0,NA,NA
"2586",25,26,1,1,1,1,0,NA,NA
"2587",25,106,2,1,1,1,0,NA,NA
"2588",25,78,2,1,1,0,0,NA,NA
"2589",25,92,2,1,1,1,0,NA,NA
"2590",25,81,2,1,1,0,1,NA,NA
"2591",25,71,2,1,1,1,1,NA,NA
"2592",25,41,1,1,1,1,1,NA,NA
"2593",25,30,1,1,1,1,0,NA,NA
"2594",25,33,1,1,1,0,0,NA,NA
"2595",25,45,1,1,1,0,0,NA,NA
"2596",25,39,1,1,1,1,0,NA,NA
"2597",25,10,1,1,1,1,1,NA,NA
"2598",26,91,2,1,1,1,1,NA,NA
"2599",26,62,2,1,1,1,1,NA,NA
"2600",26,96,2,1,1,1,1,NA,NA
"2601",26,78,2,1,1,1,1,NA,NA
"2602",26,104,2,1,1,0,1,NA,NA
"2603",26,100,2,1,1,1,1,NA,NA
"2604",26,38,1,1,1,1,0,NA,NA
"2605",26,32,1,1,1,0,1,NA,NA
"2606",26,60,2,1,1,1,1,NA,NA
"2607",26,110,2,1,1,0,1,NA,NA
"2608",26,83,2,1,1,1,1,NA,NA
"2609",26,88,2,1,1,1,0,NA,NA
"2610",26,65,2,1,1,0,0,NA,NA
"2611",26,119,2,1,1,0,0,NA,NA
"2612",26,80,2,1,1,0,0,NA,NA
"2613",26,95,2,1,1,0,1,NA,NA
"2614",26,97,2,1,1,1,0,NA,NA
"2615",26,87,2,1,1,1,1,NA,NA
"2616",26,85,2,1,1,1,0,NA,NA
"2617",26,93,2,1,1,0,0,NA,NA
"2618",26,105,2,1,1,1,0,NA,NA
"2619",26,113,2,1,1,1,1,NA,NA
"2620",26,84,2,1,1,0,0,NA,NA
"2621",26,102,2,1,1,1,0,NA,NA
"2622",26,106,2,1,1,1,1,NA,NA
"2623",26,117,2,1,1,0,1,NA,NA
"2624",26,66,2,1,1,0,1,NA,NA
"2625",26,94,2,1,1,0,0,NA,NA
"2626",26,118,2,1,1,1,0,NA,NA
"2627",26,63,2,1,1,1,0,NA,NA
"2628",26,81,2,1,1,1,0,NA,NA
"2629",26,120,2,1,1,1,0,NA,NA
"2630",26,103,2,1,1,1,1,NA,NA
"2631",26,75,2,1,1,0,0,NA,NA
"2632",26,41,1,1,1,0,1,NA,NA
"2633",26,44,1,1,1,1,1,NA,NA
"2634",26,30,1,1,1,0,0,NA,NA
"2635",26,15,1,1,1,0,0,NA,NA
"2636",26,5,1,1,1,1,1,NA,NA
"2637",26,43,1,1,1,0,0,NA,NA
"2638",26,49,1,1,1,1,1,NA,NA
"2639",26,27,1,1,1,1,1,NA,NA
"2640",26,52,1,1,1,1,0,NA,NA
"2641",26,35,1,1,1,1,0,NA,NA
"2642",26,40,1,1,1,1,0,NA,NA
"2643",26,20,1,1,1,1,0,NA,NA
"2644",26,25,1,1,1,0,1,NA,NA
"2645",26,14,1,1,1,1,1,NA,NA
"2646",26,22,1,1,1,1,1,NA,NA
"2647",26,6,1,1,1,1,0,NA,NA
"2648",26,1,1,1,1,1,1,NA,NA
"2649",26,31,1,1,1,0,0,NA,NA
"2650",26,26,1,1,1,1,0,NA,NA
"2651",26,33,1,1,1,1,0,NA,NA
"2652",26,21,1,1,1,1,0,NA,NA
"2653",26,29,1,1,1,1,1,NA,NA
"2654",26,12,1,1,1,1,1,NA,NA
"2655",26,48,1,1,1,1,1,NA,NA
"2656",26,16,1,1,1,1,1,NA,NA
"2657",26,10,1,1,1,1,1,NA,NA
"2658",26,11,1,1,1,1,1,NA,NA
"2659",26,53,1,1,1,1,0,NA,NA
"2660",26,9,1,1,1,1,1,NA,NA
"2661",26,58,1,1,1,1,1,NA,NA
"2662",26,4,1,1,1,0,0,NA,NA
"2663",26,23,1,1,1,0,0,NA,NA
"2664",26,47,1,1,1,0,1,NA,NA
"2665",26,45,1,1,1,0,0,NA,NA
"2666",26,50,1,1,1,1,1,NA,NA
"2667",26,3,1,1,1,0,0,NA,NA
"2668",26,8,1,1,1,1,1,NA,NA
"2669",26,51,1,1,1,1,1,NA,NA
"2670",26,59,1,1,1,1,0,NA,NA
"2671",26,42,1,1,1,1,1,NA,NA
"2672",26,24,1,1,1,1,1,NA,NA
"2673",26,39,1,1,1,0,0,NA,NA
"2674",26,13,1,1,1,0,0,NA,NA
"2675",26,37,1,1,1,0,1,NA,NA
"2676",26,7,1,1,1,1,1,NA,NA
"2677",26,46,1,1,1,1,0,NA,NA
"2678",26,36,1,1,1,1,1,NA,NA
"2679",26,56,1,1,1,1,0,NA,NA
"2680",26,34,1,1,1,1,1,NA,NA
"2681",26,116,1,1,1,1,0,NA,NA
"2682",26,57,1,1,1,1,0,NA,NA
"2683",26,28,1,1,1,0,0,NA,NA
"2684",26,55,1,1,1,1,1,NA,NA
"2685",26,19,1,1,1,1,0,NA,NA
"2686",26,54,1,1,1,1,0,NA,NA
"2687",26,107,2,1,1,1,0,NA,NA
"2688",26,112,2,1,1,1,0,NA,NA
"2689",26,64,2,1,1,1,1,NA,NA
"2690",26,98,2,1,1,1,1,NA,NA
"2691",26,92,2,1,1,1,1,NA,NA
"2692",26,73,2,1,1,0,1,NA,NA
"2693",26,111,2,1,1,1,1,NA,NA
"2694",26,72,2,1,1,0,1,NA,NA
"2695",26,68,2,1,1,0,0,NA,NA
"2696",26,69,2,1,1,0,0,NA,NA
"2697",26,67,2,1,1,0,1,NA,NA
"2698",26,74,2,1,1,1,0,NA,NA
"2699",26,79,2,1,1,1,0,NA,NA
"2700",26,70,2,1,1,0,1,NA,NA
"2701",26,82,2,1,1,0,0,NA,NA
"2702",26,71,2,1,1,1,0,NA,NA
"2703",26,109,2,1,1,0,0,NA,NA
"2704",26,115,2,1,1,1,0,NA,NA
"2705",26,99,2,1,1,1,1,NA,NA
"2706",26,77,2,1,1,1,1,NA,NA
"2707",26,101,2,1,1,1,1,NA,NA
"2708",26,61,2,1,1,0,0,NA,NA
"2709",26,114,2,1,1,0,1,NA,NA
"2710",26,108,2,1,1,0,0,NA,NA
"2711",26,76,2,1,1,1,0,NA,NA
"2712",26,86,2,1,1,0,0,NA,NA
"2713",26,90,2,1,1,1,1,NA,NA
"2714",26,89,2,1,1,1,1,NA,NA
"2715",27,84,1,1,1,1,0,NA,NA
"2716",27,58,1,1,1,0,1,NA,NA
"2717",27,69,1,1,1,0,0,NA,NA
"2718",27,115,1,1,1,1,0,NA,NA
"2719",27,94,1,1,1,1,0,NA,NA
"2720",27,10,1,1,1,0,1,NA,NA
"2721",27,80,1,1,1,1,0,NA,NA
"2722",27,107,1,1,1,0,0,NA,NA
"2723",27,50,1,1,1,0,1,NA,NA
"2724",27,108,1,1,1,0,0,NA,NA
"2725",27,11,1,1,1,0,1,NA,NA
"2726",27,49,1,1,1,0,1,NA,NA
"2727",27,41,1,1,1,1,1,NA,NA
"2728",27,27,1,1,1,0,1,NA,NA
"2729",27,8,1,1,1,0,1,NA,NA
"2730",27,102,1,1,1,0,0,NA,NA
"2731",27,118,1,1,1,0,0,NA,NA
"2732",27,17,1,1,1,0,1,NA,NA
"2733",27,81,1,1,1,0,0,NA,NA
"2734",27,44,1,1,1,1,1,NA,NA
"2735",27,29,1,1,1,0,1,NA,NA
"2736",27,63,1,1,1,1,0,NA,NA
"2737",27,14,1,1,1,0,1,NA,NA
"2738",27,9,1,1,1,1,1,NA,NA
"2739",27,51,1,1,1,1,1,NA,NA
"2740",27,47,1,1,1,0,1,NA,NA
"2741",27,24,1,1,1,0,1,NA,NA
"2742",27,42,1,1,1,0,1,NA,NA
"2743",27,76,1,1,1,0,0,NA,NA
"2744",27,37,1,1,1,0,1,NA,NA
"2745",27,55,1,1,1,0,1,NA,NA
"2746",27,36,1,1,1,1,1,NA,NA
"2747",27,116,2,1,1,0,1,NA,NA
"2748",27,4,2,1,1,1,1,NA,NA
"2749",27,110,2,1,1,1,0,NA,NA
"2750",27,87,2,1,1,0,0,NA,NA
"2751",27,73,2,1,1,0,0,NA,NA
"2752",27,35,2,1,1,1,1,NA,NA
"2753",27,52,2,1,1,1,1,NA,NA
"2754",27,43,2,1,1,1,1,NA,NA
"2755",27,90,2,1,1,0,0,NA,NA
"2756",27,15,2,1,1,1,1,NA,NA
"2757",27,26,2,1,1,1,1,NA,NA
"2758",27,39,2,1,1,1,1,NA,NA
"2759",27,21,2,1,1,0,1,NA,NA
"2760",27,6,2,1,1,0,1,NA,NA
"2761",27,54,2,1,1,1,1,NA,NA
"2762",27,78,2,1,1,0,0,NA,NA
"2763",27,56,2,1,1,1,1,NA,NA
"2764",27,20,2,1,1,1,1,NA,NA
"2765",27,104,2,1,1,1,0,NA,NA
"2766",27,13,2,1,1,1,1,NA,NA
"2767",27,117,2,1,1,0,0,NA,NA
"2768",27,106,2,1,1,0,0,NA,NA
"2769",27,66,2,1,1,0,0,NA,NA
"2770",27,67,2,1,1,1,0,NA,NA
"2771",27,53,2,1,1,0,1,NA,NA
"2772",27,89,2,1,1,0,0,NA,NA
"2773",27,38,2,1,1,1,1,NA,NA
"2774",27,57,2,1,1,1,1,NA,NA
"2775",27,19,2,1,1,1,1,NA,NA
"2776",27,83,2,1,1,0,0,NA,NA
"2777",27,18,2,1,1,0,1,NA,NA
"2778",27,30,2,1,1,1,1,NA,NA
"2779",27,3,2,1,1,1,1,NA,NA
"2780",27,114,2,1,1,1,0,NA,NA
"2781",27,46,2,1,1,0,1,NA,NA
"2782",27,70,2,1,1,0,0,NA,NA
"2783",27,111,2,1,1,0,0,NA,NA
"2784",27,60,2,1,1,0,0,NA,NA
"2785",27,59,2,1,1,1,1,NA,NA
"2786",27,113,2,1,1,0,0,NA,NA
"2787",27,45,2,1,1,0,1,NA,NA
"2788",27,77,2,1,1,1,0,NA,NA
"2789",27,62,2,1,1,0,0,NA,NA
"2790",27,2,2,1,1,0,1,NA,NA
"2791",27,23,2,1,1,0,1,NA,NA
"2792",27,31,2,1,1,0,1,NA,NA
"2793",27,91,2,1,1,0,0,NA,NA
"2794",27,98,2,1,1,0,0,NA,NA
"2795",27,96,2,1,1,0,0,NA,NA
"2796",27,40,2,1,1,1,1,NA,NA
"2797",27,92,2,1,1,0,0,NA,NA
"2798",27,100,2,1,1,1,0,NA,NA
"2799",27,95,2,1,1,1,0,NA,NA
"2800",27,99,2,1,1,0,0,NA,NA
"2801",27,28,2,1,1,1,1,NA,NA
"2802",27,86,1,1,1,0,0,NA,NA
"2803",27,88,1,1,1,1,0,NA,NA
"2804",27,22,1,1,1,0,1,NA,NA
"2805",27,61,1,1,1,0,0,NA,NA
"2806",27,68,1,1,1,0,0,NA,NA
"2807",27,12,1,1,1,1,1,NA,NA
"2808",27,109,1,1,1,1,0,NA,NA
"2809",27,105,1,1,1,0,0,NA,NA
"2810",27,7,1,1,1,0,1,NA,NA
"2811",27,97,1,1,1,0,0,NA,NA
"2812",27,25,1,1,1,0,1,NA,NA
"2813",27,16,1,1,1,0,1,NA,NA
"2814",27,93,1,1,1,0,0,NA,NA
"2815",27,71,1,1,1,1,0,NA,NA
"2816",27,79,1,1,1,0,0,NA,NA
"2817",27,82,1,1,1,0,0,NA,NA
"2818",27,85,1,1,1,0,0,NA,NA
"2819",27,120,1,1,1,1,0,NA,NA
"2820",27,5,1,1,1,1,1,NA,NA
"2821",27,34,1,1,1,0,1,NA,NA
"2822",27,112,1,1,1,0,0,NA,NA
"2823",27,65,1,1,1,1,0,NA,NA
"2824",27,119,1,1,1,1,0,NA,NA
"2825",27,48,1,1,1,0,1,NA,NA
"2826",27,1,1,1,1,0,1,NA,NA
"2827",27,74,1,1,1,1,0,NA,NA
"2828",27,72,2,1,1,0,0,NA,NA
"2829",27,64,2,1,1,0,0,NA,NA
"2830",27,32,1,1,1,0,1,NA,NA
"2831",27,75,1,1,1,0,0,NA,NA
"2832",28,98,2,1,1,1,1,NA,NA
"2833",28,95,2,1,1,0,1,NA,NA
"2834",28,70,2,1,1,1,1,NA,NA
"2835",28,13,2,1,1,1,0,NA,NA
"2836",28,38,2,1,1,1,0,NA,NA
"2837",28,31,2,1,1,1,0,NA,NA
"2838",28,20,2,1,1,1,0,NA,NA
"2839",28,66,2,1,1,0,1,NA,NA
"2840",28,111,2,1,1,1,1,NA,NA
"2841",28,52,2,1,1,1,0,NA,NA
"2842",28,55,1,1,1,1,1,NA,NA
"2843",28,64,1,1,1,1,0,NA,NA
"2844",28,91,1,1,1,1,0,NA,NA
"2845",28,12,1,1,1,1,1,NA,NA
"2846",28,1,1,1,1,1,1,NA,NA
"2847",28,104,2,1,1,1,1,NA,NA
"2848",28,67,2,1,1,1,1,NA,NA
"2849",28,113,2,1,1,1,1,NA,NA
"2850",28,116,2,1,1,0,0,NA,NA
"2851",28,53,2,1,1,1,0,NA,NA
"2852",28,114,2,1,1,1,1,NA,NA
"2853",28,83,2,1,1,1,1,NA,NA
"2854",28,43,2,1,1,1,0,NA,NA
"2855",28,78,2,1,1,1,1,NA,NA
"2856",28,110,2,1,1,1,1,NA,NA
"2857",28,59,2,1,1,1,0,NA,NA
"2858",28,62,2,1,1,1,1,NA,NA
"2859",28,30,2,1,1,0,0,NA,NA
"2860",28,46,2,1,1,1,0,NA,NA
"2861",28,21,2,1,1,1,0,NA,NA
"2862",28,33,2,1,1,1,0,NA,NA
"2863",28,6,2,1,1,0,0,NA,NA
"2864",28,18,2,1,1,1,0,NA,NA
"2865",28,87,2,1,1,1,1,NA,NA
"2866",28,56,2,1,1,0,0,NA,NA
"2867",28,3,2,1,1,1,0,NA,NA
"2868",28,15,2,1,1,0,0,NA,NA
"2869",28,103,2,1,1,0,1,NA,NA
"2870",28,103,1,1,1,1,0,NA,NA
"2871",28,47,1,1,1,1,1,NA,NA
"2872",28,101,1,1,1,1,0,NA,NA
"2873",28,98,1,1,1,1,0,NA,NA
"2874",28,24,1,1,1,1,1,NA,NA
"2875",28,49,1,1,1,1,1,NA,NA
"2876",28,34,1,1,1,1,1,NA,NA
"2877",28,14,1,1,1,1,1,NA,NA
"2878",28,25,1,1,1,1,1,NA,NA
"2879",28,11,1,1,1,1,1,NA,NA
"2880",28,72,1,1,1,1,0,NA,NA
"2881",28,37,1,1,1,1,1,NA,NA
"2882",28,10,1,1,1,1,1,NA,NA
"2883",28,87,1,1,1,0,0,NA,NA
"2884",28,29,1,1,1,1,1,NA,NA
"2885",28,9,1,1,1,1,1,NA,NA
"2886",28,113,1,1,1,1,0,NA,NA
"2887",28,58,1,1,1,1,1,NA,NA
"2888",28,104,1,1,1,0,0,NA,NA
"2889",28,32,1,1,1,1,1,NA,NA
"2890",28,8,1,1,1,1,1,NA,NA
"2891",28,95,1,1,1,1,0,NA,NA
"2892",28,78,1,1,1,1,0,NA,NA
"2893",28,50,1,1,1,1,1,NA,NA
"2894",28,7,1,1,1,1,1,NA,NA
"2895",28,99,1,1,1,1,0,NA,NA
"2896",28,73,1,1,1,1,0,NA,NA
"2897",28,51,1,1,1,1,1,NA,NA
"2898",28,77,1,1,1,1,0,NA,NA
"2899",28,48,1,1,1,1,1,NA,NA
"2900",28,66,1,1,1,1,0,NA,NA
"2901",28,44,1,1,1,1,1,NA,NA
"2902",28,67,1,1,1,0,0,NA,NA
"2903",28,36,1,1,1,1,1,NA,NA
"2904",28,89,1,1,1,1,0,NA,NA
"2905",28,83,1,1,1,1,0,NA,NA
"2906",28,42,1,1,1,1,1,NA,NA
"2907",28,114,1,1,1,1,0,NA,NA
"2908",28,111,1,1,1,1,0,NA,NA
"2909",28,110,1,1,1,0,0,NA,NA
"2910",28,96,1,1,1,1,0,NA,NA
"2911",28,60,1,1,1,1,0,NA,NA
"2912",28,106,1,1,1,1,0,NA,NA
"2913",28,62,1,1,1,0,0,NA,NA
"2914",28,27,1,1,1,1,1,NA,NA
"2915",28,117,1,1,1,1,0,NA,NA
"2916",28,100,1,1,1,1,0,NA,NA
"2917",28,16,1,1,1,1,1,NA,NA
"2918",28,90,1,1,1,1,0,NA,NA
"2919",28,5,1,1,1,1,1,NA,NA
"2920",28,22,1,1,1,0,1,NA,NA
"2921",28,17,1,1,1,1,1,NA,NA
"2922",28,92,1,1,1,0,0,NA,NA
"2923",28,41,1,1,1,1,1,NA,NA
"2924",28,70,1,1,1,1,0,NA,NA
"2925",28,73,2,1,1,1,1,NA,NA
"2926",28,106,2,1,1,1,1,NA,NA
"2927",28,45,2,1,1,0,0,NA,NA
"2928",28,2,2,1,1,1,0,NA,NA
"2929",28,40,2,1,1,0,0,NA,NA
"2930",28,89,2,1,1,0,1,NA,NA
"2931",28,90,2,1,1,0,1,NA,NA
"2932",28,100,2,1,1,1,1,NA,NA
"2933",28,64,2,1,1,1,1,NA,NA
"2934",28,26,2,1,1,1,0,NA,NA
"2935",28,60,2,1,1,0,1,NA,NA
"2936",28,117,2,1,1,1,1,NA,NA
"2937",28,92,2,1,1,1,1,NA,NA
"2938",28,57,2,1,1,1,0,NA,NA
"2939",28,101,2,1,1,0,1,NA,NA
"2940",28,4,2,1,1,1,0,NA,NA
"2941",28,72,2,1,1,0,1,NA,NA
"2942",28,28,2,1,1,0,0,NA,NA
"2943",28,99,2,1,1,0,1,NA,NA
"2944",28,39,2,1,1,0,0,NA,NA
"2945",28,19,2,1,1,1,0,NA,NA
"2946",28,96,2,1,1,1,1,NA,NA
"2947",28,77,2,1,1,1,1,NA,NA
"2948",28,54,2,1,1,0,0,NA,NA
"2949",28,91,2,1,1,1,1,NA,NA
"2950",28,23,2,1,1,0,0,NA,NA
"2951",28,35,2,1,1,1,0,NA,NA
"2952",29,64,1,1,1,1,0,NA,NA
"2953",29,106,1,1,1,1,0,NA,NA
"2954",29,49,1,1,1,1,1,NA,NA
"2955",29,114,1,1,1,1,0,NA,NA
"2956",29,87,1,1,1,1,0,NA,NA
"2957",29,36,1,1,1,1,1,NA,NA
"2958",29,8,1,1,1,0,1,NA,NA
"2959",29,1,1,1,1,0,1,NA,NA
"2960",29,44,1,1,1,1,1,NA,NA
"2961",29,117,1,1,1,1,0,NA,NA
"2962",29,5,1,1,1,1,1,NA,NA
"2963",29,101,1,1,1,1,0,NA,NA
"2964",29,11,1,1,1,0,1,NA,NA
"2965",29,89,1,1,1,1,0,NA,NA
"2966",29,100,1,1,1,1,0,NA,NA
"2967",29,72,1,1,1,1,0,NA,NA
"2968",29,92,1,1,1,0,0,NA,NA
"2969",29,22,1,1,1,1,1,NA,NA
"2970",29,77,1,1,1,0,0,NA,NA
"2971",29,99,1,1,1,1,0,NA,NA
"2972",29,25,1,1,1,1,1,NA,NA
"2973",29,98,1,1,1,0,0,NA,NA
"2974",29,103,1,1,1,0,0,NA,NA
"2975",29,90,1,1,1,1,0,NA,NA
"2976",29,60,1,1,1,1,0,NA,NA
"2977",29,55,1,1,1,1,1,NA,NA
"2978",29,32,1,1,1,1,1,NA,NA
"2979",29,47,1,1,1,1,1,NA,NA
"2980",29,34,1,1,1,0,1,NA,NA
"2981",29,14,1,1,1,1,1,NA,NA
"2982",29,24,1,1,1,0,1,NA,NA
"2983",29,78,1,1,1,0,0,NA,NA
"2984",29,17,1,1,1,0,1,NA,NA
"2985",29,113,1,1,1,1,0,NA,NA
"2986",29,29,1,1,1,1,1,NA,NA
"2987",29,12,1,1,1,1,1,NA,NA
"2988",29,10,1,1,1,1,1,NA,NA
"2989",29,81,2,1,1,1,0,NA,NA
"2990",29,84,2,1,1,0,0,NA,NA
"2991",29,30,2,1,1,0,1,NA,NA
"2992",29,105,2,1,1,0,0,NA,NA
"2993",29,59,2,1,1,1,1,NA,NA
"2994",29,18,2,1,1,1,1,NA,NA
"2995",29,15,2,1,1,0,1,NA,NA
"2996",29,116,2,1,1,0,1,NA,NA
"2997",29,20,2,1,1,1,1,NA,NA
"2998",29,108,2,1,1,1,0,NA,NA
"2999",29,82,2,1,1,1,0,NA,NA
"3000",29,54,2,1,1,0,1,NA,NA
"3001",29,23,2,1,1,1,1,NA,NA
"3002",29,120,2,1,1,0,0,NA,NA
"3003",29,97,2,1,1,0,0,NA,NA
"3004",29,79,2,1,1,0,0,NA,NA
"3005",29,115,2,1,1,1,0,NA,NA
"3006",29,57,2,1,1,1,1,NA,NA
"3007",29,61,2,1,1,1,0,NA,NA
"3008",29,76,2,1,1,1,0,NA,NA
"3009",29,38,2,1,1,1,1,NA,NA
"3010",29,80,2,1,1,0,0,NA,NA
"3011",29,94,2,1,1,0,0,NA,NA
"3012",29,93,2,1,1,0,0,NA,NA
"3013",29,109,2,1,1,0,0,NA,NA
"3014",29,6,2,1,1,0,1,NA,NA
"3015",29,75,2,1,1,0,0,NA,NA
"3016",29,33,2,1,1,1,1,NA,NA
"3017",29,88,2,1,1,1,0,NA,NA
"3018",29,74,2,1,1,1,0,NA,NA
"3019",29,63,2,1,1,0,0,NA,NA
"3020",29,31,2,1,1,0,1,NA,NA
"3021",29,46,2,1,1,1,1,NA,NA
"3022",29,119,2,1,1,0,0,NA,NA
"3023",29,21,2,1,1,1,1,NA,NA
"3024",29,102,2,1,1,1,0,NA,NA
"3025",29,68,2,1,1,1,0,NA,NA
"3026",29,118,2,1,1,1,0,NA,NA
"3027",29,2,2,1,1,0,1,NA,NA
"3028",29,35,2,1,1,0,1,NA,NA
"3029",29,43,2,1,1,0,1,NA,NA
"3030",29,65,2,1,1,0,0,NA,NA
"3031",29,13,2,1,1,1,1,NA,NA
"3032",29,52,2,1,1,1,1,NA,NA
"3033",29,40,2,1,1,0,1,NA,NA
"3034",29,4,2,1,1,0,1,NA,NA
"3035",29,39,2,1,1,1,1,NA,NA
"3036",29,45,2,1,1,1,1,NA,NA
"3037",29,26,2,1,1,1,1,NA,NA
"3038",29,85,2,1,1,1,0,NA,NA
"3039",29,107,2,1,1,1,0,NA,NA
"3040",29,86,2,1,1,0,0,NA,NA
"3041",29,3,2,1,1,0,1,NA,NA
"3042",29,28,2,1,1,1,1,NA,NA
"3043",29,56,2,1,1,1,1,NA,NA
"3044",29,48,1,1,1,1,1,NA,NA
"3045",29,83,1,1,1,0,0,NA,NA
"3046",29,95,1,1,1,0,0,NA,NA
"3047",29,91,1,1,1,0,0,NA,NA
"3048",29,58,1,1,1,1,1,NA,NA
"3049",29,16,1,1,1,1,1,NA,NA
"3050",29,111,1,1,1,0,0,NA,NA
"3051",29,110,1,1,1,1,0,NA,NA
"3052",29,70,1,1,1,0,0,NA,NA
"3053",29,37,1,1,1,0,1,NA,NA
"3054",29,66,1,1,1,1,0,NA,NA
"3055",29,27,1,1,1,1,1,NA,NA
"3056",29,42,1,1,1,1,1,NA,NA
"3057",29,51,1,1,1,1,1,NA,NA
"3058",29,50,1,1,1,1,1,NA,NA
"3059",29,9,1,1,1,1,1,NA,NA
"3060",29,67,1,1,1,1,0,NA,NA
"3061",29,62,1,1,1,0,0,NA,NA
"3062",29,7,1,1,1,0,1,NA,NA
"3063",29,96,1,1,1,0,0,NA,NA
"3064",29,104,1,1,1,0,0,NA,NA
"3065",29,73,1,1,1,0,0,NA,NA
"3066",29,41,1,1,1,1,1,NA,NA
"3067",29,19,2,1,1,1,1,NA,NA
"3068",29,112,2,1,1,0,0,NA,NA
"3069",29,71,2,1,1,1,0,NA,NA
"3070",29,53,2,1,1,0,1,NA,NA
"3071",29,69,2,1,1,1,0,NA,NA
"3072",30,108,2,1,1,1,1,NA,NA
"3073",30,107,2,1,1,1,1,NA,NA
"3074",30,97,2,1,1,1,1,NA,NA
"3075",30,118,2,1,1,1,1,NA,NA
"3076",30,115,2,1,1,1,1,NA,NA
"3077",30,93,2,1,1,1,1,NA,NA
"3078",30,28,2,1,1,0,0,NA,NA
"3079",30,116,2,1,1,0,0,NA,NA
"3080",30,94,2,1,1,1,1,NA,NA
"3081",30,88,2,1,1,0,1,NA,NA
"3082",30,68,2,1,1,1,1,NA,NA
"3083",30,46,2,1,1,0,0,NA,NA
"3084",30,78,1,1,1,1,0,NA,NA
"3085",30,110,1,1,1,0,0,NA,NA
"3086",30,42,1,1,1,0,1,NA,NA
"3087",30,50,1,1,1,0,1,NA,NA
"3088",30,11,1,1,1,1,1,NA,NA
"3089",30,105,2,1,1,0,1,NA,NA
"3090",30,57,2,1,1,0,0,NA,NA
"3091",30,18,2,1,1,0,0,NA,NA
"3092",30,102,2,1,1,1,1,NA,NA
"3093",30,81,2,1,1,0,1,NA,NA
"3094",30,19,2,1,1,1,0,NA,NA
"3095",30,30,2,1,1,1,0,NA,NA
"3096",30,31,2,1,1,1,0,NA,NA
"3097",30,84,2,1,1,1,1,NA,NA
"3098",30,75,2,1,1,1,1,NA,NA
"3099",30,69,2,1,1,1,1,NA,NA
"3100",30,20,2,1,1,1,0,NA,NA
"3101",30,38,2,1,1,1,0,NA,NA
"3102",30,2,2,1,1,0,0,NA,NA
"3103",30,33,2,1,1,1,0,NA,NA
"3104",30,39,2,1,1,0,0,NA,NA
"3105",30,35,2,1,1,1,0,NA,NA
"3106",30,45,2,1,1,1,0,NA,NA
"3107",30,21,2,1,1,1,0,NA,NA
"3108",30,4,2,1,1,1,0,NA,NA
"3109",30,15,2,1,1,0,0,NA,NA
"3110",30,71,2,1,1,1,1,NA,NA
"3111",30,52,2,1,1,1,0,NA,NA
"3112",30,87,1,1,1,1,0,NA,NA
"3113",30,7,1,1,1,0,1,NA,NA
"3114",30,64,1,1,1,1,0,NA,NA
"3115",30,111,1,1,1,1,0,NA,NA
"3116",30,98,1,1,1,0,0,NA,NA
"3117",30,37,1,1,1,0,1,NA,NA
"3118",30,100,1,1,1,1,0,NA,NA
"3119",30,12,1,1,1,1,1,NA,NA
"3120",30,29,1,1,1,0,1,NA,NA
"3121",30,34,1,1,1,1,1,NA,NA
"3122",30,9,1,1,1,1,1,NA,NA
"3123",30,103,1,1,1,1,0,NA,NA
"3124",30,99,1,1,1,1,0,NA,NA
"3125",30,117,1,1,1,1,0,NA,NA
"3126",30,58,1,1,1,1,1,NA,NA
"3127",30,27,1,1,1,1,1,NA,NA
"3128",30,55,1,1,1,1,1,NA,NA
"3129",30,90,1,1,1,1,0,NA,NA
"3130",30,41,1,1,1,0,1,NA,NA
"3131",30,25,1,1,1,1,1,NA,NA
"3132",30,36,1,1,1,0,1,NA,NA
"3133",30,49,1,1,1,1,1,NA,NA
"3134",30,8,1,1,1,0,1,NA,NA
"3135",30,24,1,1,1,0,1,NA,NA
"3136",30,47,1,1,1,0,1,NA,NA
"3137",30,89,1,1,1,1,0,NA,NA
"3138",30,77,1,1,1,1,0,NA,NA
"3139",30,14,1,1,1,1,1,NA,NA
"3140",30,70,1,1,1,1,0,NA,NA
"3141",30,92,1,1,1,1,0,NA,NA
"3142",30,101,1,1,1,0,0,NA,NA
"3143",30,17,1,1,1,1,1,NA,NA
"3144",30,67,1,1,1,0,0,NA,NA
"3145",30,91,1,1,1,1,0,NA,NA
"3146",30,114,1,1,1,0,0,NA,NA
"3147",30,72,1,1,1,0,0,NA,NA
"3148",30,44,1,1,1,1,1,NA,NA
"3149",30,83,1,1,1,1,0,NA,NA
"3150",30,5,1,1,1,0,1,NA,NA
"3151",30,96,1,1,1,1,0,NA,NA
"3152",30,104,1,1,1,1,0,NA,NA
"3153",30,16,1,1,1,0,1,NA,NA
"3154",30,32,1,1,1,0,1,NA,NA
"3155",30,113,1,1,1,0,0,NA,NA
"3156",30,62,1,1,1,1,0,NA,NA
"3157",30,60,1,1,1,1,0,NA,NA
"3158",30,106,1,1,1,1,0,NA,NA
"3159",30,48,1,1,1,1,1,NA,NA
"3160",30,66,1,1,1,1,0,NA,NA
"3161",30,95,1,1,1,1,0,NA,NA
"3162",30,51,1,1,1,1,1,NA,NA
"3163",30,22,1,1,1,1,1,NA,NA
"3164",30,73,1,1,1,0,0,NA,NA
"3165",30,10,1,1,1,1,1,NA,NA
"3166",30,1,1,1,1,1,1,NA,NA
"3167",30,120,2,1,1,1,1,NA,NA
"3168",30,26,2,1,1,1,0,NA,NA
"3169",30,43,2,1,1,1,0,NA,NA
"3170",30,54,2,1,1,1,0,NA,NA
"3171",30,65,2,1,1,1,1,NA,NA
"3172",30,3,2,1,1,1,0,NA,NA
"3173",30,85,2,1,1,1,1,NA,NA
"3174",30,63,2,1,1,1,1,NA,NA
"3175",30,56,2,1,1,1,0,NA,NA
"3176",30,79,2,1,1,1,1,NA,NA
"3177",30,109,2,1,1,0,1,NA,NA
"3178",30,13,2,1,1,1,0,NA,NA
"3179",30,76,2,1,1,0,1,NA,NA
"3180",30,86,2,1,1,1,1,NA,NA
"3181",30,61,2,1,1,1,1,NA,NA
"3182",30,23,2,1,1,1,0,NA,NA
"3183",30,119,2,1,1,1,1,NA,NA
"3184",30,74,2,1,1,0,1,NA,NA
"3185",30,112,2,1,1,1,1,NA,NA
"3186",30,59,2,1,1,1,0,NA,NA
"3187",30,40,2,1,1,1,0,NA,NA
"3188",30,82,2,1,1,1,1,NA,NA
"3189",30,6,2,1,1,1,0,NA,NA
"3190",30,53,2,1,1,1,0,NA,NA
"3191",30,80,2,1,1,1,1,NA,NA
"3192",31,41,1,1,1,0,0,NA,NA
"3193",31,21,1,1,1,1,1,NA,NA
"3194",31,27,1,1,1,1,0,NA,NA
"3195",31,38,1,1,1,1,1,NA,NA
"3196",31,22,1,1,1,1,0,NA,NA
"3197",31,5,1,1,1,0,0,NA,NA
"3198",31,43,1,1,1,0,1,NA,NA
"3199",31,33,1,1,1,1,1,NA,NA
"3200",31,39,1,1,1,1,1,NA,NA
"3201",31,19,1,1,1,1,1,NA,NA
"3202",31,32,1,1,1,1,0,NA,NA
"3203",31,53,1,1,1,1,1,NA,NA
"3204",31,11,1,1,1,0,0,NA,NA
"3205",31,25,1,1,1,0,0,NA,NA
"3206",31,58,1,1,1,0,0,NA,NA
"3207",31,31,1,1,1,1,1,NA,NA
"3208",31,20,1,1,1,1,1,NA,NA
"3209",31,54,1,1,1,0,1,NA,NA
"3210",31,44,1,1,1,0,0,NA,NA
"3211",31,45,1,1,1,1,1,NA,NA
"3212",31,36,1,1,1,1,0,NA,NA
"3213",31,46,1,1,1,1,1,NA,NA
"3214",31,51,1,1,1,1,0,NA,NA
"3215",31,10,1,1,1,0,0,NA,NA
"3216",31,7,1,1,1,0,0,NA,NA
"3217",31,16,1,1,1,0,0,NA,NA
"3218",31,49,1,1,1,1,0,NA,NA
"3219",31,47,1,1,1,0,0,NA,NA
"3220",31,55,1,1,1,1,0,NA,NA
"3221",31,116,1,1,1,1,1,NA,NA
"3222",31,4,1,1,1,0,1,NA,NA
"3223",31,1,1,1,1,0,0,NA,NA
"3224",31,48,1,1,1,0,0,NA,NA
"3225",31,30,1,1,1,1,1,NA,NA
"3226",31,35,1,1,1,1,1,NA,NA
"3227",31,59,1,1,1,1,1,NA,NA
"3228",31,50,1,1,1,1,0,NA,NA
"3229",31,15,1,1,1,1,1,NA,NA
"3230",31,79,2,1,1,1,1,NA,NA
"3231",31,103,2,1,1,1,0,NA,NA
"3232",31,108,2,1,1,0,1,NA,NA
"3233",31,93,2,1,1,1,1,NA,NA
"3234",31,90,2,1,1,1,0,NA,NA
"3235",31,83,2,1,1,0,0,NA,NA
"3236",31,77,2,1,1,1,0,NA,NA
"3237",31,70,2,1,1,0,0,NA,NA
"3238",31,112,2,1,1,0,1,NA,NA
"3239",31,100,2,1,1,0,0,NA,NA
"3240",31,105,2,1,1,1,1,NA,NA
"3241",31,111,2,1,1,1,0,NA,NA
"3242",31,65,2,1,1,1,1,NA,NA
"3243",31,101,2,1,1,0,0,NA,NA
"3244",31,66,2,1,1,0,0,NA,NA
"3245",31,78,2,1,1,1,0,NA,NA
"3246",31,82,2,1,1,1,1,NA,NA
"3247",31,75,2,1,1,1,1,NA,NA
"3248",31,119,2,1,1,0,1,NA,NA
"3249",31,110,2,1,1,1,0,NA,NA
"3250",31,63,2,1,1,1,1,NA,NA
"3251",31,109,2,1,1,1,1,NA,NA
"3252",31,102,2,1,1,1,1,NA,NA
"3253",31,94,2,1,1,0,1,NA,NA
"3254",31,92,2,1,1,0,0,NA,NA
"3255",31,118,2,1,1,0,1,NA,NA
"3256",31,88,2,1,1,1,1,NA,NA
"3257",31,69,2,1,1,1,1,NA,NA
"3258",31,114,2,1,1,1,0,NA,NA
"3259",31,106,2,1,1,1,0,NA,NA
"3260",31,86,2,1,1,0,1,NA,NA
"3261",31,84,2,1,1,0,1,NA,NA
"3262",31,71,2,1,1,0,1,NA,NA
"3263",31,120,2,1,1,1,1,NA,NA
"3264",31,117,2,1,1,0,0,NA,NA
"3265",31,87,2,1,1,1,0,NA,NA
"3266",31,99,2,1,1,1,0,NA,NA
"3267",31,64,2,1,1,0,0,NA,NA
"3268",31,67,2,1,1,0,0,NA,NA
"3269",31,73,2,1,1,1,0,NA,NA
"3270",31,76,2,1,1,0,1,NA,NA
"3271",31,74,2,1,1,1,1,NA,NA
"3272",31,107,2,1,1,1,1,NA,NA
"3273",31,97,2,1,1,1,1,NA,NA
"3274",31,85,2,1,1,1,1,NA,NA
"3275",31,72,2,1,1,0,0,NA,NA
"3276",31,81,2,1,1,1,1,NA,NA
"3277",31,115,2,1,1,1,1,NA,NA
"3278",31,96,2,1,1,1,0,NA,NA
"3279",31,95,2,1,1,0,0,NA,NA
"3280",31,113,2,1,1,0,0,NA,NA
"3281",31,68,2,1,1,0,1,NA,NA
"3282",31,104,2,1,1,1,0,NA,NA
"3283",31,98,2,1,1,0,0,NA,NA
"3284",31,91,2,1,1,0,0,NA,NA
"3285",31,29,1,1,1,0,0,NA,NA
"3286",31,13,1,1,1,1,1,NA,NA
"3287",31,57,1,1,1,1,1,NA,NA
"3288",31,24,1,1,1,0,0,NA,NA
"3289",31,6,1,1,1,1,1,NA,NA
"3290",31,52,1,1,1,1,1,NA,NA
"3291",31,3,1,1,1,1,1,NA,NA
"3292",31,12,1,1,1,1,0,NA,NA
"3293",31,37,1,1,1,0,0,NA,NA
"3294",31,23,1,1,1,0,1,NA,NA
"3295",31,34,1,1,1,0,0,NA,NA
"3296",31,14,1,1,1,0,0,NA,NA
"3297",31,8,1,1,1,0,0,NA,NA
"3298",31,61,2,1,1,1,1,NA,NA
"3299",31,18,1,1,1,1,1,NA,NA
"3300",31,26,1,1,1,1,1,NA,NA
"3301",31,56,1,1,1,1,1,NA,NA
"3302",31,2,1,1,1,0,1,NA,NA
"3303",31,40,1,1,1,0,1,NA,NA
"3304",31,17,1,1,1,0,0,NA,NA
"3305",31,42,1,1,1,1,0,NA,NA
"3306",31,28,1,1,1,1,1,NA,NA
"3307",31,9,1,1,1,1,0,NA,NA
"3308",31,80,2,1,1,0,1,NA,NA
"3309",31,62,2,1,1,1,0,NA,NA
"3310",31,89,2,1,1,0,0,NA,NA
"3311",31,60,2,1,1,1,0,NA,NA
"3312",32,13,1,1,1,1,1,NA,NA
"3313",32,115,2,1,1,1,0,NA,NA
"3314",32,95,2,1,1,0,1,NA,NA
"3315",32,67,2,1,1,0,1,NA,NA
"3316",32,98,2,1,1,0,1,NA,NA
"3317",32,60,2,1,1,0,1,NA,NA
"3318",32,76,2,1,1,0,0,NA,NA
"3319",32,107,2,1,1,1,0,NA,NA
"3320",32,105,2,1,1,0,0,NA,NA
"3321",32,109,2,1,1,0,0,NA,NA
"3322",32,72,2,1,1,0,1,NA,NA
"3323",32,86,2,1,1,1,0,NA,NA
"3324",32,63,2,1,1,1,0,NA,NA
"3325",32,89,2,1,1,1,1,NA,NA
"3326",32,41,1,1,1,0,0,NA,NA
"3327",32,43,1,1,1,1,1,NA,NA
"3328",32,44,1,1,1,1,0,NA,NA
"3329",32,38,1,1,1,1,1,NA,NA
"3330",32,106,2,1,1,1,1,NA,NA
"3331",32,99,2,1,1,1,1,NA,NA
"3332",32,68,2,1,1,1,0,NA,NA
"3333",32,108,2,1,1,0,0,NA,NA
"3334",32,71,2,1,1,1,0,NA,NA
"3335",32,94,2,1,1,1,0,NA,NA
"3336",32,81,2,1,1,0,0,NA,NA
"3337",32,75,2,1,1,0,0,NA,NA
"3338",32,69,2,1,1,0,0,NA,NA
"3339",32,79,2,1,1,0,0,NA,NA
"3340",32,91,2,1,1,0,1,NA,NA
"3341",32,120,2,1,1,1,0,NA,NA
"3342",32,65,2,1,1,0,0,NA,NA
"3343",32,103,2,1,1,1,1,NA,NA
"3344",32,118,2,1,1,0,0,NA,NA
"3345",32,62,2,1,1,1,1,NA,NA
"3346",32,80,2,1,1,0,0,NA,NA
"3347",32,78,2,1,1,0,1,NA,NA
"3348",32,85,2,1,1,1,0,NA,NA
"3349",32,93,2,1,1,1,0,NA,NA
"3350",32,102,2,1,1,0,0,NA,NA
"3351",32,96,2,1,1,1,1,NA,NA
"3352",32,113,2,1,1,1,1,NA,NA
"3353",32,31,1,1,1,1,1,NA,NA
"3354",32,23,1,1,1,1,1,NA,NA
"3355",32,36,1,1,1,0,0,NA,NA
"3356",32,58,1,1,1,1,0,NA,NA
"3357",32,18,1,1,1,0,1,NA,NA
"3358",32,35,1,1,1,0,1,NA,NA
"3359",32,48,1,1,1,1,0,NA,NA
"3360",32,53,1,1,1,0,1,NA,NA
"3361",32,59,1,1,1,1,1,NA,NA
"3362",32,20,1,1,1,1,1,NA,NA
"3363",32,47,1,1,1,1,0,NA,NA
"3364",32,1,1,1,1,1,0,NA,NA
"3365",32,50,1,1,1,1,0,NA,NA
"3366",32,40,1,1,1,1,1,NA,NA
"3367",32,49,1,1,1,1,0,NA,NA
"3368",32,116,1,1,1,1,1,NA,NA
"3369",32,54,1,1,1,0,1,NA,NA
"3370",32,34,1,1,1,0,0,NA,NA
"3371",32,12,1,1,1,1,0,NA,NA
"3372",32,7,1,1,1,0,0,NA,NA
"3373",32,29,1,1,1,0,0,NA,NA
"3374",32,5,1,1,1,0,0,NA,NA
"3375",32,30,1,1,1,0,1,NA,NA
"3376",32,21,1,1,1,1,1,NA,NA
"3377",32,56,1,1,1,1,1,NA,NA
"3378",32,15,1,1,1,0,1,NA,NA
"3379",32,28,1,1,1,1,1,NA,NA
"3380",32,2,1,1,1,0,1,NA,NA
"3381",32,4,1,1,1,0,1,NA,NA
"3382",32,26,1,1,1,1,1,NA,NA
"3383",32,57,1,1,1,1,1,NA,NA
"3384",32,52,1,1,1,1,1,NA,NA
"3385",32,51,1,1,1,1,0,NA,NA
"3386",32,6,1,1,1,0,1,NA,NA
"3387",32,32,1,1,1,1,0,NA,NA
"3388",32,24,1,1,1,0,0,NA,NA
"3389",32,14,1,1,1,1,0,NA,NA
"3390",32,33,1,1,1,0,1,NA,NA
"3391",32,8,1,1,1,1,0,NA,NA
"3392",32,27,1,1,1,1,0,NA,NA
"3393",32,16,1,1,1,0,0,NA,NA
"3394",32,11,1,1,1,0,0,NA,NA
"3395",32,9,1,1,1,1,0,NA,NA
"3396",32,55,1,1,1,0,0,NA,NA
"3397",32,37,1,1,1,0,0,NA,NA
"3398",32,46,1,1,1,1,1,NA,NA
"3399",32,25,1,1,1,1,0,NA,NA
"3400",32,42,1,1,1,1,0,NA,NA
"3401",32,19,1,1,1,0,1,NA,NA
"3402",32,22,1,1,1,1,0,NA,NA
"3403",32,45,1,1,1,0,1,NA,NA
"3404",32,10,1,1,1,0,0,NA,NA
"3405",32,17,1,1,1,0,0,NA,NA
"3406",32,39,1,1,1,0,1,NA,NA
"3407",32,3,1,1,1,1,1,NA,NA
"3408",32,88,2,1,1,0,0,NA,NA
"3409",32,70,2,1,1,1,1,NA,NA
"3410",32,104,2,1,1,1,1,NA,NA
"3411",32,92,2,1,1,0,1,NA,NA
"3412",32,119,2,1,1,1,0,NA,NA
"3413",32,111,2,1,1,0,1,NA,NA
"3414",32,74,2,1,1,0,0,NA,NA
"3415",32,83,2,1,1,1,1,NA,NA
"3416",32,117,2,1,1,0,1,NA,NA
"3417",32,100,2,1,1,1,1,NA,NA
"3418",32,84,2,1,1,0,0,NA,NA
"3419",32,82,2,1,1,0,0,NA,NA
"3420",32,90,2,1,1,1,1,NA,NA
"3421",32,112,2,1,1,1,0,NA,NA
"3422",32,87,2,1,1,1,1,NA,NA
"3423",32,61,2,1,1,1,0,NA,NA
"3424",32,77,2,1,1,1,1,NA,NA
"3425",32,110,2,1,1,1,1,NA,NA
"3426",32,73,2,1,1,0,1,NA,NA
"3427",32,66,2,1,1,1,1,NA,NA
"3428",32,114,2,1,1,0,1,NA,NA
"3429",32,64,2,1,1,1,1,NA,NA
"3430",32,101,2,1,1,1,1,NA,NA
"3431",32,97,2,1,1,1,0,NA,NA
"3432",33,33,1,1,1,0,1,NA,NA
"3433",33,3,1,1,1,1,1,NA,NA
"3434",33,80,1,1,1,1,0,NA,NA
"3435",33,53,1,1,1,0,1,NA,NA
"3436",33,13,1,1,1,1,1,NA,NA
"3437",33,76,1,1,1,1,0,NA,NA
"3438",33,28,1,1,1,1,1,NA,NA
"3439",33,6,1,1,1,1,1,NA,NA
"3440",33,45,1,1,1,1,1,NA,NA
"3441",33,61,1,1,1,0,0,NA,NA
"3442",33,56,1,1,1,1,1,NA,NA
"3443",33,38,1,1,1,1,1,NA,NA
"3444",33,88,1,1,1,1,0,NA,NA
"3445",33,109,1,1,1,1,0,NA,NA
"3446",33,97,1,1,1,1,0,NA,NA
"3447",33,79,1,1,1,1,0,NA,NA
"3448",33,2,1,1,1,1,1,NA,NA
"3449",33,30,1,1,1,1,1,NA,NA
"3450",33,107,1,1,1,1,0,NA,NA
"3451",33,84,1,1,1,1,0,NA,NA
"3452",33,112,1,1,1,1,0,NA,NA
"3453",33,63,1,1,1,1,0,NA,NA
"3454",33,118,1,1,1,0,0,NA,NA
"3455",33,21,1,1,1,1,1,NA,NA
"3456",33,35,1,1,1,1,1,NA,NA
"3457",33,68,1,1,1,1,0,NA,NA
"3458",33,52,1,1,1,1,1,NA,NA
"3459",33,65,1,1,1,0,0,NA,NA
"3460",33,115,1,1,1,1,0,NA,NA
"3461",33,82,1,1,1,1,0,NA,NA
"3462",33,108,1,1,1,1,0,NA,NA
"3463",33,71,1,1,1,0,0,NA,NA
"3464",33,15,1,1,1,1,1,NA,NA
"3465",33,59,1,1,1,1,1,NA,NA
"3466",33,74,1,1,1,1,0,NA,NA
"3467",33,31,1,1,1,1,1,NA,NA
"3468",33,81,1,1,1,1,0,NA,NA
"3469",33,105,1,1,1,0,0,NA,NA
"3470",33,93,1,1,1,0,0,NA,NA
"3471",33,14,2,1,1,0,1,NA,NA
"3472",33,114,2,1,1,1,0,NA,NA
"3473",33,25,2,1,1,1,1,NA,NA
"3474",33,103,2,1,1,0,0,NA,NA
"3475",33,16,2,1,1,1,1,NA,NA
"3476",33,64,2,1,1,0,0,NA,NA
"3477",33,10,2,1,1,0,1,NA,NA
"3478",33,90,2,1,1,1,0,NA,NA
"3479",33,58,2,1,1,1,1,NA,NA
"3480",33,12,2,1,1,0,1,NA,NA
"3481",33,83,2,1,1,1,0,NA,NA
"3482",33,99,2,1,1,0,0,NA,NA
"3483",33,66,2,1,1,1,0,NA,NA
"3484",33,98,2,1,1,1,0,NA,NA
"3485",33,5,2,1,1,0,1,NA,NA
"3486",33,117,2,1,1,0,0,NA,NA
"3487",33,7,2,1,1,1,1,NA,NA
"3488",33,37,2,1,1,0,1,NA,NA
"3489",33,42,2,1,1,1,1,NA,NA
"3490",33,101,2,1,1,1,0,NA,NA
"3491",33,8,2,1,1,0,1,NA,NA
"3492",33,70,2,1,1,1,0,NA,NA
"3493",33,17,2,1,1,0,1,NA,NA
"3494",33,96,2,1,1,1,0,NA,NA
"3495",33,89,2,1,1,1,0,NA,NA
"3496",33,9,2,1,1,1,1,NA,NA
"3497",33,44,2,1,1,0,1,NA,NA
"3498",33,50,2,1,1,1,1,NA,NA
"3499",33,49,2,1,1,0,1,NA,NA
"3500",33,67,2,1,1,0,0,NA,NA
"3501",33,95,2,1,1,1,0,NA,NA
"3502",33,77,2,1,1,1,0,NA,NA
"3503",33,72,2,1,1,0,0,NA,NA
"3504",33,104,2,1,1,1,0,NA,NA
"3505",33,48,2,1,1,1,1,NA,NA
"3506",33,106,2,1,1,1,0,NA,NA
"3507",33,92,2,1,1,0,0,NA,NA
"3508",33,113,2,1,1,1,0,NA,NA
"3509",33,110,2,1,1,1,0,NA,NA
"3510",33,62,2,1,1,0,0,NA,NA
"3511",33,87,2,1,1,1,0,NA,NA
"3512",33,22,2,1,1,1,1,NA,NA
"3513",33,41,2,1,1,0,1,NA,NA
"3514",33,78,2,1,1,1,0,NA,NA
"3515",33,1,2,1,1,1,1,NA,NA
"3516",33,55,2,1,1,1,1,NA,NA
"3517",33,27,2,1,1,1,1,NA,NA
"3518",33,29,2,1,1,1,1,NA,NA
"3519",33,34,2,1,1,0,1,NA,NA
"3520",33,47,2,1,1,0,1,NA,NA
"3521",33,100,2,1,1,1,0,NA,NA
"3522",33,32,2,1,1,1,1,NA,NA
"3523",33,51,2,1,1,1,1,NA,NA
"3524",33,111,2,1,1,1,0,NA,NA
"3525",33,85,1,1,1,1,0,NA,NA
"3526",33,23,1,1,1,1,1,NA,NA
"3527",33,20,1,1,1,1,1,NA,NA
"3528",33,40,1,1,1,1,1,NA,NA
"3529",33,94,1,1,1,0,0,NA,NA
"3530",33,46,1,1,1,1,1,NA,NA
"3531",33,26,1,1,1,1,1,NA,NA
"3532",33,54,1,1,1,1,1,NA,NA
"3533",33,4,1,1,1,1,1,NA,NA
"3534",33,19,1,1,1,1,1,NA,NA
"3535",33,120,1,1,1,1,0,NA,NA
"3536",33,116,1,1,1,1,1,NA,NA
"3537",33,57,1,1,1,1,1,NA,NA
"3538",33,73,2,1,1,1,0,NA,NA
"3539",33,36,2,1,1,1,1,NA,NA
"3540",33,91,2,1,1,0,0,NA,NA
"3541",33,39,1,1,1,1,1,NA,NA
"3542",33,75,1,1,1,1,0,NA,NA
"3543",33,18,1,1,1,0,1,NA,NA
"3544",33,86,1,1,1,0,0,NA,NA
"3545",33,102,1,1,1,0,0,NA,NA
"3546",33,119,1,1,1,1,0,NA,NA
"3547",33,43,1,1,1,1,1,NA,NA
"3548",33,69,1,1,1,0,0,NA,NA
"3549",33,11,2,1,1,1,1,NA,NA
"3550",33,24,2,1,1,1,1,NA,NA
"3551",34,52,1,1,1,1,1,NA,NA
"3552",34,21,1,1,1,0,1,NA,NA
"3553",34,30,1,1,1,0,1,NA,NA
"3554",34,7,2,1,1,0,0,NA,NA
"3555",34,11,2,1,1,1,0,NA,NA
"3556",34,34,2,1,1,1,0,NA,NA
"3557",34,99,2,1,1,0,1,NA,NA
"3558",34,17,2,1,1,0,0,NA,NA
"3559",34,16,2,1,1,1,0,NA,NA
"3560",34,100,2,1,1,0,1,NA,NA
"3561",34,117,2,1,1,1,1,NA,NA
"3562",34,111,2,1,1,1,1,NA,NA
"3563",34,87,2,1,1,0,1,NA,NA
"3564",34,47,2,1,1,1,0,NA,NA
"3565",34,22,2,1,1,1,0,NA,NA
"3566",34,104,2,1,1,1,1,NA,NA
"3567",34,66,2,1,1,1,1,NA,NA
"3568",34,107,1,1,1,1,0,NA,NA
"3569",34,92,2,1,1,1,1,NA,NA
"3570",34,50,2,1,1,1,0,NA,NA
"3571",34,9,2,1,1,1,0,NA,NA
"3572",34,62,2,1,1,1,1,NA,NA
"3573",34,90,2,1,1,1,1,NA,NA
"3574",34,49,2,1,1,1,0,NA,NA
"3575",34,106,2,1,1,1,1,NA,NA
"3576",34,14,2,1,1,1,0,NA,NA
"3577",34,113,2,1,1,0,1,NA,NA
"3578",34,64,2,1,1,1,1,NA,NA
"3579",34,95,2,1,1,1,1,NA,NA
"3580",34,36,2,1,1,1,0,NA,NA
"3581",34,32,2,1,1,0,0,NA,NA
"3582",34,12,2,1,1,1,0,NA,NA
"3583",34,37,2,1,1,0,0,NA,NA
"3584",34,73,2,1,1,1,1,NA,NA
"3585",34,42,2,1,1,1,0,NA,NA
"3586",34,103,2,1,1,0,1,NA,NA
"3587",34,55,2,1,1,0,0,NA,NA
"3588",34,78,2,1,1,1,1,NA,NA
"3589",34,89,2,1,1,1,1,NA,NA
"3590",34,25,2,1,1,1,0,NA,NA
"3591",34,10,2,1,1,1,0,NA,NA
"3592",34,29,2,1,1,1,0,NA,NA
"3593",34,44,2,1,1,1,0,NA,NA
"3594",34,79,1,1,1,0,0,NA,NA
"3595",34,19,1,1,1,0,1,NA,NA
"3596",34,82,1,1,1,0,0,NA,NA
"3597",34,80,1,1,1,0,0,NA,NA
"3598",34,61,1,1,1,0,0,NA,NA
"3599",34,94,1,1,1,0,0,NA,NA
"3600",34,68,1,1,1,0,0,NA,NA
"3601",34,54,1,1,1,0,1,NA,NA
"3602",34,63,1,1,1,1,0,NA,NA
"3603",34,53,1,1,1,1,1,NA,NA
"3604",34,75,1,1,1,0,0,NA,NA
"3605",34,3,1,1,1,1,1,NA,NA
"3606",34,93,1,1,1,0,0,NA,NA
"3607",34,65,1,1,1,0,0,NA,NA
"3608",34,39,1,1,1,1,1,NA,NA
"3609",34,57,1,1,1,1,1,NA,NA
"3610",34,43,1,1,1,1,1,NA,NA
"3611",34,56,1,1,1,1,1,NA,NA
"3612",34,81,1,1,1,1,0,NA,NA
"3613",34,15,1,1,1,0,1,NA,NA
"3614",34,33,1,1,1,1,1,NA,NA
"3615",34,35,1,1,1,1,1,NA,NA
"3616",34,38,1,1,1,1,1,NA,NA
"3617",34,31,1,1,1,1,1,NA,NA
"3618",34,40,1,1,1,1,1,NA,NA
"3619",34,20,1,1,1,1,1,NA,NA
"3620",34,88,1,1,1,0,0,NA,NA
"3621",34,28,1,1,1,0,1,NA,NA
"3622",34,85,1,1,1,1,0,NA,NA
"3623",34,74,1,1,1,1,0,NA,NA
"3624",34,84,1,1,1,0,0,NA,NA
"3625",34,105,1,1,1,0,0,NA,NA
"3626",34,115,1,1,1,1,0,NA,NA
"3627",34,116,1,1,1,1,1,NA,NA
"3628",34,102,1,1,1,0,0,NA,NA
"3629",34,86,1,1,1,0,0,NA,NA
"3630",34,46,1,1,1,1,1,NA,NA
"3631",34,23,1,1,1,1,1,NA,NA
"3632",34,4,1,1,1,0,1,NA,NA
"3633",34,109,1,1,1,1,0,NA,NA
"3634",34,2,1,1,1,0,1,NA,NA
"3635",34,76,1,1,1,1,0,NA,NA
"3636",34,108,1,1,1,1,0,NA,NA
"3637",34,26,1,1,1,1,1,NA,NA
"3638",34,112,1,1,1,1,0,NA,NA
"3639",34,18,1,1,1,0,1,NA,NA
"3640",34,13,1,1,1,1,1,NA,NA
"3641",34,69,1,1,1,0,0,NA,NA
"3642",34,120,1,1,1,0,0,NA,NA
"3643",34,45,1,1,1,0,1,NA,NA
"3644",34,97,1,1,1,1,0,NA,NA
"3645",34,71,1,1,1,0,0,NA,NA
"3646",34,119,1,1,1,1,0,NA,NA
"3647",34,59,1,1,1,1,1,NA,NA
"3648",34,96,2,1,1,1,1,NA,NA
"3649",34,83,2,1,1,1,1,NA,NA
"3650",34,98,2,1,1,0,1,NA,NA
"3651",34,91,2,1,1,0,1,NA,NA
"3652",34,8,2,1,1,0,0,NA,NA
"3653",34,24,2,1,1,0,0,NA,NA
"3654",34,60,2,1,1,1,1,NA,NA
"3655",34,110,2,1,1,1,1,NA,NA
"3656",34,27,2,1,1,1,0,NA,NA
"3657",34,70,2,1,1,1,1,NA,NA
"3658",34,51,2,1,1,1,0,NA,NA
"3659",34,67,2,1,1,0,1,NA,NA
"3660",34,72,2,1,1,1,1,NA,NA
"3661",34,48,2,1,1,1,0,NA,NA
"3662",34,58,2,1,1,0,0,NA,NA
"3663",34,101,2,1,1,1,1,NA,NA
"3664",34,77,2,1,1,1,1,NA,NA
"3665",34,5,2,1,1,0,0,NA,NA
"3666",34,41,2,1,1,0,0,NA,NA
"3667",35,110,1,1,1,0,0,NA,NA
"3668",35,18,1,1,1,1,1,NA,NA
"3669",35,113,1,1,1,1,0,NA,NA
"3670",35,30,1,1,1,1,1,NA,NA
"3671",35,59,1,1,1,1,1,NA,NA
"3672",35,64,1,1,1,0,0,NA,NA
"3673",35,83,1,1,1,0,0,NA,NA
"3674",35,40,1,1,1,1,1,NA,NA
"3675",35,38,1,1,1,1,1,NA,NA
"3676",35,92,1,1,1,1,0,NA,NA
"3677",35,89,1,1,1,0,0,NA,NA
"3678",35,96,1,1,1,0,0,NA,NA
"3679",35,95,1,1,1,0,0,NA,NA
"3680",35,117,1,1,1,1,0,NA,NA
"3681",35,57,1,1,1,1,1,NA,NA
"3682",35,45,1,1,1,0,1,NA,NA
"3683",35,26,1,1,1,1,1,NA,NA
"3684",35,60,1,1,1,0,0,NA,NA
"3685",35,23,1,1,1,1,1,NA,NA
"3686",35,53,1,1,1,1,1,NA,NA
"3687",35,99,1,1,1,0,0,NA,NA
"3688",35,90,1,1,1,1,0,NA,NA
"3689",35,20,1,1,1,1,1,NA,NA
"3690",35,19,1,1,1,0,1,NA,NA
"3691",35,103,1,1,1,0,0,NA,NA
"3692",35,87,1,1,1,0,0,NA,NA
"3693",35,31,1,1,1,0,1,NA,NA
"3694",35,73,1,1,1,1,0,NA,NA
"3695",35,28,1,1,1,1,1,NA,NA
"3696",35,72,1,1,1,1,0,NA,NA
"3697",35,104,1,1,1,1,0,NA,NA
"3698",35,106,1,1,1,1,0,NA,NA
"3699",35,2,1,1,1,0,1,NA,NA
"3700",35,67,1,1,1,1,0,NA,NA
"3701",35,39,1,1,1,0,1,NA,NA
"3702",35,66,1,1,1,1,0,NA,NA
"3703",35,52,1,1,1,0,1,NA,NA
"3704",35,33,1,1,1,1,1,NA,NA
"3705",35,91,1,1,1,0,0,NA,NA
"3706",35,114,1,1,1,0,0,NA,NA
"3707",35,15,1,1,1,1,1,NA,NA
"3708",35,43,1,1,1,1,1,NA,NA
"3709",35,54,1,1,1,1,1,NA,NA
"3710",35,6,1,1,1,1,1,NA,NA
"3711",35,36,2,1,1,0,1,NA,NA
"3712",35,69,2,1,1,1,0,NA,NA
"3713",35,107,2,1,1,1,0,NA,NA
"3714",35,27,2,1,1,1,1,NA,NA
"3715",35,10,2,1,1,1,1,NA,NA
"3716",35,86,2,1,1,0,0,NA,NA
"3717",35,12,2,1,1,1,1,NA,NA
"3718",35,93,2,1,1,0,0,NA,NA
"3719",35,9,2,1,1,0,1,NA,NA
"3720",35,75,2,1,1,1,0,NA,NA
"3721",35,11,2,1,1,1,1,NA,NA
"3722",35,29,2,1,1,1,1,NA,NA
"3723",35,82,2,1,1,1,0,NA,NA
"3724",35,17,2,1,1,0,1,NA,NA
"3725",35,50,2,1,1,1,1,NA,NA
"3726",35,41,2,1,1,0,1,NA,NA
"3727",35,94,2,1,1,0,0,NA,NA
"3728",35,5,2,1,1,0,1,NA,NA
"3729",35,16,2,1,1,1,1,NA,NA
"3730",35,102,2,1,1,0,0,NA,NA
"3731",35,71,2,1,1,1,0,NA,NA
"3732",35,65,2,1,1,1,0,NA,NA
"3733",35,47,2,1,1,0,1,NA,NA
"3734",35,8,2,1,1,1,1,NA,NA
"3735",35,108,2,1,1,1,0,NA,NA
"3736",35,25,2,1,1,0,1,NA,NA
"3737",35,68,2,1,1,1,0,NA,NA
"3738",35,63,2,1,1,1,0,NA,NA
"3739",35,112,2,1,1,1,0,NA,NA
"3740",35,118,2,1,1,0,0,NA,NA
"3741",35,120,2,1,1,1,0,NA,NA
"3742",35,74,2,1,1,1,0,NA,NA
"3743",35,32,2,1,1,1,1,NA,NA
"3744",35,80,2,1,1,0,0,NA,NA
"3745",35,55,2,1,1,1,1,NA,NA
"3746",35,22,2,1,1,1,1,NA,NA
"3747",35,7,2,1,1,1,1,NA,NA
"3748",35,58,2,1,1,1,1,NA,NA
"3749",35,81,2,1,1,1,0,NA,NA
"3750",35,51,2,1,1,1,1,NA,NA
"3751",35,109,2,1,1,0,0,NA,NA
"3752",35,85,2,1,1,1,0,NA,NA
"3753",35,42,2,1,1,1,1,NA,NA
"3754",35,44,2,1,1,1,1,NA,NA
"3755",35,115,2,1,1,1,0,NA,NA
"3756",35,37,2,1,1,1,1,NA,NA
"3757",35,76,2,1,1,0,0,NA,NA
"3758",35,105,2,1,1,1,0,NA,NA
"3759",35,88,2,1,1,0,0,NA,NA
"3760",35,14,2,1,1,1,1,NA,NA
"3761",35,34,2,1,1,0,1,NA,NA
"3762",35,48,2,1,1,1,1,NA,NA
"3763",35,119,2,1,1,0,0,NA,NA
"3764",35,1,2,1,1,1,1,NA,NA
"3765",35,35,1,1,1,0,1,NA,NA
"3766",35,46,1,1,1,0,1,NA,NA
"3767",35,56,1,1,1,1,1,NA,NA
"3768",35,62,1,1,1,1,0,NA,NA
"3769",35,13,1,1,1,0,1,NA,NA
"3770",35,21,1,1,1,1,1,NA,NA
"3771",35,98,1,1,1,1,0,NA,NA
"3772",35,70,1,1,1,1,0,NA,NA
"3773",35,78,1,1,1,0,0,NA,NA
"3774",35,111,1,1,1,1,0,NA,NA
"3775",35,4,1,1,1,1,1,NA,NA
"3776",35,101,1,1,1,0,0,NA,NA
"3777",35,77,1,1,1,0,0,NA,NA
"3778",35,79,2,1,1,0,0,NA,NA
"3779",35,61,2,1,1,0,0,NA,NA
"3780",35,24,2,1,1,0,1,NA,NA
"3781",35,100,1,1,1,0,0,NA,NA
"3782",35,3,1,1,1,1,1,NA,NA
"3783",35,116,1,1,1,1,1,NA,NA
"3784",35,84,2,1,1,1,0,NA,NA
"3785",35,49,2,1,1,1,1,NA,NA
"3786",35,97,2,1,1,1,0,NA,NA
"3787",36,117,1,1,1,0,0,NA,NA
"3788",36,11,2,1,1,0,0,NA,NA
"3789",36,19,1,1,1,0,1,NA,NA
"3790",36,106,1,1,1,1,0,NA,NA
"3791",36,91,1,1,1,0,0,NA,NA
"3792",36,13,1,1,1,1,1,NA,NA
"3793",36,52,1,1,1,1,1,NA,NA
"3794",36,69,2,1,1,1,1,NA,NA
"3795",36,107,2,1,1,1,1,NA,NA
"3796",36,8,2,1,1,1,0,NA,NA
"3797",36,37,2,1,1,0,0,NA,NA
"3798",36,22,2,1,1,0,0,NA,NA
"3799",36,68,2,1,1,1,1,NA,NA
"3800",36,75,2,1,1,1,1,NA,NA
"3801",36,47,2,1,1,0,0,NA,NA
"3802",36,58,2,1,1,0,0,NA,NA
"3803",36,27,2,1,1,1,0,NA,NA
"3804",36,12,2,1,1,1,0,NA,NA
"3805",36,119,2,1,1,1,1,NA,NA
"3806",36,81,2,1,1,1,1,NA,NA
"3807",36,10,2,1,1,0,0,NA,NA
"3808",36,36,2,1,1,1,0,NA,NA
"3809",36,44,2,1,1,0,0,NA,NA
"3810",36,120,2,1,1,1,1,NA,NA
"3811",36,55,2,1,1,0,0,NA,NA
"3812",36,94,2,1,1,0,1,NA,NA
"3813",36,108,2,1,1,1,1,NA,NA
"3814",36,61,2,1,1,1,1,NA,NA
"3815",36,49,2,1,1,1,0,NA,NA
"3816",36,63,2,1,1,1,1,NA,NA
"3817",36,86,2,1,1,1,1,NA,NA
"3818",36,85,2,1,1,1,1,NA,NA
"3819",36,42,2,1,1,0,0,NA,NA
"3820",36,14,2,1,1,1,0,NA,NA
"3821",36,97,2,1,1,1,1,NA,NA
"3822",36,34,2,1,1,1,0,NA,NA
"3823",36,115,2,1,1,1,1,NA,NA
"3824",36,79,2,1,1,1,1,NA,NA
"3825",36,118,2,1,1,1,1,NA,NA
"3826",36,50,2,1,1,1,0,NA,NA
"3827",36,80,2,1,1,0,1,NA,NA
"3828",36,41,2,1,1,1,0,NA,NA
"3829",36,17,2,1,1,0,0,NA,NA
"3830",36,71,2,1,1,1,1,NA,NA
"3831",36,1,2,1,1,0,0,NA,NA
"3832",36,88,2,1,1,0,1,NA,NA
"3833",36,48,2,1,1,1,0,NA,NA
"3834",36,20,1,1,1,1,1,NA,NA
"3835",36,116,1,1,1,1,1,NA,NA
"3836",36,90,1,1,1,0,0,NA,NA
"3837",36,15,1,1,1,1,1,NA,NA
"3838",36,87,1,1,1,0,0,NA,NA
"3839",36,78,1,1,1,1,0,NA,NA
"3840",36,28,1,1,1,1,1,NA,NA
"3841",36,66,1,1,1,0,0,NA,NA
"3842",36,114,1,1,1,0,0,NA,NA
"3843",36,113,1,1,1,0,0,NA,NA
"3844",36,101,1,1,1,0,0,NA,NA
"3845",36,26,1,1,1,1,1,NA,NA
"3846",36,99,1,1,1,1,0,NA,NA
"3847",36,98,1,1,1,1,0,NA,NA
"3848",36,38,1,1,1,1,1,NA,NA
"3849",36,56,1,1,1,1,1,NA,NA
"3850",36,70,1,1,1,1,0,NA,NA
"3851",36,39,1,1,1,1,1,NA,NA
"3852",36,4,1,1,1,0,1,NA,NA
"3853",36,83,1,1,1,1,0,NA,NA
"3854",36,53,1,1,1,0,1,NA,NA
"3855",36,3,1,1,1,1,1,NA,NA
"3856",36,59,1,1,1,1,1,NA,NA
"3857",36,6,1,1,1,0,1,NA,NA
"3858",36,46,1,1,1,1,1,NA,NA
"3859",36,100,1,1,1,1,0,NA,NA
"3860",36,35,1,1,1,1,1,NA,NA
"3861",36,77,1,1,1,1,0,NA,NA
"3862",36,2,1,1,1,1,1,NA,NA
"3863",36,73,1,1,1,1,0,NA,NA
"3864",36,62,1,1,1,1,0,NA,NA
"3865",36,95,1,1,1,1,0,NA,NA
"3866",36,103,1,1,1,0,0,NA,NA
"3867",36,43,1,1,1,1,1,NA,NA
"3868",36,30,1,1,1,1,1,NA,NA
"3869",36,111,1,1,1,1,0,NA,NA
"3870",36,21,1,1,1,1,1,NA,NA
"3871",36,96,1,1,1,0,0,NA,NA
"3872",36,64,1,1,1,0,0,NA,NA
"3873",36,104,1,1,1,0,0,NA,NA
"3874",36,33,1,1,1,1,1,NA,NA
"3875",36,57,1,1,1,1,1,NA,NA
"3876",36,60,1,1,1,0,0,NA,NA
"3877",36,54,1,1,1,1,1,NA,NA
"3878",36,23,1,1,1,0,1,NA,NA
"3879",36,18,1,1,1,1,1,NA,NA
"3880",36,92,1,1,1,0,0,NA,NA
"3881",36,45,1,1,1,0,1,NA,NA
"3882",36,89,1,1,1,1,0,NA,NA
"3883",36,67,1,1,1,0,0,NA,NA
"3884",36,72,1,1,1,0,0,NA,NA
"3885",36,40,1,1,1,1,1,NA,NA
"3886",36,31,1,1,1,1,1,NA,NA
"3887",36,110,1,1,1,1,0,NA,NA
"3888",36,82,2,1,1,0,1,NA,NA
"3889",36,84,2,1,1,1,1,NA,NA
"3890",36,93,2,1,1,1,1,NA,NA
"3891",36,51,2,1,1,1,0,NA,NA
"3892",36,109,2,1,1,1,1,NA,NA
"3893",36,65,2,1,1,1,1,NA,NA
"3894",36,102,2,1,1,0,1,NA,NA
"3895",36,105,2,1,1,1,1,NA,NA
"3896",36,5,2,1,1,0,0,NA,NA
"3897",36,32,2,1,1,1,0,NA,NA
"3898",36,16,2,1,1,1,0,NA,NA
"3899",36,74,2,1,1,1,1,NA,NA
"3900",36,7,2,1,1,1,0,NA,NA
"3901",36,29,2,1,1,1,0,NA,NA
"3902",36,9,2,1,1,0,0,NA,NA
"3903",36,112,2,1,1,1,1,NA,NA
"3904",36,24,2,1,1,1,0,NA,NA
"3905",36,76,2,1,1,0,1,NA,NA
"3906",36,25,2,1,1,0,0,NA,NA
"3907",37,75,1,1,1,1,1,NA,NA
"3908",37,37,1,1,1,0,0,NA,NA
"3909",37,71,1,1,1,1,1,NA,NA
"3910",37,41,1,1,1,0,0,NA,NA
"3911",37,74,1,1,1,1,1,NA,NA
"3912",37,24,1,1,1,0,0,NA,NA
"3913",37,88,1,1,1,1,1,NA,NA
"3914",37,61,1,1,1,1,1,NA,NA
"3915",37,109,1,1,1,0,1,NA,NA
"3916",37,84,1,1,1,1,1,NA,NA
"3917",37,85,1,1,1,0,1,NA,NA
"3918",37,69,1,1,1,1,1,NA,NA
"3919",37,82,1,1,1,1,1,NA,NA
"3920",37,65,1,1,1,1,1,NA,NA
"3921",37,86,1,1,1,1,1,NA,NA
"3922",37,22,1,1,1,1,0,NA,NA
"3923",37,49,1,1,1,0,0,NA,NA
"3924",37,12,1,1,1,1,0,NA,NA
"3925",37,1,1,1,1,0,0,NA,NA
"3926",37,115,1,1,1,1,1,NA,NA
"3927",37,63,1,1,1,1,1,NA,NA
"3928",37,27,1,1,1,0,0,NA,NA
"3929",37,50,1,1,1,0,0,NA,NA
"3930",37,36,1,1,1,1,0,NA,NA
"3931",37,25,1,1,1,1,0,NA,NA
"3932",37,108,1,1,1,1,1,NA,NA
"3933",37,76,1,1,1,1,1,NA,NA
"3934",37,42,1,1,1,0,0,NA,NA
"3935",37,47,1,1,1,1,0,NA,NA
"3936",37,79,1,1,1,1,1,NA,NA
"3937",37,94,1,1,1,1,1,NA,NA
"3938",37,9,1,1,1,0,0,NA,NA
"3939",37,58,1,1,1,1,0,NA,NA
"3940",37,102,1,1,1,1,1,NA,NA
"3941",37,112,1,1,1,1,1,NA,NA
"3942",37,16,1,1,1,0,0,NA,NA
"3943",37,105,1,1,1,1,1,NA,NA
"3944",37,10,1,1,1,0,0,NA,NA
"3945",37,48,1,1,1,0,0,NA,NA
"3946",37,55,1,1,1,0,0,NA,NA
"3947",37,7,1,1,1,0,0,NA,NA
"3948",37,80,1,1,1,1,1,NA,NA
"3949",37,11,1,1,1,1,0,NA,NA
"3950",37,34,1,1,1,1,0,NA,NA
"3951",37,32,1,1,1,0,0,NA,NA
"3952",37,43,2,1,1,0,1,NA,NA
"3953",37,66,2,1,1,1,0,NA,NA
"3954",37,62,2,1,1,1,0,NA,NA
"3955",37,117,2,1,1,1,0,NA,NA
"3956",37,110,2,1,1,0,0,NA,NA
"3957",37,101,2,1,1,1,0,NA,NA
"3958",37,111,2,1,1,0,0,NA,NA
"3959",37,38,2,1,1,1,1,NA,NA
"3960",37,67,2,1,1,1,0,NA,NA
"3961",37,91,2,1,1,0,0,NA,NA
"3962",37,73,2,1,1,0,0,NA,NA
"3963",37,35,2,1,1,1,1,NA,NA
"3964",37,2,2,1,1,1,1,NA,NA
"3965",37,114,2,1,1,0,0,NA,NA
"3966",37,3,2,1,1,1,1,NA,NA
"3967",37,59,2,1,1,1,1,NA,NA
"3968",37,33,2,1,1,1,1,NA,NA
"3969",37,53,2,1,1,1,1,NA,NA
"3970",37,57,2,1,1,1,1,NA,NA
"3971",37,103,2,1,1,1,0,NA,NA
"3972",37,15,2,1,1,1,1,NA,NA
"3973",37,18,2,1,1,1,1,NA,NA
"3974",37,96,2,1,1,1,0,NA,NA
"3975",37,83,2,1,1,1,0,NA,NA
"3976",37,70,2,1,1,1,0,NA,NA
"3977",37,56,2,1,1,1,1,NA,NA
"3978",37,106,2,1,1,0,0,NA,NA
"3979",37,40,2,1,1,1,1,NA,NA
"3980",37,95,2,1,1,1,0,NA,NA
"3981",37,52,2,1,1,1,1,NA,NA
"3982",37,45,2,1,1,1,1,NA,NA
"3983",37,78,2,1,1,0,0,NA,NA
"3984",37,98,2,1,1,1,0,NA,NA
"3985",37,30,2,1,1,1,1,NA,NA
"3986",37,39,2,1,1,1,1,NA,NA
"3987",37,99,2,1,1,1,0,NA,NA
"3988",37,104,2,1,1,0,0,NA,NA
"3989",37,31,2,1,1,0,1,NA,NA
"3990",37,28,2,1,1,0,1,NA,NA
"3991",37,46,2,1,1,1,1,NA,NA
"3992",37,113,2,1,1,0,0,NA,NA
"3993",37,77,2,1,1,1,0,NA,NA
"3994",37,4,2,1,1,0,1,NA,NA
"3995",37,20,2,1,1,1,1,NA,NA
"3996",37,100,2,1,1,1,0,NA,NA
"3997",37,89,2,1,1,0,0,NA,NA
"3998",37,13,2,1,1,1,1,NA,NA
"3999",37,64,2,1,1,0,0,NA,NA
"4000",37,87,2,1,1,0,0,NA,NA
"4001",37,92,2,1,1,0,0,NA,NA
"4002",37,26,2,1,1,1,1,NA,NA
"4003",37,21,2,1,1,0,1,NA,NA
"4004",37,23,2,1,1,1,1,NA,NA
"4005",37,60,2,1,1,0,0,NA,NA
"4006",37,81,1,1,1,0,1,NA,NA
"4007",37,14,1,1,1,0,0,NA,NA
"4008",37,118,1,1,1,0,1,NA,NA
"4009",37,120,1,1,1,0,1,NA,NA
"4010",37,107,1,1,1,1,1,NA,NA
"4011",37,44,1,1,1,1,0,NA,NA
"4012",37,97,1,1,1,1,1,NA,NA
"4013",37,5,1,1,1,0,0,NA,NA
"4014",37,51,1,1,1,0,0,NA,NA
"4015",37,119,1,1,1,0,1,NA,NA
"4016",37,93,1,1,1,0,1,NA,NA
"4017",37,29,1,1,1,0,0,NA,NA
"4018",37,8,1,1,1,0,0,NA,NA
"4019",37,116,2,1,1,1,1,NA,NA
"4020",37,6,2,1,1,1,1,NA,NA
"4021",37,72,2,1,1,0,0,NA,NA
"4022",37,54,2,1,1,0,1,NA,NA
"4023",37,17,1,1,1,0,0,NA,NA
"4024",37,68,1,1,1,1,1,NA,NA
"4025",37,90,2,1,1,1,0,NA,NA
"4026",37,19,2,1,1,0,1,NA,NA
"4027",38,81,1,1,1,1,1,NA,NA
"4028",38,24,1,1,1,0,0,NA,NA
"4029",38,21,2,1,1,0,0,NA,NA
"4030",38,6,2,1,1,1,0,NA,NA
"4031",38,108,1,1,1,1,1,NA,NA
"4032",38,115,1,1,1,1,1,NA,NA
"4033",38,105,1,1,1,0,1,NA,NA
"4034",38,102,1,1,1,0,1,NA,NA
"4035",38,18,2,1,1,1,0,NA,NA
"4036",38,87,2,1,1,0,1,NA,NA
"4037",38,45,2,1,1,1,0,NA,NA
"4038",38,113,2,1,1,1,1,NA,NA
"4039",38,60,2,1,1,1,1,NA,NA
"4040",38,57,2,1,1,0,0,NA,NA
"4041",38,54,2,1,1,1,0,NA,NA
"4042",38,20,2,1,1,1,0,NA,NA
"4043",38,46,2,1,1,0,0,NA,NA
"4044",38,91,2,1,1,1,1,NA,NA
"4045",38,19,2,1,1,1,0,NA,NA
"4046",38,116,2,1,1,1,0,NA,NA
"4047",38,31,2,1,1,1,0,NA,NA
"4048",38,110,2,1,1,0,1,NA,NA
"4049",38,66,2,1,1,0,1,NA,NA
"4050",38,72,2,1,1,1,1,NA,NA
"4051",38,104,2,1,1,1,1,NA,NA
"4052",38,35,2,1,1,1,0,NA,NA
"4053",38,62,2,1,1,1,1,NA,NA
"4054",38,101,2,1,1,0,1,NA,NA
"4055",38,56,2,1,1,1,0,NA,NA
"4056",38,117,2,1,1,1,1,NA,NA
"4057",38,39,2,1,1,0,0,NA,NA
"4058",38,52,2,1,1,0,0,NA,NA
"4059",38,90,2,1,1,1,1,NA,NA
"4060",38,95,2,1,1,0,1,NA,NA
"4061",38,106,2,1,1,0,1,NA,NA
"4062",38,3,2,1,1,1,0,NA,NA
"4063",38,77,2,1,1,1,1,NA,NA
"4064",38,23,2,1,1,1,0,NA,NA
"4065",38,114,2,1,1,1,1,NA,NA
"4066",38,33,2,1,1,0,0,NA,NA
"4067",38,13,2,1,1,1,0,NA,NA
"4068",38,111,2,1,1,1,1,NA,NA
"4069",38,53,2,1,1,1,0,NA,NA
"4070",38,98,2,1,1,1,1,NA,NA
"4071",38,59,2,1,1,1,0,NA,NA
"4072",38,40,2,1,1,1,0,NA,NA
"4073",38,100,2,1,1,1,1,NA,NA
"4074",38,96,2,1,1,0,1,NA,NA
"4075",38,93,1,1,1,1,1,NA,NA
"4076",38,120,1,1,1,1,1,NA,NA
"4077",38,61,1,1,1,0,1,NA,NA
"4078",38,29,1,1,1,1,0,NA,NA
"4079",38,82,1,1,1,1,1,NA,NA
"4080",38,75,1,1,1,0,1,NA,NA
"4081",38,65,1,1,1,0,1,NA,NA
"4082",38,48,1,1,1,1,0,NA,NA
"4083",38,25,1,1,1,1,0,NA,NA
"4084",38,22,1,1,1,1,0,NA,NA
"4085",38,97,1,1,1,0,1,NA,NA
"4086",38,79,1,1,1,1,1,NA,NA
"4087",38,12,1,1,1,1,0,NA,NA
"4088",38,80,1,1,1,0,1,NA,NA
"4089",38,71,1,1,1,1,1,NA,NA
"4090",38,63,1,1,1,1,1,NA,NA
"4091",38,76,1,1,1,0,1,NA,NA
"4092",38,49,1,1,1,1,0,NA,NA
"4093",38,86,1,1,1,0,1,NA,NA
"4094",38,37,1,1,1,0,0,NA,NA
"4095",38,36,1,1,1,1,0,NA,NA
"4096",38,9,1,1,1,1,0,NA,NA
"4097",38,11,1,1,1,1,0,NA,NA
"4098",38,7,1,1,1,0,0,NA,NA
"4099",38,68,1,1,1,0,1,NA,NA
"4100",38,41,1,1,1,0,0,NA,NA
"4101",38,8,1,1,1,1,0,NA,NA
"4102",38,112,1,1,1,1,1,NA,NA
"4103",38,5,1,1,1,0,0,NA,NA
"4104",38,109,1,1,1,1,1,NA,NA
"4105",38,34,1,1,1,0,0,NA,NA
"4106",38,119,1,1,1,1,1,NA,NA
"4107",38,42,1,1,1,1,0,NA,NA
"4108",38,58,1,1,1,1,0,NA,NA
"4109",38,85,1,1,1,1,1,NA,NA
"4110",38,88,1,1,1,1,1,NA,NA
"4111",38,10,1,1,1,1,0,NA,NA
"4112",38,50,1,1,1,1,0,NA,NA
"4113",38,84,1,1,1,1,1,NA,NA
"4114",38,94,1,1,1,0,1,NA,NA
"4115",38,69,1,1,1,1,1,NA,NA
"4116",38,32,1,1,1,1,0,NA,NA
"4117",38,51,1,1,1,1,0,NA,NA
"4118",38,17,1,1,1,0,0,NA,NA
"4119",38,118,1,1,1,1,1,NA,NA
"4120",38,1,1,1,1,0,0,NA,NA
"4121",38,55,1,1,1,0,0,NA,NA
"4122",38,74,1,1,1,1,1,NA,NA
"4123",38,27,1,1,1,1,0,NA,NA
"4124",38,44,1,1,1,1,0,NA,NA
"4125",38,16,1,1,1,0,0,NA,NA
"4126",38,107,1,1,1,1,1,NA,NA
"4127",38,14,1,1,1,1,0,NA,NA
"4128",38,47,1,1,1,1,0,NA,NA
"4129",38,30,2,1,1,0,0,NA,NA
"4130",38,38,2,1,1,1,0,NA,NA
"4131",38,83,2,1,1,1,1,NA,NA
"4132",38,67,2,1,1,1,1,NA,NA
"4133",38,99,2,1,1,1,1,NA,NA
"4134",38,43,2,1,1,1,0,NA,NA
"4135",38,28,2,1,1,1,0,NA,NA
"4136",38,15,2,1,1,0,0,NA,NA
"4137",38,89,2,1,1,1,1,NA,NA
"4138",38,2,2,1,1,0,0,NA,NA
"4139",38,78,2,1,1,1,1,NA,NA
"4140",38,4,2,1,1,0,0,NA,NA
"4141",38,64,2,1,1,1,1,NA,NA
"4142",38,92,2,1,1,1,1,NA,NA
"4143",38,73,2,1,1,0,1,NA,NA
"4144",38,26,2,1,1,1,0,NA,NA
"4145",38,103,2,1,1,1,1,NA,NA
"4146",38,70,2,1,1,1,1,NA,NA
"4147",39,119,1,1,1,1,1,NA,NA
"4148",39,52,1,1,1,0,0,NA,NA
"4149",39,31,1,1,1,1,0,NA,NA
"4150",39,69,1,1,1,1,1,NA,NA
"4151",39,46,1,1,1,1,0,NA,NA
"4152",39,63,1,1,1,1,1,NA,NA
"4153",39,79,1,1,1,1,1,NA,NA
"4154",39,94,1,1,1,1,1,NA,NA
"4155",39,59,1,1,1,1,0,NA,NA
"4156",39,39,1,1,1,1,0,NA,NA
"4157",39,102,1,1,1,0,1,NA,NA
"4158",39,115,1,1,1,0,1,NA,NA
"4159",39,3,1,1,1,1,0,NA,NA
"4160",39,54,1,1,1,0,0,NA,NA
"4161",39,107,1,1,1,1,1,NA,NA
"4162",39,53,1,1,1,0,0,NA,NA
"4163",39,85,1,1,1,1,1,NA,NA
"4164",39,81,1,1,1,1,1,NA,NA
"4165",39,80,1,1,1,0,1,NA,NA
"4166",39,35,1,1,1,0,0,NA,NA
"4167",39,93,1,1,1,1,1,NA,NA
"4168",39,86,1,1,1,1,1,NA,NA
"4169",39,38,1,1,1,1,0,NA,NA
"4170",39,40,1,1,1,0,0,NA,NA
"4171",39,84,1,1,1,1,1,NA,NA
"4172",39,109,1,1,1,0,1,NA,NA
"4173",39,120,1,1,1,1,1,NA,NA
"4174",39,97,1,1,1,1,1,NA,NA
"4175",39,116,1,1,1,0,0,NA,NA
"4176",39,6,1,1,1,1,0,NA,NA
"4177",39,43,1,1,1,1,0,NA,NA
"4178",39,105,1,1,1,0,1,NA,NA
"4179",39,19,1,1,1,1,0,NA,NA
"4180",39,82,1,1,1,1,1,NA,NA
"4181",39,33,1,1,1,0,0,NA,NA
"4182",39,57,1,1,1,1,0,NA,NA
"4183",39,74,1,1,1,1,1,NA,NA
"4184",39,28,1,1,1,0,0,NA,NA
"4185",39,56,1,1,1,1,0,NA,NA
"4186",39,21,1,1,1,1,0,NA,NA
"4187",39,23,1,1,1,1,0,NA,NA
"4188",39,2,1,1,1,0,0,NA,NA
"4189",39,30,1,1,1,0,0,NA,NA
"4190",39,68,1,1,1,1,1,NA,NA
"4191",39,65,1,1,1,1,1,NA,NA
"4192",39,45,1,1,1,0,0,NA,NA
"4193",39,66,2,1,1,1,0,NA,NA
"4194",39,10,2,1,1,0,1,NA,NA
"4195",39,7,2,1,1,0,1,NA,NA
"4196",39,117,2,1,1,1,0,NA,NA
"4197",39,49,2,1,1,1,1,NA,NA
"4198",39,90,2,1,1,0,0,NA,NA
"4199",39,106,2,1,1,1,0,NA,NA
"4200",39,111,2,1,1,1,0,NA,NA
"4201",39,83,2,1,1,1,0,NA,NA
"4202",39,50,2,1,1,1,1,NA,NA
"4203",39,104,2,1,1,1,0,NA,NA
"4204",39,51,2,1,1,1,1,NA,NA
"4205",39,9,2,1,1,1,1,NA,NA
"4206",39,110,2,1,1,1,0,NA,NA
"4207",39,44,2,1,1,1,1,NA,NA
"4208",39,100,2,1,1,0,0,NA,NA
"4209",39,11,2,1,1,1,1,NA,NA
"4210",39,60,2,1,1,1,0,NA,NA
"4211",39,73,2,1,1,0,0,NA,NA
"4212",39,96,2,1,1,1,0,NA,NA
"4213",39,113,2,1,1,0,0,NA,NA
"4214",39,32,2,1,1,0,1,NA,NA
"4215",39,27,2,1,1,1,1,NA,NA
"4216",39,55,2,1,1,0,1,NA,NA
"4217",39,16,2,1,1,1,1,NA,NA
"4218",39,14,2,1,1,1,1,NA,NA
"4219",39,42,2,1,1,1,1,NA,NA
"4220",39,101,2,1,1,1,0,NA,NA
"4221",39,37,2,1,1,0,1,NA,NA
"4222",39,92,2,1,1,1,0,NA,NA
"4223",39,5,2,1,1,1,1,NA,NA
"4224",39,25,2,1,1,1,1,NA,NA
"4225",39,17,2,1,1,1,1,NA,NA
"4226",39,1,2,1,1,0,1,NA,NA
"4227",39,48,2,1,1,1,1,NA,NA
"4228",39,36,2,1,1,1,1,NA,NA
"4229",39,12,2,1,1,1,1,NA,NA
"4230",39,22,2,1,1,1,1,NA,NA
"4231",39,95,2,1,1,1,0,NA,NA
"4232",39,64,2,1,1,1,0,NA,NA
"4233",39,103,2,1,1,1,0,NA,NA
"4234",39,29,2,1,1,0,1,NA,NA
"4235",39,99,2,1,1,1,0,NA,NA
"4236",39,114,2,1,1,1,0,NA,NA
"4237",39,41,2,1,1,1,1,NA,NA
"4238",39,72,2,1,1,1,0,NA,NA
"4239",39,87,2,1,1,0,0,NA,NA
"4240",39,8,2,1,1,1,1,NA,NA
"4241",39,58,2,1,1,1,1,NA,NA
"4242",39,62,2,1,1,1,0,NA,NA
"4243",39,24,2,1,1,1,1,NA,NA
"4244",39,77,2,1,1,1,0,NA,NA
"4245",39,91,2,1,1,0,0,NA,NA
"4246",39,70,2,1,1,0,0,NA,NA
"4247",39,71,1,1,1,1,1,NA,NA
"4248",39,4,1,1,1,1,0,NA,NA
"4249",39,118,1,1,1,1,1,NA,NA
"4250",39,61,1,1,1,0,1,NA,NA
"4251",39,18,1,1,1,1,0,NA,NA
"4252",39,13,1,1,1,1,0,NA,NA
"4253",39,75,1,1,1,1,1,NA,NA
"4254",39,15,1,1,1,0,0,NA,NA
"4255",39,108,1,1,1,1,1,NA,NA
"4256",39,88,1,1,1,1,1,NA,NA
"4257",39,112,1,1,1,0,1,NA,NA
"4258",39,26,1,1,1,1,0,NA,NA
"4259",39,20,1,1,1,1,0,NA,NA
"4260",39,47,2,1,1,0,1,NA,NA
"4261",39,78,2,1,1,0,0,NA,NA
"4262",39,34,2,1,1,1,1,NA,NA
"4263",39,89,2,1,1,1,0,NA,NA
"4264",39,98,2,1,1,0,0,NA,NA
"4265",39,76,1,1,1,1,1,NA,NA
"4266",39,67,2,1,1,1,0,NA,NA
"4267",40,71,1,1,1,0,1,NA,NA
"4268",40,4,1,1,1,0,0,NA,NA
"4269",40,68,1,1,1,0,1,NA,NA
"4270",40,12,2,1,1,0,0,NA,NA
"4271",40,49,2,1,1,1,0,NA,NA
"4272",40,9,2,1,1,1,0,NA,NA
"4273",40,88,1,1,1,1,1,NA,NA
"4274",40,57,1,1,1,0,0,NA,NA
"4275",40,40,1,1,1,1,0,NA,NA
"4276",40,96,2,1,1,0,1,NA,NA
"4277",40,77,2,1,1,0,1,NA,NA
"4278",40,24,2,1,1,0,0,NA,NA
"4279",40,99,2,1,1,1,1,NA,NA
"4280",40,90,2,1,1,1,1,NA,NA
"4281",40,67,2,1,1,1,1,NA,NA
"4282",40,7,2,1,1,1,0,NA,NA
"4283",40,8,2,1,1,0,0,NA,NA
"4284",40,110,2,1,1,0,1,NA,NA
"4285",40,17,2,1,1,1,0,NA,NA
"4286",40,98,2,1,1,1,1,NA,NA
"4287",40,44,2,1,1,1,0,NA,NA
"4288",40,104,2,1,1,0,1,NA,NA
"4289",40,60,2,1,1,1,1,NA,NA
"4290",40,27,2,1,1,1,0,NA,NA
"4291",40,37,2,1,1,1,0,NA,NA
"4292",40,10,2,1,1,1,0,NA,NA
"4293",40,64,2,1,1,1,1,NA,NA
"4294",40,95,2,1,1,1,1,NA,NA
"4295",40,66,2,1,1,1,1,NA,NA
"4296",40,113,2,1,1,1,1,NA,NA
"4297",40,78,2,1,1,1,1,NA,NA
"4298",40,70,2,1,1,0,1,NA,NA
"4299",40,50,2,1,1,1,0,NA,NA
"4300",40,32,2,1,1,1,0,NA,NA
"4301",40,92,2,1,1,1,1,NA,NA
"4302",40,36,2,1,1,0,0,NA,NA
"4303",40,72,2,1,1,0,1,NA,NA
"4304",40,101,2,1,1,1,1,NA,NA
"4305",40,51,2,1,1,1,0,NA,NA
"4306",40,100,2,1,1,1,1,NA,NA
"4307",40,89,2,1,1,1,1,NA,NA
"4308",40,11,2,1,1,1,0,NA,NA
"4309",40,1,2,1,1,0,0,NA,NA
"4310",40,41,2,1,1,1,0,NA,NA
"4311",40,34,2,1,1,1,0,NA,NA
"4312",40,16,2,1,1,0,0,NA,NA
"4313",40,83,2,1,1,1,1,NA,NA
"4314",40,14,2,1,1,1,0,NA,NA
"4315",40,103,2,1,1,0,1,NA,NA
"4316",40,15,1,1,1,1,0,NA,NA
"4317",40,2,1,1,1,1,0,NA,NA
"4318",40,13,1,1,1,1,0,NA,NA
"4319",40,76,1,1,1,1,1,NA,NA
"4320",40,43,1,1,1,0,0,NA,NA
"4321",40,26,1,1,1,0,0,NA,NA
"4322",40,52,1,1,1,1,0,NA,NA
"4323",40,85,1,1,1,0,1,NA,NA
"4324",40,28,1,1,1,0,0,NA,NA
"4325",40,21,1,1,1,0,0,NA,NA
"4326",40,63,1,1,1,1,1,NA,NA
"4327",40,79,1,1,1,1,1,NA,NA
"4328",40,54,1,1,1,1,0,NA,NA
"4329",40,107,1,1,1,1,1,NA,NA
"4330",40,119,1,1,1,0,1,NA,NA
"4331",40,105,1,1,1,0,1,NA,NA
"4332",40,93,1,1,1,1,1,NA,NA
"4333",40,81,1,1,1,1,1,NA,NA
"4334",40,23,1,1,1,0,0,NA,NA
"4335",40,75,1,1,1,0,1,NA,NA
"4336",40,20,1,1,1,1,0,NA,NA
"4337",40,69,1,1,1,0,1,NA,NA
"4338",40,19,1,1,1,1,0,NA,NA
"4339",40,18,1,1,1,0,0,NA,NA
"4340",40,53,1,1,1,0,0,NA,NA
"4341",40,59,1,1,1,1,0,NA,NA
"4342",40,120,1,1,1,1,1,NA,NA
"4343",40,6,1,1,1,1,0,NA,NA
"4344",40,45,1,1,1,0,0,NA,NA
"4345",40,31,1,1,1,1,0,NA,NA
"4346",40,97,1,1,1,1,1,NA,NA
"4347",40,33,1,1,1,0,0,NA,NA
"4348",40,65,1,1,1,1,1,NA,NA
"4349",40,46,1,1,1,1,0,NA,NA
"4350",40,39,1,1,1,0,0,NA,NA
"4351",40,115,1,1,1,1,1,NA,NA
"4352",40,61,1,1,1,1,1,NA,NA
"4353",40,112,1,1,1,0,1,NA,NA
"4354",40,116,1,1,1,1,0,NA,NA
"4355",40,109,1,1,1,0,1,NA,NA
"4356",40,118,1,1,1,1,1,NA,NA
"4357",40,94,1,1,1,0,1,NA,NA
"4358",40,35,1,1,1,1,0,NA,NA
"4359",40,108,1,1,1,1,1,NA,NA
"4360",40,56,1,1,1,1,0,NA,NA
"4361",40,84,1,1,1,1,1,NA,NA
"4362",40,82,1,1,1,1,1,NA,NA
"4363",40,3,1,1,1,1,0,NA,NA
"4364",40,86,1,1,1,1,1,NA,NA
"4365",40,30,1,1,1,1,0,NA,NA
"4366",40,102,1,1,1,1,1,NA,NA
"4367",40,74,1,1,1,1,1,NA,NA
"4368",40,38,1,1,1,0,0,NA,NA
"4369",40,80,1,1,1,0,1,NA,NA
"4370",40,106,2,1,1,1,1,NA,NA
"4371",40,73,2,1,1,1,1,NA,NA
"4372",40,25,2,1,1,1,0,NA,NA
"4373",40,87,2,1,1,1,1,NA,NA
"4374",40,62,2,1,1,1,1,NA,NA
"4375",40,111,2,1,1,1,1,NA,NA
"4376",40,55,2,1,1,0,0,NA,NA
"4377",40,47,2,1,1,1,0,NA,NA
"4378",40,91,2,1,1,0,1,NA,NA
"4379",40,29,2,1,1,1,0,NA,NA
"4380",40,5,2,1,1,1,0,NA,NA
"4381",40,48,2,1,1,1,0,NA,NA
"4382",40,114,2,1,1,0,1,NA,NA
"4383",40,42,2,1,1,1,0,NA,NA
"4384",40,117,2,1,1,1,1,NA,NA
"4385",40,22,2,1,1,1,0,NA,NA
"4386",40,58,2,1,1,1,0,NA,NA
"4387",41,99,1,1,1,1,0,NA,NA
"4388",41,61,1,1,1,1,1,NA,NA
"4389",41,63,1,1,1,1,1,NA,NA
"4390",41,76,1,1,1,0,1,NA,NA
"4391",41,98,1,1,1,0,0,NA,NA
"4392",41,104,1,1,1,0,0,NA,NA
"4393",41,103,1,1,1,1,0,NA,NA
"4394",41,92,1,1,1,0,0,NA,NA
"4395",41,115,1,1,1,1,1,NA,NA
"4396",41,101,1,1,1,1,0,NA,NA
"4397",41,60,1,1,1,0,0,NA,NA
"4398",41,72,1,1,1,1,0,NA,NA
"4399",41,65,1,1,1,0,1,NA,NA
"4400",41,77,1,1,1,1,0,NA,NA
"4401",41,117,1,1,1,1,0,NA,NA
"4402",41,118,1,1,1,0,1,NA,NA
"4403",41,66,1,1,1,1,0,NA,NA
"4404",41,74,1,1,1,1,1,NA,NA
"4405",41,109,1,1,1,1,1,NA,NA
"4406",41,95,1,1,1,1,0,NA,NA
"4407",41,81,1,1,1,1,1,NA,NA
"4408",41,113,1,1,1,0,0,NA,NA
"4409",41,85,1,1,1,1,1,NA,NA
"4410",41,93,1,1,1,1,1,NA,NA
"4411",41,78,1,1,1,1,0,NA,NA
"4412",41,84,1,1,1,1,1,NA,NA
"4413",41,83,1,1,1,0,0,NA,NA
"4414",41,71,1,1,1,1,1,NA,NA
"4415",41,114,1,1,1,0,0,NA,NA
"4416",41,82,1,1,1,1,1,NA,NA
"4417",41,90,1,1,1,0,0,NA,NA
"4418",41,62,1,1,1,0,0,NA,NA
"4419",41,119,1,1,1,0,1,NA,NA
"4420",41,120,1,1,1,1,1,NA,NA
"4421",41,111,1,1,1,1,0,NA,NA
"4422",41,112,1,1,1,1,1,NA,NA
"4423",41,70,1,1,1,1,0,NA,NA
"4424",41,79,1,1,1,0,1,NA,NA
"4425",41,91,1,1,1,1,0,NA,NA
"4426",41,96,1,1,1,0,0,NA,NA
"4427",41,67,1,1,1,1,0,NA,NA
"4428",41,97,1,1,1,1,1,NA,NA
"4429",41,88,1,1,1,0,1,NA,NA
"4430",41,87,1,1,1,1,0,NA,NA
"4431",41,110,1,1,1,1,0,NA,NA
"4432",41,105,1,1,1,0,1,NA,NA
"4433",41,73,1,1,1,0,0,NA,NA
"4434",41,86,1,1,1,1,1,NA,NA
"4435",41,100,1,1,1,1,0,NA,NA
"4436",41,11,2,1,1,0,1,NA,NA
"4437",41,51,2,1,1,0,1,NA,NA
"4438",41,55,2,1,1,1,1,NA,NA
"4439",41,58,2,1,1,1,1,NA,NA
"4440",41,31,2,1,1,0,0,NA,NA
"4441",41,22,2,1,1,0,1,NA,NA
"4442",41,29,2,1,1,0,1,NA,NA
"4443",41,53,2,1,1,0,0,NA,NA
"4444",41,2,2,1,1,0,0,NA,NA
"4445",41,48,2,1,1,0,1,NA,NA
"4446",41,13,2,1,1,1,0,NA,NA
"4447",41,27,2,1,1,1,1,NA,NA
"4448",41,37,2,1,1,0,1,NA,NA
"4449",41,35,2,1,1,0,0,NA,NA
"4450",41,21,2,1,1,0,0,NA,NA
"4451",41,18,2,1,1,1,0,NA,NA
"4452",41,7,2,1,1,1,1,NA,NA
"4453",41,36,2,1,1,0,1,NA,NA
"4454",41,38,2,1,1,1,0,NA,NA
"4455",41,57,2,1,1,1,0,NA,NA
"4456",41,49,2,1,1,1,1,NA,NA
"4457",41,28,2,1,1,1,0,NA,NA
"4458",41,8,2,1,1,0,1,NA,NA
"4459",41,46,2,1,1,1,0,NA,NA
"4460",41,25,2,1,1,1,1,NA,NA
"4461",41,40,2,1,1,0,0,NA,NA
"4462",41,4,2,1,1,0,0,NA,NA
"4463",41,32,2,1,1,1,1,NA,NA
"4464",41,116,2,1,1,1,0,NA,NA
"4465",41,17,2,1,1,0,1,NA,NA
"4466",41,5,2,1,1,0,1,NA,NA
"4467",41,56,2,1,1,1,0,NA,NA
"4468",41,9,2,1,1,1,1,NA,NA
"4469",41,19,2,1,1,1,0,NA,NA
"4470",41,54,2,1,1,0,0,NA,NA
"4471",41,43,2,1,1,0,0,NA,NA
"4472",41,44,2,1,1,1,1,NA,NA
"4473",41,15,2,1,1,0,0,NA,NA
"4474",41,34,2,1,1,0,1,NA,NA
"4475",41,47,2,1,1,0,1,NA,NA
"4476",41,41,2,1,1,0,1,NA,NA
"4477",41,6,2,1,1,0,0,NA,NA
"4478",41,45,2,1,1,0,0,NA,NA
"4479",41,52,2,1,1,1,0,NA,NA
"4480",41,23,2,1,1,0,0,NA,NA
"4481",41,20,2,1,1,1,0,NA,NA
"4482",41,16,2,1,1,0,1,NA,NA
"4483",41,1,2,1,1,1,1,NA,NA
"4484",41,14,2,1,1,1,1,NA,NA
"4485",41,50,2,1,1,1,1,NA,NA
"4486",41,42,2,1,1,1,1,NA,NA
"4487",41,30,2,1,1,0,0,NA,NA
"4488",41,12,2,1,1,1,1,NA,NA
"4489",41,107,1,1,1,1,1,NA,NA
"4490",41,68,1,1,1,0,1,NA,NA
"4491",41,106,1,1,1,1,0,NA,NA
"4492",41,80,1,1,1,1,1,NA,NA
"4493",41,69,1,1,1,0,1,NA,NA
"4494",41,108,1,1,1,1,1,NA,NA
"4495",41,64,1,1,1,1,0,NA,NA
"4496",41,94,1,1,1,0,1,NA,NA
"4497",41,89,1,1,1,1,0,NA,NA
"4498",41,75,1,1,1,1,1,NA,NA
"4499",41,102,1,1,1,1,1,NA,NA
"4500",41,33,2,1,1,0,0,NA,NA
"4501",41,26,2,1,1,1,0,NA,NA
"4502",41,3,2,1,1,1,0,NA,NA
"4503",41,59,2,1,1,1,0,NA,NA
"4504",41,39,2,1,1,0,0,NA,NA
"4505",41,24,2,1,1,0,1,NA,NA
"4506",42,83,1,1,1,1,0,NA,NA
"4507",42,105,1,1,1,0,1,NA,NA
"4508",42,80,1,1,1,1,1,NA,NA
"4509",42,35,2,1,1,0,1,NA,NA
"4510",42,44,2,1,1,1,0,NA,NA
"4511",42,56,2,1,1,0,1,NA,NA
"4512",42,45,2,1,1,1,1,NA,NA
"4513",42,46,2,1,1,0,1,NA,NA
"4514",42,19,2,1,1,1,1,NA,NA
"4515",42,107,1,1,1,0,1,NA,NA
"4516",42,85,1,1,1,1,1,NA,NA
"4517",42,61,1,1,1,1,1,NA,NA
"4518",42,60,1,1,1,0,0,NA,NA
"4519",42,10,2,1,1,0,0,NA,NA
"4520",42,30,2,1,1,0,1,NA,NA
"4521",42,6,2,1,1,1,1,NA,NA
"4522",42,116,2,1,1,1,1,NA,NA
"4523",42,4,2,1,1,0,1,NA,NA
"4524",42,16,2,1,1,0,0,NA,NA
"4525",42,47,2,1,1,1,0,NA,NA
"4526",42,14,2,1,1,0,0,NA,NA
"4527",42,59,2,1,1,1,1,NA,NA
"4528",42,2,2,1,1,0,1,NA,NA
"4529",42,53,2,1,1,1,1,NA,NA
"4530",42,55,2,1,1,0,0,NA,NA
"4531",42,37,2,1,1,1,0,NA,NA
"4532",42,22,2,1,1,1,0,NA,NA
"4533",42,38,2,1,1,1,1,NA,NA
"4534",42,36,2,1,1,0,0,NA,NA
"4535",42,26,2,1,1,1,1,NA,NA
"4536",42,21,2,1,1,1,1,NA,NA
"4537",42,40,2,1,1,1,1,NA,NA
"4538",42,33,2,1,1,0,1,NA,NA
"4539",42,18,2,1,1,1,1,NA,NA
"4540",42,9,2,1,1,1,0,NA,NA
"4541",42,48,2,1,1,0,0,NA,NA
"4542",42,3,2,1,1,1,1,NA,NA
"4543",42,50,2,1,1,0,0,NA,NA
"4544",42,42,2,1,1,1,0,NA,NA
"4545",42,49,2,1,1,1,0,NA,NA
"4546",42,27,2,1,1,1,0,NA,NA
"4547",42,57,2,1,1,1,1,NA,NA
"4548",42,43,2,1,1,1,1,NA,NA
"4549",42,39,2,1,1,1,1,NA,NA
"4550",42,51,2,1,1,1,0,NA,NA
"4551",42,54,2,1,1,1,1,NA,NA
"4552",42,28,2,1,1,0,1,NA,NA
"4553",42,58,2,1,1,0,0,NA,NA
"4554",42,7,2,1,1,1,0,NA,NA
"4555",42,5,2,1,1,0,0,NA,NA
"4556",42,31,2,1,1,1,1,NA,NA
"4557",42,12,2,1,1,0,0,NA,NA
"4558",42,15,2,1,1,1,1,NA,NA
"4559",42,109,1,1,1,1,1,NA,NA
"4560",42,62,1,1,1,1,0,NA,NA
"4561",42,115,1,1,1,1,1,NA,NA
"4562",42,95,1,1,1,0,0,NA,NA
"4563",42,104,1,1,1,0,0,NA,NA
"4564",42,118,1,1,1,0,1,NA,NA
"4565",42,119,1,1,1,1,1,NA,NA
"4566",42,67,1,1,1,1,0,NA,NA
"4567",42,113,1,1,1,0,0,NA,NA
"4568",42,120,1,1,1,1,1,NA,NA
"4569",42,102,1,1,1,1,1,NA,NA
"4570",42,112,1,1,1,1,1,NA,NA
"4571",42,106,1,1,1,1,0,NA,NA
"4572",42,98,1,1,1,0,0,NA,NA
"4573",42,108,1,1,1,1,1,NA,NA
"4574",42,93,1,1,1,1,1,NA,NA
"4575",42,94,1,1,1,1,1,NA,NA
"4576",42,92,1,1,1,1,0,NA,NA
"4577",42,103,1,1,1,1,0,NA,NA
"4578",42,78,1,1,1,1,0,NA,NA
"4579",42,101,1,1,1,1,0,NA,NA
"4580",42,96,1,1,1,0,0,NA,NA
"4581",42,111,1,1,1,1,0,NA,NA
"4582",42,66,1,1,1,1,0,NA,NA
"4583",42,88,1,1,1,1,1,NA,NA
"4584",42,65,1,1,1,0,1,NA,NA
"4585",42,75,1,1,1,1,1,NA,NA
"4586",42,91,1,1,1,0,0,NA,NA
"4587",42,76,1,1,1,1,1,NA,NA
"4588",42,79,1,1,1,1,1,NA,NA
"4589",42,81,1,1,1,0,1,NA,NA
"4590",42,73,1,1,1,0,0,NA,NA
"4591",42,64,1,1,1,1,0,NA,NA
"4592",42,90,1,1,1,1,0,NA,NA
"4593",42,63,1,1,1,1,1,NA,NA
"4594",42,69,1,1,1,0,1,NA,NA
"4595",42,82,1,1,1,1,1,NA,NA
"4596",42,86,1,1,1,1,1,NA,NA
"4597",42,99,1,1,1,0,0,NA,NA
"4598",42,97,1,1,1,1,1,NA,NA
"4599",42,70,1,1,1,1,0,NA,NA
"4600",42,77,1,1,1,1,0,NA,NA
"4601",42,87,1,1,1,1,0,NA,NA
"4602",42,100,1,1,1,1,0,NA,NA
"4603",42,72,1,1,1,0,0,NA,NA
"4604",42,114,1,1,1,0,0,NA,NA
"4605",42,71,1,1,1,0,1,NA,NA
"4606",42,89,1,1,1,0,0,NA,NA
"4607",42,68,1,1,1,0,1,NA,NA
"4608",42,117,1,1,1,1,0,NA,NA
"4609",42,110,1,1,1,1,0,NA,NA
"4610",42,74,1,1,1,0,1,NA,NA
"4611",42,84,1,1,1,0,1,NA,NA
"4612",42,1,2,1,1,1,0,NA,NA
"4613",42,13,2,1,1,1,1,NA,NA
"4614",42,41,2,1,1,0,0,NA,NA
"4615",42,20,2,1,1,1,1,NA,NA
"4616",42,34,2,1,1,1,0,NA,NA
"4617",42,52,2,1,1,1,1,NA,NA
"4618",42,32,2,1,1,1,0,NA,NA
"4619",42,24,2,1,1,1,0,NA,NA
"4620",42,23,2,1,1,0,1,NA,NA
"4621",42,29,2,1,1,1,0,NA,NA
"4622",42,11,2,1,1,1,0,NA,NA
"4623",42,8,2,1,1,1,0,NA,NA
"4624",42,25,2,1,1,1,0,NA,NA
"4625",42,17,2,1,1,0,0,NA,NA
"4626",43,22,1,1,1,1,0,NA,NA
"4627",43,34,1,1,1,1,0,NA,NA
"4628",43,37,1,1,1,1,0,NA,NA
"4629",43,92,1,1,1,1,1,NA,NA
"4630",43,73,1,1,1,1,1,NA,NA
"4631",43,51,1,1,1,1,0,NA,NA
"4632",43,91,1,1,1,1,1,NA,NA
"4633",43,87,1,1,1,0,1,NA,NA
"4634",43,10,1,1,1,0,0,NA,NA
"4635",43,58,1,1,1,1,0,NA,NA
"4636",43,41,1,1,1,0,0,NA,NA
"4637",43,95,1,1,1,0,1,NA,NA
"4638",43,89,1,1,1,1,1,NA,NA
"4639",43,60,1,1,1,1,1,NA,NA
"4640",43,98,1,1,1,1,1,NA,NA
"4641",43,62,1,1,1,1,1,NA,NA
"4642",43,101,1,1,1,1,1,NA,NA
"4643",43,103,1,1,1,0,1,NA,NA
"4644",43,44,1,1,1,1,0,NA,NA
"4645",43,17,1,1,1,0,0,NA,NA
"4646",43,24,1,1,1,1,0,NA,NA
"4647",43,114,1,1,1,0,1,NA,NA
"4648",43,96,1,1,1,0,1,NA,NA
"4649",43,29,1,1,1,0,0,NA,NA
"4650",43,90,1,1,1,0,1,NA,NA
"4651",43,16,1,1,1,1,0,NA,NA
"4652",43,9,1,1,1,1,0,NA,NA
"4653",43,106,1,1,1,0,1,NA,NA
"4654",43,70,1,1,1,1,1,NA,NA
"4655",43,67,1,1,1,0,1,NA,NA
"4656",43,50,1,1,1,1,0,NA,NA
"4657",43,104,1,1,1,1,1,NA,NA
"4658",43,8,1,1,1,1,0,NA,NA
"4659",43,42,1,1,1,1,0,NA,NA
"4660",43,1,1,1,1,0,0,NA,NA
"4661",43,11,1,1,1,0,0,NA,NA
"4662",43,32,1,1,1,0,0,NA,NA
"4663",43,36,1,1,1,1,0,NA,NA
"4664",43,111,1,1,1,0,1,NA,NA
"4665",43,49,1,1,1,1,0,NA,NA
"4666",43,47,1,1,1,0,0,NA,NA
"4667",43,48,1,1,1,1,0,NA,NA
"4668",43,5,1,1,1,0,0,NA,NA
"4669",43,12,1,1,1,1,0,NA,NA
"4670",43,27,1,1,1,0,0,NA,NA
"4671",43,72,1,1,1,0,1,NA,NA
"4672",43,14,1,1,1,1,0,NA,NA
"4673",43,113,1,1,1,0,1,NA,NA
"4674",43,64,1,1,1,1,1,NA,NA
"4675",43,55,1,1,1,1,0,NA,NA
"4676",43,6,2,1,1,1,1,NA,NA
"4677",43,18,2,1,1,1,1,NA,NA
"4678",43,120,2,1,1,1,0,NA,NA
"4679",43,94,2,1,1,0,0,NA,NA
"4680",43,88,2,1,1,1,0,NA,NA
"4681",43,107,2,1,1,1,0,NA,NA
"4682",43,43,2,1,1,1,1,NA,NA
"4683",43,105,2,1,1,1,0,NA,NA
"4684",43,20,2,1,1,1,1,NA,NA
"4685",43,80,2,1,1,1,0,NA,NA
"4686",43,81,2,1,1,0,0,NA,NA
"4687",43,45,2,1,1,1,1,NA,NA
"4688",43,74,2,1,1,0,0,NA,NA
"4689",43,119,2,1,1,1,0,NA,NA
"4690",43,23,2,1,1,1,1,NA,NA
"4691",43,35,2,1,1,0,1,NA,NA
"4692",43,116,2,1,1,1,1,NA,NA
"4693",43,65,2,1,1,1,0,NA,NA
"4694",43,30,2,1,1,1,1,NA,NA
"4695",43,2,2,1,1,0,1,NA,NA
"4696",43,93,2,1,1,1,0,NA,NA
"4697",43,63,2,1,1,1,0,NA,NA
"4698",43,46,2,1,1,1,1,NA,NA
"4699",43,26,2,1,1,1,1,NA,NA
"4700",43,102,2,1,1,0,0,NA,NA
"4701",43,112,2,1,1,1,0,NA,NA
"4702",43,85,2,1,1,1,0,NA,NA
"4703",43,13,2,1,1,1,1,NA,NA
"4704",43,39,2,1,1,0,1,NA,NA
"4705",43,108,2,1,1,0,0,NA,NA
"4706",43,31,2,1,1,1,1,NA,NA
"4707",43,109,2,1,1,1,0,NA,NA
"4708",43,28,2,1,1,0,1,NA,NA
"4709",43,75,2,1,1,1,0,NA,NA
"4710",43,86,2,1,1,0,0,NA,NA
"4711",43,118,2,1,1,0,0,NA,NA
"4712",43,53,2,1,1,1,1,NA,NA
"4713",43,61,2,1,1,0,0,NA,NA
"4714",43,4,2,1,1,0,1,NA,NA
"4715",43,59,2,1,1,1,1,NA,NA
"4716",43,56,2,1,1,1,1,NA,NA
"4717",43,40,2,1,1,1,1,NA,NA
"4718",43,21,2,1,1,1,1,NA,NA
"4719",43,71,2,1,1,1,0,NA,NA
"4720",43,82,2,1,1,1,0,NA,NA
"4721",43,33,2,1,1,0,1,NA,NA
"4722",43,68,2,1,1,0,0,NA,NA
"4723",43,76,2,1,1,1,0,NA,NA
"4724",43,97,2,1,1,0,0,NA,NA
"4725",43,52,2,1,1,0,1,NA,NA
"4726",43,3,2,1,1,0,1,NA,NA
"4727",43,15,2,1,1,1,1,NA,NA
"4728",43,54,2,1,1,1,1,NA,NA
"4729",43,38,2,1,1,1,1,NA,NA
"4730",43,79,2,1,1,1,0,NA,NA
"4731",43,66,1,1,1,1,1,NA,NA
"4732",43,83,1,1,1,1,1,NA,NA
"4733",43,110,1,1,1,1,1,NA,NA
"4734",43,77,1,1,1,1,1,NA,NA
"4735",43,99,1,1,1,1,1,NA,NA
"4736",43,7,1,1,1,0,0,NA,NA
"4737",43,100,1,1,1,1,1,NA,NA
"4738",43,25,1,1,1,0,0,NA,NA
"4739",43,78,1,1,1,1,1,NA,NA
"4740",43,19,2,1,1,1,1,NA,NA
"4741",43,57,2,1,1,1,1,NA,NA
"4742",43,84,2,1,1,1,0,NA,NA
"4743",43,69,2,1,1,1,0,NA,NA
"4744",43,115,2,1,1,0,0,NA,NA
"4745",44,98,1,1,1,1,1,NA,NA
"4746",44,101,1,1,1,1,1,NA,NA
"4747",44,7,1,1,1,1,0,NA,NA
"4748",44,8,1,1,1,1,0,NA,NA
"4749",44,59,2,1,1,0,0,NA,NA
"4750",44,120,2,1,1,1,1,NA,NA
"4751",44,82,2,1,1,1,1,NA,NA
"4752",44,56,2,1,1,1,0,NA,NA
"4753",44,118,2,1,1,0,1,NA,NA
"4754",44,15,2,1,1,0,0,NA,NA
"4755",44,20,2,1,1,1,0,NA,NA
"4756",44,63,2,1,1,1,1,NA,NA
"4757",44,83,1,1,1,1,1,NA,NA
"4758",44,14,1,1,1,0,0,NA,NA
"4759",44,13,2,1,1,1,0,NA,NA
"4760",44,65,2,1,1,0,1,NA,NA
"4761",44,116,2,1,1,1,0,NA,NA
"4762",44,21,2,1,1,1,0,NA,NA
"4763",44,68,2,1,1,1,1,NA,NA
"4764",44,2,2,1,1,0,0,NA,NA
"4765",44,61,2,1,1,1,1,NA,NA
"4766",44,57,2,1,1,0,0,NA,NA
"4767",44,102,2,1,1,1,1,NA,NA
"4768",44,79,2,1,1,0,1,NA,NA
"4769",44,71,2,1,1,1,1,NA,NA
"4770",44,81,2,1,1,1,1,NA,NA
"4771",44,35,2,1,1,0,0,NA,NA
"4772",44,108,2,1,1,0,1,NA,NA
"4773",44,97,2,1,1,1,1,NA,NA
"4774",44,19,2,1,1,0,0,NA,NA
"4775",44,119,2,1,1,1,1,NA,NA
"4776",44,33,2,1,1,0,0,NA,NA
"4777",44,88,2,1,1,0,1,NA,NA
"4778",44,4,2,1,1,0,0,NA,NA
"4779",44,53,2,1,1,1,0,NA,NA
"4780",44,115,2,1,1,1,1,NA,NA
"4781",44,107,2,1,1,0,1,NA,NA
"4782",44,46,2,1,1,1,0,NA,NA
"4783",44,94,2,1,1,1,1,NA,NA
"4784",44,3,2,1,1,0,0,NA,NA
"4785",44,31,2,1,1,0,0,NA,NA
"4786",44,80,2,1,1,1,1,NA,NA
"4787",44,38,2,1,1,1,0,NA,NA
"4788",44,28,2,1,1,1,0,NA,NA
"4789",44,45,2,1,1,1,0,NA,NA
"4790",44,86,2,1,1,0,1,NA,NA
"4791",44,69,2,1,1,1,1,NA,NA
"4792",44,26,2,1,1,1,0,NA,NA
"4793",44,52,2,1,1,1,0,NA,NA
"4794",44,109,2,1,1,1,1,NA,NA
"4795",44,93,2,1,1,1,1,NA,NA
"4796",44,76,2,1,1,1,1,NA,NA
"4797",44,23,2,1,1,0,0,NA,NA
"4798",44,40,2,1,1,1,0,NA,NA
"4799",44,90,1,1,1,1,1,NA,NA
"4800",44,34,1,1,1,1,0,NA,NA
"4801",44,95,1,1,1,0,1,NA,NA
"4802",44,25,1,1,1,0,0,NA,NA
"4803",44,41,1,1,1,0,0,NA,NA
"4804",44,64,1,1,1,1,1,NA,NA
"4805",44,72,1,1,1,1,1,NA,NA
"4806",44,103,1,1,1,0,1,NA,NA
"4807",44,96,1,1,1,1,1,NA,NA
"4808",44,5,1,1,1,0,0,NA,NA
"4809",44,44,1,1,1,0,0,NA,NA
"4810",44,113,1,1,1,1,1,NA,NA
"4811",44,12,1,1,1,1,0,NA,NA
"4812",44,87,1,1,1,0,1,NA,NA
"4813",44,99,1,1,1,1,1,NA,NA
"4814",44,111,1,1,1,0,1,NA,NA
"4815",44,73,1,1,1,1,1,NA,NA
"4816",44,62,1,1,1,1,1,NA,NA
"4817",44,67,1,1,1,0,1,NA,NA
"4818",44,29,1,1,1,1,0,NA,NA
"4819",44,117,1,1,1,1,1,NA,NA
"4820",44,60,1,1,1,1,1,NA,NA
"4821",44,10,1,1,1,0,0,NA,NA
"4822",44,16,1,1,1,1,0,NA,NA
"4823",44,36,1,1,1,0,0,NA,NA
"4824",44,22,1,1,1,1,0,NA,NA
"4825",44,110,1,1,1,1,1,NA,NA
"4826",44,48,1,1,1,1,0,NA,NA
"4827",44,47,1,1,1,1,0,NA,NA
"4828",44,24,1,1,1,1,0,NA,NA
"4829",44,51,1,1,1,1,0,NA,NA
"4830",44,32,1,1,1,1,0,NA,NA
"4831",44,92,1,1,1,1,1,NA,NA
"4832",44,42,1,1,1,1,0,NA,NA
"4833",44,100,1,1,1,1,1,NA,NA
"4834",44,1,1,1,1,1,0,NA,NA
"4835",44,55,1,1,1,0,0,NA,NA
"4836",44,58,1,1,1,1,0,NA,NA
"4837",44,78,1,1,1,1,1,NA,NA
"4838",44,37,1,1,1,0,0,NA,NA
"4839",44,70,1,1,1,1,1,NA,NA
"4840",44,17,1,1,1,0,0,NA,NA
"4841",44,91,1,1,1,1,1,NA,NA
"4842",44,50,1,1,1,1,0,NA,NA
"4843",44,27,1,1,1,0,0,NA,NA
"4844",44,106,1,1,1,0,1,NA,NA
"4845",44,77,1,1,1,0,1,NA,NA
"4846",44,89,1,1,1,1,1,NA,NA
"4847",44,11,1,1,1,1,0,NA,NA
"4848",44,104,1,1,1,1,1,NA,NA
"4849",44,114,1,1,1,1,1,NA,NA
"4850",44,66,1,1,1,1,1,NA,NA
"4851",44,9,1,1,1,1,0,NA,NA
"4852",44,49,1,1,1,1,0,NA,NA
"4853",44,85,2,1,1,0,1,NA,NA
"4854",44,75,2,1,1,1,1,NA,NA
"4855",44,112,2,1,1,0,1,NA,NA
"4856",44,105,2,1,1,1,1,NA,NA
"4857",44,74,2,1,1,1,1,NA,NA
"4858",44,6,2,1,1,1,0,NA,NA
"4859",44,43,2,1,1,0,0,NA,NA
"4860",44,30,2,1,1,1,0,NA,NA
"4861",44,39,2,1,1,1,0,NA,NA
"4862",44,84,2,1,1,1,1,NA,NA
"4863",44,54,2,1,1,1,0,NA,NA
"4864",44,18,2,1,1,0,0,NA,NA
"4865",46,38,1,1,1,0,0,NA,NA
"4866",46,110,1,1,1,1,1,NA,NA
"4867",46,59,1,1,1,0,0,NA,NA
"4868",46,103,1,1,1,0,1,NA,NA
"4869",46,39,1,1,1,1,0,NA,NA
"4870",46,106,1,1,1,1,1,NA,NA
"4871",46,92,1,1,1,0,1,NA,NA
"4872",46,20,1,1,1,0,0,NA,NA
"4873",46,52,1,1,1,1,0,NA,NA
"4874",46,101,1,1,1,1,1,NA,NA
"4875",46,31,1,1,1,0,0,NA,NA
"4876",46,26,1,1,1,1,0,NA,NA
"4877",46,62,1,1,1,1,1,NA,NA
"4878",46,96,1,1,1,1,1,NA,NA
"4879",46,100,1,1,1,0,1,NA,NA
"4880",46,2,1,1,1,0,0,NA,NA
"4881",46,13,1,1,1,1,0,NA,NA
"4882",46,99,1,1,1,0,1,NA,NA
"4883",46,43,1,1,1,1,0,NA,NA
"4884",46,53,1,1,1,0,0,NA,NA
"4885",46,46,1,1,1,0,0,NA,NA
"4886",46,114,1,1,1,0,1,NA,NA
"4887",46,91,1,1,1,0,1,NA,NA
"4888",46,18,1,1,1,0,0,NA,NA
"4889",46,21,1,1,1,0,0,NA,NA
"4890",46,40,1,1,1,1,0,NA,NA
"4891",46,30,1,1,1,0,0,NA,NA
"4892",46,98,1,1,1,1,1,NA,NA
"4893",46,72,1,1,1,1,1,NA,NA
"4894",46,15,1,1,1,0,0,NA,NA
"4895",46,104,1,1,1,0,1,NA,NA
"4896",46,56,1,1,1,1,0,NA,NA
"4897",46,33,1,1,1,1,0,NA,NA
"4898",46,87,1,1,1,1,1,NA,NA
"4899",46,73,1,1,1,0,1,NA,NA
"4900",46,113,1,1,1,0,1,NA,NA
"4901",46,70,1,1,1,1,1,NA,NA
"4902",46,4,1,1,1,0,0,NA,NA
"4903",46,45,1,1,1,1,0,NA,NA
"4904",46,90,1,1,1,0,1,NA,NA
"4905",46,111,1,1,1,1,1,NA,NA
"4906",46,95,1,1,1,0,1,NA,NA
"4907",46,60,1,1,1,0,1,NA,NA
"4908",46,54,1,1,1,0,0,NA,NA
"4909",46,117,1,1,1,0,1,NA,NA
"4910",46,23,1,1,1,1,0,NA,NA
"4911",46,77,1,1,1,1,1,NA,NA
"4912",46,78,1,1,1,0,1,NA,NA
"4913",46,28,1,1,1,0,0,NA,NA
"4914",46,3,1,1,1,1,0,NA,NA
"4915",46,57,1,1,1,1,0,NA,NA
"4916",46,83,1,1,1,1,1,NA,NA
"4917",46,108,2,1,1,0,1,NA,NA
"4918",46,105,2,1,1,1,1,NA,NA
"4919",46,63,2,1,1,1,1,NA,NA
"4920",46,102,2,1,1,0,1,NA,NA
"4921",46,86,2,1,1,0,1,NA,NA
"4922",46,112,2,1,1,0,1,NA,NA
"4923",46,80,2,1,1,0,1,NA,NA
"4924",46,55,2,1,1,1,0,NA,NA
"4925",46,5,2,1,1,1,0,NA,NA
"4926",46,36,2,1,1,1,0,NA,NA
"4927",46,51,2,1,1,0,0,NA,NA
"4928",46,97,2,1,1,1,1,NA,NA
"4929",46,94,2,1,1,0,1,NA,NA
"4930",46,118,2,1,1,0,1,NA,NA
"4931",46,71,2,1,1,1,1,NA,NA
"4932",46,107,2,1,1,1,1,NA,NA
"4933",46,16,2,1,1,1,0,NA,NA
"4934",46,10,2,1,1,1,0,NA,NA
"4935",46,49,2,1,1,0,0,NA,NA
"4936",46,119,2,1,1,0,1,NA,NA
"4937",46,65,2,1,1,0,1,NA,NA
"4938",46,61,2,1,1,0,1,NA,NA
"4939",46,27,2,1,1,1,0,NA,NA
"4940",46,44,2,1,1,1,0,NA,NA
"4941",46,50,2,1,1,0,0,NA,NA
"4942",46,69,2,1,1,0,1,NA,NA
"4943",46,22,2,1,1,0,0,NA,NA
"4944",46,9,2,1,1,0,0,NA,NA
"4945",46,34,2,1,1,1,0,NA,NA
"4946",46,32,2,1,1,1,0,NA,NA
"4947",46,74,2,1,1,1,1,NA,NA
"4948",46,25,2,1,1,1,0,NA,NA
"4949",46,17,2,1,1,0,0,NA,NA
"4950",46,120,2,1,1,0,1,NA,NA
"4951",46,24,2,1,1,0,0,NA,NA
"4952",46,8,2,1,1,0,0,NA,NA
"4953",46,1,2,1,1,0,0,NA,NA
"4954",46,11,2,1,1,0,0,NA,NA
"4955",46,88,2,1,1,1,1,NA,NA
"4956",46,29,2,1,1,0,0,NA,NA
"4957",46,84,2,1,1,0,1,NA,NA
"4958",46,93,2,1,1,0,1,NA,NA
"4959",46,85,2,1,1,0,1,NA,NA
"4960",46,12,2,1,1,1,0,NA,NA
"4961",46,14,2,1,1,1,0,NA,NA
"4962",46,75,2,1,1,1,1,NA,NA
"4963",46,7,2,1,1,0,0,NA,NA
"4964",46,42,2,1,1,0,0,NA,NA
"4965",46,48,2,1,1,1,0,NA,NA
"4966",46,76,2,1,1,1,1,NA,NA
"4967",46,41,2,1,1,0,0,NA,NA
"4968",46,79,2,1,1,0,1,NA,NA
"4969",46,109,2,1,1,1,1,NA,NA
"4970",46,115,2,1,1,1,1,NA,NA
"4971",46,58,2,1,1,1,0,NA,NA
"4972",46,68,2,1,1,0,1,NA,NA
"4973",46,116,1,1,1,1,0,NA,NA
"4974",46,35,1,1,1,1,0,NA,NA
"4975",46,66,1,1,1,1,1,NA,NA
"4976",46,67,1,1,1,0,1,NA,NA
"4977",46,19,1,1,1,1,0,NA,NA
"4978",46,89,1,1,1,1,1,NA,NA
"4979",46,6,1,1,1,0,0,NA,NA
"4980",46,64,1,1,1,1,1,NA,NA
"4981",46,82,2,1,1,0,1,NA,NA
"4982",46,47,2,1,1,1,0,NA,NA
"4983",46,37,2,1,1,0,0,NA,NA
"4984",46,81,2,1,1,1,1,NA,NA
"4985",47,117,1,1,1,1,1,NA,NA
"4986",47,69,1,1,1,0,0,NA,NA
"4987",47,71,1,1,1,1,0,NA,NA
"4988",47,14,2,1,1,1,1,NA,NA
"4989",47,44,2,1,1,0,1,NA,NA
"4990",47,21,2,1,1,0,0,NA,NA
"4991",47,39,2,1,1,0,0,NA,NA
"4992",47,40,2,1,1,1,0,NA,NA
"4993",47,28,2,1,1,0,0,NA,NA
"4994",47,53,2,1,1,0,0,NA,NA
"4995",47,48,2,1,1,0,1,NA,NA
"4996",47,32,2,1,1,0,1,NA,NA
"4997",47,16,2,1,1,0,1,NA,NA
"4998",47,34,2,1,1,1,1,NA,NA
"4999",47,99,1,1,1,0,1,NA,NA
"5000",47,3,2,1,1,0,0,NA,NA
"5001",47,24,2,1,1,0,1,NA,NA
"5002",47,55,2,1,1,0,1,NA,NA
"5003",47,38,2,1,1,1,0,NA,NA
"5004",47,30,2,1,1,0,0,NA,NA
"5005",47,35,2,1,1,1,0,NA,NA
"5006",47,50,2,1,1,0,1,NA,NA
"5007",47,13,2,1,1,0,0,NA,NA
"5008",47,56,2,1,1,1,0,NA,NA
"5009",47,20,2,1,1,1,0,NA,NA
"5010",47,5,2,1,1,1,1,NA,NA
"5011",47,17,2,1,1,0,1,NA,NA
"5012",47,47,2,1,1,0,1,NA,NA
"5013",47,43,2,1,1,0,0,NA,NA
"5014",47,46,2,1,1,0,0,NA,NA
"5015",47,4,2,1,1,0,0,NA,NA
"5016",47,12,2,1,1,0,1,NA,NA
"5017",47,18,2,1,1,0,0,NA,NA
"5018",47,45,2,1,1,0,0,NA,NA
"5019",47,1,2,1,1,1,1,NA,NA
"5020",47,26,2,1,1,1,0,NA,NA
"5021",47,73,1,1,1,0,1,NA,NA
"5022",47,108,1,1,1,0,0,NA,NA
"5023",47,102,1,1,1,0,0,NA,NA
"5024",47,80,1,1,1,1,0,NA,NA
"5025",47,70,1,1,1,0,1,NA,NA
"5026",47,57,2,1,1,1,0,NA,NA
"5027",47,11,2,1,1,0,1,NA,NA
"5028",47,37,2,1,1,0,1,NA,NA
"5029",47,8,2,1,1,0,1,NA,NA
"5030",47,36,2,1,1,0,1,NA,NA
"5031",47,31,2,1,1,1,0,NA,NA
"5032",47,41,2,1,1,0,1,NA,NA
"5033",47,33,2,1,1,0,0,NA,NA
"5034",47,58,2,1,1,1,1,NA,NA
"5035",47,25,2,1,1,0,1,NA,NA
"5036",47,51,2,1,1,1,1,NA,NA
"5037",47,54,2,1,1,0,0,NA,NA
"5038",47,42,2,1,1,1,1,NA,NA
"5039",47,49,2,1,1,1,1,NA,NA
"5040",47,113,1,1,1,1,1,NA,NA
"5041",47,72,1,1,1,1,1,NA,NA
"5042",47,68,1,1,1,0,0,NA,NA
"5043",47,96,1,1,1,1,1,NA,NA
"5044",47,89,1,1,1,1,1,NA,NA
"5045",47,74,1,1,1,1,0,NA,NA
"5046",47,119,1,1,1,1,0,NA,NA
"5047",47,118,1,1,1,1,0,NA,NA
"5048",47,90,1,1,1,0,1,NA,NA
"5049",47,114,1,1,1,1,1,NA,NA
"5050",47,81,1,1,1,0,0,NA,NA
"5051",47,77,1,1,1,0,1,NA,NA
"5052",47,120,1,1,1,1,0,NA,NA
"5053",47,61,1,1,1,1,0,NA,NA
"5054",47,110,1,1,1,0,1,NA,NA
"5055",47,82,1,1,1,0,0,NA,NA
"5056",47,76,1,1,1,1,0,NA,NA
"5057",47,86,1,1,1,0,0,NA,NA
"5058",47,91,1,1,1,0,1,NA,NA
"5059",47,93,1,1,1,0,0,NA,NA
"5060",47,83,1,1,1,1,1,NA,NA
"5061",47,92,1,1,1,1,1,NA,NA
"5062",47,85,1,1,1,0,0,NA,NA
"5063",47,64,1,1,1,1,1,NA,NA
"5064",47,87,1,1,1,0,1,NA,NA
"5065",47,79,1,1,1,1,0,NA,NA
"5066",47,84,1,1,1,1,0,NA,NA
"5067",47,106,1,1,1,1,1,NA,NA
"5068",47,95,1,1,1,1,1,NA,NA
"5069",47,94,1,1,1,0,0,NA,NA
"5070",47,112,1,1,1,0,0,NA,NA
"5071",47,104,1,1,1,0,1,NA,NA
"5072",47,103,1,1,1,1,1,NA,NA
"5073",47,109,1,1,1,0,0,NA,NA
"5074",47,115,1,1,1,0,0,NA,NA
"5075",47,63,1,1,1,1,0,NA,NA
"5076",47,105,1,1,1,0,0,NA,NA
"5077",47,98,1,1,1,0,1,NA,NA
"5078",47,62,1,1,1,1,1,NA,NA
"5079",47,107,1,1,1,0,0,NA,NA
"5080",47,111,1,1,1,0,1,NA,NA
"5081",47,101,1,1,1,0,1,NA,NA
"5082",47,88,1,1,1,1,0,NA,NA
"5083",47,66,1,1,1,0,1,NA,NA
"5084",47,97,1,1,1,0,0,NA,NA
"5085",47,78,1,1,1,0,1,NA,NA
"5086",47,60,1,1,1,1,1,NA,NA
"5087",47,27,2,1,1,0,1,NA,NA
"5088",47,65,1,1,1,1,0,NA,NA
"5089",47,100,1,1,1,1,1,NA,NA
"5090",47,6,2,1,1,1,0,NA,NA
"5091",47,9,2,1,1,0,1,NA,NA
"5092",47,59,2,1,1,0,0,NA,NA
"5093",48,88,1,1,1,1,0,NA,NA
"5094",48,91,1,1,1,1,1,NA,NA
"5095",48,78,1,1,1,1,1,NA,NA
"5096",48,92,1,1,1,1,1,NA,NA
"5097",48,106,1,1,1,1,1,NA,NA
"5098",48,113,1,1,1,1,1,NA,NA
"5099",48,96,1,1,1,1,1,NA,NA
"5100",48,118,1,1,1,1,0,NA,NA
"5101",48,120,1,1,1,1,0,NA,NA
"5102",48,105,1,1,1,0,0,NA,NA
"5103",48,90,1,1,1,1,1,NA,NA
"5104",48,99,1,1,1,1,1,NA,NA
"5105",48,60,1,1,1,1,1,NA,NA
"5106",48,109,1,1,1,1,0,NA,NA
"5107",48,80,1,1,1,1,0,NA,NA
"5108",48,73,1,1,1,1,1,NA,NA
"5109",48,84,1,1,1,0,0,NA,NA
"5110",48,62,1,1,1,1,1,NA,NA
"5111",48,103,1,1,1,0,1,NA,NA
"5112",48,85,1,1,1,1,0,NA,NA
"5113",48,72,1,1,1,1,1,NA,NA
"5114",48,61,1,1,1,1,0,NA,NA
"5115",48,83,1,1,1,1,1,NA,NA
"5116",48,111,1,1,1,1,1,NA,NA
"5117",48,76,1,1,1,1,0,NA,NA
"5118",48,100,1,1,1,1,1,NA,NA
"5119",48,74,1,1,1,1,0,NA,NA
"5120",48,101,1,1,1,1,1,NA,NA
"5121",48,87,1,1,1,1,1,NA,NA
"5122",48,70,1,1,1,1,1,NA,NA
"5123",48,107,1,1,1,0,0,NA,NA
"5124",48,112,1,1,1,1,0,NA,NA
"5125",48,82,1,1,1,1,0,NA,NA
"5126",48,67,1,1,1,1,1,NA,NA
"5127",48,65,1,1,1,1,0,NA,NA
"5128",48,75,1,1,1,1,0,NA,NA
"5129",48,77,1,1,1,1,1,NA,NA
"5130",48,102,1,1,1,0,0,NA,NA
"5131",48,94,1,1,1,0,0,NA,NA
"5132",48,68,1,1,1,0,0,NA,NA
"5133",48,63,1,1,1,1,0,NA,NA
"5134",48,95,1,1,1,0,1,NA,NA
"5135",48,89,1,1,1,0,1,NA,NA
"5136",48,117,1,1,1,1,1,NA,NA
"5137",48,86,1,1,1,1,0,NA,NA
"5138",48,79,1,1,1,1,0,NA,NA
"5139",48,119,1,1,1,1,0,NA,NA
"5140",48,115,1,1,1,1,0,NA,NA
"5141",48,98,1,1,1,1,1,NA,NA
"5142",48,93,1,1,1,0,0,NA,NA
"5143",48,104,1,1,1,1,1,NA,NA
"5144",48,17,2,1,1,0,0,NA,NA
"5145",48,6,2,1,1,1,1,NA,NA
"5146",48,55,2,1,1,0,0,NA,NA
"5147",48,22,2,1,1,1,0,NA,NA
"5148",48,69,1,1,1,1,0,NA,NA
"5149",48,114,1,1,1,1,1,NA,NA
"5150",48,64,1,1,1,1,1,NA,NA
"5151",48,110,1,1,1,1,1,NA,NA
"5152",48,66,1,1,1,1,1,NA,NA
"5153",48,81,1,1,1,1,0,NA,NA
"5154",48,97,1,1,1,1,0,NA,NA
"5155",48,71,1,1,1,1,0,NA,NA
"5156",48,108,1,1,1,0,0,NA,NA
"5157",48,25,2,1,1,0,0,NA,NA
"5158",48,53,2,1,1,1,1,NA,NA
"5159",48,41,2,1,1,0,0,NA,NA
"5160",48,1,2,1,1,1,0,NA,NA
"5161",48,43,2,1,1,1,1,NA,NA
"5162",48,34,2,1,1,0,0,NA,NA
"5163",48,58,2,1,1,1,0,NA,NA
"5164",48,46,2,1,1,1,1,NA,NA
"5165",48,50,2,1,1,1,0,NA,NA
"5166",48,54,2,1,1,1,1,NA,NA
"5167",48,19,2,1,1,0,1,NA,NA
"5168",48,8,2,1,1,0,0,NA,NA
"5169",48,45,2,1,1,1,1,NA,NA
"5170",48,18,2,1,1,1,1,NA,NA
"5171",48,116,2,1,1,0,1,NA,NA
"5172",48,27,2,1,1,1,0,NA,NA
"5173",48,15,2,1,1,0,1,NA,NA
"5174",48,32,2,1,1,0,0,NA,NA
"5175",48,30,2,1,1,1,1,NA,NA
"5176",48,35,2,1,1,0,1,NA,NA
"5177",48,48,2,1,1,1,0,NA,NA
"5178",48,39,2,1,1,1,1,NA,NA
"5179",48,33,2,1,1,1,1,NA,NA
"5180",48,38,2,1,1,1,1,NA,NA
"5181",48,56,2,1,1,1,1,NA,NA
"5182",48,57,2,1,1,1,1,NA,NA
"5183",48,10,2,1,1,0,0,NA,NA
"5184",48,7,2,1,1,1,0,NA,NA
"5185",48,16,2,1,1,1,0,NA,NA
"5186",48,59,2,1,1,1,1,NA,NA
"5187",48,5,2,1,1,1,0,NA,NA
"5188",48,42,2,1,1,1,0,NA,NA
"5189",48,40,2,1,1,0,1,NA,NA
"5190",48,3,2,1,1,1,1,NA,NA
"5191",48,37,2,1,1,0,0,NA,NA
"5192",48,36,2,1,1,0,0,NA,NA
"5193",48,31,2,1,1,1,1,NA,NA
"5194",48,4,2,1,1,0,1,NA,NA
"5195",48,26,2,1,1,1,1,NA,NA
"5196",48,13,2,1,1,1,1,NA,NA
"5197",48,52,2,1,1,1,1,NA,NA
"5198",48,47,2,1,1,1,0,NA,NA
"5199",48,11,2,1,1,1,0,NA,NA
"5200",48,12,2,1,1,1,0,NA,NA
"5201",48,14,2,1,1,1,0,NA,NA
"5202",48,44,2,1,1,1,0,NA,NA
"5203",48,23,2,1,1,1,1,NA,NA
"5204",48,9,2,1,1,1,0,NA,NA
"5205",48,28,2,1,1,1,1,NA,NA
"5206",48,21,2,1,1,1,1,NA,NA
"5207",48,29,2,1,1,1,0,NA,NA
"5208",48,49,2,1,1,1,0,NA,NA
"5209",48,2,2,1,1,1,1,NA,NA
"5210",48,51,2,1,1,0,0,NA,NA
"5211",48,20,2,1,1,1,1,NA,NA
"5212",49,31,1,1,1,1,0,NA,NA
"5213",49,22,1,1,1,1,1,NA,NA
"5214",49,49,1,1,1,1,1,NA,NA
"5215",49,36,1,1,1,1,1,NA,NA
"5216",49,53,1,1,1,0,0,NA,NA
"5217",49,3,1,1,1,1,0,NA,NA
"5218",49,1,1,1,1,1,1,NA,NA
"5219",49,59,1,1,1,1,0,NA,NA
"5220",49,4,1,1,1,0,0,NA,NA
"5221",49,52,1,1,1,1,0,NA,NA
"5222",49,43,1,1,1,0,0,NA,NA
"5223",49,9,1,1,1,0,1,NA,NA
"5224",49,35,1,1,1,1,0,NA,NA
"5225",49,27,1,1,1,1,1,NA,NA
"5226",49,37,1,1,1,1,1,NA,NA
"5227",49,92,2,1,1,0,0,NA,NA
"5228",49,64,2,1,1,0,0,NA,NA
"5229",49,81,2,1,1,0,1,NA,NA
"5230",49,70,2,1,1,1,0,NA,NA
"5231",49,82,2,1,1,1,1,NA,NA
"5232",49,60,2,1,1,0,0,NA,NA
"5233",49,113,2,1,1,0,0,NA,NA
"5234",49,90,2,1,1,1,0,NA,NA
"5235",49,107,2,1,1,0,1,NA,NA
"5236",49,75,2,1,1,0,1,NA,NA
"5237",49,73,2,1,1,1,0,NA,NA
"5238",49,102,2,1,1,1,1,NA,NA
"5239",49,87,2,1,1,0,0,NA,NA
"5240",49,85,2,1,1,1,1,NA,NA
"5241",49,63,2,1,1,1,1,NA,NA
"5242",49,76,2,1,1,1,1,NA,NA
"5243",49,69,2,1,1,1,1,NA,NA
"5244",49,108,2,1,1,1,1,NA,NA
"5245",49,96,2,1,1,1,0,NA,NA
"5246",49,120,2,1,1,1,1,NA,NA
"5247",49,105,2,1,1,1,1,NA,NA
"5248",49,112,2,1,1,1,1,NA,NA
"5249",49,71,2,1,1,1,1,NA,NA
"5250",49,97,2,1,1,0,1,NA,NA
"5251",49,61,2,1,1,1,1,NA,NA
"5252",49,74,2,1,1,1,1,NA,NA
"5253",49,78,2,1,1,0,0,NA,NA
"5254",49,67,2,1,1,1,0,NA,NA
"5255",49,72,2,1,1,0,0,NA,NA
"5256",49,88,2,1,1,1,1,NA,NA
"5257",49,99,2,1,1,0,0,NA,NA
"5258",49,101,2,1,1,1,0,NA,NA
"5259",49,106,2,1,1,0,0,NA,NA
"5260",49,84,2,1,1,0,1,NA,NA
"5261",49,46,1,1,1,0,0,NA,NA
"5262",49,6,1,1,1,1,0,NA,NA
"5263",49,30,1,1,1,0,0,NA,NA
"5264",49,15,1,1,1,1,0,NA,NA
"5265",49,24,1,1,1,1,1,NA,NA
"5266",49,8,1,1,1,0,1,NA,NA
"5267",49,13,1,1,1,1,0,NA,NA
"5268",49,54,1,1,1,1,0,NA,NA
"5269",49,51,1,1,1,1,1,NA,NA
"5270",49,104,2,1,1,1,0,NA,NA
"5271",49,66,2,1,1,1,0,NA,NA
"5272",49,119,2,1,1,1,1,NA,NA
"5273",49,94,2,1,1,1,1,NA,NA
"5274",49,77,2,1,1,1,0,NA,NA
"5275",49,98,2,1,1,0,0,NA,NA
"5276",49,103,2,1,1,0,0,NA,NA
"5277",49,93,2,1,1,1,1,NA,NA
"5278",49,65,2,1,1,0,1,NA,NA
"5279",49,115,2,1,1,1,1,NA,NA
"5280",49,10,1,1,1,1,1,NA,NA
"5281",49,21,1,1,1,0,0,NA,NA
"5282",49,38,1,1,1,0,0,NA,NA
"5283",49,50,1,1,1,1,1,NA,NA
"5284",49,34,1,1,1,1,1,NA,NA
"5285",49,44,1,1,1,1,1,NA,NA
"5286",49,28,1,1,1,0,0,NA,NA
"5287",49,47,1,1,1,0,1,NA,NA
"5288",49,18,1,1,1,1,0,NA,NA
"5289",49,12,1,1,1,1,1,NA,NA
"5290",49,14,1,1,1,0,1,NA,NA
"5291",49,55,1,1,1,1,1,NA,NA
"5292",49,39,1,1,1,0,0,NA,NA
"5293",49,25,1,1,1,1,1,NA,NA
"5294",49,57,1,1,1,0,0,NA,NA
"5295",49,26,1,1,1,1,0,NA,NA
"5296",49,40,1,1,1,0,0,NA,NA
"5297",49,16,1,1,1,1,1,NA,NA
"5298",49,11,1,1,1,1,1,NA,NA
"5299",49,41,1,1,1,1,1,NA,NA
"5300",49,42,1,1,1,1,1,NA,NA
"5301",49,32,1,1,1,0,1,NA,NA
"5302",49,45,1,1,1,0,0,NA,NA
"5303",49,33,1,1,1,1,0,NA,NA
"5304",49,19,1,1,1,1,0,NA,NA
"5305",49,48,1,1,1,1,1,NA,NA
"5306",49,56,1,1,1,1,0,NA,NA
"5307",49,116,1,1,1,1,0,NA,NA
"5308",49,58,1,1,1,1,1,NA,NA
"5309",49,7,1,1,1,0,1,NA,NA
"5310",49,20,1,1,1,0,0,NA,NA
"5311",49,17,1,1,1,0,1,NA,NA
"5312",49,23,1,1,1,1,0,NA,NA
"5313",49,5,1,1,1,0,1,NA,NA
"5314",49,100,2,1,1,1,0,NA,NA
"5315",49,95,2,1,1,0,0,NA,NA
"5316",49,68,2,1,1,0,1,NA,NA
"5317",49,89,2,1,1,0,0,NA,NA
"5318",49,118,2,1,1,0,1,NA,NA
"5319",49,83,2,1,1,1,0,NA,NA
"5320",49,117,2,1,1,1,0,NA,NA
"5321",49,62,2,1,1,1,0,NA,NA
"5322",49,111,2,1,1,1,0,NA,NA
"5323",49,29,1,1,1,1,1,NA,NA
"5324",49,2,1,1,1,0,0,NA,NA
"5325",49,114,2,1,1,0,0,NA,NA
"5326",49,80,2,1,1,0,1,NA,NA
"5327",49,91,2,1,1,0,0,NA,NA
"5328",49,109,2,1,1,1,1,NA,NA
"5329",49,79,2,1,1,0,1,NA,NA
"5330",49,110,2,1,1,0,0,NA,NA
"5331",50,2,1,1,1,0,0,NA,NA
"5332",50,36,1,1,1,1,1,NA,NA
"5333",50,7,1,1,1,1,1,NA,NA
"5334",50,15,1,1,1,1,0,NA,NA
"5335",50,35,1,1,1,1,0,NA,NA
"5336",50,52,1,1,1,1,0,NA,NA
"5337",50,9,1,1,1,0,1,NA,NA
"5338",50,12,1,1,1,0,1,NA,NA
"5339",50,32,1,1,1,1,1,NA,NA
"5340",50,41,1,1,1,1,1,NA,NA
"5341",50,3,1,1,1,0,0,NA,NA
"5342",50,37,1,1,1,1,1,NA,NA
"5343",50,24,1,1,1,1,1,NA,NA
"5344",50,20,1,1,1,1,0,NA,NA
"5345",50,25,1,1,1,1,1,NA,NA
"5346",50,50,1,1,1,1,1,NA,NA
"5347",50,57,1,1,1,0,0,NA,NA
"5348",50,53,1,1,1,0,0,NA,NA
"5349",50,29,1,1,1,1,1,NA,NA
"5350",50,47,1,1,1,1,1,NA,NA
"5351",50,14,1,1,1,1,1,NA,NA
"5352",50,5,1,1,1,1,1,NA,NA
"5353",50,6,1,1,1,0,0,NA,NA
"5354",50,28,1,1,1,1,0,NA,NA
"5355",50,33,1,1,1,0,0,NA,NA
"5356",50,10,1,1,1,1,1,NA,NA
"5357",50,43,1,1,1,0,0,NA,NA
"5358",50,34,1,1,1,1,1,NA,NA
"5359",50,26,1,1,1,1,0,NA,NA
"5360",50,22,1,1,1,0,1,NA,NA
"5361",50,30,1,1,1,0,0,NA,NA
"5362",50,58,1,1,1,1,1,NA,NA
"5363",50,56,1,1,1,0,0,NA,NA
"5364",50,1,1,1,1,1,1,NA,NA
"5365",50,21,1,1,1,0,0,NA,NA
"5366",50,27,1,1,1,1,1,NA,NA
"5367",50,17,1,1,1,1,1,NA,NA
"5368",50,51,1,1,1,1,1,NA,NA
"5369",50,11,1,1,1,1,1,NA,NA
"5370",50,38,1,1,1,1,0,NA,NA
"5371",50,55,1,1,1,1,1,NA,NA
"5372",50,59,1,1,1,1,0,NA,NA
"5373",50,49,1,1,1,1,1,NA,NA
"5374",50,116,1,1,1,0,0,NA,NA
"5375",50,54,1,1,1,0,0,NA,NA
"5376",50,48,1,1,1,0,1,NA,NA
"5377",50,31,1,1,1,1,0,NA,NA
"5378",50,16,1,1,1,0,1,NA,NA
"5379",50,42,1,1,1,1,1,NA,NA
"5380",50,4,1,1,1,0,0,NA,NA
"5381",50,13,1,1,1,1,0,NA,NA
"5382",50,46,1,1,1,1,0,NA,NA
"5383",50,40,1,1,1,1,0,NA,NA
"5384",50,104,2,1,1,1,1,NA,NA
"5385",50,71,2,1,1,1,0,NA,NA
"5386",50,102,2,1,1,0,0,NA,NA
"5387",50,101,2,1,1,1,1,NA,NA
"5388",50,92,2,1,1,0,1,NA,NA
"5389",50,87,2,1,1,0,1,NA,NA
"5390",50,63,2,1,1,1,0,NA,NA
"5391",50,44,1,1,1,1,1,NA,NA
"5392",50,45,1,1,1,0,0,NA,NA
"5393",50,8,1,1,1,1,1,NA,NA
"5394",50,18,1,1,1,1,0,NA,NA
"5395",50,19,1,1,1,0,0,NA,NA
"5396",50,39,1,1,1,0,0,NA,NA
"5397",50,23,1,1,1,1,0,NA,NA
"5398",50,60,2,1,1,0,1,NA,NA
"5399",50,67,2,1,1,1,1,NA,NA
"5400",50,88,2,1,1,1,0,NA,NA
"5401",50,64,2,1,1,0,1,NA,NA
"5402",50,62,2,1,1,1,1,NA,NA
"5403",50,103,2,1,1,1,1,NA,NA
"5404",50,115,2,1,1,0,0,NA,NA
"5405",50,90,2,1,1,1,1,NA,NA
"5406",50,112,2,1,1,0,0,NA,NA
"5407",50,83,2,1,1,1,1,NA,NA
"5408",50,118,2,1,1,0,0,NA,NA
"5409",50,84,2,1,1,0,0,NA,NA
"5410",50,80,2,1,1,0,0,NA,NA
"5411",50,73,2,1,1,0,1,NA,NA
"5412",50,119,2,1,1,0,0,NA,NA
"5413",50,108,2,1,1,1,0,NA,NA
"5414",50,75,2,1,1,0,0,NA,NA
"5415",50,109,2,1,1,0,0,NA,NA
"5416",50,61,2,1,1,0,0,NA,NA
"5417",50,72,2,1,1,0,1,NA,NA
"5418",50,76,2,1,1,0,0,NA,NA
"5419",50,68,2,1,1,0,0,NA,NA
"5420",50,110,2,1,1,1,1,NA,NA
"5421",50,85,2,1,1,0,0,NA,NA
"5422",50,66,2,1,1,1,1,NA,NA
"5423",50,111,2,1,1,1,1,NA,NA
"5424",50,114,2,1,1,0,1,NA,NA
"5425",50,120,2,1,1,0,0,NA,NA
"5426",50,82,2,1,1,0,0,NA,NA
"5427",50,86,2,1,1,0,0,NA,NA
"5428",50,78,2,1,1,1,1,NA,NA
"5429",50,105,2,1,1,1,0,NA,NA
"5430",50,117,2,1,1,0,1,NA,NA
"5431",50,69,2,1,1,0,0,NA,NA
"5432",50,97,2,1,1,0,0,NA,NA
"5433",50,81,2,1,1,1,0,NA,NA
"5434",50,89,2,1,1,1,1,NA,NA
"5435",50,113,2,1,1,1,1,NA,NA
"5436",50,99,2,1,1,0,1,NA,NA
"5437",50,96,2,1,1,1,1,NA,NA
"5438",50,70,2,1,1,0,1,NA,NA
"5439",50,77,2,1,1,0,1,NA,NA
"5440",50,95,2,1,1,1,1,NA,NA
"5441",50,65,2,1,1,1,0,NA,NA
"5442",50,107,2,1,1,1,0,NA,NA
"5443",50,91,2,1,1,1,1,NA,NA
"5444",50,93,2,1,1,0,0,NA,NA
"5445",50,100,2,1,1,1,1,NA,NA
"5446",50,79,2,1,1,0,0,NA,NA
"5447",50,74,2,1,1,1,0,NA,NA
"5448",50,106,2,1,1,1,1,NA,NA
"5449",50,98,2,1,1,1,1,NA,NA
"5450",52,69,1,1,1,1,0,NA,NA
"5451",52,84,1,1,1,1,0,NA,NA
"5452",52,79,1,1,1,1,0,NA,NA
"5453",52,74,1,1,1,1,0,NA,NA
"5454",52,36,1,1,1,1,1,NA,NA
"5455",52,81,1,1,1,1,0,NA,NA
"5456",52,110,2,1,1,1,1,NA,NA
"5457",52,30,2,1,1,1,0,NA,NA
"5458",52,100,2,1,1,1,1,NA,NA
"5459",52,51,1,1,1,0,1,NA,NA
"5460",52,16,1,1,1,1,1,NA,NA
"5461",52,108,1,1,1,1,0,NA,NA
"5462",52,5,1,1,1,1,1,NA,NA
"5463",52,1,1,1,1,0,1,NA,NA
"5464",52,97,1,1,1,1,0,NA,NA
"5465",52,94,1,1,1,1,0,NA,NA
"5466",52,86,1,1,1,0,0,NA,NA
"5467",52,75,1,1,1,1,0,NA,NA
"5468",52,96,2,1,1,0,1,NA,NA
"5469",52,83,2,1,1,1,1,NA,NA
"5470",52,113,2,1,1,1,1,NA,NA
"5471",52,53,2,1,1,1,0,NA,NA
"5472",52,15,2,1,1,1,0,NA,NA
"5473",52,78,2,1,1,0,1,NA,NA
"5474",52,26,2,1,1,1,0,NA,NA
"5475",52,70,2,1,1,1,1,NA,NA
"5476",52,52,2,1,1,0,0,NA,NA
"5477",52,92,2,1,1,0,1,NA,NA
"5478",52,104,2,1,1,1,1,NA,NA
"5479",52,73,2,1,1,1,1,NA,NA
"5480",52,28,2,1,1,1,0,NA,NA
"5481",52,111,2,1,1,1,1,NA,NA
"5482",52,19,2,1,1,0,0,NA,NA
"5483",52,95,2,1,1,1,1,NA,NA
"5484",52,106,2,1,1,1,1,NA,NA
"5485",52,20,2,1,1,1,0,NA,NA
"5486",52,116,2,1,1,1,0,NA,NA
"5487",52,54,2,1,1,1,0,NA,NA
"5488",52,57,2,1,1,1,0,NA,NA
"5489",52,56,2,1,1,1,0,NA,NA
"5490",52,2,2,1,1,0,0,NA,NA
"5491",52,4,2,1,1,0,0,NA,NA
"5492",52,91,2,1,1,1,1,NA,NA
"5493",52,38,2,1,1,1,0,NA,NA
"5494",52,77,2,1,1,1,1,NA,NA
"5495",52,33,2,1,1,1,0,NA,NA
"5496",52,87,2,1,1,1,1,NA,NA
"5497",52,23,2,1,1,1,0,NA,NA
"5498",52,21,2,1,1,1,0,NA,NA
"5499",52,3,2,1,1,1,0,NA,NA
"5500",52,35,2,1,1,1,0,NA,NA
"5501",52,7,1,1,1,0,1,NA,NA
"5502",52,107,1,1,1,0,0,NA,NA
"5503",52,32,1,1,1,1,1,NA,NA
"5504",52,34,1,1,1,1,1,NA,NA
"5505",52,44,1,1,1,1,1,NA,NA
"5506",52,11,1,1,1,0,1,NA,NA
"5507",52,85,1,1,1,1,0,NA,NA
"5508",52,61,1,1,1,1,0,NA,NA
"5509",52,55,1,1,1,1,1,NA,NA
"5510",52,8,1,1,1,1,1,NA,NA
"5511",52,82,1,1,1,1,0,NA,NA
"5512",52,46,2,1,1,1,0,NA,NA
"5513",52,67,2,1,1,0,1,NA,NA
"5514",52,89,2,1,1,1,1,NA,NA
"5515",52,6,2,1,1,0,0,NA,NA
"5516",52,72,2,1,1,0,1,NA,NA
"5517",52,43,2,1,1,1,0,NA,NA
"5518",52,90,2,1,1,1,1,NA,NA
"5519",52,62,2,1,1,1,1,NA,NA
"5520",52,117,2,1,1,1,1,NA,NA
"5521",52,68,1,1,1,0,0,NA,NA
"5522",52,58,1,1,1,1,1,NA,NA
"5523",52,76,1,1,1,1,0,NA,NA
"5524",52,17,1,1,1,1,1,NA,NA
"5525",52,71,1,1,1,0,0,NA,NA
"5526",52,105,1,1,1,1,0,NA,NA
"5527",52,27,1,1,1,1,1,NA,NA
"5528",52,50,1,1,1,1,1,NA,NA
"5529",52,63,1,1,1,1,0,NA,NA
"5530",52,118,1,1,1,1,0,NA,NA
"5531",52,115,1,1,1,1,0,NA,NA
"5532",52,65,1,1,1,1,0,NA,NA
"5533",52,37,1,1,1,0,1,NA,NA
"5534",52,93,1,1,1,0,0,NA,NA
"5535",52,14,1,1,1,0,1,NA,NA
"5536",52,24,1,1,1,0,1,NA,NA
"5537",52,80,1,1,1,1,0,NA,NA
"5538",52,42,1,1,1,1,1,NA,NA
"5539",52,41,1,1,1,0,1,NA,NA
"5540",52,12,1,1,1,1,1,NA,NA
"5541",52,109,1,1,1,1,0,NA,NA
"5542",52,119,1,1,1,1,0,NA,NA
"5543",52,10,1,1,1,1,1,NA,NA
"5544",52,49,1,1,1,1,1,NA,NA
"5545",52,25,1,1,1,1,1,NA,NA
"5546",52,47,1,1,1,0,1,NA,NA
"5547",52,48,1,1,1,1,1,NA,NA
"5548",52,88,1,1,1,1,0,NA,NA
"5549",52,120,1,1,1,1,0,NA,NA
"5550",52,29,1,1,1,0,1,NA,NA
"5551",52,40,2,1,1,0,0,NA,NA
"5552",52,112,1,1,1,1,0,NA,NA
"5553",52,102,1,1,1,1,0,NA,NA
"5554",52,31,2,1,1,1,0,NA,NA
"5555",52,103,2,1,1,0,1,NA,NA
"5556",52,114,2,1,1,0,1,NA,NA
"5557",52,66,2,1,1,1,1,NA,NA
"5558",52,39,2,1,1,0,0,NA,NA
"5559",52,101,2,1,1,0,1,NA,NA
"5560",52,60,2,1,1,1,1,NA,NA
"5561",52,98,2,1,1,1,1,NA,NA
"5562",52,59,2,1,1,0,0,NA,NA
"5563",52,45,2,1,1,1,0,NA,NA
"5564",52,18,2,1,1,1,0,NA,NA
"5565",52,99,2,1,1,1,1,NA,NA
"5566",52,13,2,1,1,0,0,NA,NA
"5567",52,64,2,1,1,1,1,NA,NA
"5568",53,51,1,1,1,0,1,NA,NA
"5569",53,96,1,1,1,0,0,NA,NA
"5570",53,114,1,1,1,1,0,NA,NA
"5571",53,110,1,1,1,0,0,NA,NA
"5572",53,74,2,1,1,0,0,NA,NA
"5573",53,107,2,1,1,1,0,NA,NA
"5574",53,98,1,1,1,1,0,NA,NA
"5575",53,75,2,1,1,0,0,NA,NA
"5576",53,97,2,1,1,0,0,NA,NA
"5577",53,80,2,1,1,0,0,NA,NA
"5578",53,116,2,1,1,0,1,NA,NA
"5579",53,41,1,1,1,1,1,NA,NA
"5580",53,113,1,1,1,0,0,NA,NA
"5581",53,8,1,1,1,1,1,NA,NA
"5582",53,62,1,1,1,1,0,NA,NA
"5583",53,7,1,1,1,1,1,NA,NA
"5584",53,103,1,1,1,0,0,NA,NA
"5585",53,29,1,1,1,1,1,NA,NA
"5586",53,60,1,1,1,1,0,NA,NA
"5587",53,49,1,1,1,1,1,NA,NA
"5588",53,9,1,1,1,0,1,NA,NA
"5589",53,87,1,1,1,0,0,NA,NA
"5590",53,32,1,1,1,0,1,NA,NA
"5591",53,106,1,1,1,1,0,NA,NA
"5592",53,25,1,1,1,1,1,NA,NA
"5593",53,47,1,1,1,1,1,NA,NA
"5594",53,12,1,1,1,1,1,NA,NA
"5595",53,16,1,1,1,0,1,NA,NA
"5596",53,100,1,1,1,1,0,NA,NA
"5597",53,48,1,1,1,0,1,NA,NA
"5598",53,1,1,1,1,0,1,NA,NA
"5599",53,104,1,1,1,0,0,NA,NA
"5600",53,92,1,1,1,1,0,NA,NA
"5601",53,111,1,1,1,1,0,NA,NA
"5602",53,73,1,1,1,1,0,NA,NA
"5603",53,67,1,1,1,0,0,NA,NA
"5604",53,34,1,1,1,1,1,NA,NA
"5605",53,55,1,1,1,0,1,NA,NA
"5606",53,17,1,1,1,0,1,NA,NA
"5607",53,83,1,1,1,1,0,NA,NA
"5608",53,72,1,1,1,0,0,NA,NA
"5609",53,95,1,1,1,1,0,NA,NA
"5610",53,14,1,1,1,1,1,NA,NA
"5611",53,70,1,1,1,0,0,NA,NA
"5612",53,27,1,1,1,1,1,NA,NA
"5613",53,91,1,1,1,1,0,NA,NA
"5614",53,22,1,1,1,1,1,NA,NA
"5615",53,90,1,1,1,1,0,NA,NA
"5616",53,64,1,1,1,0,0,NA,NA
"5617",53,58,1,1,1,0,1,NA,NA
"5618",53,42,1,1,1,1,1,NA,NA
"5619",53,77,1,1,1,1,0,NA,NA
"5620",53,89,1,1,1,0,0,NA,NA
"5621",53,11,1,1,1,1,1,NA,NA
"5622",53,99,1,1,1,0,0,NA,NA
"5623",53,24,1,1,1,1,1,NA,NA
"5624",53,61,2,1,1,0,0,NA,NA
"5625",53,69,2,1,1,0,0,NA,NA
"5626",53,79,2,1,1,1,0,NA,NA
"5627",53,23,2,1,1,0,1,NA,NA
"5628",53,108,2,1,1,0,0,NA,NA
"5629",53,54,2,1,1,1,1,NA,NA
"5630",53,76,2,1,1,0,0,NA,NA
"5631",53,68,2,1,1,1,0,NA,NA
"5632",53,33,2,1,1,1,1,NA,NA
"5633",53,39,2,1,1,0,1,NA,NA
"5634",53,102,2,1,1,1,0,NA,NA
"5635",53,86,2,1,1,0,0,NA,NA
"5636",53,65,2,1,1,0,0,NA,NA
"5637",53,88,2,1,1,1,0,NA,NA
"5638",53,120,2,1,1,0,0,NA,NA
"5639",53,84,2,1,1,0,0,NA,NA
"5640",53,43,2,1,1,0,1,NA,NA
"5641",53,6,2,1,1,0,1,NA,NA
"5642",53,115,2,1,1,1,0,NA,NA
"5643",53,119,2,1,1,0,0,NA,NA
"5644",53,71,2,1,1,1,0,NA,NA
"5645",53,63,2,1,1,1,0,NA,NA
"5646",53,15,2,1,1,1,1,NA,NA
"5647",53,57,2,1,1,1,1,NA,NA
"5648",53,21,2,1,1,1,1,NA,NA
"5649",53,31,2,1,1,1,1,NA,NA
"5650",53,112,2,1,1,1,0,NA,NA
"5651",53,93,2,1,1,0,0,NA,NA
"5652",53,30,2,1,1,1,1,NA,NA
"5653",53,85,2,1,1,0,0,NA,NA
"5654",53,13,2,1,1,1,1,NA,NA
"5655",53,118,2,1,1,1,0,NA,NA
"5656",53,82,2,1,1,1,0,NA,NA
"5657",53,45,2,1,1,1,1,NA,NA
"5658",53,26,2,1,1,1,1,NA,NA
"5659",53,28,2,1,1,0,1,NA,NA
"5660",53,52,2,1,1,1,1,NA,NA
"5661",53,53,2,1,1,0,1,NA,NA
"5662",53,109,2,1,1,1,0,NA,NA
"5663",53,4,2,1,1,1,1,NA,NA
"5664",53,59,2,1,1,1,1,NA,NA
"5665",53,2,2,1,1,1,1,NA,NA
"5666",53,38,2,1,1,0,1,NA,NA
"5667",53,46,2,1,1,0,1,NA,NA
"5668",53,56,2,1,1,0,1,NA,NA
"5669",53,40,2,1,1,0,1,NA,NA
"5670",53,81,2,1,1,1,0,NA,NA
"5671",53,20,2,1,1,1,1,NA,NA
"5672",53,94,2,1,1,0,0,NA,NA
"5673",53,18,2,1,1,0,1,NA,NA
"5674",53,19,2,1,1,0,1,NA,NA
"5675",53,3,2,1,1,1,1,NA,NA
"5676",53,35,2,1,1,0,1,NA,NA
"5677",53,105,2,1,1,1,0,NA,NA
"5678",54,117,1,1,1,0,0,NA,NA
"5679",54,32,1,1,1,1,1,NA,NA
"5680",54,89,1,1,1,0,0,NA,NA
"5681",54,27,1,1,1,0,1,NA,NA
"5682",54,14,1,1,1,0,1,NA,NA
"5683",54,55,1,1,1,1,1,NA,NA
"5684",54,70,1,1,1,0,0,NA,NA
"5685",54,73,1,1,1,0,0,NA,NA
"5686",54,24,1,1,1,1,1,NA,NA
"5687",54,4,2,1,1,0,0,NA,NA
"5688",54,3,2,1,1,1,0,NA,NA
"5689",54,120,2,1,1,1,1,NA,NA
"5690",54,112,2,1,1,0,1,NA,NA
"5691",54,43,2,1,1,0,0,NA,NA
"5692",54,46,2,1,1,1,0,NA,NA
"5693",54,108,2,1,1,0,1,NA,NA
"5694",54,6,2,1,1,0,0,NA,NA
"5695",54,109,2,1,1,0,1,NA,NA
"5696",54,59,2,1,1,1,0,NA,NA
"5697",54,63,2,1,1,1,1,NA,NA
"5698",54,45,2,1,1,0,0,NA,NA
"5699",54,38,2,1,1,1,0,NA,NA
"5700",54,33,2,1,1,1,0,NA,NA
"5701",54,74,2,1,1,1,1,NA,NA
"5702",54,84,2,1,1,1,1,NA,NA
"5703",54,18,2,1,1,1,0,NA,NA
"5704",54,75,2,1,1,0,1,NA,NA
"5705",54,69,2,1,1,0,1,NA,NA
"5706",54,54,2,1,1,1,0,NA,NA
"5707",54,21,2,1,1,1,0,NA,NA
"5708",54,97,2,1,1,1,1,NA,NA
"5709",54,86,2,1,1,0,1,NA,NA
"5710",54,61,2,1,1,1,1,NA,NA
"5711",54,80,2,1,1,1,1,NA,NA
"5712",54,94,2,1,1,1,1,NA,NA
"5713",54,53,2,1,1,1,0,NA,NA
"5714",54,40,2,1,1,0,0,NA,NA
"5715",54,52,2,1,1,0,0,NA,NA
"5716",54,30,2,1,1,1,0,NA,NA
"5717",54,39,2,1,1,0,0,NA,NA
"5718",54,82,2,1,1,1,1,NA,NA
"5719",54,20,2,1,1,0,0,NA,NA
"5720",54,13,2,1,1,0,0,NA,NA
"5721",54,68,2,1,1,0,1,NA,NA
"5722",54,115,2,1,1,1,1,NA,NA
"5723",54,2,2,1,1,0,0,NA,NA
"5724",54,88,2,1,1,1,1,NA,NA
"5725",54,28,2,1,1,0,0,NA,NA
"5726",54,85,2,1,1,0,1,NA,NA
"5727",54,65,2,1,1,1,1,NA,NA
"5728",54,57,2,1,1,1,0,NA,NA
"5729",54,76,2,1,1,1,1,NA,NA
"5730",54,26,2,1,1,0,0,NA,NA
"5731",54,15,2,1,1,0,0,NA,NA
"5732",54,119,2,1,1,1,1,NA,NA
"5733",54,23,2,1,1,0,0,NA,NA
"5734",54,118,2,1,1,1,1,NA,NA
"5735",54,31,2,1,1,1,0,NA,NA
"5736",54,116,2,1,1,1,0,NA,NA
"5737",54,56,2,1,1,1,0,NA,NA
"5738",54,107,2,1,1,0,1,NA,NA
"5739",54,35,2,1,1,0,0,NA,NA
"5740",54,105,2,1,1,1,1,NA,NA
"5741",54,19,2,1,1,0,0,NA,NA
"5742",54,25,1,1,1,1,1,NA,NA
"5743",54,77,1,1,1,0,0,NA,NA
"5744",54,11,1,1,1,1,1,NA,NA
"5745",54,67,1,1,1,1,0,NA,NA
"5746",54,47,1,1,1,0,1,NA,NA
"5747",54,9,1,1,1,1,1,NA,NA
"5748",54,29,1,1,1,1,1,NA,NA
"5749",54,7,1,1,1,1,1,NA,NA
"5750",54,66,1,1,1,0,0,NA,NA
"5751",54,95,1,1,1,0,0,NA,NA
"5752",54,91,1,1,1,0,0,NA,NA
"5753",54,12,1,1,1,1,1,NA,NA
"5754",54,58,1,1,1,1,1,NA,NA
"5755",54,103,1,1,1,0,0,NA,NA
"5756",54,101,1,1,1,0,0,NA,NA
"5757",54,100,1,1,1,1,0,NA,NA
"5758",54,98,1,1,1,1,0,NA,NA
"5759",54,83,1,1,1,0,0,NA,NA
"5760",54,114,1,1,1,0,0,NA,NA
"5761",54,72,1,1,1,1,0,NA,NA
"5762",54,16,1,1,1,1,1,NA,NA
"5763",54,104,1,1,1,0,0,NA,NA
"5764",54,111,1,1,1,0,0,NA,NA
"5765",54,17,1,1,1,1,1,NA,NA
"5766",54,41,1,1,1,1,1,NA,NA
"5767",54,5,1,1,1,0,1,NA,NA
"5768",54,44,1,1,1,1,1,NA,NA
"5769",54,37,1,1,1,1,1,NA,NA
"5770",54,78,1,1,1,1,0,NA,NA
"5771",54,49,1,1,1,1,1,NA,NA
"5772",54,48,1,1,1,0,1,NA,NA
"5773",54,50,1,1,1,0,1,NA,NA
"5774",54,110,1,1,1,1,0,NA,NA
"5775",54,87,1,1,1,1,0,NA,NA
"5776",54,113,1,1,1,1,0,NA,NA
"5777",54,62,1,1,1,1,0,NA,NA
"5778",54,22,1,1,1,1,1,NA,NA
"5779",54,10,1,1,1,1,1,NA,NA
"5780",54,1,1,1,1,0,1,NA,NA
"5781",54,90,1,1,1,1,0,NA,NA
"5782",54,106,1,1,1,0,0,NA,NA
"5783",54,92,1,1,1,0,0,NA,NA
"5784",54,99,1,1,1,1,0,NA,NA
"5785",54,64,1,1,1,1,0,NA,NA
"5786",54,96,1,1,1,0,0,NA,NA
"5787",54,51,1,1,1,1,1,NA,NA
"5788",54,42,1,1,1,1,1,NA,NA
"5789",54,8,1,1,1,1,1,NA,NA
"5790",54,34,1,1,1,1,1,NA,NA
"5791",54,60,1,1,1,0,0,NA,NA
"5792",54,93,2,1,1,0,1,NA,NA
"5793",54,102,2,1,1,1,1,NA,NA
"5794",54,36,1,1,1,0,1,NA,NA
"5795",54,81,2,1,1,1,1,NA,NA
"5796",54,71,2,1,1,1,1,NA,NA
"5797",54,79,2,1,1,1,1,NA,NA
"5798",55,48,1,1,1,0,0,NA,NA
"5799",55,52,1,1,1,1,1,NA,NA
"5800",55,95,2,1,1,1,0,NA,NA
"5801",55,94,2,1,1,1,1,NA,NA
"5802",55,97,2,1,1,1,1,NA,NA
"5803",55,31,1,1,1,1,1,NA,NA
"5804",55,103,2,1,1,0,0,NA,NA
"5805",55,118,2,1,1,1,1,NA,NA
"5806",55,93,2,1,1,0,1,NA,NA
"5807",55,92,2,1,1,0,0,NA,NA
"5808",55,9,1,1,1,1,0,NA,NA
"5809",55,25,1,1,1,1,0,NA,NA
"5810",55,27,1,1,1,0,0,NA,NA
"5811",55,16,1,1,1,0,0,NA,NA
"5812",55,44,1,1,1,1,0,NA,NA
"5813",55,58,1,1,1,1,0,NA,NA
"5814",55,38,1,1,1,1,1,NA,NA
"5815",55,42,1,1,1,1,0,NA,NA
"5816",55,28,1,1,1,0,1,NA,NA
"5817",55,33,1,1,1,1,1,NA,NA
"5818",55,8,1,1,1,1,0,NA,NA
"5819",55,24,1,1,1,1,0,NA,NA
"5820",55,23,1,1,1,1,1,NA,NA
"5821",55,6,1,1,1,0,1,NA,NA
"5822",55,57,1,1,1,1,1,NA,NA
"5823",55,14,1,1,1,0,0,NA,NA
"5824",55,5,1,1,1,1,0,NA,NA
"5825",55,22,1,1,1,1,0,NA,NA
"5826",55,21,1,1,1,1,1,NA,NA
"5827",55,7,1,1,1,0,0,NA,NA
"5828",55,41,1,1,1,0,0,NA,NA
"5829",55,20,1,1,1,1,1,NA,NA
"5830",55,43,1,1,1,0,1,NA,NA
"5831",55,11,1,1,1,1,0,NA,NA
"5832",55,47,1,1,1,0,0,NA,NA
"5833",55,18,1,1,1,1,1,NA,NA
"5834",55,53,1,1,1,1,1,NA,NA
"5835",55,56,1,1,1,0,1,NA,NA
"5836",55,35,1,1,1,0,1,NA,NA
"5837",55,55,1,1,1,1,0,NA,NA
"5838",55,17,1,1,1,1,0,NA,NA
"5839",55,50,1,1,1,1,0,NA,NA
"5840",55,19,1,1,1,1,1,NA,NA
"5841",55,12,1,1,1,1,0,NA,NA
"5842",55,54,1,1,1,1,1,NA,NA
"5843",55,4,1,1,1,1,1,NA,NA
"5844",55,34,1,1,1,1,0,NA,NA
"5845",55,15,1,1,1,1,1,NA,NA
"5846",55,2,1,1,1,1,1,NA,NA
"5847",55,32,1,1,1,1,0,NA,NA
"5848",55,40,1,1,1,1,1,NA,NA
"5849",55,39,1,1,1,1,1,NA,NA
"5850",55,46,1,1,1,1,1,NA,NA
"5851",55,29,1,1,1,0,0,NA,NA
"5852",55,37,1,1,1,1,0,NA,NA
"5853",55,36,1,1,1,1,0,NA,NA
"5854",55,1,1,1,1,0,0,NA,NA
"5855",55,51,1,1,1,1,0,NA,NA
"5856",55,59,1,1,1,1,1,NA,NA
"5857",55,116,1,1,1,1,1,NA,NA
"5858",55,13,1,1,1,1,1,NA,NA
"5859",55,3,1,1,1,1,1,NA,NA
"5860",55,10,1,1,1,0,0,NA,NA
"5861",55,49,1,1,1,1,0,NA,NA
"5862",55,30,1,1,1,1,1,NA,NA
"5863",55,26,1,1,1,0,1,NA,NA
"5864",55,45,1,1,1,0,1,NA,NA
"5865",55,72,2,1,1,1,0,NA,NA
"5866",55,60,2,1,1,0,0,NA,NA
"5867",55,99,2,1,1,0,0,NA,NA
"5868",55,81,2,1,1,0,1,NA,NA
"5869",55,61,2,1,1,0,1,NA,NA
"5870",55,113,2,1,1,0,0,NA,NA
"5871",55,77,2,1,1,1,0,NA,NA
"5872",55,115,2,1,1,1,1,NA,NA
"5873",55,110,2,1,1,0,0,NA,NA
"5874",55,75,2,1,1,0,1,NA,NA
"5875",55,100,2,1,1,1,0,NA,NA
"5876",55,70,2,1,1,1,0,NA,NA
"5877",55,78,2,1,1,1,0,NA,NA
"5878",55,66,2,1,1,1,0,NA,NA
"5879",55,71,2,1,1,1,1,NA,NA
"5880",55,119,2,1,1,0,1,NA,NA
"5881",55,107,2,1,1,1,1,NA,NA
"5882",55,102,2,1,1,1,1,NA,NA
"5883",55,114,2,1,1,0,0,NA,NA
"5884",55,84,2,1,1,0,1,NA,NA
"5885",55,86,2,1,1,0,1,NA,NA
"5886",55,112,2,1,1,1,1,NA,NA
"5887",55,74,2,1,1,1,1,NA,NA
"5888",55,90,2,1,1,0,0,NA,NA
"5889",55,69,2,1,1,1,1,NA,NA
"5890",55,96,2,1,1,0,0,NA,NA
"5891",55,73,2,1,1,0,0,NA,NA
"5892",55,109,2,1,1,0,1,NA,NA
"5893",55,63,2,1,1,1,1,NA,NA
"5894",55,67,2,1,1,0,0,NA,NA
"5895",55,62,2,1,1,1,0,NA,NA
"5896",55,82,2,1,1,1,1,NA,NA
"5897",55,89,2,1,1,0,0,NA,NA
"5898",55,108,2,1,1,1,1,NA,NA
"5899",55,87,2,1,1,1,0,NA,NA
"5900",55,105,2,1,1,0,1,NA,NA
"5901",55,79,2,1,1,1,1,NA,NA
"5902",55,85,2,1,1,1,1,NA,NA
"5903",55,120,2,1,1,0,1,NA,NA
"5904",55,83,2,1,1,1,0,NA,NA
"5905",55,68,2,1,1,1,1,NA,NA
"5906",55,111,2,1,1,1,0,NA,NA
"5907",55,106,2,1,1,1,0,NA,NA
"5908",55,80,2,1,1,0,1,NA,NA
"5909",55,98,2,1,1,1,0,NA,NA
"5910",55,65,2,1,1,1,1,NA,NA
"5911",55,91,2,1,1,1,0,NA,NA
"5912",55,101,2,1,1,0,0,NA,NA
"5913",55,104,2,1,1,0,0,NA,NA
"5914",55,64,2,1,1,1,0,NA,NA
"5915",55,117,2,1,1,0,0,NA,NA
"5916",55,88,2,1,1,1,1,NA,NA
"5917",55,76,2,1,1,1,1,NA,NA
"5918",56,40,1,1,1,1,1,NA,NA
"5919",56,4,1,1,1,1,1,NA,NA
"5920",56,48,1,1,1,0,0,NA,NA
"5921",56,7,1,1,1,0,0,NA,NA
"5922",56,33,1,1,1,1,1,NA,NA
"5923",56,38,1,1,1,1,1,NA,NA
"5924",56,15,1,1,1,0,1,NA,NA
"5925",56,43,1,1,1,1,1,NA,NA
"5926",56,11,1,1,1,0,0,NA,NA
"5927",56,58,1,1,1,0,0,NA,NA
"5928",56,26,1,1,1,1,1,NA,NA
"5929",56,62,2,1,1,1,1,NA,NA
"5930",56,111,2,1,1,1,1,NA,NA
"5931",56,98,2,1,1,1,1,NA,NA
"5932",56,93,2,1,1,0,0,NA,NA
"5933",56,104,2,1,1,1,1,NA,NA
"5934",56,67,2,1,1,0,1,NA,NA
"5935",56,120,2,1,1,0,0,NA,NA
"5936",56,80,2,1,1,1,0,NA,NA
"5937",56,112,2,1,1,0,0,NA,NA
"5938",56,101,2,1,1,1,1,NA,NA
"5939",56,110,2,1,1,1,1,NA,NA
"5940",56,85,2,1,1,0,0,NA,NA
"5941",56,76,2,1,1,1,0,NA,NA
"5942",56,99,2,1,1,1,1,NA,NA
"5943",56,86,2,1,1,0,0,NA,NA
"5944",56,77,2,1,1,1,1,NA,NA
"5945",56,97,2,1,1,1,0,NA,NA
"5946",56,71,2,1,1,1,0,NA,NA
"5947",56,87,2,1,1,0,1,NA,NA
"5948",56,103,2,1,1,0,1,NA,NA
"5949",56,106,2,1,1,0,1,NA,NA
"5950",56,82,2,1,1,1,0,NA,NA
"5951",56,74,2,1,1,1,0,NA,NA
"5952",56,94,2,1,1,0,0,NA,NA
"5953",56,108,2,1,1,0,0,NA,NA
"5954",56,65,2,1,1,0,0,NA,NA
"5955",56,119,2,1,1,0,0,NA,NA
"5956",56,75,2,1,1,0,0,NA,NA
"5957",56,68,2,1,1,1,0,NA,NA
"5958",56,60,2,1,1,1,1,NA,NA
"5959",56,91,2,1,1,1,1,NA,NA
"5960",56,118,2,1,1,0,0,NA,NA
"5961",56,95,2,1,1,1,1,NA,NA
"5962",56,73,2,1,1,1,1,NA,NA
"5963",56,109,2,1,1,0,0,NA,NA
"5964",56,61,2,1,1,0,0,NA,NA
"5965",56,113,2,1,1,0,1,NA,NA
"5966",56,88,2,1,1,1,0,NA,NA
"5967",56,96,2,1,1,1,1,NA,NA
"5968",56,114,2,1,1,1,1,NA,NA
"5969",56,78,2,1,1,0,1,NA,NA
"5970",56,89,2,1,1,1,1,NA,NA
"5971",56,84,2,1,1,0,0,NA,NA
"5972",56,70,2,1,1,0,1,NA,NA
"5973",56,100,2,1,1,1,1,NA,NA
"5974",56,102,2,1,1,0,0,NA,NA
"5975",56,115,2,1,1,1,0,NA,NA
"5976",56,105,2,1,1,1,0,NA,NA
"5977",56,69,2,1,1,0,0,NA,NA
"5978",56,117,2,1,1,1,1,NA,NA
"5979",56,81,2,1,1,1,0,NA,NA
"5980",56,79,2,1,1,0,0,NA,NA
"5981",56,66,2,1,1,1,1,NA,NA
"5982",56,64,2,1,1,1,1,NA,NA
"5983",56,63,2,1,1,0,0,NA,NA
"5984",56,13,1,1,1,1,1,NA,NA
"5985",56,52,1,1,1,1,1,NA,NA
"5986",56,25,1,1,1,0,0,NA,NA
"5987",56,10,1,1,1,1,0,NA,NA
"5988",56,18,1,1,1,1,1,NA,NA
"5989",56,56,1,1,1,1,1,NA,NA
"5990",56,57,1,1,1,1,1,NA,NA
"5991",56,6,1,1,1,0,1,NA,NA
"5992",56,51,1,1,1,1,0,NA,NA
"5993",56,2,1,1,1,1,1,NA,NA
"5994",56,19,1,1,1,0,1,NA,NA
"5995",56,27,1,1,1,0,0,NA,NA
"5996",56,42,1,1,1,1,0,NA,NA
"5997",56,17,1,1,1,1,0,NA,NA
"5998",56,53,1,1,1,1,1,NA,NA
"5999",56,31,1,1,1,1,1,NA,NA
"6000",56,14,1,1,1,0,0,NA,NA
"6001",56,37,1,1,1,0,0,NA,NA
"6002",56,12,1,1,1,0,0,NA,NA
"6003",56,5,1,1,1,0,0,NA,NA
"6004",56,44,1,1,1,1,0,NA,NA
"6005",56,32,1,1,1,1,0,NA,NA
"6006",56,54,1,1,1,1,1,NA,NA
"6007",56,45,1,1,1,1,1,NA,NA
"6008",56,28,1,1,1,1,1,NA,NA
"6009",56,47,1,1,1,1,0,NA,NA
"6010",56,49,1,1,1,1,0,NA,NA
"6011",56,8,1,1,1,0,0,NA,NA
"6012",56,46,1,1,1,0,1,NA,NA
"6013",56,50,1,1,1,0,0,NA,NA
"6014",56,34,1,1,1,1,0,NA,NA
"6015",56,3,1,1,1,1,1,NA,NA
"6016",56,29,1,1,1,0,0,NA,NA
"6017",56,59,1,1,1,1,1,NA,NA
"6018",56,22,1,1,1,0,0,NA,NA
"6019",56,20,1,1,1,1,1,NA,NA
"6020",56,35,1,1,1,1,1,NA,NA
"6021",56,23,1,1,1,1,1,NA,NA
"6022",56,24,1,1,1,1,0,NA,NA
"6023",56,39,1,1,1,1,1,NA,NA
"6024",56,90,2,1,1,1,1,NA,NA
"6025",56,1,1,1,1,0,0,NA,NA
"6026",56,21,1,1,1,1,1,NA,NA
"6027",56,36,1,1,1,0,0,NA,NA
"6028",56,30,1,1,1,1,1,NA,NA
"6029",56,55,1,1,1,1,0,NA,NA
"6030",56,41,1,1,1,0,0,NA,NA
"6031",56,116,1,1,1,1,1,NA,NA
"6032",56,16,1,1,1,1,0,NA,NA
"6033",56,9,1,1,1,0,0,NA,NA
"6034",56,72,2,1,1,0,1,NA,NA
"6035",56,83,2,1,1,0,1,NA,NA
"6036",56,92,2,1,1,1,1,NA,NA
"6037",56,107,2,1,1,0,0,NA,NA
"6038",57,52,1,1,1,1,1,NA,NA
"6039",57,30,1,1,1,1,1,NA,NA
"6040",57,64,2,1,1,0,0,NA,NA
"6041",57,98,2,1,1,1,0,NA,NA
"6042",57,91,2,1,1,1,0,NA,NA
"6043",57,22,2,1,1,1,1,NA,NA
"6044",57,29,2,1,1,1,1,NA,NA
"6045",57,78,2,1,1,1,0,NA,NA
"6046",57,95,2,1,1,0,0,NA,NA
"6047",57,1,2,1,1,0,1,NA,NA
"6048",57,14,2,1,1,1,1,NA,NA
"6049",57,90,2,1,1,1,0,NA,NA
"6050",57,8,2,1,1,1,1,NA,NA
"6051",57,61,1,1,1,0,0,NA,NA
"6052",57,56,1,1,1,1,1,NA,NA
"6053",57,28,1,1,1,0,1,NA,NA
"6054",57,6,1,1,1,1,1,NA,NA
"6055",57,20,1,1,1,1,1,NA,NA
"6056",57,102,1,1,1,1,0,NA,NA
"6057",57,115,1,1,1,1,0,NA,NA
"6058",57,82,1,1,1,1,0,NA,NA
"6059",57,76,1,1,1,1,0,NA,NA
"6060",57,79,1,1,1,1,0,NA,NA
"6061",57,38,1,1,1,1,1,NA,NA
"6062",57,46,1,1,1,1,1,NA,NA
"6063",57,105,1,1,1,0,0,NA,NA
"6064",57,120,1,1,1,0,0,NA,NA
"6065",57,108,1,1,1,0,0,NA,NA
"6066",57,74,1,1,1,1,0,NA,NA
"6067",57,39,1,1,1,0,1,NA,NA
"6068",57,65,1,1,1,1,0,NA,NA
"6069",57,97,1,1,1,1,0,NA,NA
"6070",57,57,1,1,1,1,1,NA,NA
"6071",57,68,1,1,1,0,0,NA,NA
"6072",57,4,1,1,1,1,1,NA,NA
"6073",57,23,1,1,1,1,1,NA,NA
"6074",57,85,1,1,1,0,0,NA,NA
"6075",57,116,1,1,1,1,1,NA,NA
"6076",57,31,1,1,1,1,1,NA,NA
"6077",57,59,1,1,1,1,1,NA,NA
"6078",57,112,1,1,1,0,0,NA,NA
"6079",57,18,1,1,1,1,1,NA,NA
"6080",57,40,1,1,1,1,1,NA,NA
"6081",57,119,1,1,1,0,0,NA,NA
"6082",57,33,1,1,1,1,1,NA,NA
"6083",57,69,1,1,1,0,0,NA,NA
"6084",57,45,1,1,1,0,1,NA,NA
"6085",57,88,1,1,1,0,0,NA,NA
"6086",57,21,1,1,1,1,1,NA,NA
"6087",57,3,1,1,1,0,1,NA,NA
"6088",57,93,1,1,1,0,0,NA,NA
"6089",57,94,1,1,1,0,0,NA,NA
"6090",57,63,1,1,1,1,0,NA,NA
"6091",57,75,1,1,1,0,0,NA,NA
"6092",57,54,1,1,1,0,1,NA,NA
"6093",57,71,1,1,1,1,0,NA,NA
"6094",57,13,1,1,1,1,1,NA,NA
"6095",57,86,1,1,1,1,0,NA,NA
"6096",57,53,1,1,1,0,1,NA,NA
"6097",57,109,1,1,1,1,0,NA,NA
"6098",57,19,1,1,1,1,1,NA,NA
"6099",57,107,1,1,1,1,0,NA,NA
"6100",57,81,1,1,1,1,0,NA,NA
"6101",57,15,1,1,1,0,1,NA,NA
"6102",57,35,1,1,1,1,1,NA,NA
"6103",57,26,1,1,1,1,1,NA,NA
"6104",57,43,1,1,1,1,1,NA,NA
"6105",57,2,1,1,1,0,1,NA,NA
"6106",57,118,1,1,1,0,0,NA,NA
"6107",57,87,2,1,1,0,0,NA,NA
"6108",57,16,2,1,1,1,1,NA,NA
"6109",57,89,2,1,1,1,0,NA,NA
"6110",57,111,2,1,1,0,0,NA,NA
"6111",57,10,2,1,1,0,1,NA,NA
"6112",57,36,2,1,1,1,1,NA,NA
"6113",57,72,2,1,1,0,0,NA,NA
"6114",57,25,2,1,1,1,1,NA,NA
"6115",57,73,2,1,1,0,0,NA,NA
"6116",57,12,2,1,1,1,1,NA,NA
"6117",57,47,2,1,1,0,1,NA,NA
"6118",57,104,2,1,1,0,0,NA,NA
"6119",57,62,2,1,1,1,0,NA,NA
"6120",57,117,2,1,1,1,0,NA,NA
"6121",57,60,2,1,1,1,0,NA,NA
"6122",57,66,2,1,1,1,0,NA,NA
"6123",57,67,2,1,1,0,0,NA,NA
"6124",57,92,2,1,1,0,0,NA,NA
"6125",57,24,2,1,1,1,1,NA,NA
"6126",57,37,2,1,1,0,1,NA,NA
"6127",57,114,2,1,1,0,0,NA,NA
"6128",57,34,2,1,1,0,1,NA,NA
"6129",57,50,2,1,1,1,1,NA,NA
"6130",57,96,2,1,1,1,0,NA,NA
"6131",57,103,2,1,1,1,0,NA,NA
"6132",57,17,2,1,1,0,1,NA,NA
"6133",57,27,2,1,1,1,1,NA,NA
"6134",57,77,2,1,1,1,0,NA,NA
"6135",57,41,2,1,1,0,1,NA,NA
"6136",57,5,2,1,1,1,1,NA,NA
"6137",57,106,2,1,1,1,0,NA,NA
"6138",57,48,2,1,1,0,1,NA,NA
"6139",57,51,2,1,1,1,1,NA,NA
"6140",57,110,2,1,1,0,0,NA,NA
"6141",57,113,2,1,1,1,0,NA,NA
"6142",57,101,2,1,1,1,0,NA,NA
"6143",57,44,2,1,1,1,1,NA,NA
"6144",57,100,2,1,1,1,0,NA,NA
"6145",57,49,2,1,1,1,1,NA,NA
"6146",57,70,2,1,1,1,0,NA,NA
"6147",57,32,2,1,1,0,1,NA,NA
"6148",57,7,2,1,1,0,1,NA,NA
"6149",57,11,2,1,1,0,1,NA,NA
"6150",57,58,2,1,1,0,1,NA,NA
"6151",57,55,2,1,1,1,1,NA,NA
"6152",57,99,2,1,1,1,0,NA,NA
"6153",57,83,2,1,1,1,0,NA,NA
"6154",58,76,1,1,1,1,0,NA,NA
"6155",58,65,1,1,1,1,0,NA,NA
"6156",58,18,1,1,1,0,1,NA,NA
"6157",58,57,1,1,1,1,1,NA,NA
"6158",58,21,1,1,1,1,1,NA,NA
"6159",58,63,1,1,1,1,0,NA,NA
"6160",58,28,1,1,1,1,1,NA,NA
"6161",58,71,1,1,1,1,0,NA,NA
"6162",58,53,1,1,1,0,1,NA,NA
"6163",58,120,1,1,1,1,0,NA,NA
"6164",58,45,1,1,1,1,1,NA,NA
"6165",58,82,1,1,1,1,0,NA,NA
"6166",58,32,2,1,1,0,0,NA,NA
"6167",58,113,2,1,1,0,1,NA,NA
"6168",58,1,2,1,1,1,0,NA,NA
"6169",58,67,2,1,1,0,1,NA,NA
"6170",58,73,2,1,1,1,1,NA,NA
"6171",58,34,2,1,1,0,0,NA,NA
"6172",58,106,2,1,1,1,1,NA,NA
"6173",58,10,2,1,1,0,0,NA,NA
"6174",58,72,2,1,1,0,1,NA,NA
"6175",58,49,2,1,1,1,0,NA,NA
"6176",58,42,2,1,1,1,0,NA,NA
"6177",58,110,2,1,1,0,1,NA,NA
"6178",58,111,2,1,1,0,1,NA,NA
"6179",58,9,2,1,1,0,0,NA,NA
"6180",58,62,2,1,1,1,1,NA,NA
"6181",58,11,2,1,1,1,0,NA,NA
"6182",58,25,2,1,1,1,0,NA,NA
"6183",58,98,2,1,1,0,1,NA,NA
"6184",58,41,2,1,1,0,0,NA,NA
"6185",58,5,2,1,1,0,0,NA,NA
"6186",58,83,2,1,1,1,1,NA,NA
"6187",58,92,2,1,1,1,1,NA,NA
"6188",58,117,2,1,1,0,1,NA,NA
"6189",58,16,2,1,1,1,0,NA,NA
"6190",58,24,2,1,1,0,0,NA,NA
"6191",58,104,2,1,1,1,1,NA,NA
"6192",58,99,2,1,1,1,1,NA,NA
"6193",58,89,2,1,1,1,1,NA,NA
"6194",58,7,2,1,1,1,0,NA,NA
"6195",58,90,2,1,1,1,1,NA,NA
"6196",58,114,2,1,1,1,1,NA,NA
"6197",58,91,2,1,1,1,1,NA,NA
"6198",58,17,2,1,1,0,0,NA,NA
"6199",58,22,2,1,1,0,0,NA,NA
"6200",58,47,2,1,1,1,0,NA,NA
"6201",58,50,2,1,1,1,0,NA,NA
"6202",58,100,2,1,1,1,1,NA,NA
"6203",58,96,2,1,1,1,1,NA,NA
"6204",58,55,2,1,1,0,0,NA,NA
"6205",58,29,2,1,1,1,0,NA,NA
"6206",58,48,2,1,1,0,0,NA,NA
"6207",58,95,2,1,1,1,1,NA,NA
"6208",58,8,2,1,1,0,0,NA,NA
"6209",58,77,2,1,1,1,1,NA,NA
"6210",58,66,2,1,1,1,1,NA,NA
"6211",58,58,2,1,1,1,0,NA,NA
"6212",58,64,2,1,1,1,1,NA,NA
"6213",58,27,2,1,1,1,0,NA,NA
"6214",58,36,2,1,1,0,0,NA,NA
"6215",58,14,2,1,1,1,0,NA,NA
"6216",58,103,2,1,1,1,1,NA,NA
"6217",58,12,2,1,1,1,0,NA,NA
"6218",58,78,2,1,1,1,1,NA,NA
"6219",58,44,2,1,1,1,0,NA,NA
"6220",58,101,2,1,1,1,1,NA,NA
"6221",58,118,1,1,1,1,0,NA,NA
"6222",58,93,1,1,1,0,0,NA,NA
"6223",58,105,1,1,1,0,0,NA,NA
"6224",58,86,1,1,1,1,0,NA,NA
"6225",58,31,1,1,1,0,1,NA,NA
"6226",58,4,1,1,1,1,1,NA,NA
"6227",58,33,1,1,1,1,1,NA,NA
"6228",58,38,1,1,1,1,1,NA,NA
"6229",58,13,1,1,1,1,1,NA,NA
"6230",58,108,1,1,1,1,0,NA,NA
"6231",58,52,1,1,1,1,1,NA,NA
"6232",58,15,1,1,1,1,1,NA,NA
"6233",58,2,1,1,1,1,1,NA,NA
"6234",58,112,1,1,1,1,0,NA,NA
"6235",58,74,1,1,1,1,0,NA,NA
"6236",58,94,1,1,1,1,0,NA,NA
"6237",58,43,1,1,1,1,1,NA,NA
"6238",58,19,1,1,1,0,1,NA,NA
"6239",58,35,1,1,1,0,1,NA,NA
"6240",58,69,1,1,1,1,0,NA,NA
"6241",58,23,1,1,1,0,1,NA,NA
"6242",58,80,1,1,1,1,0,NA,NA
"6243",58,119,1,1,1,1,0,NA,NA
"6244",58,81,1,1,1,0,0,NA,NA
"6245",58,30,1,1,1,0,1,NA,NA
"6246",58,40,1,1,1,1,1,NA,NA
"6247",58,59,1,1,1,1,1,NA,NA
"6248",58,61,1,1,1,0,0,NA,NA
"6249",58,54,1,1,1,1,1,NA,NA
"6250",58,116,1,1,1,1,1,NA,NA
"6251",58,46,1,1,1,1,1,NA,NA
"6252",58,20,1,1,1,1,1,NA,NA
"6253",58,109,1,1,1,0,0,NA,NA
"6254",58,88,1,1,1,1,0,NA,NA
"6255",58,107,1,1,1,1,0,NA,NA
"6256",58,102,1,1,1,0,0,NA,NA
"6257",58,85,1,1,1,1,0,NA,NA
"6258",58,75,1,1,1,1,0,NA,NA
"6259",58,68,1,1,1,1,0,NA,NA
"6260",58,97,1,1,1,1,0,NA,NA
"6261",58,51,2,1,1,1,0,NA,NA
"6262",58,87,2,1,1,0,1,NA,NA
"6263",58,6,1,1,1,1,1,NA,NA
"6264",58,26,1,1,1,1,1,NA,NA
"6265",58,3,1,1,1,1,1,NA,NA
"6266",58,56,1,1,1,1,1,NA,NA
"6267",58,79,1,1,1,1,0,NA,NA
"6268",58,84,1,1,1,0,0,NA,NA
"6269",58,70,2,1,1,1,1,NA,NA
"6270",59,118,2,1,1,1,0,NA,NA
"6271",59,86,2,1,1,0,0,NA,NA
"6272",59,119,2,1,1,0,0,NA,NA
"6273",59,75,2,1,1,0,0,NA,NA
"6274",59,109,2,1,1,1,0,NA,NA
"6275",59,97,2,1,1,1,0,NA,NA
"6276",59,47,2,1,1,0,1,NA,NA
"6277",59,94,2,1,1,0,0,NA,NA
"6278",59,80,2,1,1,0,0,NA,NA
"6279",59,105,2,1,1,1,0,NA,NA
"6280",59,82,2,1,1,1,0,NA,NA
"6281",59,88,2,1,1,0,0,NA,NA
"6282",59,44,2,1,1,0,1,NA,NA
"6283",59,102,2,1,1,0,0,NA,NA
"6284",59,9,2,1,1,0,1,NA,NA
"6285",59,107,2,1,1,1,0,NA,NA
"6286",59,63,2,1,1,1,0,NA,NA
"6287",59,120,2,1,1,0,0,NA,NA
"6288",59,58,2,1,1,1,1,NA,NA
"6289",59,72,1,1,1,0,0,NA,NA
"6290",59,64,1,1,1,1,0,NA,NA
"6291",59,38,1,1,1,1,1,NA,NA
"6292",59,92,1,1,1,0,0,NA,NA
"6293",59,15,1,1,1,0,1,NA,NA
"6294",59,99,1,1,1,0,0,NA,NA
"6295",59,62,1,1,1,1,0,NA,NA
"6296",59,30,1,1,1,1,1,NA,NA
"6297",59,83,1,1,1,1,0,NA,NA
"6298",59,117,1,1,1,0,0,NA,NA
"6299",59,43,1,1,1,1,1,NA,NA
"6300",59,26,1,1,1,1,1,NA,NA
"6301",59,90,1,1,1,1,0,NA,NA
"6302",59,113,1,1,1,1,0,NA,NA
"6303",59,66,1,1,1,0,0,NA,NA
"6304",59,20,1,1,1,1,1,NA,NA
"6305",59,77,1,1,1,1,0,NA,NA
"6306",59,35,1,1,1,1,1,NA,NA
"6307",59,103,1,1,1,1,0,NA,NA
"6308",59,21,1,1,1,0,1,NA,NA
"6309",59,95,1,1,1,1,0,NA,NA
"6310",59,110,1,1,1,0,0,NA,NA
"6311",59,40,1,1,1,1,1,NA,NA
"6312",59,89,1,1,1,1,0,NA,NA
"6313",59,100,1,1,1,1,0,NA,NA
"6314",59,116,1,1,1,1,1,NA,NA
"6315",59,60,1,1,1,0,0,NA,NA
"6316",59,111,1,1,1,1,0,NA,NA
"6317",59,31,1,1,1,1,1,NA,NA
"6318",59,98,1,1,1,1,0,NA,NA
"6319",59,19,1,1,1,0,1,NA,NA
"6320",59,28,1,1,1,1,1,NA,NA
"6321",59,33,1,1,1,1,1,NA,NA
"6322",59,73,1,1,1,1,0,NA,NA
"6323",59,96,1,1,1,1,0,NA,NA
"6324",59,93,2,1,1,0,0,NA,NA
"6325",59,17,2,1,1,0,1,NA,NA
"6326",59,49,2,1,1,1,1,NA,NA
"6327",59,108,2,1,1,1,0,NA,NA
"6328",59,50,2,1,1,0,1,NA,NA
"6329",59,7,2,1,1,1,1,NA,NA
"6330",59,5,2,1,1,0,1,NA,NA
"6331",59,74,2,1,1,0,0,NA,NA
"6332",59,69,2,1,1,1,0,NA,NA
"6333",59,12,2,1,1,1,1,NA,NA
"6334",59,68,2,1,1,0,0,NA,NA
"6335",59,25,2,1,1,0,1,NA,NA
"6336",59,51,2,1,1,0,1,NA,NA
"6337",59,115,2,1,1,1,0,NA,NA
"6338",59,61,2,1,1,0,0,NA,NA
"6339",59,37,2,1,1,0,1,NA,NA
"6340",59,1,2,1,1,0,1,NA,NA
"6341",59,41,2,1,1,0,1,NA,NA
"6342",59,48,2,1,1,1,1,NA,NA
"6343",59,84,2,1,1,1,0,NA,NA
"6344",59,8,2,1,1,0,1,NA,NA
"6345",59,29,2,1,1,0,1,NA,NA
"6346",59,27,2,1,1,0,1,NA,NA
"6347",59,79,2,1,1,1,0,NA,NA
"6348",59,32,2,1,1,1,1,NA,NA
"6349",59,16,2,1,1,0,1,NA,NA
"6350",59,36,2,1,1,1,1,NA,NA
"6351",59,112,2,1,1,0,0,NA,NA
"6352",60,110,1,1,1,0,0,NA,NA
"6353",60,67,1,1,1,0,0,NA,NA
"6354",60,83,1,1,1,1,0,NA,NA
"6355",60,78,1,1,1,1,0,NA,NA
"6356",60,21,1,1,1,1,1,NA,NA
"6357",60,100,1,1,1,1,0,NA,NA
"6358",60,106,1,1,1,1,0,NA,NA
"6359",60,56,1,1,1,1,1,NA,NA
"6360",60,73,1,1,1,0,0,NA,NA
"6361",60,96,1,1,1,1,0,NA,NA
"6362",60,117,1,1,1,0,0,NA,NA
"6363",60,18,1,1,1,1,1,NA,NA
"6364",60,14,2,1,1,1,0,NA,NA
"6365",60,32,2,1,1,0,0,NA,NA
"6366",60,36,2,1,1,1,0,NA,NA
"6367",60,80,2,1,1,1,1,NA,NA
"6368",60,4,1,1,1,1,1,NA,NA
"6369",60,31,1,1,1,0,1,NA,NA
"6370",60,70,1,1,1,0,0,NA,NA
"6371",60,57,1,1,1,1,1,NA,NA
"6372",60,66,1,1,1,1,0,NA,NA
"6373",60,111,1,1,1,1,0,NA,NA
"6374",60,15,1,1,1,1,1,NA,NA
"6375",60,40,1,1,1,1,1,NA,NA
"6376",60,33,1,1,1,1,1,NA,NA
"6377",60,53,1,1,1,1,1,NA,NA
"6378",60,38,1,1,1,1,1,NA,NA
"6379",60,20,1,1,1,1,1,NA,NA
"6380",60,52,1,1,1,1,1,NA,NA
"6381",60,104,1,1,1,0,0,NA,NA
"6382",60,91,1,1,1,0,0,NA,NA
"6383",60,26,1,1,1,1,1,NA,NA
"6384",60,43,1,1,1,1,1,NA,NA
"6385",60,59,1,1,1,0,1,NA,NA
"6386",60,92,1,1,1,0,0,NA,NA
"6387",60,2,1,1,1,1,1,NA,NA
"6388",60,90,1,1,1,1,0,NA,NA
"6389",60,107,2,1,1,0,1,NA,NA
"6390",60,17,2,1,1,0,0,NA,NA
"6391",60,8,2,1,1,0,0,NA,NA
"6392",60,48,2,1,1,0,0,NA,NA
"6393",60,86,2,1,1,0,1,NA,NA
"6394",60,119,2,1,1,0,1,NA,NA
"6395",60,41,2,1,1,0,0,NA,NA
"6396",60,24,2,1,1,0,0,NA,NA
"6397",60,109,2,1,1,1,1,NA,NA
"6398",60,93,2,1,1,1,1,NA,NA
"6399",60,11,2,1,1,0,0,NA,NA
"6400",60,55,2,1,1,0,0,NA,NA
"6401",60,81,2,1,1,0,1,NA,NA
"6402",60,22,2,1,1,0,0,NA,NA
"6403",60,115,2,1,1,1,1,NA,NA
"6404",60,76,2,1,1,1,1,NA,NA
"6405",60,79,2,1,1,0,1,NA,NA
"6406",60,34,2,1,1,0,0,NA,NA
"6407",60,42,2,1,1,1,0,NA,NA
"6408",60,71,2,1,1,0,1,NA,NA
"6409",60,85,2,1,1,0,1,NA,NA
"6410",60,63,2,1,1,1,1,NA,NA
"6411",60,69,2,1,1,0,1,NA,NA
"6412",60,10,2,1,1,1,0,NA,NA
"6413",60,112,2,1,1,0,1,NA,NA
"6414",60,44,2,1,1,0,0,NA,NA
"6415",60,50,2,1,1,0,0,NA,NA
"6416",60,58,2,1,1,1,0,NA,NA
"6417",60,1,2,1,1,1,0,NA,NA
"6418",60,82,2,1,1,1,1,NA,NA
"6419",60,37,2,1,1,0,0,NA,NA
"6420",60,118,2,1,1,1,1,NA,NA
"6421",60,49,2,1,1,0,0,NA,NA
"6422",60,7,2,1,1,0,0,NA,NA
"6423",60,94,2,1,1,1,1,NA,NA
"6424",60,74,2,1,1,0,1,NA,NA
"6425",60,75,2,1,1,1,1,NA,NA
"6426",60,29,2,1,1,1,0,NA,NA
"6427",60,84,2,1,1,1,1,NA,NA
"6428",60,12,2,1,1,1,0,NA,NA
"6429",60,51,2,1,1,0,0,NA,NA
"6430",60,108,2,1,1,0,1,NA,NA
"6431",60,61,2,1,1,1,1,NA,NA
"6432",60,5,2,1,1,1,0,NA,NA
"6433",60,102,2,1,1,1,1,NA,NA
"6434",60,27,2,1,1,1,0,NA,NA
"6435",60,105,2,1,1,0,1,NA,NA
"6436",60,120,2,1,1,0,1,NA,NA
"6437",60,25,2,1,1,1,0,NA,NA
"6438",60,88,2,1,1,0,1,NA,NA
"6439",60,97,2,1,1,1,1,NA,NA
"6440",60,47,2,1,1,0,0,NA,NA
"6441",60,16,2,1,1,0,0,NA,NA
"6442",60,9,2,1,1,0,0,NA,NA
"6443",60,65,2,1,1,0,1,NA,NA
"6444",60,68,2,1,1,0,1,NA,NA
"6445",60,64,1,1,1,0,0,NA,NA
"6446",60,87,1,1,1,0,0,NA,NA
"6447",60,113,1,1,1,0,0,NA,NA
"6448",60,30,1,1,1,1,1,NA,NA
"6449",60,116,1,1,1,1,1,NA,NA
"6450",60,101,1,1,1,0,0,NA,NA
"6451",60,28,1,1,1,0,1,NA,NA
"6452",60,39,1,1,1,1,1,NA,NA
"6453",60,35,1,1,1,1,1,NA,NA
"6454",60,6,1,1,1,1,1,NA,NA
"6455",60,99,1,1,1,0,0,NA,NA
"6456",60,46,1,1,1,1,1,NA,NA
"6457",60,62,1,1,1,0,0,NA,NA
"6458",60,13,1,1,1,1,1,NA,NA
"6459",60,3,1,1,1,1,1,NA,NA
"6460",60,103,1,1,1,1,0,NA,NA
"6461",60,54,1,1,1,1,1,NA,NA
"6462",60,60,1,1,1,0,0,NA,NA
"6463",60,114,1,1,1,0,0,NA,NA
"6464",60,19,1,1,1,0,1,NA,NA
"6465",60,98,1,1,1,0,0,NA,NA
"6466",60,23,1,1,1,1,1,NA,NA
"6467",60,72,1,1,1,1,0,NA,NA
"6468",60,77,1,1,1,0,0,NA,NA
"6469",60,89,1,1,1,1,0,NA,NA
"6470",60,95,1,1,1,1,0,NA,NA
"6471",61,43,2,1,1,1,1,NA,NA
"6472",61,113,2,1,1,1,0,NA,NA
"6473",61,3,2,1,1,1,1,NA,NA
"6474",61,117,2,1,1,0,0,NA,NA
"6475",61,57,2,1,1,1,1,NA,NA
"6476",61,70,2,1,1,0,0,NA,NA
"6477",61,104,2,1,1,1,0,NA,NA
"6478",61,110,2,1,1,0,0,NA,NA
"6479",61,52,2,1,1,1,1,NA,NA
"6480",61,18,2,1,1,1,1,NA,NA
"6481",61,99,2,1,1,0,0,NA,NA
"6482",61,21,2,1,1,0,1,NA,NA
"6483",61,96,2,1,1,1,0,NA,NA
"6484",61,95,2,1,1,1,0,NA,NA
"6485",61,116,2,1,1,1,1,NA,NA
"6486",61,100,2,1,1,1,0,NA,NA
"6487",61,54,2,1,1,0,1,NA,NA
"6488",61,20,2,1,1,0,1,NA,NA
"6489",61,91,2,1,1,1,0,NA,NA
"6490",61,6,2,1,1,0,1,NA,NA
"6491",61,56,2,1,1,1,1,NA,NA
"6492",61,53,2,1,1,0,1,NA,NA
"6493",61,13,2,1,1,1,1,NA,NA
"6494",61,15,2,1,1,0,1,NA,NA
"6495",61,101,2,1,1,1,0,NA,NA
"6496",61,114,2,1,1,1,0,NA,NA
"6497",61,40,2,1,1,0,1,NA,NA
"6498",61,66,2,1,1,1,0,NA,NA
"6499",61,23,2,1,1,1,1,NA,NA
"6500",61,89,2,1,1,0,0,NA,NA
"6501",61,106,2,1,1,0,0,NA,NA
"6502",61,60,2,1,1,1,0,NA,NA
"6503",61,19,2,1,1,0,1,NA,NA
"6504",61,48,1,1,1,1,0,NA,NA
"6505",61,107,1,1,1,1,1,NA,NA
"6506",61,8,1,1,1,0,0,NA,NA
"6507",61,34,1,1,1,0,0,NA,NA
"6508",61,50,1,1,1,1,0,NA,NA
"6509",61,68,1,1,1,1,1,NA,NA
"6510",61,16,1,1,1,0,0,NA,NA
"6511",61,10,1,1,1,1,0,NA,NA
"6512",61,74,1,1,1,1,1,NA,NA
"6513",61,22,1,1,1,1,0,NA,NA
"6514",61,29,1,1,1,1,0,NA,NA
"6515",61,71,1,1,1,1,1,NA,NA
"6516",61,97,1,1,1,1,1,NA,NA
"6517",61,24,1,1,1,0,0,NA,NA
"6518",61,119,1,1,1,0,1,NA,NA
"6519",61,85,1,1,1,1,1,NA,NA
"6520",61,27,1,1,1,1,0,NA,NA
"6521",61,12,1,1,1,0,0,NA,NA
"6522",61,55,1,1,1,1,0,NA,NA
"6523",61,61,1,1,1,0,1,NA,NA
"6524",61,47,1,1,1,0,0,NA,NA
"6525",61,88,1,1,1,1,1,NA,NA
"6526",61,11,1,1,1,0,0,NA,NA
"6527",61,94,1,1,1,1,1,NA,NA
"6528",61,102,1,1,1,1,1,NA,NA
"6529",61,79,1,1,1,1,1,NA,NA
"6530",61,108,1,1,1,0,1,NA,NA
"6531",61,84,1,1,1,1,1,NA,NA
"6532",61,7,1,1,1,1,0,NA,NA
"6533",61,41,1,1,1,0,0,NA,NA
"6534",61,58,1,1,1,1,0,NA,NA
"6535",61,51,1,1,1,1,0,NA,NA
"6536",61,82,1,1,1,0,1,NA,NA
"6537",61,42,1,1,1,1,0,NA,NA
"6538",61,36,1,1,1,1,0,NA,NA
"6539",61,105,1,1,1,1,1,NA,NA
"6540",61,112,1,1,1,1,1,NA,NA
"6541",61,32,1,1,1,1,0,NA,NA
"6542",61,17,1,1,1,0,0,NA,NA
"6543",61,65,1,1,1,0,1,NA,NA
"6544",61,86,1,1,1,0,1,NA,NA
"6545",61,109,1,1,1,0,1,NA,NA
"6546",61,5,1,1,1,1,0,NA,NA
"6547",61,93,1,1,1,0,1,NA,NA
"6548",61,76,1,1,1,1,1,NA,NA
"6549",61,80,1,1,1,1,1,NA,NA
"6550",61,115,1,1,1,1,1,NA,NA
"6551",61,1,1,1,1,1,0,NA,NA
"6552",61,37,1,1,1,0,0,NA,NA
"6553",61,14,1,1,1,0,0,NA,NA
"6554",61,75,1,1,1,0,1,NA,NA
"6555",61,25,1,1,1,1,0,NA,NA
"6556",61,63,1,1,1,1,1,NA,NA
"6557",61,118,1,1,1,0,1,NA,NA
"6558",61,81,1,1,1,1,1,NA,NA
"6559",61,44,1,1,1,1,0,NA,NA
"6560",61,120,1,1,1,1,1,NA,NA
"6561",61,49,1,1,1,1,0,NA,NA
"6562",61,9,1,1,1,1,0,NA,NA
"6563",61,69,1,1,1,1,1,NA,NA
"6564",61,38,2,1,1,1,1,NA,NA
"6565",61,73,2,1,1,1,0,NA,NA
"6566",61,30,2,1,1,0,1,NA,NA
"6567",61,39,2,1,1,1,1,NA,NA
"6568",61,64,2,1,1,0,0,NA,NA
"6569",61,103,2,1,1,0,0,NA,NA
"6570",61,78,2,1,1,1,0,NA,NA
"6571",61,111,2,1,1,0,0,NA,NA
"6572",61,72,2,1,1,1,0,NA,NA
"6573",61,59,2,1,1,1,1,NA,NA
"6574",61,2,2,1,1,0,1,NA,NA
"6575",61,28,2,1,1,0,1,NA,NA
"6576",61,98,2,1,1,1,0,NA,NA
"6577",61,87,2,1,1,0,0,NA,NA
"6578",61,67,2,1,1,1,0,NA,NA
"6579",61,90,2,1,1,1,0,NA,NA
"6580",61,46,2,1,1,0,1,NA,NA
"6581",61,45,2,1,1,1,1,NA,NA
"6582",61,4,2,1,1,0,1,NA,NA
"6583",61,62,2,1,1,1,0,NA,NA
"6584",61,26,2,1,1,1,1,NA,NA
"6585",61,31,2,1,1,1,1,NA,NA
"6586",61,83,2,1,1,0,0,NA,NA
"6587",61,77,2,1,1,1,0,NA,NA
"6588",61,33,2,1,1,0,1,NA,NA
"6589",61,35,2,1,1,1,1,NA,NA
"6590",61,92,2,1,1,1,0,NA,NA
"6591",62,29,1,1,1,0,0,NA,NA
"6592",62,119,1,1,1,1,1,NA,NA
"6593",62,8,1,1,1,0,0,NA,NA
"6594",62,16,1,1,1,1,0,NA,NA
"6595",62,61,1,1,1,1,1,NA,NA
"6596",62,108,1,1,1,0,1,NA,NA
"6597",62,47,1,1,1,0,0,NA,NA
"6598",62,44,1,1,1,1,0,NA,NA
"6599",62,112,1,1,1,0,1,NA,NA
"6600",62,88,1,1,1,1,1,NA,NA
"6601",62,1,1,1,1,1,0,NA,NA
"6602",62,120,1,1,1,1,1,NA,NA
"6603",62,107,1,1,1,0,1,NA,NA
"6604",62,55,1,1,1,1,0,NA,NA
"6605",62,84,1,1,1,1,1,NA,NA
"6606",62,69,1,1,1,0,1,NA,NA
"6607",62,51,1,1,1,1,0,NA,NA
"6608",62,79,1,1,1,1,1,NA,NA
"6609",62,85,1,1,1,1,1,NA,NA
"6610",62,97,1,1,1,0,1,NA,NA
"6611",62,118,1,1,1,0,1,NA,NA
"6612",62,82,1,1,1,1,1,NA,NA
"6613",62,74,1,1,1,1,1,NA,NA
"6614",62,22,1,1,1,1,0,NA,NA
"6615",62,86,1,1,1,0,1,NA,NA
"6616",62,34,1,1,1,0,0,NA,NA
"6617",62,50,1,1,1,0,0,NA,NA
"6618",62,27,1,1,1,0,0,NA,NA
"6619",62,80,1,1,1,1,1,NA,NA
"6620",62,94,1,1,1,1,1,NA,NA
"6621",62,36,1,1,1,1,0,NA,NA
"6622",62,9,1,1,1,1,0,NA,NA
"6623",62,68,1,1,1,0,1,NA,NA
"6624",62,7,1,1,1,0,0,NA,NA
"6625",62,76,1,1,1,0,1,NA,NA
"6626",62,81,1,1,1,1,1,NA,NA
"6627",62,75,1,1,1,1,1,NA,NA
"6628",62,41,1,1,1,0,0,NA,NA
"6629",62,14,1,1,1,1,0,NA,NA
"6630",62,24,1,1,1,0,0,NA,NA
"6631",62,65,1,1,1,1,1,NA,NA
"6632",62,15,2,1,1,1,0,NA,NA
"6633",62,35,2,1,1,0,0,NA,NA
"6634",62,59,2,1,1,1,0,NA,NA
"6635",62,77,2,1,1,1,1,NA,NA
"6636",62,53,2,1,1,0,0,NA,NA
"6637",62,87,2,1,1,1,1,NA,NA
"6638",62,72,2,1,1,0,1,NA,NA
"6639",62,52,2,1,1,1,0,NA,NA
"6640",62,67,2,1,1,1,1,NA,NA
"6641",62,28,2,1,1,1,0,NA,NA
"6642",62,73,2,1,1,0,1,NA,NA
"6643",62,117,2,1,1,0,1,NA,NA
"6644",62,6,2,1,1,0,0,NA,NA
"6645",62,116,2,1,1,1,0,NA,NA
"6646",62,92,2,1,1,1,1,NA,NA
"6647",62,70,2,1,1,0,1,NA,NA
"6648",62,66,2,1,1,1,1,NA,NA
"6649",62,90,2,1,1,1,1,NA,NA
"6650",62,101,2,1,1,0,1,NA,NA
"6651",62,46,2,1,1,1,0,NA,NA
"6652",62,100,2,1,1,1,1,NA,NA
"6653",62,40,2,1,1,1,0,NA,NA
"6654",62,96,2,1,1,1,1,NA,NA
"6655",62,99,2,1,1,1,1,NA,NA
"6656",62,98,2,1,1,1,1,NA,NA
"6657",62,38,2,1,1,1,0,NA,NA
"6658",62,114,2,1,1,1,1,NA,NA
"6659",62,54,2,1,1,0,0,NA,NA
"6660",62,23,2,1,1,0,0,NA,NA
"6661",62,20,2,1,1,1,0,NA,NA
"6662",62,95,2,1,1,1,1,NA,NA
"6663",62,78,2,1,1,1,1,NA,NA
"6664",62,110,2,1,1,1,1,NA,NA
"6665",62,13,2,1,1,1,0,NA,NA
"6666",62,19,2,1,1,0,0,NA,NA
"6667",62,104,2,1,1,0,1,NA,NA
"6668",62,111,2,1,1,1,1,NA,NA
"6669",62,57,2,1,1,0,0,NA,NA
"6670",62,103,2,1,1,1,1,NA,NA
"6671",62,64,2,1,1,0,1,NA,NA
"6672",62,83,2,1,1,0,1,NA,NA
"6673",62,31,2,1,1,1,0,NA,NA
"6674",62,4,2,1,1,0,0,NA,NA
"6675",62,21,2,1,1,0,0,NA,NA
"6676",62,43,2,1,1,1,0,NA,NA
"6677",62,62,2,1,1,1,1,NA,NA
"6678",62,3,2,1,1,0,0,NA,NA
"6679",62,2,2,1,1,0,0,NA,NA
"6680",62,30,2,1,1,0,0,NA,NA
"6681",62,60,2,1,1,1,1,NA,NA
"6682",62,33,2,1,1,0,0,NA,NA
"6683",62,26,2,1,1,1,0,NA,NA
"6684",62,106,2,1,1,1,1,NA,NA
"6685",62,18,2,1,1,0,0,NA,NA
"6686",62,56,2,1,1,1,0,NA,NA
"6687",62,39,2,1,1,1,0,NA,NA
"6688",62,113,2,1,1,1,1,NA,NA
"6689",62,89,2,1,1,0,1,NA,NA
"6690",62,91,2,1,1,1,1,NA,NA
"6691",62,45,2,1,1,0,0,NA,NA
"6692",62,42,1,1,1,0,0,NA,NA
"6693",62,102,1,1,1,1,1,NA,NA
"6694",62,32,1,1,1,1,0,NA,NA
"6695",62,11,1,1,1,0,0,NA,NA
"6696",62,63,1,1,1,1,1,NA,NA
"6697",62,17,1,1,1,0,0,NA,NA
"6698",62,25,1,1,1,0,0,NA,NA
"6699",62,109,1,1,1,1,1,NA,NA
"6700",62,93,1,1,1,0,1,NA,NA
"6701",62,105,1,1,1,0,1,NA,NA
"6702",62,49,1,1,1,0,0,NA,NA
"6703",62,71,1,1,1,1,1,NA,NA
"6704",62,48,1,1,1,0,0,NA,NA
"6705",62,5,1,1,1,0,0,NA,NA
"6706",62,12,1,1,1,0,0,NA,NA
"6707",62,115,1,1,1,0,1,NA,NA
"6708",62,58,1,1,1,1,0,NA,NA
"6709",62,37,1,1,1,1,0,NA,NA
"6710",62,10,1,1,1,1,0,NA,NA
"6711",63,103,2,1,1,0,0,NA,NA
"6712",63,100,2,1,1,1,0,NA,NA
"6713",63,22,2,1,1,1,1,NA,NA
"6714",63,32,2,1,1,1,1,NA,NA
"6715",63,114,2,1,1,0,0,NA,NA
"6716",63,50,2,1,1,1,1,NA,NA
"6717",63,17,2,1,1,1,1,NA,NA
"6718",63,7,2,1,1,1,1,NA,NA
"6719",63,62,2,1,1,1,0,NA,NA
"6720",63,51,2,1,1,0,1,NA,NA
"6721",63,42,2,1,1,1,1,NA,NA
"6722",63,14,2,1,1,1,1,NA,NA
"6723",63,11,2,1,1,0,1,NA,NA
"6724",63,101,2,1,1,0,0,NA,NA
"6725",63,49,2,1,1,1,1,NA,NA
"6726",63,58,2,1,1,1,1,NA,NA
"6727",63,92,2,1,1,0,0,NA,NA
"6728",63,29,2,1,1,1,1,NA,NA
"6729",63,10,2,1,1,1,1,NA,NA
"6730",63,83,2,1,1,1,0,NA,NA
"6731",63,96,2,1,1,0,0,NA,NA
"6732",63,12,2,1,1,1,1,NA,NA
"6733",63,90,2,1,1,0,0,NA,NA
"6734",63,24,2,1,1,1,1,NA,NA
"6735",63,73,2,1,1,0,0,NA,NA
"6736",63,77,2,1,1,1,0,NA,NA
"6737",63,41,2,1,1,0,1,NA,NA
"6738",63,48,2,1,1,1,1,NA,NA
"6739",63,66,2,1,1,0,0,NA,NA
"6740",63,1,2,1,1,1,1,NA,NA
"6741",63,16,2,1,1,1,1,NA,NA
"6742",63,72,2,1,1,0,0,NA,NA
"6743",63,60,2,1,1,0,0,NA,NA
"6744",63,113,2,1,1,1,0,NA,NA
"6745",63,36,2,1,1,1,1,NA,NA
"6746",63,47,2,1,1,0,1,NA,NA
"6747",63,110,2,1,1,0,0,NA,NA
"6748",63,55,2,1,1,1,1,NA,NA
"6749",63,95,2,1,1,1,0,NA,NA
"6750",63,64,2,1,1,0,0,NA,NA
"6751",63,91,2,1,1,1,0,NA,NA
"6752",63,2,1,1,1,0,0,NA,NA
"6753",63,53,1,1,1,1,0,NA,NA
"6754",63,52,1,1,1,1,0,NA,NA
"6755",63,75,1,1,1,1,1,NA,NA
"6756",63,120,1,1,1,1,1,NA,NA
"6757",63,18,1,1,1,1,0,NA,NA
"6758",63,68,1,1,1,1,1,NA,NA
"6759",63,88,1,1,1,1,1,NA,NA
"6760",63,86,1,1,1,1,1,NA,NA
"6761",63,108,1,1,1,1,1,NA,NA
"6762",63,39,1,1,1,0,0,NA,NA
"6763",63,30,1,1,1,0,0,NA,NA
"6764",63,63,1,1,1,1,1,NA,NA
"6765",63,21,1,1,1,0,0,NA,NA
"6766",63,81,1,1,1,1,1,NA,NA
"6767",63,56,1,1,1,1,0,NA,NA
"6768",63,84,1,1,1,1,1,NA,NA
"6769",63,45,1,1,1,0,0,NA,NA
"6770",63,38,1,1,1,0,0,NA,NA
"6771",63,107,1,1,1,1,1,NA,NA
"6772",63,26,1,1,1,0,0,NA,NA
"6773",63,69,1,1,1,1,1,NA,NA
"6774",63,46,1,1,1,0,0,NA,NA
"6775",63,102,1,1,1,1,1,NA,NA
"6776",63,3,1,1,1,0,0,NA,NA
"6777",63,115,1,1,1,0,1,NA,NA
"6778",63,33,1,1,1,1,0,NA,NA
"6779",63,118,1,1,1,1,1,NA,NA
"6780",63,20,1,1,1,1,0,NA,NA
"6781",63,74,1,1,1,1,1,NA,NA
"6782",63,31,1,1,1,1,0,NA,NA
"6783",63,94,1,1,1,1,1,NA,NA
"6784",63,40,1,1,1,1,0,NA,NA
"6785",63,6,1,1,1,1,0,NA,NA
"6786",63,65,1,1,1,1,1,NA,NA
"6787",63,116,1,1,1,0,0,NA,NA
"6788",63,79,1,1,1,1,1,NA,NA
"6789",63,71,1,1,1,1,1,NA,NA
"6790",63,59,1,1,1,1,0,NA,NA
"6791",63,85,1,1,1,1,1,NA,NA
"6792",63,35,1,1,1,0,0,NA,NA
"6793",63,13,1,1,1,0,0,NA,NA
"6794",63,80,1,1,1,1,1,NA,NA
"6795",63,23,1,1,1,0,0,NA,NA
"6796",63,61,1,1,1,1,1,NA,NA
"6797",63,54,1,1,1,1,0,NA,NA
"6798",63,28,1,1,1,0,0,NA,NA
"6799",63,112,1,1,1,1,1,NA,NA
"6800",63,76,1,1,1,1,1,NA,NA
"6801",63,93,1,1,1,1,1,NA,NA
"6802",63,105,1,1,1,1,1,NA,NA
"6803",63,15,1,1,1,0,0,NA,NA
"6804",63,109,1,1,1,1,1,NA,NA
"6805",63,19,1,1,1,0,0,NA,NA
"6806",63,82,1,1,1,1,1,NA,NA
"6807",63,5,2,1,1,0,1,NA,NA
"6808",63,25,2,1,1,1,1,NA,NA
"6809",63,117,2,1,1,1,0,NA,NA
"6810",63,37,2,1,1,1,1,NA,NA
"6811",63,27,2,1,1,1,1,NA,NA
"6812",63,44,2,1,1,1,1,NA,NA
"6813",63,34,2,1,1,1,1,NA,NA
"6814",63,70,2,1,1,1,0,NA,NA
"6815",63,98,2,1,1,0,0,NA,NA
"6816",63,89,2,1,1,1,0,NA,NA
"6817",63,99,2,1,1,0,0,NA,NA
"6818",63,9,2,1,1,1,1,NA,NA
"6819",63,87,2,1,1,0,0,NA,NA
"6820",63,106,2,1,1,1,0,NA,NA
"6821",63,78,2,1,1,1,0,NA,NA
"6822",63,111,2,1,1,1,0,NA,NA
"6823",63,104,2,1,1,0,0,NA,NA
"6824",63,4,1,1,1,0,0,NA,NA
"6825",63,43,1,1,1,0,0,NA,NA
"6826",63,8,2,1,1,1,1,NA,NA
"6827",63,67,2,1,1,1,0,NA,NA
"6828",63,57,1,1,1,0,0,NA,NA
"6829",63,119,1,1,1,1,1,NA,NA
"6830",63,97,1,1,1,1,1,NA,NA
"6831",64,100,2,1,1,1,1,NA,NA
"6832",64,8,2,1,1,1,0,NA,NA
"6833",64,76,1,1,1,1,1,NA,NA
"6834",64,21,1,1,1,1,0,NA,NA
"6835",64,54,1,1,1,0,0,NA,NA
"6836",64,56,1,1,1,1,0,NA,NA
"6837",64,93,1,1,1,1,1,NA,NA
"6838",64,20,1,1,1,1,0,NA,NA
"6839",64,119,1,1,1,1,1,NA,NA
"6840",64,61,1,1,1,1,1,NA,NA
"6841",64,15,1,1,1,1,0,NA,NA
"6842",64,107,1,1,1,0,1,NA,NA
"6843",64,43,1,1,1,1,0,NA,NA
"6844",64,31,1,1,1,1,0,NA,NA
"6845",64,94,1,1,1,1,1,NA,NA
"6846",64,59,1,1,1,1,0,NA,NA
"6847",64,33,1,1,1,1,0,NA,NA
"6848",64,18,1,1,1,1,0,NA,NA
"6849",64,32,2,1,1,1,0,NA,NA
"6850",64,63,1,1,1,1,1,NA,NA
"6851",64,120,1,1,1,0,1,NA,NA
"6852",64,19,1,1,1,0,0,NA,NA
"6853",64,88,1,1,1,1,1,NA,NA
"6854",64,57,1,1,1,1,0,NA,NA
"6855",64,108,1,1,1,1,1,NA,NA
"6856",64,28,1,1,1,0,0,NA,NA
"6857",64,39,1,1,1,1,0,NA,NA
"6858",64,65,1,1,1,1,1,NA,NA
"6859",64,75,1,1,1,0,1,NA,NA
"6860",64,3,1,1,1,1,0,NA,NA
"6861",64,115,1,1,1,1,1,NA,NA
"6862",64,35,1,1,1,0,0,NA,NA
"6863",64,13,1,1,1,1,0,NA,NA
"6864",64,102,1,1,1,1,1,NA,NA
"6865",64,46,1,1,1,0,0,NA,NA
"6866",64,74,1,1,1,1,1,NA,NA
"6867",64,86,1,1,1,1,1,NA,NA
"6868",64,109,1,1,1,1,1,NA,NA
"6869",64,69,1,1,1,1,1,NA,NA
"6870",64,45,1,1,1,1,0,NA,NA
"6871",64,38,1,1,1,1,0,NA,NA
"6872",64,40,1,1,1,1,0,NA,NA
"6873",64,41,2,1,1,0,0,NA,NA
"6874",64,25,2,1,1,1,0,NA,NA
"6875",64,103,2,1,1,0,1,NA,NA
"6876",64,49,2,1,1,1,0,NA,NA
"6877",64,70,2,1,1,1,1,NA,NA
"6878",64,48,2,1,1,0,0,NA,NA
"6879",64,66,2,1,1,1,1,NA,NA
"6880",64,51,2,1,1,1,0,NA,NA
"6881",64,117,2,1,1,1,1,NA,NA
"6882",64,113,2,1,1,1,1,NA,NA
"6883",64,101,2,1,1,1,1,NA,NA
"6884",64,90,2,1,1,1,1,NA,NA
"6885",64,106,2,1,1,1,1,NA,NA
"6886",64,29,2,1,1,1,0,NA,NA
"6887",64,37,2,1,1,0,0,NA,NA
"6888",64,36,2,1,1,1,0,NA,NA
"6889",64,91,2,1,1,0,1,NA,NA
"6890",64,9,2,1,1,0,0,NA,NA
"6891",64,5,2,1,1,1,0,NA,NA
"6892",64,24,2,1,1,1,0,NA,NA
"6893",64,22,2,1,1,1,0,NA,NA
"6894",64,67,2,1,1,1,1,NA,NA
"6895",64,114,2,1,1,0,1,NA,NA
"6896",64,62,2,1,1,1,1,NA,NA
"6897",64,110,2,1,1,1,1,NA,NA
"6898",64,92,2,1,1,0,1,NA,NA
"6899",64,50,2,1,1,1,0,NA,NA
"6900",64,47,2,1,1,0,0,NA,NA
"6901",64,1,2,1,1,1,0,NA,NA
"6902",64,83,2,1,1,1,1,NA,NA
"6903",64,42,2,1,1,1,0,NA,NA
"6904",64,78,2,1,1,1,1,NA,NA
"6905",64,87,2,1,1,1,1,NA,NA
"6906",64,73,2,1,1,1,1,NA,NA
"6907",64,27,2,1,1,1,0,NA,NA
"6908",64,17,2,1,1,1,0,NA,NA
"6909",64,89,2,1,1,1,1,NA,NA
"6910",64,64,2,1,1,1,1,NA,NA
"6911",64,44,2,1,1,1,0,NA,NA
"6912",64,98,2,1,1,1,1,NA,NA
"6913",64,104,2,1,1,1,1,NA,NA
"6914",64,34,2,1,1,1,0,NA,NA
"6915",64,60,2,1,1,1,1,NA,NA
"6916",64,11,2,1,1,1,0,NA,NA
"6917",64,99,2,1,1,1,1,NA,NA
"6918",64,10,2,1,1,1,0,NA,NA
"6919",64,111,2,1,1,1,1,NA,NA
"6920",64,14,2,1,1,1,0,NA,NA
"6921",64,7,2,1,1,0,0,NA,NA
"6922",64,95,2,1,1,1,1,NA,NA
"6923",64,16,2,1,1,1,0,NA,NA
"6924",64,58,2,1,1,1,0,NA,NA
"6925",64,96,2,1,1,1,1,NA,NA
"6926",64,12,2,1,1,0,0,NA,NA
"6927",64,55,2,1,1,1,0,NA,NA
"6928",64,81,1,1,1,1,1,NA,NA
"6929",64,2,1,1,1,0,0,NA,NA
"6930",64,6,1,1,1,1,0,NA,NA
"6931",64,71,1,1,1,0,1,NA,NA
"6932",64,23,1,1,1,1,0,NA,NA
"6933",64,118,1,1,1,0,1,NA,NA
"6934",64,53,1,1,1,1,0,NA,NA
"6935",64,82,1,1,1,1,1,NA,NA
"6936",64,84,1,1,1,1,1,NA,NA
"6937",64,112,1,1,1,1,1,NA,NA
"6938",64,79,1,1,1,1,1,NA,NA
"6939",64,80,1,1,1,1,1,NA,NA
"6940",64,116,1,1,1,1,0,NA,NA
"6941",64,26,1,1,1,1,0,NA,NA
"6942",64,52,1,1,1,1,0,NA,NA
"6943",64,4,1,1,1,0,0,NA,NA
"6944",64,30,1,1,1,1,0,NA,NA
"6945",64,105,1,1,1,1,1,NA,NA
"6946",64,68,1,1,1,1,1,NA,NA
"6947",64,97,1,1,1,1,1,NA,NA
"6948",65,44,2,1,1,1,1,NA,NA
"6949",65,31,2,1,1,0,0,NA,NA
"6950",65,45,2,1,1,0,0,NA,NA
"6951",65,14,2,1,1,0,1,NA,NA
"6952",65,57,2,1,1,1,0,NA,NA
"6953",65,38,2,1,1,1,0,NA,NA
"6954",65,50,2,1,1,1,1,NA,NA
"6955",65,30,2,1,1,0,0,NA,NA
"6956",65,33,2,1,1,0,0,NA,NA
"6957",65,25,2,1,1,0,1,NA,NA
"6958",65,18,2,1,1,0,0,NA,NA
"6959",65,42,2,1,1,1,1,NA,NA
"6960",65,53,2,1,1,0,0,NA,NA
"6961",65,2,2,1,1,0,0,NA,NA
"6962",65,1,2,1,1,0,1,NA,NA
"6963",65,9,2,1,1,0,1,NA,NA
"6964",65,20,2,1,1,0,0,NA,NA
"6965",65,52,2,1,1,1,0,NA,NA
"6966",65,29,2,1,1,0,1,NA,NA
"6967",65,10,2,1,1,1,1,NA,NA
"6968",65,43,2,1,1,1,0,NA,NA
"6969",65,17,2,1,1,1,1,NA,NA
"6970",65,49,2,1,1,1,1,NA,NA
"6971",65,48,2,1,1,0,1,NA,NA
"6972",65,11,2,1,1,0,1,NA,NA
"6973",65,12,2,1,1,1,1,NA,NA
"6974",65,116,2,1,1,1,0,NA,NA
"6975",65,27,2,1,1,0,1,NA,NA
"6976",65,13,2,1,1,1,0,NA,NA
"6977",65,22,2,1,1,1,1,NA,NA
"6978",65,41,2,1,1,0,1,NA,NA
"6979",65,26,2,1,1,1,0,NA,NA
"6980",65,59,2,1,1,1,0,NA,NA
"6981",65,23,2,1,1,1,0,NA,NA
"6982",65,35,2,1,1,0,0,NA,NA
"6983",65,55,2,1,1,1,1,NA,NA
"6984",65,4,2,1,1,0,0,NA,NA
"6985",65,6,2,1,1,1,0,NA,NA
"6986",65,19,2,1,1,0,0,NA,NA
"6987",65,7,2,1,1,1,1,NA,NA
"6988",65,62,1,1,1,1,0,NA,NA
"6989",65,89,1,1,1,0,0,NA,NA
"6990",65,115,1,1,1,1,1,NA,NA
"6991",65,80,1,1,1,1,1,NA,NA
"6992",65,88,1,1,1,1,1,NA,NA
"6993",65,102,1,1,1,1,1,NA,NA
"6994",65,67,1,1,1,0,0,NA,NA
"6995",65,77,1,1,1,0,0,NA,NA
"6996",65,114,1,1,1,1,0,NA,NA
"6997",65,96,1,1,1,1,0,NA,NA
"6998",65,60,1,1,1,1,0,NA,NA
"6999",65,75,1,1,1,1,1,NA,NA
"7000",65,64,1,1,1,0,0,NA,NA
"7001",65,109,1,1,1,1,1,NA,NA
"7002",65,61,1,1,1,0,1,NA,NA
"7003",65,104,1,1,1,0,0,NA,NA
"7004",65,112,1,1,1,0,1,NA,NA
"7005",65,97,1,1,1,0,1,NA,NA
"7006",65,83,1,1,1,1,0,NA,NA
"7007",65,69,1,1,1,1,1,NA,NA
"7008",65,71,1,1,1,1,1,NA,NA
"7009",65,94,1,1,1,1,1,NA,NA
"7010",65,86,1,1,1,1,1,NA,NA
"7011",65,90,1,1,1,0,0,NA,NA
"7012",65,108,1,1,1,1,1,NA,NA
"7013",65,120,1,1,1,0,1,NA,NA
"7014",65,117,1,1,1,1,0,NA,NA
"7015",65,63,1,1,1,0,1,NA,NA
"7016",65,106,1,1,1,0,0,NA,NA
"7017",65,118,1,1,1,1,1,NA,NA
"7018",65,74,1,1,1,1,1,NA,NA
"7019",65,68,1,1,1,1,1,NA,NA
"7020",65,91,1,1,1,1,0,NA,NA
"7021",65,81,1,1,1,1,1,NA,NA
"7022",65,95,1,1,1,0,0,NA,NA
"7023",65,79,1,1,1,1,1,NA,NA
"7024",65,103,1,1,1,0,0,NA,NA
"7025",65,113,1,1,1,1,0,NA,NA
"7026",65,100,1,1,1,1,0,NA,NA
"7027",65,93,1,1,1,1,1,NA,NA
"7028",65,70,1,1,1,1,0,NA,NA
"7029",65,76,1,1,1,1,1,NA,NA
"7030",65,101,1,1,1,1,0,NA,NA
"7031",65,92,1,1,1,1,0,NA,NA
"7032",65,78,1,1,1,0,0,NA,NA
"7033",65,99,1,1,1,1,0,NA,NA
"7034",65,82,1,1,1,0,1,NA,NA
"7035",65,72,1,1,1,1,0,NA,NA
"7036",65,66,1,1,1,0,0,NA,NA
"7037",65,85,1,1,1,1,1,NA,NA
"7038",65,84,1,1,1,1,1,NA,NA
"7039",65,119,1,1,1,0,1,NA,NA
"7040",65,73,1,1,1,0,0,NA,NA
"7041",65,65,1,1,1,1,1,NA,NA
"7042",65,107,1,1,1,1,1,NA,NA
"7043",65,111,1,1,1,1,0,NA,NA
"7044",65,98,1,1,1,0,0,NA,NA
"7045",65,110,1,1,1,0,0,NA,NA
"7046",65,16,2,1,1,1,1,NA,NA
"7047",65,56,2,1,1,1,0,NA,NA
"7048",65,15,2,1,1,1,0,NA,NA
"7049",65,21,2,1,1,1,0,NA,NA
"7050",65,39,2,1,1,0,0,NA,NA
"7051",65,5,2,1,1,0,1,NA,NA
"7052",65,51,2,1,1,0,1,NA,NA
"7053",65,32,2,1,1,1,1,NA,NA
"7054",65,3,2,1,1,1,0,NA,NA
"7055",65,54,2,1,1,1,0,NA,NA
"7056",65,24,2,1,1,0,1,NA,NA
"7057",65,58,2,1,1,1,1,NA,NA
"7058",65,47,2,1,1,0,1,NA,NA
"7059",65,34,2,1,1,0,1,NA,NA
"7060",65,37,2,1,1,0,1,NA,NA
"7061",65,40,2,1,1,1,0,NA,NA
"7062",65,8,2,1,1,0,1,NA,NA
"7063",65,105,1,1,1,1,1,NA,NA
"7064",66,26,2,1,1,1,1,NA,NA
"7065",66,110,1,1,1,1,0,NA,NA
"7066",66,95,1,1,1,1,0,NA,NA
"7067",66,66,1,1,1,0,0,NA,NA
"7068",66,53,2,1,1,0,1,NA,NA
"7069",66,115,1,1,1,1,1,NA,NA
"7070",66,100,1,1,1,1,0,NA,NA
"7071",66,112,1,1,1,0,1,NA,NA
"7072",66,101,1,1,1,1,0,NA,NA
"7073",66,118,1,1,1,0,1,NA,NA
"7074",66,62,1,1,1,1,0,NA,NA
"7075",66,85,1,1,1,0,1,NA,NA
"7076",66,109,1,1,1,1,1,NA,NA
"7077",66,102,1,1,1,0,1,NA,NA
"7078",66,92,1,1,1,0,0,NA,NA
"7079",66,86,1,1,1,1,1,NA,NA
"7080",66,89,1,1,1,0,0,NA,NA
"7081",66,67,1,1,1,0,0,NA,NA
"7082",66,60,1,1,1,0,0,NA,NA
"7083",66,69,1,1,1,0,1,NA,NA
"7084",66,80,1,1,1,1,1,NA,NA
"7085",66,93,1,1,1,1,1,NA,NA
"7086",66,79,1,1,1,1,1,NA,NA
"7087",66,97,1,1,1,1,1,NA,NA
"7088",66,90,1,1,1,0,0,NA,NA
"7089",66,108,1,1,1,1,1,NA,NA
"7090",66,107,1,1,1,0,1,NA,NA
"7091",66,68,1,1,1,0,1,NA,NA
"7092",66,113,1,1,1,0,0,NA,NA
"7093",66,98,1,1,1,0,0,NA,NA
"7094",66,96,1,1,1,0,0,NA,NA
"7095",66,84,1,1,1,0,1,NA,NA
"7096",66,78,1,1,1,0,0,NA,NA
"7097",66,99,1,1,1,0,0,NA,NA
"7098",66,81,1,1,1,1,1,NA,NA
"7099",66,82,1,1,1,0,1,NA,NA
"7100",66,83,1,1,1,1,0,NA,NA
"7101",66,117,1,1,1,0,0,NA,NA
"7102",66,106,1,1,1,1,0,NA,NA
"7103",66,105,1,1,1,0,1,NA,NA
"7104",66,74,1,1,1,1,1,NA,NA
"7105",66,63,1,1,1,1,1,NA,NA
"7106",66,65,1,1,1,1,1,NA,NA
"7107",66,119,1,1,1,0,1,NA,NA
"7108",66,111,1,1,1,1,0,NA,NA
"7109",66,5,2,1,1,0,0,NA,NA
"7110",66,39,2,1,1,0,1,NA,NA
"7111",66,1,2,1,1,1,0,NA,NA
"7112",66,35,2,1,1,0,1,NA,NA
"7113",66,34,2,1,1,0,0,NA,NA
"7114",66,15,2,1,1,0,1,NA,NA
"7115",66,11,2,1,1,0,0,NA,NA
"7116",66,20,2,1,1,1,1,NA,NA
"7117",66,55,2,1,1,0,0,NA,NA
"7118",66,43,2,1,1,0,1,NA,NA
"7119",66,36,2,1,1,1,0,NA,NA
"7120",66,4,2,1,1,0,1,NA,NA
"7121",66,42,2,1,1,0,0,NA,NA
"7122",66,52,2,1,1,1,1,NA,NA
"7123",66,49,2,1,1,1,0,NA,NA
"7124",66,33,2,1,1,0,1,NA,NA
"7125",66,21,2,1,1,1,1,NA,NA
"7126",66,23,2,1,1,1,1,NA,NA
"7127",66,45,2,1,1,1,1,NA,NA
"7128",66,54,2,1,1,0,1,NA,NA
"7129",66,30,2,1,1,1,1,NA,NA
"7130",66,28,2,1,1,1,1,NA,NA
"7131",66,59,2,1,1,1,1,NA,NA
"7132",66,10,2,1,1,0,0,NA,NA
"7133",66,6,2,1,1,0,1,NA,NA
"7134",66,32,2,1,1,1,0,NA,NA
"7135",66,58,2,1,1,0,0,NA,NA
"7136",66,46,2,1,1,1,1,NA,NA
"7137",66,51,2,1,1,1,0,NA,NA
"7138",66,13,2,1,1,1,1,NA,NA
"7139",66,27,2,1,1,1,0,NA,NA
"7140",66,37,2,1,1,0,0,NA,NA
"7141",66,38,2,1,1,1,1,NA,NA
"7142",66,17,2,1,1,0,0,NA,NA
"7143",66,50,2,1,1,1,0,NA,NA
"7144",66,14,2,1,1,1,0,NA,NA
"7145",66,7,2,1,1,1,0,NA,NA
"7146",66,48,2,1,1,1,0,NA,NA
"7147",66,56,2,1,1,1,1,NA,NA
"7148",66,25,2,1,1,0,0,NA,NA
"7149",66,3,2,1,1,1,1,NA,NA
"7150",66,19,2,1,1,0,1,NA,NA
"7151",66,57,2,1,1,1,1,NA,NA
"7152",66,41,2,1,1,0,0,NA,NA
"7153",66,44,2,1,1,1,0,NA,NA
"7154",66,8,2,1,1,0,0,NA,NA
"7155",66,40,2,1,1,1,1,NA,NA
"7156",66,2,2,1,1,0,1,NA,NA
"7157",66,31,2,1,1,1,1,NA,NA
"7158",66,47,2,1,1,0,0,NA,NA
"7159",66,18,2,1,1,1,1,NA,NA
"7160",66,116,2,1,1,1,1,NA,NA
"7161",66,16,2,1,1,0,0,NA,NA
"7162",66,29,2,1,1,1,0,NA,NA
"7163",66,22,2,1,1,1,0,NA,NA
"7164",66,24,2,1,1,1,0,NA,NA
"7165",66,9,2,1,1,0,0,NA,NA
"7166",66,12,2,1,1,0,0,NA,NA
"7167",66,104,1,1,1,0,0,NA,NA
"7168",66,77,1,1,1,0,0,NA,NA
"7169",66,75,1,1,1,0,1,NA,NA
"7170",66,87,1,1,1,0,0,NA,NA
"7171",66,76,1,1,1,1,1,NA,NA
"7172",66,91,1,1,1,0,0,NA,NA
"7173",66,103,1,1,1,0,0,NA,NA
"7174",66,70,1,1,1,0,0,NA,NA
"7175",66,61,1,1,1,0,1,NA,NA
"7176",66,120,1,1,1,1,1,NA,NA
"7177",66,71,1,1,1,1,1,NA,NA
"7178",66,72,1,1,1,0,0,NA,NA
"7179",66,114,1,1,1,0,0,NA,NA
"7180",66,73,1,1,1,0,0,NA,NA
"7181",66,64,1,1,1,0,0,NA,NA
"7182",66,88,1,1,1,0,1,NA,NA
"7183",66,94,1,1,1,0,1,NA,NA
"7184",67,30,2,1,1,0,1,NA,NA
"7185",67,52,2,1,1,0,1,NA,NA
"7186",67,76,2,1,1,1,0,NA,NA
"7187",67,20,2,1,1,1,1,NA,NA
"7188",67,33,2,1,1,0,1,NA,NA
"7189",67,23,2,1,1,0,1,NA,NA
"7190",67,93,2,1,1,0,0,NA,NA
"7191",67,119,2,1,1,0,0,NA,NA
"7192",67,53,2,1,1,1,1,NA,NA
"7193",67,4,2,1,1,0,1,NA,NA
"7194",67,85,2,1,1,1,0,NA,NA
"7195",67,57,2,1,1,1,1,NA,NA
"7196",67,35,2,1,1,0,1,NA,NA
"7197",67,115,2,1,1,1,0,NA,NA
"7198",67,118,2,1,1,1,0,NA,NA
"7199",67,46,2,1,1,0,1,NA,NA
"7200",67,6,2,1,1,1,1,NA,NA
"7201",67,38,2,1,1,0,1,NA,NA
"7202",67,40,2,1,1,1,1,NA,NA
"7203",67,3,2,1,1,1,1,NA,NA
"7204",67,43,2,1,1,1,1,NA,NA
"7205",67,71,2,1,1,0,0,NA,NA
"7206",67,68,2,1,1,0,0,NA,NA
"7207",67,75,2,1,1,1,0,NA,NA
"7208",67,63,2,1,1,1,0,NA,NA
"7209",67,45,2,1,1,1,1,NA,NA
"7210",67,79,2,1,1,0,0,NA,NA
"7211",67,102,2,1,1,1,0,NA,NA
"7212",67,108,2,1,1,1,0,NA,NA
"7213",67,26,2,1,1,1,1,NA,NA
"7214",67,112,2,1,1,0,0,NA,NA
"7215",67,54,2,1,1,1,1,NA,NA
"7216",67,97,2,1,1,0,0,NA,NA
"7217",67,31,2,1,1,1,1,NA,NA
"7218",67,56,2,1,1,1,1,NA,NA
"7219",67,13,2,1,1,1,1,NA,NA
"7220",67,81,2,1,1,1,0,NA,NA
"7221",67,15,2,1,1,1,1,NA,NA
"7222",67,74,2,1,1,1,0,NA,NA
"7223",67,86,2,1,1,1,0,NA,NA
"7224",67,94,2,1,1,1,0,NA,NA
"7225",67,105,2,1,1,1,0,NA,NA
"7226",67,39,2,1,1,0,1,NA,NA
"7227",67,110,1,1,1,1,1,NA,NA
"7228",67,5,1,1,1,1,0,NA,NA
"7229",67,78,1,1,1,0,1,NA,NA
"7230",67,106,1,1,1,1,1,NA,NA
"7231",67,11,1,1,1,0,0,NA,NA
"7232",67,55,1,1,1,0,0,NA,NA
"7233",67,73,1,1,1,1,1,NA,NA
"7234",67,111,1,1,1,1,1,NA,NA
"7235",67,49,1,1,1,0,0,NA,NA
"7236",67,42,1,1,1,0,0,NA,NA
"7237",67,8,1,1,1,0,0,NA,NA
"7238",67,24,1,1,1,0,0,NA,NA
"7239",67,113,1,1,1,1,1,NA,NA
"7240",67,32,1,1,1,1,0,NA,NA
"7241",67,91,1,1,1,1,1,NA,NA
"7242",67,22,1,1,1,0,0,NA,NA
"7243",67,47,1,1,1,1,0,NA,NA
"7244",67,70,1,1,1,1,1,NA,NA
"7245",67,99,1,1,1,1,1,NA,NA
"7246",67,64,1,1,1,1,1,NA,NA
"7247",67,62,1,1,1,0,1,NA,NA
"7248",67,48,1,1,1,1,0,NA,NA
"7249",67,89,1,1,1,1,1,NA,NA
"7250",67,98,1,1,1,1,1,NA,NA
"7251",67,12,1,1,1,0,0,NA,NA
"7252",67,114,1,1,1,1,1,NA,NA
"7253",67,60,1,1,1,0,1,NA,NA
"7254",67,95,1,1,1,1,1,NA,NA
"7255",67,87,1,1,1,1,1,NA,NA
"7256",67,27,1,1,1,1,0,NA,NA
"7257",67,10,1,1,1,1,0,NA,NA
"7258",67,44,1,1,1,0,0,NA,NA
"7259",67,41,1,1,1,0,0,NA,NA
"7260",67,14,1,1,1,1,0,NA,NA
"7261",67,103,1,1,1,1,1,NA,NA
"7262",67,36,1,1,1,1,0,NA,NA
"7263",67,16,1,1,1,1,0,NA,NA
"7264",67,90,1,1,1,0,1,NA,NA
"7265",67,104,1,1,1,1,1,NA,NA
"7266",67,100,1,1,1,1,1,NA,NA
"7267",67,77,1,1,1,1,1,NA,NA
"7268",67,7,1,1,1,0,0,NA,NA
"7269",67,50,1,1,1,0,0,NA,NA
"7270",67,96,1,1,1,0,1,NA,NA
"7271",67,1,1,1,1,0,0,NA,NA
"7272",67,25,1,1,1,1,0,NA,NA
"7273",67,72,1,1,1,1,1,NA,NA
"7274",67,67,1,1,1,1,1,NA,NA
"7275",67,9,1,1,1,0,0,NA,NA
"7276",67,117,1,1,1,1,1,NA,NA
"7277",67,83,1,1,1,1,1,NA,NA
"7278",67,66,1,1,1,1,1,NA,NA
"7279",67,17,1,1,1,0,0,NA,NA
"7280",67,29,1,1,1,1,0,NA,NA
"7281",67,101,1,1,1,0,1,NA,NA
"7282",67,51,1,1,1,0,0,NA,NA
"7283",67,34,1,1,1,0,0,NA,NA
"7284",67,92,1,1,1,1,1,NA,NA
"7285",67,58,1,1,1,1,0,NA,NA
"7286",67,37,1,1,1,0,0,NA,NA
"7287",67,28,2,1,1,0,1,NA,NA
"7288",67,19,2,1,1,0,1,NA,NA
"7289",67,107,2,1,1,1,0,NA,NA
"7290",67,80,2,1,1,0,0,NA,NA
"7291",67,120,2,1,1,0,0,NA,NA
"7292",67,18,2,1,1,0,1,NA,NA
"7293",67,88,2,1,1,1,0,NA,NA
"7294",67,59,2,1,1,1,1,NA,NA
"7295",67,82,2,1,1,1,0,NA,NA
"7296",67,2,2,1,1,0,1,NA,NA
"7297",67,109,2,1,1,1,0,NA,NA
"7298",67,84,2,1,1,0,0,NA,NA
"7299",67,65,2,1,1,1,0,NA,NA
"7300",67,21,2,1,1,0,1,NA,NA
"7301",67,61,2,1,1,0,0,NA,NA
"7302",67,116,2,1,1,0,1,NA,NA
"7303",67,69,2,1,1,0,0,NA,NA
"7304",68,83,1,1,1,1,1,NA,NA
"7305",68,41,1,1,1,0,0,NA,NA
"7306",68,29,1,1,1,1,0,NA,NA
"7307",68,78,1,1,1,1,1,NA,NA
"7308",68,22,1,1,1,0,0,NA,NA
"7309",68,92,1,1,1,1,1,NA,NA
"7310",68,114,1,1,1,1,1,NA,NA
"7311",68,44,1,1,1,1,0,NA,NA
"7312",68,14,1,1,1,1,0,NA,NA
"7313",68,62,1,1,1,1,1,NA,NA
"7314",68,90,1,1,1,1,1,NA,NA
"7315",68,104,1,1,1,1,1,NA,NA
"7316",68,101,1,1,1,1,1,NA,NA
"7317",68,8,1,1,1,0,0,NA,NA
"7318",68,55,1,1,1,0,0,NA,NA
"7319",68,73,1,1,1,0,1,NA,NA
"7320",68,51,1,1,1,1,0,NA,NA
"7321",68,117,1,1,1,0,1,NA,NA
"7322",68,106,1,1,1,1,1,NA,NA
"7323",68,103,1,1,1,1,1,NA,NA
"7324",68,72,1,1,1,0,1,NA,NA
"7325",68,32,1,1,1,1,0,NA,NA
"7326",68,87,1,1,1,1,1,NA,NA
"7327",68,98,1,1,1,1,1,NA,NA
"7328",68,111,1,1,1,1,1,NA,NA
"7329",68,58,1,1,1,1,0,NA,NA
"7330",68,9,1,1,1,1,0,NA,NA
"7331",68,16,1,1,1,1,0,NA,NA
"7332",68,95,1,1,1,1,1,NA,NA
"7333",68,42,1,1,1,1,0,NA,NA
"7334",68,37,1,1,1,0,0,NA,NA
"7335",68,25,1,1,1,1,0,NA,NA
"7336",68,27,1,1,1,0,0,NA,NA
"7337",68,49,1,1,1,1,0,NA,NA
"7338",68,70,1,1,1,1,1,NA,NA
"7339",68,24,1,1,1,0,0,NA,NA
"7340",68,47,1,1,1,0,0,NA,NA
"7341",68,48,1,1,1,0,0,NA,NA
"7342",68,1,1,1,1,1,0,NA,NA
"7343",68,77,1,1,1,0,1,NA,NA
"7344",68,91,1,1,1,1,1,NA,NA
"7345",68,36,1,1,1,0,0,NA,NA
"7346",68,67,1,1,1,1,1,NA,NA
"7347",68,7,1,1,1,1,0,NA,NA
"7348",68,12,1,1,1,1,0,NA,NA
"7349",68,10,1,1,1,1,0,NA,NA
"7350",68,96,1,1,1,0,1,NA,NA
"7351",68,30,2,1,1,1,0,NA,NA
"7352",68,13,2,1,1,0,0,NA,NA
"7353",68,35,2,1,1,0,0,NA,NA
"7354",68,19,2,1,1,0,0,NA,NA
"7355",68,120,2,1,1,1,1,NA,NA
"7356",68,40,2,1,1,1,0,NA,NA
"7357",68,97,2,1,1,1,1,NA,NA
"7358",68,79,2,1,1,1,1,NA,NA
"7359",68,81,2,1,1,1,1,NA,NA
"7360",68,4,2,1,1,0,0,NA,NA
"7361",68,119,2,1,1,1,1,NA,NA
"7362",68,86,2,1,1,0,1,NA,NA
"7363",68,57,2,1,1,1,0,NA,NA
"7364",68,54,2,1,1,1,0,NA,NA
"7365",68,118,2,1,1,1,1,NA,NA
"7366",68,74,2,1,1,0,1,NA,NA
"7367",68,3,2,1,1,1,0,NA,NA
"7368",68,56,2,1,1,1,0,NA,NA
"7369",68,63,2,1,1,1,1,NA,NA
"7370",68,20,2,1,1,1,0,NA,NA
"7371",68,6,2,1,1,1,0,NA,NA
"7372",68,61,2,1,1,1,1,NA,NA
"7373",68,52,2,1,1,0,0,NA,NA
"7374",68,2,2,1,1,0,0,NA,NA
"7375",68,38,2,1,1,1,0,NA,NA
"7376",68,39,2,1,1,0,0,NA,NA
"7377",68,76,2,1,1,1,1,NA,NA
"7378",68,31,2,1,1,1,0,NA,NA
"7379",68,18,2,1,1,1,0,NA,NA
"7380",68,116,2,1,1,1,0,NA,NA
"7381",68,26,2,1,1,1,0,NA,NA
"7382",68,59,2,1,1,1,0,NA,NA
"7383",68,46,2,1,1,0,0,NA,NA
"7384",68,80,2,1,1,0,1,NA,NA
"7385",68,115,2,1,1,1,1,NA,NA
"7386",68,53,2,1,1,0,0,NA,NA
"7387",68,43,2,1,1,1,0,NA,NA
"7388",68,75,2,1,1,0,1,NA,NA
"7389",68,108,2,1,1,0,1,NA,NA
"7390",68,85,2,1,1,1,1,NA,NA
"7391",68,28,2,1,1,1,0,NA,NA
"7392",68,88,2,1,1,1,1,NA,NA
"7393",68,69,2,1,1,0,1,NA,NA
"7394",68,65,2,1,1,0,1,NA,NA
"7395",68,84,2,1,1,0,1,NA,NA
"7396",68,102,2,1,1,1,1,NA,NA
"7397",68,45,2,1,1,1,0,NA,NA
"7398",68,94,2,1,1,0,1,NA,NA
"7399",68,107,2,1,1,0,1,NA,NA
"7400",68,105,2,1,1,1,1,NA,NA
"7401",68,112,2,1,1,0,1,NA,NA
"7402",68,33,2,1,1,1,0,NA,NA
"7403",68,15,2,1,1,0,0,NA,NA
"7404",68,109,2,1,1,1,1,NA,NA
"7405",68,82,2,1,1,1,1,NA,NA
"7406",68,71,2,1,1,0,1,NA,NA
"7407",68,68,2,1,1,0,1,NA,NA
"7408",68,93,2,1,1,0,1,NA,NA
"7409",68,23,2,1,1,1,0,NA,NA
"7410",68,113,1,1,1,0,1,NA,NA
"7411",68,110,1,1,1,0,1,NA,NA
"7412",68,50,1,1,1,1,0,NA,NA
"7413",68,5,1,1,1,0,0,NA,NA
"7414",68,100,1,1,1,1,1,NA,NA
"7415",68,89,1,1,1,1,1,NA,NA
"7416",68,66,1,1,1,1,1,NA,NA
"7417",68,17,1,1,1,0,0,NA,NA
"7418",68,11,1,1,1,1,0,NA,NA
"7419",68,60,1,1,1,1,1,NA,NA
"7420",68,64,1,1,1,1,1,NA,NA
"7421",68,99,1,1,1,0,1,NA,NA
"7422",68,34,1,1,1,0,0,NA,NA
"7423",69,29,2,1,1,1,1,NA,NA
"7424",69,32,2,1,1,0,1,NA,NA
"7425",69,41,2,1,1,0,1,NA,NA
"7426",69,42,2,1,1,0,1,NA,NA
"7427",69,51,2,1,1,1,1,NA,NA
"7428",69,14,2,1,1,1,1,NA,NA
"7429",69,10,2,1,1,0,1,NA,NA
"7430",69,97,2,1,1,0,0,NA,NA
"7431",69,25,2,1,1,1,1,NA,NA
"7432",69,69,2,1,1,0,0,NA,NA
"7433",69,118,2,1,1,1,0,NA,NA
"7434",69,47,2,1,1,0,1,NA,NA
"7435",69,107,2,1,1,1,0,NA,NA
"7436",69,82,2,1,1,1,0,NA,NA
"7437",69,49,2,1,1,1,1,NA,NA
"7438",69,61,2,1,1,0,0,NA,NA
"7439",69,11,2,1,1,1,1,NA,NA
"7440",69,58,2,1,1,0,1,NA,NA
"7441",69,109,2,1,1,1,0,NA,NA
"7442",69,27,2,1,1,1,1,NA,NA
"7443",69,119,2,1,1,0,0,NA,NA
"7444",69,74,2,1,1,1,0,NA,NA
"7445",69,86,2,1,1,0,0,NA,NA
"7446",69,5,2,1,1,1,1,NA,NA
"7447",69,48,2,1,1,0,1,NA,NA
"7448",69,17,2,1,1,1,1,NA,NA
"7449",69,68,2,1,1,1,0,NA,NA
"7450",69,8,2,1,1,0,1,NA,NA
"7451",69,71,2,1,1,1,0,NA,NA
"7452",69,63,2,1,1,1,0,NA,NA
"7453",69,37,2,1,1,0,1,NA,NA
"7454",69,12,2,1,1,1,1,NA,NA
"7455",69,75,2,1,1,1,0,NA,NA
"7456",69,50,2,1,1,0,1,NA,NA
"7457",69,93,2,1,1,1,0,NA,NA
"7458",69,80,2,1,1,1,0,NA,NA
"7459",69,88,2,1,1,0,0,NA,NA
"7460",69,108,2,1,1,0,0,NA,NA
"7461",69,105,2,1,1,1,0,NA,NA
"7462",69,16,2,1,1,0,1,NA,NA
"7463",69,85,2,1,1,1,0,NA,NA
"7464",69,84,2,1,1,1,0,NA,NA
"7465",69,94,2,1,1,0,0,NA,NA
"7466",69,44,2,1,1,1,1,NA,NA
"7467",69,81,2,1,1,1,0,NA,NA
"7468",69,34,2,1,1,1,1,NA,NA
"7469",69,9,2,1,1,0,1,NA,NA
"7470",69,3,1,1,1,1,0,NA,NA
"7471",69,45,1,1,1,0,0,NA,NA
"7472",69,114,1,1,1,1,1,NA,NA
"7473",69,2,1,1,1,0,0,NA,NA
"7474",69,98,1,1,1,1,1,NA,NA
"7475",69,60,1,1,1,0,1,NA,NA
"7476",69,6,1,1,1,1,0,NA,NA
"7477",69,64,1,1,1,1,1,NA,NA
"7478",69,67,1,1,1,1,1,NA,NA
"7479",69,90,1,1,1,1,1,NA,NA
"7480",69,106,1,1,1,0,1,NA,NA
"7481",69,18,1,1,1,0,0,NA,NA
"7482",69,117,1,1,1,0,1,NA,NA
"7483",69,91,1,1,1,0,1,NA,NA
"7484",69,26,1,1,1,1,0,NA,NA
"7485",69,110,1,1,1,0,1,NA,NA
"7486",69,77,1,1,1,1,1,NA,NA
"7487",69,28,1,1,1,1,0,NA,NA
"7488",69,57,1,1,1,0,0,NA,NA
"7489",69,13,1,1,1,1,0,NA,NA
"7490",69,31,1,1,1,1,0,NA,NA
"7491",69,66,1,1,1,1,1,NA,NA
"7492",69,59,1,1,1,1,0,NA,NA
"7493",69,83,1,1,1,1,1,NA,NA
"7494",69,70,1,1,1,0,1,NA,NA
"7495",69,92,1,1,1,0,1,NA,NA
"7496",69,78,1,1,1,1,1,NA,NA
"7497",69,46,1,1,1,0,0,NA,NA
"7498",69,62,1,1,1,1,1,NA,NA
"7499",69,89,1,1,1,1,1,NA,NA
"7500",69,101,1,1,1,1,1,NA,NA
"7501",69,99,1,1,1,1,1,NA,NA
"7502",69,100,1,1,1,1,1,NA,NA
"7503",69,21,1,1,1,1,0,NA,NA
"7504",69,54,1,1,1,0,0,NA,NA
"7505",69,39,1,1,1,1,0,NA,NA
"7506",69,19,1,1,1,0,0,NA,NA
"7507",69,95,1,1,1,1,1,NA,NA
"7508",69,23,1,1,1,1,0,NA,NA
"7509",69,103,1,1,1,0,1,NA,NA
"7510",69,56,1,1,1,1,0,NA,NA
"7511",69,53,1,1,1,0,0,NA,NA
"7512",69,52,1,1,1,1,0,NA,NA
"7513",69,104,1,1,1,1,1,NA,NA
"7514",69,43,1,1,1,0,0,NA,NA
"7515",69,72,1,1,1,1,1,NA,NA
"7516",69,4,1,1,1,1,0,NA,NA
"7517",69,73,1,1,1,1,1,NA,NA
"7518",69,111,1,1,1,1,1,NA,NA
"7519",69,33,1,1,1,1,0,NA,NA
"7520",69,15,1,1,1,0,0,NA,NA
"7521",69,40,1,1,1,0,0,NA,NA
"7522",69,113,1,1,1,1,1,NA,NA
"7523",69,35,1,1,1,1,0,NA,NA
"7524",69,30,1,1,1,0,0,NA,NA
"7525",69,116,1,1,1,1,0,NA,NA
"7526",69,38,1,1,1,1,0,NA,NA
"7527",69,20,1,1,1,0,0,NA,NA
"7528",69,96,1,1,1,1,1,NA,NA
"7529",69,22,2,1,1,1,1,NA,NA
"7530",69,102,2,1,1,0,0,NA,NA
"7531",69,1,2,1,1,1,1,NA,NA
"7532",69,112,2,1,1,0,0,NA,NA
"7533",69,76,2,1,1,1,0,NA,NA
"7534",69,79,2,1,1,0,0,NA,NA
"7535",69,120,2,1,1,0,0,NA,NA
"7536",69,65,2,1,1,0,0,NA,NA
"7537",69,55,2,1,1,1,1,NA,NA
"7538",69,7,2,1,1,1,1,NA,NA
"7539",69,24,2,1,1,0,1,NA,NA
"7540",69,36,2,1,1,1,1,NA,NA
"7541",69,115,2,1,1,0,0,NA,NA
"7542",69,87,1,1,1,0,1,NA,NA
"7543",70,90,1,1,1,1,1,NA,NA
"7544",70,100,1,1,1,1,1,NA,NA
"7545",70,60,1,1,1,1,1,NA,NA
"7546",70,102,2,1,1,0,1,NA,NA
"7547",70,91,1,1,1,1,1,NA,NA
"7548",70,113,1,1,1,1,1,NA,NA
"7549",70,117,1,1,1,1,1,NA,NA
"7550",70,59,1,1,1,1,0,NA,NA
"7551",70,45,1,1,1,0,0,NA,NA
"7552",70,23,1,1,1,1,0,NA,NA
"7553",70,15,1,1,1,0,0,NA,NA
"7554",70,46,1,1,1,1,0,NA,NA
"7555",70,43,1,1,1,0,0,NA,NA
"7556",70,87,1,1,1,1,1,NA,NA
"7557",70,56,1,1,1,1,0,NA,NA
"7558",70,114,1,1,1,0,1,NA,NA
"7559",70,3,1,1,1,1,0,NA,NA
"7560",70,95,1,1,1,0,1,NA,NA
"7561",70,21,1,1,1,1,0,NA,NA
"7562",70,111,1,1,1,1,1,NA,NA
"7563",70,31,1,1,1,1,0,NA,NA
"7564",70,26,1,1,1,1,0,NA,NA
"7565",70,101,1,1,1,1,1,NA,NA
"7566",70,40,1,1,1,0,0,NA,NA
"7567",70,54,1,1,1,1,0,NA,NA
"7568",70,89,1,1,1,1,1,NA,NA
"7569",70,78,1,1,1,0,1,NA,NA
"7570",70,57,1,1,1,1,0,NA,NA
"7571",70,64,1,1,1,0,1,NA,NA
"7572",70,19,1,1,1,0,0,NA,NA
"7573",70,4,1,1,1,0,0,NA,NA
"7574",70,28,1,1,1,1,0,NA,NA
"7575",70,39,1,1,1,0,0,NA,NA
"7576",70,98,1,1,1,0,1,NA,NA
"7577",70,104,1,1,1,0,1,NA,NA
"7578",70,6,1,1,1,0,0,NA,NA
"7579",70,13,1,1,1,1,0,NA,NA
"7580",70,38,1,1,1,1,0,NA,NA
"7581",70,83,1,1,1,1,1,NA,NA
"7582",70,110,1,1,1,1,1,NA,NA
"7583",70,70,1,1,1,0,1,NA,NA
"7584",70,72,1,1,1,0,1,NA,NA
"7585",70,67,1,1,1,0,1,NA,NA
"7586",70,20,1,1,1,1,0,NA,NA
"7587",70,30,1,1,1,0,0,NA,NA
"7588",70,62,1,1,1,1,1,NA,NA
"7589",70,52,1,1,1,1,0,NA,NA
"7590",70,106,1,1,1,0,1,NA,NA
"7591",70,24,2,1,1,1,0,NA,NA
"7592",70,34,2,1,1,0,0,NA,NA
"7593",70,76,2,1,1,1,1,NA,NA
"7594",70,82,2,1,1,1,1,NA,NA
"7595",70,108,2,1,1,1,1,NA,NA
"7596",70,36,2,1,1,0,0,NA,NA
"7597",70,71,2,1,1,1,1,NA,NA
"7598",70,10,2,1,1,0,0,NA,NA
"7599",70,44,2,1,1,0,0,NA,NA
"7600",70,29,2,1,1,1,0,NA,NA
"7601",70,14,2,1,1,1,0,NA,NA
"7602",70,49,2,1,1,0,0,NA,NA
"7603",70,8,2,1,1,1,0,NA,NA
"7604",70,61,2,1,1,1,1,NA,NA
"7605",70,109,2,1,1,0,1,NA,NA
"7606",70,84,2,1,1,0,1,NA,NA
"7607",70,80,2,1,1,1,1,NA,NA
"7608",70,42,2,1,1,1,0,NA,NA
"7609",70,32,2,1,1,0,0,NA,NA
"7610",70,51,2,1,1,1,0,NA,NA
"7611",70,1,2,1,1,0,0,NA,NA
"7612",70,94,2,1,1,1,1,NA,NA
"7613",70,12,2,1,1,1,0,NA,NA
"7614",70,55,2,1,1,1,0,NA,NA
"7615",70,107,2,1,1,1,1,NA,NA
"7616",70,25,2,1,1,0,0,NA,NA
"7617",70,17,2,1,1,0,0,NA,NA
"7618",70,47,2,1,1,0,0,NA,NA
"7619",70,85,2,1,1,1,1,NA,NA
"7620",70,5,2,1,1,0,0,NA,NA
"7621",70,119,2,1,1,1,1,NA,NA
"7622",70,75,2,1,1,0,1,NA,NA
"7623",70,37,2,1,1,1,0,NA,NA
"7624",70,65,2,1,1,1,1,NA,NA
"7625",70,115,2,1,1,0,1,NA,NA
"7626",70,79,2,1,1,1,1,NA,NA
"7627",70,48,2,1,1,1,0,NA,NA
"7628",70,27,2,1,1,1,0,NA,NA
"7629",70,11,2,1,1,0,0,NA,NA
"7630",70,63,2,1,1,0,1,NA,NA
"7631",70,41,2,1,1,0,0,NA,NA
"7632",70,68,2,1,1,0,1,NA,NA
"7633",70,120,2,1,1,1,1,NA,NA
"7634",70,22,2,1,1,1,0,NA,NA
"7635",70,118,2,1,1,0,1,NA,NA
"7636",70,88,2,1,1,1,1,NA,NA
"7637",70,86,2,1,1,1,1,NA,NA
"7638",70,93,2,1,1,0,1,NA,NA
"7639",70,58,2,1,1,1,0,NA,NA
"7640",70,81,2,1,1,1,1,NA,NA
"7641",70,97,2,1,1,1,1,NA,NA
"7642",70,112,2,1,1,0,1,NA,NA
"7643",70,69,2,1,1,1,1,NA,NA
"7644",70,16,2,1,1,0,0,NA,NA
"7645",70,105,2,1,1,1,1,NA,NA
"7646",70,9,2,1,1,1,0,NA,NA
"7647",70,50,2,1,1,1,0,NA,NA
"7648",70,7,2,1,1,1,0,NA,NA
"7649",70,74,2,1,1,1,1,NA,NA
"7650",70,53,1,1,1,0,0,NA,NA
"7651",70,33,1,1,1,0,0,NA,NA
"7652",70,77,1,1,1,1,1,NA,NA
"7653",70,2,1,1,1,0,0,NA,NA
"7654",70,35,1,1,1,0,0,NA,NA
"7655",70,73,1,1,1,1,1,NA,NA
"7656",70,103,1,1,1,1,1,NA,NA
"7657",70,92,1,1,1,0,1,NA,NA
"7658",70,96,1,1,1,1,1,NA,NA
"7659",70,99,1,1,1,0,1,NA,NA
"7660",70,116,1,1,1,1,0,NA,NA
"7661",70,18,1,1,1,0,0,NA,NA
"7662",70,66,1,1,1,1,1,NA,NA
"7663",71,18,2,1,1,1,0,NA,NA
"7664",71,28,2,1,1,1,0,NA,NA
"7665",71,43,2,1,1,1,0,NA,NA
"7666",71,38,2,1,1,1,0,NA,NA
"7667",71,9,2,1,1,1,1,NA,NA
"7668",71,23,2,1,1,0,0,NA,NA
"7669",71,47,2,1,1,1,1,NA,NA
"7670",71,53,2,1,1,0,0,NA,NA
"7671",71,32,2,1,1,1,1,NA,NA
"7672",71,46,2,1,1,1,0,NA,NA
"7673",71,33,2,1,1,1,0,NA,NA
"7674",71,49,2,1,1,1,1,NA,NA
"7675",71,10,2,1,1,1,1,NA,NA
"7676",71,59,2,1,1,1,0,NA,NA
"7677",71,29,2,1,1,1,1,NA,NA
"7678",71,35,2,1,1,1,0,NA,NA
"7679",71,15,2,1,1,0,0,NA,NA
"7680",71,52,2,1,1,1,0,NA,NA
"7681",71,5,2,1,1,1,1,NA,NA
"7682",71,40,2,1,1,1,0,NA,NA
"7683",71,41,2,1,1,0,1,NA,NA
"7684",71,6,2,1,1,1,0,NA,NA
"7685",71,51,2,1,1,0,1,NA,NA
"7686",71,1,2,1,1,0,1,NA,NA
"7687",71,26,2,1,1,0,0,NA,NA
"7688",71,36,2,1,1,0,1,NA,NA
"7689",71,45,2,1,1,1,0,NA,NA
"7690",71,31,2,1,1,0,0,NA,NA
"7691",71,39,2,1,1,1,0,NA,NA
"7692",71,116,2,1,1,1,0,NA,NA
"7693",71,17,2,1,1,1,1,NA,NA
"7694",71,8,2,1,1,0,1,NA,NA
"7695",71,54,2,1,1,1,0,NA,NA
"7696",71,30,2,1,1,1,0,NA,NA
"7697",71,13,2,1,1,1,0,NA,NA
"7698",71,58,2,1,1,1,1,NA,NA
"7699",71,20,2,1,1,0,0,NA,NA
"7700",71,2,2,1,1,0,0,NA,NA
"7701",71,57,2,1,1,1,0,NA,NA
"7702",71,16,2,1,1,1,1,NA,NA
"7703",71,34,2,1,1,1,1,NA,NA
"7704",71,22,2,1,1,1,1,NA,NA
"7705",71,12,2,1,1,1,1,NA,NA
"7706",71,7,2,1,1,0,1,NA,NA
"7707",71,24,2,1,1,1,1,NA,NA
"7708",71,11,2,1,1,1,1,NA,NA
"7709",71,3,2,1,1,0,0,NA,NA
"7710",71,55,2,1,1,1,1,NA,NA
"7711",71,100,1,1,1,1,1,NA,NA
"7712",71,72,1,1,1,1,1,NA,NA
"7713",71,118,1,1,1,1,0,NA,NA
"7714",71,108,1,1,1,0,0,NA,NA
"7715",71,62,1,1,1,1,1,NA,NA
"7716",71,107,1,1,1,0,0,NA,NA
"7717",71,92,1,1,1,1,1,NA,NA
"7718",71,91,1,1,1,1,1,NA,NA
"7719",71,97,1,1,1,1,0,NA,NA
"7720",71,82,1,1,1,1,0,NA,NA
"7721",71,76,1,1,1,1,0,NA,NA
"7722",71,85,1,1,1,1,0,NA,NA
"7723",71,63,1,1,1,1,0,NA,NA
"7724",71,64,1,1,1,1,1,NA,NA
"7725",71,61,1,1,1,0,0,NA,NA
"7726",71,113,1,1,1,0,1,NA,NA
"7727",71,70,1,1,1,1,1,NA,NA
"7728",71,102,1,1,1,1,0,NA,NA
"7729",71,89,1,1,1,1,1,NA,NA
"7730",71,67,1,1,1,1,1,NA,NA
"7731",71,109,1,1,1,1,0,NA,NA
"7732",71,104,1,1,1,1,1,NA,NA
"7733",71,117,1,1,1,1,1,NA,NA
"7734",71,101,1,1,1,1,1,NA,NA
"7735",71,95,1,1,1,0,1,NA,NA
"7736",71,60,1,1,1,1,1,NA,NA
"7737",71,71,1,1,1,0,0,NA,NA
"7738",71,73,1,1,1,1,1,NA,NA
"7739",71,77,1,1,1,0,1,NA,NA
"7740",71,115,1,1,1,1,0,NA,NA
"7741",71,80,1,1,1,0,0,NA,NA
"7742",71,83,1,1,1,1,1,NA,NA
"7743",71,79,1,1,1,1,0,NA,NA
"7744",71,119,1,1,1,0,0,NA,NA
"7745",71,65,1,1,1,1,0,NA,NA
"7746",71,86,1,1,1,0,0,NA,NA
"7747",71,106,1,1,1,1,1,NA,NA
"7748",71,112,1,1,1,1,0,NA,NA
"7749",71,75,1,1,1,0,0,NA,NA
"7750",71,94,1,1,1,0,0,NA,NA
"7751",71,98,1,1,1,0,1,NA,NA
"7752",71,81,1,1,1,1,0,NA,NA
"7753",71,66,1,1,1,1,1,NA,NA
"7754",71,87,1,1,1,0,1,NA,NA
"7755",71,78,1,1,1,1,1,NA,NA
"7756",71,114,1,1,1,1,1,NA,NA
"7757",71,90,1,1,1,1,1,NA,NA
"7758",71,69,1,1,1,1,0,NA,NA
"7759",71,68,1,1,1,0,0,NA,NA
"7760",71,96,1,1,1,1,1,NA,NA
"7761",71,103,1,1,1,1,1,NA,NA
"7762",71,110,1,1,1,0,1,NA,NA
"7763",71,99,1,1,1,0,1,NA,NA
"7764",71,120,1,1,1,1,0,NA,NA
"7765",71,105,1,1,1,0,0,NA,NA
"7766",71,84,1,1,1,1,0,NA,NA
"7767",71,88,1,1,1,1,0,NA,NA
"7768",71,93,1,1,1,0,0,NA,NA
"7769",71,111,1,1,1,1,1,NA,NA
"7770",71,19,2,1,1,1,0,NA,NA
"7771",71,42,2,1,1,1,1,NA,NA
"7772",71,48,2,1,1,1,1,NA,NA
"7773",71,50,2,1,1,1,1,NA,NA
"7774",71,14,2,1,1,1,1,NA,NA
"7775",71,21,2,1,1,1,0,NA,NA
"7776",71,56,2,1,1,1,0,NA,NA
"7777",71,44,2,1,1,0,1,NA,NA
"7778",71,74,1,1,1,1,0,NA,NA
"7779",71,27,2,1,1,1,1,NA,NA
"7780",71,25,2,1,1,1,1,NA,NA
"7781",71,37,2,1,1,0,1,NA,NA
"7782",71,4,2,1,1,1,0,NA,NA
"7783",72,93,1,1,1,1,0,NA,NA
"7784",72,94,1,1,1,1,0,NA,NA
"7785",72,111,1,1,1,0,1,NA,NA
"7786",72,102,1,1,1,1,0,NA,NA
"7787",72,61,1,1,1,0,0,NA,NA
"7788",72,64,1,1,1,1,1,NA,NA
"7789",72,96,1,1,1,1,1,NA,NA
"7790",72,82,1,1,1,1,0,NA,NA
"7791",72,74,1,1,1,1,0,NA,NA
"7792",72,91,1,1,1,0,1,NA,NA
"7793",72,83,1,1,1,1,1,NA,NA
"7794",72,79,1,1,1,1,0,NA,NA
"7795",72,98,1,1,1,1,1,NA,NA
"7796",72,81,1,1,1,1,0,NA,NA
"7797",72,63,1,1,1,0,0,NA,NA
"7798",72,73,1,1,1,0,1,NA,NA
"7799",72,95,1,1,1,0,1,NA,NA
"7800",72,76,1,1,1,0,0,NA,NA
"7801",72,72,1,1,1,0,1,NA,NA
"7802",72,115,1,1,1,1,0,NA,NA
"7803",72,80,1,1,1,0,0,NA,NA
"7804",72,103,1,1,1,1,1,NA,NA
"7805",72,104,1,1,1,0,1,NA,NA
"7806",72,109,1,1,1,0,0,NA,NA
"7807",72,100,1,1,1,1,1,NA,NA
"7808",72,86,1,1,1,0,0,NA,NA
"7809",72,112,1,1,1,0,0,NA,NA
"7810",72,60,1,1,1,1,1,NA,NA
"7811",72,105,1,1,1,0,0,NA,NA
"7812",72,65,1,1,1,0,0,NA,NA
"7813",72,62,1,1,1,1,1,NA,NA
"7814",72,70,1,1,1,1,1,NA,NA
"7815",72,71,1,1,1,0,0,NA,NA
"7816",72,92,1,1,1,0,1,NA,NA
"7817",72,69,1,1,1,1,0,NA,NA
"7818",72,87,1,1,1,0,1,NA,NA
"7819",72,90,1,1,1,0,1,NA,NA
"7820",72,66,1,1,1,1,1,NA,NA
"7821",72,75,1,1,1,1,0,NA,NA
"7822",72,84,1,1,1,0,0,NA,NA
"7823",72,99,1,1,1,1,1,NA,NA
"7824",72,89,1,1,1,0,1,NA,NA
"7825",72,88,1,1,1,1,0,NA,NA
"7826",72,77,1,1,1,0,1,NA,NA
"7827",72,67,1,1,1,1,1,NA,NA
"7828",72,120,1,1,1,0,0,NA,NA
"7829",72,101,1,1,1,0,1,NA,NA
"7830",72,118,1,1,1,1,0,NA,NA
"7831",72,110,1,1,1,0,1,NA,NA
"7832",72,29,2,1,1,1,0,NA,NA
"7833",72,6,2,1,1,1,1,NA,NA
"7834",72,9,2,1,1,0,0,NA,NA
"7835",72,17,2,1,1,0,0,NA,NA
"7836",72,8,2,1,1,1,0,NA,NA
"7837",72,7,2,1,1,0,0,NA,NA
"7838",72,2,2,1,1,0,1,NA,NA
"7839",72,5,2,1,1,1,0,NA,NA
"7840",72,49,2,1,1,1,0,NA,NA
"7841",72,3,2,1,1,1,1,NA,NA
"7842",72,51,2,1,1,0,0,NA,NA
"7843",72,20,2,1,1,1,1,NA,NA
"7844",72,53,2,1,1,0,1,NA,NA
"7845",72,22,2,1,1,1,0,NA,NA
"7846",72,31,2,1,1,0,1,NA,NA
"7847",72,15,2,1,1,1,1,NA,NA
"7848",72,40,2,1,1,0,1,NA,NA
"7849",72,59,2,1,1,0,1,NA,NA
"7850",72,30,2,1,1,1,1,NA,NA
"7851",72,24,2,1,1,1,0,NA,NA
"7852",72,19,2,1,1,0,1,NA,NA
"7853",72,21,2,1,1,0,1,NA,NA
"7854",72,58,2,1,1,0,0,NA,NA
"7855",72,55,2,1,1,0,0,NA,NA
"7856",72,52,2,1,1,0,1,NA,NA
"7857",72,18,2,1,1,1,1,NA,NA
"7858",72,54,2,1,1,1,1,NA,NA
"7859",72,41,2,1,1,0,0,NA,NA
"7860",72,48,2,1,1,1,0,NA,NA
"7861",72,57,2,1,1,0,1,NA,NA
"7862",72,42,2,1,1,1,0,NA,NA
"7863",72,33,2,1,1,0,1,NA,NA
"7864",72,13,2,1,1,1,1,NA,NA
"7865",72,43,2,1,1,0,1,NA,NA
"7866",72,37,2,1,1,0,0,NA,NA
"7867",72,11,2,1,1,1,0,NA,NA
"7868",72,14,2,1,1,0,0,NA,NA
"7869",72,4,2,1,1,0,1,NA,NA
"7870",72,50,2,1,1,1,0,NA,NA
"7871",72,56,2,1,1,0,1,NA,NA
"7872",72,46,2,1,1,1,1,NA,NA
"7873",72,28,2,1,1,1,1,NA,NA
"7874",72,32,2,1,1,0,0,NA,NA
"7875",72,38,2,1,1,1,1,NA,NA
"7876",72,44,2,1,1,1,0,NA,NA
"7877",72,25,2,1,1,1,0,NA,NA
"7878",72,34,2,1,1,1,0,NA,NA
"7879",72,47,2,1,1,1,0,NA,NA
"7880",72,23,2,1,1,0,1,NA,NA
"7881",72,26,2,1,1,1,1,NA,NA
"7882",72,39,2,1,1,0,1,NA,NA
"7883",72,10,2,1,1,0,0,NA,NA
"7884",72,36,2,1,1,1,0,NA,NA
"7885",72,45,2,1,1,0,1,NA,NA
"7886",72,16,2,1,1,0,0,NA,NA
"7887",72,35,2,1,1,1,1,NA,NA
"7888",72,12,2,1,1,1,0,NA,NA
"7889",72,107,1,1,1,1,0,NA,NA
"7890",72,85,1,1,1,0,0,NA,NA
"7891",72,119,1,1,1,0,0,NA,NA
"7892",72,114,1,1,1,0,1,NA,NA
"7893",72,108,1,1,1,1,0,NA,NA
"7894",72,106,1,1,1,0,1,NA,NA
"7895",72,78,1,1,1,1,1,NA,NA
"7896",72,117,1,1,1,1,1,NA,NA
"7897",72,68,1,1,1,0,0,NA,NA
"7898",72,113,1,1,1,0,1,NA,NA
"7899",72,97,1,1,1,0,0,NA,NA
"7900",73,70,2,1,1,0,0,NA,NA
"7901",73,87,2,1,1,0,0,NA,NA
"7902",73,113,2,1,1,0,0,NA,NA
"7903",73,86,2,1,1,0,1,NA,NA
"7904",73,109,2,1,1,0,1,NA,NA
"7905",73,90,2,1,1,0,0,NA,NA
"7906",73,110,2,1,1,0,0,NA,NA
"7907",73,104,2,1,1,0,0,NA,NA
"7908",73,108,2,1,1,1,1,NA,NA
"7909",73,65,2,1,1,1,1,NA,NA
"7910",73,85,2,1,1,0,1,NA,NA
"7911",73,75,2,1,1,0,1,NA,NA
"7912",73,95,2,1,1,1,0,NA,NA
"7913",73,92,2,1,1,1,0,NA,NA
"7914",73,69,2,1,1,1,1,NA,NA
"7915",73,112,2,1,1,1,1,NA,NA
"7916",73,105,2,1,1,1,1,NA,NA
"7917",73,103,2,1,1,1,0,NA,NA
"7918",73,115,2,1,1,1,1,NA,NA
"7919",73,83,2,1,1,1,0,NA,NA
"7920",73,117,2,1,1,1,0,NA,NA
"7921",73,78,2,1,1,1,0,NA,NA
"7922",73,99,2,1,1,1,0,NA,NA
"7923",73,67,2,1,1,0,0,NA,NA
"7924",73,91,2,1,1,1,0,NA,NA
"7925",73,71,2,1,1,0,1,NA,NA
"7926",73,101,2,1,1,1,0,NA,NA
"7927",73,89,2,1,1,1,0,NA,NA
"7928",73,76,2,1,1,1,1,NA,NA
"7929",73,97,2,1,1,1,1,NA,NA
"7930",73,74,2,1,1,1,1,NA,NA
"7931",73,84,2,1,1,1,1,NA,NA
"7932",73,93,2,1,1,0,1,NA,NA
"7933",73,62,2,1,1,1,0,NA,NA
"7934",73,63,2,1,1,1,1,NA,NA
"7935",73,102,2,1,1,0,1,NA,NA
"7936",73,77,2,1,1,0,0,NA,NA
"7937",73,72,2,1,1,1,0,NA,NA
"7938",73,80,2,1,1,0,1,NA,NA
"7939",73,111,2,1,1,1,0,NA,NA
"7940",73,114,2,1,1,0,0,NA,NA
"7941",73,100,2,1,1,1,0,NA,NA
"7942",73,119,2,1,1,0,1,NA,NA
"7943",73,96,2,1,1,1,0,NA,NA
"7944",73,66,2,1,1,1,0,NA,NA
"7945",73,94,2,1,1,0,1,NA,NA
"7946",73,82,2,1,1,1,1,NA,NA
"7947",73,88,2,1,1,1,1,NA,NA
"7948",73,118,2,1,1,1,1,NA,NA
"7949",73,61,2,1,1,1,1,NA,NA
"7950",73,79,2,1,1,1,1,NA,NA
"7951",73,10,1,1,1,1,1,NA,NA
"7952",73,27,1,1,1,1,1,NA,NA
"7953",73,43,1,1,1,0,0,NA,NA
"7954",73,13,1,1,1,1,0,NA,NA
"7955",73,41,1,1,1,0,1,NA,NA
"7956",73,53,1,1,1,0,0,NA,NA
"7957",73,51,1,1,1,1,1,NA,NA
"7958",73,33,1,1,1,0,0,NA,NA
"7959",73,15,1,1,1,1,0,NA,NA
"7960",73,57,1,1,1,0,0,NA,NA
"7961",73,36,1,1,1,0,1,NA,NA
"7962",73,18,1,1,1,0,0,NA,NA
"7963",73,42,1,1,1,1,1,NA,NA
"7964",73,17,1,1,1,0,1,NA,NA
"7965",73,58,1,1,1,1,1,NA,NA
"7966",73,45,1,1,1,1,0,NA,NA
"7967",73,25,1,1,1,1,1,NA,NA
"7968",73,9,1,1,1,1,1,NA,NA
"7969",73,22,1,1,1,1,1,NA,NA
"7970",73,7,1,1,1,1,1,NA,NA
"7971",73,35,1,1,1,0,0,NA,NA
"7972",73,21,1,1,1,0,0,NA,NA
"7973",73,46,1,1,1,0,0,NA,NA
"7974",73,1,1,1,1,0,1,NA,NA
"7975",73,20,1,1,1,0,0,NA,NA
"7976",73,40,1,1,1,1,0,NA,NA
"7977",73,29,1,1,1,1,1,NA,NA
"7978",73,28,1,1,1,0,0,NA,NA
"7979",73,39,1,1,1,0,0,NA,NA
"7980",73,8,1,1,1,1,1,NA,NA
"7981",73,116,1,1,1,0,0,NA,NA
"7982",73,3,1,1,1,0,0,NA,NA
"7983",73,2,1,1,1,0,0,NA,NA
"7984",73,38,1,1,1,1,0,NA,NA
"7985",73,49,1,1,1,1,1,NA,NA
"7986",73,24,1,1,1,1,1,NA,NA
"7987",73,50,1,1,1,1,1,NA,NA
"7988",73,47,1,1,1,1,1,NA,NA
"7989",73,14,1,1,1,1,1,NA,NA
"7990",73,11,1,1,1,1,1,NA,NA
"7991",73,34,1,1,1,1,1,NA,NA
"7992",73,31,1,1,1,0,0,NA,NA
"7993",73,16,1,1,1,0,1,NA,NA
"7994",73,56,1,1,1,0,0,NA,NA
"7995",73,12,1,1,1,1,1,NA,NA
"7996",73,37,1,1,1,1,1,NA,NA
"7997",73,48,1,1,1,1,1,NA,NA
"7998",73,5,1,1,1,1,1,NA,NA
"7999",73,52,1,1,1,0,0,NA,NA
"8000",73,19,1,1,1,0,0,NA,NA
"8001",73,4,1,1,1,0,0,NA,NA
"8002",73,30,1,1,1,0,0,NA,NA
"8003",73,59,1,1,1,0,0,NA,NA
"8004",73,26,1,1,1,0,0,NA,NA
"8005",73,32,1,1,1,0,1,NA,NA
"8006",73,6,1,1,1,0,0,NA,NA
"8007",73,54,1,1,1,0,0,NA,NA
"8008",73,23,1,1,1,1,0,NA,NA
"8009",73,44,1,1,1,1,1,NA,NA
"8010",73,55,1,1,1,0,1,NA,NA
"8011",73,106,2,1,1,1,0,NA,NA
"8012",73,107,2,1,1,1,1,NA,NA
"8013",73,120,2,1,1,0,1,NA,NA
"8014",73,68,2,1,1,1,1,NA,NA
"8015",73,98,2,1,1,1,0,NA,NA
"8016",73,73,2,1,1,1,0,NA,NA
"8017",73,64,2,1,1,0,0,NA,NA
"8018",73,60,2,1,1,0,0,NA,NA
"8019",73,81,2,1,1,1,1,NA,NA
"8020",74,6,1,1,1,1,0,NA,NA
"8021",74,29,1,1,1,1,1,NA,NA
"8022",74,19,1,1,1,0,0,NA,NA
"8023",74,37,1,1,1,0,1,NA,NA
"8024",74,12,1,1,1,1,1,NA,NA
"8025",74,57,1,1,1,0,0,NA,NA
"8026",74,53,1,1,1,0,0,NA,NA
"8027",74,46,1,1,1,1,0,NA,NA
"8028",74,43,1,1,1,1,0,NA,NA
"8029",74,51,1,1,1,1,1,NA,NA
"8030",74,26,1,1,1,1,0,NA,NA
"8031",74,16,1,1,1,1,1,NA,NA
"8032",74,27,1,1,1,1,1,NA,NA
"8033",74,14,1,1,1,1,1,NA,NA
"8034",74,4,1,1,1,0,0,NA,NA
"8035",74,45,1,1,1,1,0,NA,NA
"8036",74,22,1,1,1,1,1,NA,NA
"8037",74,34,1,1,1,1,1,NA,NA
"8038",74,2,1,1,1,0,0,NA,NA
"8039",74,50,1,1,1,1,1,NA,NA
"8040",74,54,1,1,1,0,0,NA,NA
"8041",74,25,1,1,1,1,1,NA,NA
"8042",74,32,1,1,1,1,1,NA,NA
"8043",74,11,1,1,1,1,1,NA,NA
"8044",74,40,1,1,1,0,0,NA,NA
"8045",74,48,1,1,1,1,1,NA,NA
"8046",74,35,1,1,1,1,0,NA,NA
"8047",74,24,1,1,1,1,1,NA,NA
"8048",74,44,1,1,1,1,1,NA,NA
"8049",74,1,1,1,1,0,1,NA,NA
"8050",74,7,1,1,1,0,1,NA,NA
"8051",74,116,1,1,1,0,0,NA,NA
"8052",74,17,1,1,1,0,1,NA,NA
"8053",74,20,1,1,1,1,0,NA,NA
"8054",74,30,1,1,1,1,0,NA,NA
"8055",74,3,1,1,1,1,0,NA,NA
"8056",74,41,1,1,1,0,1,NA,NA
"8057",74,8,1,1,1,1,1,NA,NA
"8058",74,33,1,1,1,1,0,NA,NA
"8059",74,52,1,1,1,1,0,NA,NA
"8060",74,58,1,1,1,1,1,NA,NA
"8061",74,42,1,1,1,1,1,NA,NA
"8062",74,5,1,1,1,0,1,NA,NA
"8063",74,49,1,1,1,1,1,NA,NA
"8064",74,15,1,1,1,1,0,NA,NA
"8065",74,13,1,1,1,1,0,NA,NA
"8066",74,39,1,1,1,0,0,NA,NA
"8067",74,36,1,1,1,1,1,NA,NA
"8068",74,31,1,1,1,1,0,NA,NA
"8069",74,9,1,1,1,1,1,NA,NA
"8070",74,21,1,1,1,0,0,NA,NA
"8071",74,64,2,1,1,1,1,NA,NA
"8072",74,82,2,1,1,0,0,NA,NA
"8073",74,86,2,1,1,1,0,NA,NA
"8074",74,115,2,1,1,0,0,NA,NA
"8075",74,111,2,1,1,1,1,NA,NA
"8076",74,76,2,1,1,1,0,NA,NA
"8077",74,96,2,1,1,0,1,NA,NA
"8078",74,120,2,1,1,1,0,NA,NA
"8079",74,91,2,1,1,0,1,NA,NA
"8080",74,85,2,1,1,1,0,NA,NA
"8081",74,118,2,1,1,0,0,NA,NA
"8082",74,62,2,1,1,1,1,NA,NA
"8083",74,75,2,1,1,0,0,NA,NA
"8084",74,80,2,1,1,1,0,NA,NA
"8085",74,77,2,1,1,1,1,NA,NA
"8086",74,79,2,1,1,0,0,NA,NA
"8087",74,99,2,1,1,1,1,NA,NA
"8088",74,70,2,1,1,1,1,NA,NA
"8089",74,94,2,1,1,1,0,NA,NA
"8090",74,83,2,1,1,0,1,NA,NA
"8091",74,68,2,1,1,0,0,NA,NA
"8092",74,84,2,1,1,1,0,NA,NA
"8093",74,110,2,1,1,0,1,NA,NA
"8094",74,74,2,1,1,1,0,NA,NA
"8095",74,117,2,1,1,1,1,NA,NA
"8096",74,92,2,1,1,0,1,NA,NA
"8097",74,81,2,1,1,0,0,NA,NA
"8098",74,90,2,1,1,1,1,NA,NA
"8099",74,109,2,1,1,1,0,NA,NA
"8100",74,100,2,1,1,0,1,NA,NA
"8101",74,89,2,1,1,1,1,NA,NA
"8102",74,67,2,1,1,0,1,NA,NA
"8103",74,95,2,1,1,0,1,NA,NA
"8104",74,119,2,1,1,1,0,NA,NA
"8105",74,112,2,1,1,1,0,NA,NA
"8106",74,65,2,1,1,0,0,NA,NA
"8107",74,63,2,1,1,1,0,NA,NA
"8108",74,60,2,1,1,1,1,NA,NA
"8109",74,93,2,1,1,0,0,NA,NA
"8110",74,87,2,1,1,0,1,NA,NA
"8111",74,108,2,1,1,1,0,NA,NA
"8112",74,114,2,1,1,0,1,NA,NA
"8113",74,98,2,1,1,1,1,NA,NA
"8114",74,103,2,1,1,0,1,NA,NA
"8115",74,73,2,1,1,1,1,NA,NA
"8116",74,71,2,1,1,0,0,NA,NA
"8117",74,106,2,1,1,1,1,NA,NA
"8118",74,107,2,1,1,1,0,NA,NA
"8119",74,113,2,1,1,0,1,NA,NA
"8120",74,78,2,1,1,1,1,NA,NA
"8121",74,105,2,1,1,1,0,NA,NA
"8122",74,66,2,1,1,1,1,NA,NA
"8123",74,101,2,1,1,1,1,NA,NA
"8124",74,72,2,1,1,0,1,NA,NA
"8125",74,97,2,1,1,1,0,NA,NA
"8126",74,69,2,1,1,0,0,NA,NA
"8127",74,88,2,1,1,1,0,NA,NA
"8128",74,38,1,1,1,0,0,NA,NA
"8129",74,47,1,1,1,1,1,NA,NA
"8130",74,28,1,1,1,0,0,NA,NA
"8131",74,18,1,1,1,0,0,NA,NA
"8132",74,56,1,1,1,1,0,NA,NA
"8133",74,23,1,1,1,0,0,NA,NA
"8134",74,55,1,1,1,1,1,NA,NA
"8135",74,10,1,1,1,1,1,NA,NA
"8136",74,59,1,1,1,1,0,NA,NA
"8137",75,39,2,1,1,1,1,NA,NA
"8138",75,104,2,1,1,0,0,NA,NA
"8139",75,100,2,1,1,1,0,NA,NA
"8140",75,52,2,1,1,1,1,NA,NA
"8141",75,13,2,1,1,1,1,NA,NA
"8142",75,73,2,1,1,0,0,NA,NA
"8143",75,67,2,1,1,1,0,NA,NA
"8144",75,38,2,1,1,1,1,NA,NA
"8145",75,91,2,1,1,1,0,NA,NA
"8146",75,64,2,1,1,0,0,NA,NA
"8147",75,28,2,1,1,1,1,NA,NA
"8148",75,43,2,1,1,0,1,NA,NA
"8149",75,62,2,1,1,1,0,NA,NA
"8150",75,20,2,1,1,1,1,NA,NA
"8151",75,83,2,1,1,1,0,NA,NA
"8152",75,72,2,1,1,1,0,NA,NA
"8153",75,18,2,1,1,1,1,NA,NA
"8154",75,98,2,1,1,0,0,NA,NA
"8155",75,3,2,1,1,1,1,NA,NA
"8156",75,6,2,1,1,1,1,NA,NA
"8157",75,15,2,1,1,1,1,NA,NA
"8158",75,30,2,1,1,1,1,NA,NA
"8159",75,103,2,1,1,0,0,NA,NA
"8160",75,60,2,1,1,0,0,NA,NA
"8161",75,53,2,1,1,1,1,NA,NA
"8162",75,2,2,1,1,0,1,NA,NA
"8163",75,31,2,1,1,1,1,NA,NA
"8164",75,40,2,1,1,1,1,NA,NA
"8165",75,116,2,1,1,1,1,NA,NA
"8166",75,66,2,1,1,1,0,NA,NA
"8167",75,114,2,1,1,0,0,NA,NA
"8168",75,87,2,1,1,1,0,NA,NA
"8169",75,89,2,1,1,1,0,NA,NA
"8170",75,26,2,1,1,1,1,NA,NA
"8171",75,92,2,1,1,1,0,NA,NA
"8172",75,90,2,1,1,1,0,NA,NA
"8173",75,70,2,1,1,0,0,NA,NA
"8174",75,111,2,1,1,1,0,NA,NA
"8175",75,19,2,1,1,0,1,NA,NA
"8176",75,46,2,1,1,0,1,NA,NA
"8177",75,45,2,1,1,0,1,NA,NA
"8178",75,33,2,1,1,0,1,NA,NA
"8179",75,59,2,1,1,1,1,NA,NA
"8180",75,21,2,1,1,0,1,NA,NA
"8181",75,106,2,1,1,0,0,NA,NA
"8182",75,54,2,1,1,1,1,NA,NA
"8183",75,96,2,1,1,0,0,NA,NA
"8184",75,77,2,1,1,1,0,NA,NA
"8185",75,117,2,1,1,0,0,NA,NA
"8186",75,35,2,1,1,1,1,NA,NA
"8187",75,57,2,1,1,1,1,NA,NA
"8188",75,56,2,1,1,1,1,NA,NA
"8189",75,99,2,1,1,0,0,NA,NA
"8190",75,23,2,1,1,1,1,NA,NA
"8191",75,95,2,1,1,0,0,NA,NA
"8192",75,4,2,1,1,0,1,NA,NA
"8193",75,24,1,1,1,1,1,NA,NA
"8194",75,9,1,1,1,1,1,NA,NA
"8195",75,88,1,1,1,1,0,NA,NA
"8196",75,42,1,1,1,1,1,NA,NA
"8197",75,82,1,1,1,1,0,NA,NA
"8198",75,112,1,1,1,1,0,NA,NA
"8199",75,47,1,1,1,0,1,NA,NA
"8200",75,32,1,1,1,1,1,NA,NA
"8201",75,55,1,1,1,1,1,NA,NA
"8202",75,74,1,1,1,1,0,NA,NA
"8203",75,34,1,1,1,1,1,NA,NA
"8204",75,27,1,1,1,1,1,NA,NA
"8205",75,11,1,1,1,1,1,NA,NA
"8206",75,86,1,1,1,0,0,NA,NA
"8207",75,75,1,1,1,1,0,NA,NA
"8208",75,107,1,1,1,1,0,NA,NA
"8209",75,80,1,1,1,0,0,NA,NA
"8210",75,22,1,1,1,1,1,NA,NA
"8211",75,41,1,1,1,1,1,NA,NA
"8212",75,50,1,1,1,1,1,NA,NA
"8213",75,84,1,1,1,1,0,NA,NA
"8214",75,25,1,1,1,1,1,NA,NA
"8215",75,37,1,1,1,1,1,NA,NA
"8216",75,51,1,1,1,1,1,NA,NA
"8217",75,14,1,1,1,1,1,NA,NA
"8218",75,7,1,1,1,1,1,NA,NA
"8219",75,120,1,1,1,0,0,NA,NA
"8220",75,76,1,1,1,0,0,NA,NA
"8221",75,97,1,1,1,1,0,NA,NA
"8222",75,44,1,1,1,1,1,NA,NA
"8223",75,71,1,1,1,1,0,NA,NA
"8224",75,16,1,1,1,0,1,NA,NA
"8225",75,108,1,1,1,0,0,NA,NA
"8226",75,94,1,1,1,0,0,NA,NA
"8227",75,10,1,1,1,1,1,NA,NA
"8228",75,105,1,1,1,0,0,NA,NA
"8229",75,12,1,1,1,1,1,NA,NA
"8230",75,1,1,1,1,1,1,NA,NA
"8231",75,109,1,1,1,0,0,NA,NA
"8232",75,65,1,1,1,0,0,NA,NA
"8233",75,85,1,1,1,0,0,NA,NA
"8234",75,115,1,1,1,1,0,NA,NA
"8235",75,68,1,1,1,1,0,NA,NA
"8236",75,58,1,1,1,1,1,NA,NA
"8237",75,93,1,1,1,0,0,NA,NA
"8238",75,79,1,1,1,0,0,NA,NA
"8239",75,8,1,1,1,1,1,NA,NA
"8240",75,81,1,1,1,1,0,NA,NA
"8241",75,29,1,1,1,1,1,NA,NA
"8242",75,63,1,1,1,1,0,NA,NA
"8243",75,49,1,1,1,0,1,NA,NA
"8244",75,119,1,1,1,1,0,NA,NA
"8245",75,61,1,1,1,1,0,NA,NA
"8246",75,48,1,1,1,1,1,NA,NA
"8247",75,17,1,1,1,1,1,NA,NA
"8248",75,36,1,1,1,1,1,NA,NA
"8249",75,78,2,1,1,1,0,NA,NA
"8250",75,101,2,1,1,1,0,NA,NA
"8251",75,110,2,1,1,1,0,NA,NA
"8252",75,113,2,1,1,0,0,NA,NA
"8253",76,74,1,1,1,1,0,NA,NA
"8254",76,94,1,1,1,0,0,NA,NA
"8255",76,58,1,1,1,1,1,NA,NA
"8256",76,69,1,1,1,0,0,NA,NA
"8257",76,55,1,1,1,1,1,NA,NA
"8258",76,32,1,1,1,1,1,NA,NA
"8259",76,16,1,1,1,0,1,NA,NA
"8260",76,76,1,1,1,1,0,NA,NA
"8261",76,51,1,1,1,1,1,NA,NA
"8262",76,119,1,1,1,0,0,NA,NA
"8263",76,8,1,1,1,0,1,NA,NA
"8264",76,93,1,1,1,1,0,NA,NA
"8265",76,47,1,1,1,1,1,NA,NA
"8266",76,86,1,1,1,0,0,NA,NA
"8267",76,85,1,1,1,1,0,NA,NA
"8268",76,81,1,1,1,1,0,NA,NA
"8269",76,88,1,1,1,1,0,NA,NA
"8270",76,24,1,1,1,1,1,NA,NA
"8271",76,11,1,1,1,1,1,NA,NA
"8272",76,61,1,1,1,0,0,NA,NA
"8273",76,102,1,1,1,1,0,NA,NA
"8274",76,17,1,1,1,0,1,NA,NA
"8275",76,14,1,1,1,1,1,NA,NA
"8276",76,29,1,1,1,1,1,NA,NA
"8277",76,65,1,1,1,1,0,NA,NA
"8278",76,107,1,1,1,1,0,NA,NA
"8279",76,68,1,1,1,0,0,NA,NA
"8280",76,71,1,1,1,1,0,NA,NA
"8281",76,36,1,1,1,1,1,NA,NA
"8282",76,48,1,1,1,1,1,NA,NA
"8283",76,115,1,1,1,1,0,NA,NA
"8284",76,37,1,1,1,1,1,NA,NA
"8285",76,5,1,1,1,0,1,NA,NA
"8286",76,108,1,1,1,0,0,NA,NA
"8287",76,10,1,1,1,1,1,NA,NA
"8288",76,80,1,1,1,0,0,NA,NA
"8289",76,63,1,1,1,1,0,NA,NA
"8290",76,79,1,1,1,1,0,NA,NA
"8291",76,34,1,1,1,1,1,NA,NA
"8292",76,82,1,1,1,1,0,NA,NA
"8293",76,9,1,1,1,0,1,NA,NA
"8294",76,42,1,1,1,0,1,NA,NA
"8295",76,109,1,1,1,1,0,NA,NA
"8296",76,22,1,1,1,1,1,NA,NA
"8297",76,120,1,1,1,0,0,NA,NA
"8298",76,1,1,1,1,1,1,NA,NA
"8299",76,12,1,1,1,1,1,NA,NA
"8300",76,75,1,1,1,0,0,NA,NA
"8301",76,50,1,1,1,1,1,NA,NA
"8302",76,112,1,1,1,1,0,NA,NA
"8303",76,25,1,1,1,0,1,NA,NA
"8304",76,27,1,1,1,1,1,NA,NA
"8305",76,49,1,1,1,1,1,NA,NA
"8306",76,97,1,1,1,0,0,NA,NA
"8307",76,41,1,1,1,0,1,NA,NA
"8308",76,84,1,1,1,1,0,NA,NA
"8309",76,60,2,1,1,1,1,NA,NA
"8310",76,116,2,1,1,1,0,NA,NA
"8311",76,52,2,1,1,0,0,NA,NA
"8312",76,67,2,1,1,0,1,NA,NA
"8313",76,13,2,1,1,0,0,NA,NA
"8314",76,111,2,1,1,1,1,NA,NA
"8315",76,43,2,1,1,0,0,NA,NA
"8316",76,33,2,1,1,1,0,NA,NA
"8317",76,59,2,1,1,1,0,NA,NA
"8318",76,28,2,1,1,0,0,NA,NA
"8319",76,53,2,1,1,0,0,NA,NA
"8320",76,38,2,1,1,1,0,NA,NA
"8321",76,87,2,1,1,0,1,NA,NA
"8322",76,113,2,1,1,1,1,NA,NA
"8323",76,2,2,1,1,0,0,NA,NA
"8324",76,40,2,1,1,1,0,NA,NA
"8325",76,15,2,1,1,0,0,NA,NA
"8326",76,56,2,1,1,1,0,NA,NA
"8327",76,46,2,1,1,0,0,NA,NA
"8328",76,18,2,1,1,1,0,NA,NA
"8329",76,89,2,1,1,1,1,NA,NA
"8330",76,66,2,1,1,1,1,NA,NA
"8331",76,23,2,1,1,0,0,NA,NA
"8332",76,104,2,1,1,0,1,NA,NA
"8333",76,91,2,1,1,0,1,NA,NA
"8334",76,19,2,1,1,0,0,NA,NA
"8335",76,62,2,1,1,1,1,NA,NA
"8336",76,31,2,1,1,1,0,NA,NA
"8337",76,77,2,1,1,1,1,NA,NA
"8338",76,103,2,1,1,0,1,NA,NA
"8339",76,3,2,1,1,0,0,NA,NA
"8340",76,35,2,1,1,0,0,NA,NA
"8341",76,110,2,1,1,1,1,NA,NA
"8342",76,98,2,1,1,1,1,NA,NA
"8343",76,21,2,1,1,0,0,NA,NA
"8344",76,4,2,1,1,0,0,NA,NA
"8345",76,114,2,1,1,1,1,NA,NA
"8346",76,83,2,1,1,1,1,NA,NA
"8347",76,39,2,1,1,1,0,NA,NA
"8348",76,73,2,1,1,1,1,NA,NA
"8349",76,106,2,1,1,1,1,NA,NA
"8350",76,100,2,1,1,0,1,NA,NA
"8351",76,78,2,1,1,1,1,NA,NA
"8352",76,99,2,1,1,1,1,NA,NA
"8353",76,64,2,1,1,0,1,NA,NA
"8354",76,92,2,1,1,1,1,NA,NA
"8355",76,90,2,1,1,1,1,NA,NA
"8356",76,6,2,1,1,1,0,NA,NA
"8357",76,30,2,1,1,0,0,NA,NA
"8358",76,117,2,1,1,1,1,NA,NA
"8359",76,70,2,1,1,1,1,NA,NA
"8360",76,20,2,1,1,1,0,NA,NA
"8361",76,26,2,1,1,0,0,NA,NA
"8362",76,72,2,1,1,0,1,NA,NA
"8363",76,57,2,1,1,1,0,NA,NA
"8364",76,95,2,1,1,0,1,NA,NA
"8365",76,96,2,1,1,1,1,NA,NA
"8366",76,101,2,1,1,1,1,NA,NA
"8367",76,54,2,1,1,1,0,NA,NA
"8368",76,45,2,1,1,0,0,NA,NA
"8369",76,7,1,1,1,1,1,NA,NA
"8370",76,44,1,1,1,1,1,NA,NA
"8371",76,105,1,1,1,1,0,NA,NA
"8372",76,118,1,1,1,1,0,NA,NA
"8373",77,76,2,1,1,1,0,NA,NA
"8374",77,69,2,1,1,0,0,NA,NA
"8375",77,43,2,1,1,0,1,NA,NA
"8376",77,30,2,1,1,1,1,NA,NA
"8377",77,86,2,1,1,0,0,NA,NA
"8378",77,120,2,1,1,1,0,NA,NA
"8379",77,38,2,1,1,1,1,NA,NA
"8380",77,28,2,1,1,0,1,NA,NA
"8381",77,4,2,1,1,1,1,NA,NA
"8382",77,119,2,1,1,1,0,NA,NA
"8383",77,39,2,1,1,0,1,NA,NA
"8384",77,45,2,1,1,1,1,NA,NA
"8385",77,105,2,1,1,0,0,NA,NA
"8386",77,68,2,1,1,1,0,NA,NA
"8387",77,46,2,1,1,1,1,NA,NA
"8388",77,81,2,1,1,1,0,NA,NA
"8389",77,116,2,1,1,0,1,NA,NA
"8390",77,80,2,1,1,0,0,NA,NA
"8391",77,21,2,1,1,1,1,NA,NA
"8392",77,109,2,1,1,1,0,NA,NA
"8393",77,65,2,1,1,1,0,NA,NA
"8394",77,115,2,1,1,1,0,NA,NA
"8395",77,84,2,1,1,0,0,NA,NA
"8396",77,59,2,1,1,1,1,NA,NA
"8397",77,40,2,1,1,1,1,NA,NA
"8398",77,93,2,1,1,0,0,NA,NA
"8399",77,56,2,1,1,1,1,NA,NA
"8400",77,23,2,1,1,1,1,NA,NA
"8401",77,33,2,1,1,0,1,NA,NA
"8402",77,88,2,1,1,1,0,NA,NA
"8403",77,53,2,1,1,1,1,NA,NA
"8404",77,79,2,1,1,1,0,NA,NA
"8405",77,18,2,1,1,1,1,NA,NA
"8406",77,35,2,1,1,1,1,NA,NA
"8407",77,31,2,1,1,1,1,NA,NA
"8408",77,20,2,1,1,0,1,NA,NA
"8409",77,63,2,1,1,1,0,NA,NA
"8410",77,52,2,1,1,1,1,NA,NA
"8411",77,102,2,1,1,1,0,NA,NA
"8412",77,13,2,1,1,1,1,NA,NA
"8413",77,57,2,1,1,1,1,NA,NA
"8414",77,74,2,1,1,1,0,NA,NA
"8415",77,26,2,1,1,1,1,NA,NA
"8416",77,15,2,1,1,0,1,NA,NA
"8417",77,3,2,1,1,1,1,NA,NA
"8418",77,108,2,1,1,1,0,NA,NA
"8419",77,118,2,1,1,1,0,NA,NA
"8420",77,94,2,1,1,1,0,NA,NA
"8421",77,71,2,1,1,1,0,NA,NA
"8422",77,107,2,1,1,0,0,NA,NA
"8423",77,2,2,1,1,0,1,NA,NA
"8424",77,61,2,1,1,1,0,NA,NA
"8425",77,97,2,1,1,1,0,NA,NA
"8426",77,85,2,1,1,0,0,NA,NA
"8427",77,6,2,1,1,0,1,NA,NA
"8428",77,19,2,1,1,0,1,NA,NA
"8429",77,82,2,1,1,1,0,NA,NA
"8430",77,48,1,1,1,1,1,NA,NA
"8431",77,117,1,1,1,0,0,NA,NA
"8432",77,55,1,1,1,1,1,NA,NA
"8433",77,37,1,1,1,1,1,NA,NA
"8434",77,72,1,1,1,0,0,NA,NA
"8435",77,58,1,1,1,1,1,NA,NA
"8436",77,27,1,1,1,1,1,NA,NA
"8437",77,1,1,1,1,0,1,NA,NA
"8438",77,95,1,1,1,0,0,NA,NA
"8439",77,111,1,1,1,0,0,NA,NA
"8440",77,16,1,1,1,1,1,NA,NA
"8441",77,14,1,1,1,1,1,NA,NA
"8442",77,12,1,1,1,1,1,NA,NA
"8443",77,106,1,1,1,0,0,NA,NA
"8444",77,92,1,1,1,0,0,NA,NA
"8445",77,83,1,1,1,1,0,NA,NA
"8446",77,103,1,1,1,0,0,NA,NA
"8447",77,25,1,1,1,1,1,NA,NA
"8448",77,89,1,1,1,1,0,NA,NA
"8449",77,114,1,1,1,0,0,NA,NA
"8450",77,77,1,1,1,0,0,NA,NA
"8451",77,7,1,1,1,1,1,NA,NA
"8452",77,64,1,1,1,1,0,NA,NA
"8453",77,41,1,1,1,1,1,NA,NA
"8454",77,10,1,1,1,1,1,NA,NA
"8455",77,100,1,1,1,1,0,NA,NA
"8456",77,49,1,1,1,0,1,NA,NA
"8457",77,98,1,1,1,1,0,NA,NA
"8458",77,11,1,1,1,1,1,NA,NA
"8459",77,36,1,1,1,1,1,NA,NA
"8460",77,73,1,1,1,0,0,NA,NA
"8461",77,44,1,1,1,1,1,NA,NA
"8462",77,42,1,1,1,1,1,NA,NA
"8463",77,87,1,1,1,1,0,NA,NA
"8464",77,50,1,1,1,1,1,NA,NA
"8465",77,70,1,1,1,0,0,NA,NA
"8466",77,91,1,1,1,1,0,NA,NA
"8467",77,66,1,1,1,0,0,NA,NA
"8468",77,47,1,1,1,1,1,NA,NA
"8469",77,24,1,1,1,1,1,NA,NA
"8470",77,96,1,1,1,1,0,NA,NA
"8471",77,101,1,1,1,0,0,NA,NA
"8472",77,22,1,1,1,1,1,NA,NA
"8473",77,32,1,1,1,1,1,NA,NA
"8474",77,67,1,1,1,0,0,NA,NA
"8475",77,90,1,1,1,1,0,NA,NA
"8476",77,5,1,1,1,0,1,NA,NA
"8477",77,51,1,1,1,1,1,NA,NA
"8478",77,8,1,1,1,1,1,NA,NA
"8479",77,78,1,1,1,1,0,NA,NA
"8480",77,17,1,1,1,1,1,NA,NA
"8481",77,29,1,1,1,1,1,NA,NA
"8482",77,9,1,1,1,0,1,NA,NA
"8483",77,110,1,1,1,0,0,NA,NA
"8484",77,113,1,1,1,1,0,NA,NA
"8485",77,99,1,1,1,0,0,NA,NA
"8486",77,60,1,1,1,0,0,NA,NA
"8487",77,104,1,1,1,0,0,NA,NA
"8488",77,34,1,1,1,1,1,NA,NA
"8489",77,62,1,1,1,0,0,NA,NA
"8490",77,54,2,1,1,1,1,NA,NA
"8491",77,112,2,1,1,1,0,NA,NA
"8492",79,44,1,1,1,0,0,NA,NA
"8493",79,49,1,1,1,1,0,NA,NA
"8494",79,41,1,1,1,0,0,NA,NA
"8495",79,116,1,1,1,1,1,NA,NA
"8496",79,57,1,1,1,1,1,NA,NA
"8497",79,20,1,1,1,1,1,NA,NA
"8498",79,9,1,1,1,0,0,NA,NA
"8499",79,59,1,1,1,0,1,NA,NA
"8500",79,11,1,1,1,1,0,NA,NA
"8501",79,38,1,1,1,1,1,NA,NA
"8502",79,56,1,1,1,1,1,NA,NA
"8503",79,25,1,1,1,1,0,NA,NA
"8504",79,26,1,1,1,0,1,NA,NA
"8505",79,14,1,1,1,1,0,NA,NA
"8506",79,54,1,1,1,1,1,NA,NA
"8507",79,28,1,1,1,0,1,NA,NA
"8508",79,1,1,1,1,0,0,NA,NA
"8509",79,15,1,1,1,1,1,NA,NA
"8510",79,2,1,1,1,1,1,NA,NA
"8511",79,58,1,1,1,1,0,NA,NA
"8512",79,40,1,1,1,1,1,NA,NA
"8513",79,19,1,1,1,1,1,NA,NA
"8514",79,34,1,1,1,1,0,NA,NA
"8515",79,16,1,1,1,0,0,NA,NA
"8516",79,32,1,1,1,1,0,NA,NA
"8517",79,33,1,1,1,0,1,NA,NA
"8518",79,5,1,1,1,1,0,NA,NA
"8519",79,47,1,1,1,1,0,NA,NA
"8520",79,31,1,1,1,1,1,NA,NA
"8521",79,6,1,1,1,0,1,NA,NA
"8522",79,10,1,1,1,1,0,NA,NA
"8523",79,23,1,1,1,1,1,NA,NA
"8524",79,51,1,1,1,0,0,NA,NA
"8525",79,17,1,1,1,1,0,NA,NA
"8526",79,36,1,1,1,1,0,NA,NA
"8527",79,50,1,1,1,1,0,NA,NA
"8528",79,55,1,1,1,0,0,NA,NA
"8529",79,39,1,1,1,1,1,NA,NA
"8530",79,8,1,1,1,1,0,NA,NA
"8531",79,24,1,1,1,1,0,NA,NA
"8532",79,45,1,1,1,1,1,NA,NA
"8533",79,22,1,1,1,1,0,NA,NA
"8534",79,4,1,1,1,0,1,NA,NA
"8535",79,42,1,1,1,0,0,NA,NA
"8536",79,13,1,1,1,1,1,NA,NA
"8537",79,29,1,1,1,0,0,NA,NA
"8538",79,53,1,1,1,1,1,NA,NA
"8539",79,27,1,1,1,1,0,NA,NA
"8540",79,37,1,1,1,0,0,NA,NA
"8541",79,46,1,1,1,1,1,NA,NA
"8542",79,3,1,1,1,0,1,NA,NA
"8543",79,30,1,1,1,1,1,NA,NA
"8544",79,7,1,1,1,0,0,NA,NA
"8545",79,52,1,1,1,0,1,NA,NA
"8546",79,48,1,1,1,0,0,NA,NA
"8547",79,21,1,1,1,1,1,NA,NA
"8548",79,18,1,1,1,1,1,NA,NA
"8549",79,113,2,1,1,0,0,NA,NA
"8550",79,62,2,1,1,1,0,NA,NA
"8551",79,93,2,1,1,0,1,NA,NA
"8552",79,100,2,1,1,1,0,NA,NA
"8553",79,110,2,1,1,0,0,NA,NA
"8554",79,102,2,1,1,0,1,NA,NA
"8555",79,73,2,1,1,0,0,NA,NA
"8556",79,107,2,1,1,1,1,NA,NA
"8557",79,99,2,1,1,1,0,NA,NA
"8558",79,72,2,1,1,0,0,NA,NA
"8559",79,114,2,1,1,1,0,NA,NA
"8560",79,91,2,1,1,1,0,NA,NA
"8561",79,81,2,1,1,1,1,NA,NA
"8562",79,96,2,1,1,0,0,NA,NA
"8563",79,65,2,1,1,1,1,NA,NA
"8564",79,103,2,1,1,1,0,NA,NA
"8565",79,64,2,1,1,0,0,NA,NA
"8566",79,117,2,1,1,0,0,NA,NA
"8567",79,98,2,1,1,1,0,NA,NA
"8568",79,87,2,1,1,0,0,NA,NA
"8569",79,77,2,1,1,1,0,NA,NA
"8570",79,83,2,1,1,1,0,NA,NA
"8571",79,84,2,1,1,1,1,NA,NA
"8572",79,63,2,1,1,1,1,NA,NA
"8573",79,101,2,1,1,1,0,NA,NA
"8574",79,92,2,1,1,0,0,NA,NA
"8575",79,68,2,1,1,0,1,NA,NA
"8576",79,89,2,1,1,0,0,NA,NA
"8577",79,67,2,1,1,0,0,NA,NA
"8578",79,69,2,1,1,1,1,NA,NA
"8579",79,119,2,1,1,1,1,NA,NA
"8580",79,74,2,1,1,0,1,NA,NA
"8581",79,66,2,1,1,0,0,NA,NA
"8582",79,106,2,1,1,1,0,NA,NA
"8583",79,61,2,1,1,1,1,NA,NA
"8584",79,90,2,1,1,1,0,NA,NA
"8585",79,79,2,1,1,0,1,NA,NA
"8586",79,115,2,1,1,1,1,NA,NA
"8587",79,94,2,1,1,1,1,NA,NA
"8588",79,120,2,1,1,0,1,NA,NA
"8589",79,111,2,1,1,1,0,NA,NA
"8590",79,80,2,1,1,0,1,NA,NA
"8591",79,104,2,1,1,1,0,NA,NA
"8592",79,88,2,1,1,1,1,NA,NA
"8593",79,97,2,1,1,1,1,NA,NA
"8594",79,105,2,1,1,0,1,NA,NA
"8595",79,78,2,1,1,1,0,NA,NA
"8596",79,76,2,1,1,1,1,NA,NA
"8597",79,86,2,1,1,0,1,NA,NA
"8598",79,70,2,1,1,1,0,NA,NA
"8599",79,60,2,1,1,0,0,NA,NA
"8600",79,95,2,1,1,0,0,NA,NA
"8601",79,75,2,1,1,1,1,NA,NA
"8602",79,118,2,1,1,0,1,NA,NA
"8603",79,108,2,1,1,0,1,NA,NA
"8604",79,82,2,1,1,0,1,NA,NA
"8605",79,85,2,1,1,0,1,NA,NA
"8606",79,71,2,1,1,1,1,NA,NA
"8607",79,112,2,1,1,0,1,NA,NA
"8608",79,12,1,1,1,1,0,NA,NA
"8609",79,35,1,1,1,0,1,NA,NA
"8610",79,43,1,1,1,1,1,NA,NA
"8611",80,110,2,1,1,0,1,NA,NA
"8612",80,60,2,1,1,1,1,NA,NA
"8613",80,83,2,1,1,0,1,NA,NA
"8614",80,94,2,1,1,0,0,NA,NA
"8615",80,119,2,1,1,1,0,NA,NA
"8616",80,114,2,1,1,1,1,NA,NA
"8617",80,68,2,1,1,1,0,NA,NA
"8618",80,107,2,1,1,0,0,NA,NA
"8619",80,118,2,1,1,0,0,NA,NA
"8620",80,97,2,1,1,0,0,NA,NA
"8621",80,117,2,1,1,0,1,NA,NA
"8622",80,77,2,1,1,1,1,NA,NA
"8623",80,106,2,1,1,1,1,NA,NA
"8624",80,104,2,1,1,0,1,NA,NA
"8625",80,64,2,1,1,1,1,NA,NA
"8626",80,111,2,1,1,1,1,NA,NA
"8627",80,90,2,1,1,0,1,NA,NA
"8628",80,109,2,1,1,0,0,NA,NA
"8629",80,91,2,1,1,1,1,NA,NA
"8630",80,103,2,1,1,0,1,NA,NA
"8631",80,61,2,1,1,1,0,NA,NA
"8632",80,115,2,1,1,1,0,NA,NA
"8633",80,70,2,1,1,1,1,NA,NA
"8634",80,82,2,1,1,1,0,NA,NA
"8635",80,67,2,1,1,1,1,NA,NA
"8636",80,95,2,1,1,0,1,NA,NA
"8637",80,105,2,1,1,1,0,NA,NA
"8638",80,62,2,1,1,1,1,NA,NA
"8639",80,81,2,1,1,1,0,NA,NA
"8640",80,102,2,1,1,1,0,NA,NA
"8641",80,108,2,1,1,1,0,NA,NA
"8642",80,100,2,1,1,1,1,NA,NA
"8643",80,120,2,1,1,1,0,NA,NA
"8644",80,85,2,1,1,0,0,NA,NA
"8645",80,69,2,1,1,1,0,NA,NA
"8646",80,84,2,1,1,1,0,NA,NA
"8647",80,96,2,1,1,1,1,NA,NA
"8648",80,99,2,1,1,1,1,NA,NA
"8649",80,74,2,1,1,1,0,NA,NA
"8650",80,98,2,1,1,1,1,NA,NA
"8651",80,63,2,1,1,1,0,NA,NA
"8652",80,89,2,1,1,1,1,NA,NA
"8653",80,65,2,1,1,1,0,NA,NA
"8654",80,71,2,1,1,1,0,NA,NA
"8655",80,73,2,1,1,1,1,NA,NA
"8656",80,78,2,1,1,0,1,NA,NA
"8657",80,72,2,1,1,1,1,NA,NA
"8658",80,112,2,1,1,0,0,NA,NA
"8659",80,80,2,1,1,0,0,NA,NA
"8660",80,101,2,1,1,1,1,NA,NA
"8661",80,76,2,1,1,1,0,NA,NA
"8662",80,86,2,1,1,0,0,NA,NA
"8663",80,66,2,1,1,1,1,NA,NA
"8664",80,88,2,1,1,1,0,NA,NA
"8665",80,92,2,1,1,1,1,NA,NA
"8666",80,87,2,1,1,1,1,NA,NA
"8667",80,75,2,1,1,1,0,NA,NA
"8668",80,113,2,1,1,1,1,NA,NA
"8669",80,93,2,1,1,0,0,NA,NA
"8670",80,79,2,1,1,1,0,NA,NA
"8671",80,28,1,1,1,1,1,NA,NA
"8672",80,13,1,1,1,1,1,NA,NA
"8673",80,38,1,1,1,1,1,NA,NA
"8674",80,23,1,1,1,0,1,NA,NA
"8675",80,18,1,1,1,0,1,NA,NA
"8676",80,37,1,1,1,0,0,NA,NA
"8677",80,32,1,1,1,0,0,NA,NA
"8678",80,45,1,1,1,0,1,NA,NA
"8679",80,2,1,1,1,1,1,NA,NA
"8680",80,20,1,1,1,1,1,NA,NA
"8681",80,42,1,1,1,1,0,NA,NA
"8682",80,53,1,1,1,1,1,NA,NA
"8683",80,58,1,1,1,0,0,NA,NA
"8684",80,12,1,1,1,1,0,NA,NA
"8685",80,44,1,1,1,1,0,NA,NA
"8686",80,4,1,1,1,1,1,NA,NA
"8687",80,22,1,1,1,1,0,NA,NA
"8688",80,30,1,1,1,1,1,NA,NA
"8689",80,116,1,1,1,1,1,NA,NA
"8690",80,49,1,1,1,1,0,NA,NA
"8691",80,59,1,1,1,1,1,NA,NA
"8692",80,26,1,1,1,1,1,NA,NA
"8693",80,41,1,1,1,0,0,NA,NA
"8694",80,39,1,1,1,1,1,NA,NA
"8695",80,35,1,1,1,1,1,NA,NA
"8696",80,29,1,1,1,1,0,NA,NA
"8697",80,56,1,1,1,1,1,NA,NA
"8698",80,1,1,1,1,1,0,NA,NA
"8699",80,27,1,1,1,1,0,NA,NA
"8700",80,52,1,1,1,1,1,NA,NA
"8701",80,10,1,1,1,1,0,NA,NA
"8702",80,47,1,1,1,1,0,NA,NA
"8703",80,36,1,1,1,1,0,NA,NA
"8704",80,31,1,1,1,1,1,NA,NA
"8705",80,40,1,1,1,1,1,NA,NA
"8706",80,3,1,1,1,1,1,NA,NA
"8707",80,46,1,1,1,1,1,NA,NA
"8708",80,8,1,1,1,1,0,NA,NA
"8709",80,7,1,1,1,1,0,NA,NA
"8710",80,43,1,1,1,1,1,NA,NA
"8711",80,17,1,1,1,1,0,NA,NA
"8712",80,51,1,1,1,0,0,NA,NA
"8713",80,50,1,1,1,1,0,NA,NA
"8714",80,11,1,1,1,1,0,NA,NA
"8715",80,14,1,1,1,1,0,NA,NA
"8716",80,6,1,1,1,1,1,NA,NA
"8717",80,34,1,1,1,1,0,NA,NA
"8718",80,54,1,1,1,1,1,NA,NA
"8719",80,24,1,1,1,1,0,NA,NA
"8720",80,5,1,1,1,1,0,NA,NA
"8721",80,33,1,1,1,1,1,NA,NA
"8722",80,57,1,1,1,1,1,NA,NA
"8723",80,21,1,1,1,1,1,NA,NA
"8724",80,25,1,1,1,1,0,NA,NA
"8725",80,9,1,1,1,0,0,NA,NA
"8726",80,48,1,1,1,1,0,NA,NA
"8727",80,16,1,1,1,1,0,NA,NA
"8728",80,19,1,1,1,0,1,NA,NA
"8729",80,55,1,1,1,0,0,NA,NA
"8730",80,15,1,1,1,0,1,NA,NA
"8731",81,88,1,1,1,1,0,NA,NA
"8732",81,38,1,1,1,1,1,NA,NA
"8733",81,69,1,1,1,1,0,NA,NA
"8734",81,102,1,1,1,1,0,NA,NA
"8735",81,19,1,1,1,0,1,NA,NA
"8736",81,26,1,1,1,0,1,NA,NA
"8737",81,20,1,1,1,1,1,NA,NA
"8738",81,79,1,1,1,0,0,NA,NA
"8739",81,31,1,1,1,1,1,NA,NA
"8740",81,4,1,1,1,0,1,NA,NA
"8741",81,105,1,1,1,0,0,NA,NA
"8742",81,3,1,1,1,1,1,NA,NA
"8743",81,46,1,1,1,1,1,NA,NA
"8744",81,84,1,1,1,1,0,NA,NA
"8745",81,18,1,1,1,1,1,NA,NA
"8746",81,108,1,1,1,1,0,NA,NA
"8747",81,80,1,1,1,0,0,NA,NA
"8748",81,53,1,1,1,1,1,NA,NA
"8749",81,13,1,1,1,1,1,NA,NA
"8750",81,21,1,1,1,1,1,NA,NA
"8751",81,118,1,1,1,0,0,NA,NA
"8752",81,6,1,1,1,0,1,NA,NA
"8753",81,115,1,1,1,1,0,NA,NA
"8754",81,112,1,1,1,0,0,NA,NA
"8755",81,57,1,1,1,1,1,NA,NA
"8756",81,63,1,1,1,1,0,NA,NA
"8757",81,120,1,1,1,0,0,NA,NA
"8758",81,107,1,1,1,1,0,NA,NA
"8759",81,75,1,1,1,0,0,NA,NA
"8760",81,40,1,1,1,1,1,NA,NA
"8761",81,85,1,1,1,0,0,NA,NA
"8762",81,45,1,1,1,0,1,NA,NA
"8763",81,35,1,1,1,1,1,NA,NA
"8764",81,30,1,1,1,1,1,NA,NA
"8765",81,71,1,1,1,0,0,NA,NA
"8766",81,56,1,1,1,1,1,NA,NA
"8767",81,39,1,1,1,1,1,NA,NA
"8768",81,116,1,1,1,1,1,NA,NA
"8769",81,2,1,1,1,1,1,NA,NA
"8770",81,61,1,1,1,0,0,NA,NA
"8771",81,59,1,1,1,1,1,NA,NA
"8772",81,109,1,1,1,0,0,NA,NA
"8773",81,81,1,1,1,0,0,NA,NA
"8774",81,97,1,1,1,0,0,NA,NA
"8775",81,93,1,1,1,0,0,NA,NA
"8776",81,94,1,1,1,0,0,NA,NA
"8777",81,43,1,1,1,1,1,NA,NA
"8778",81,74,1,1,1,1,0,NA,NA
"8779",81,15,1,1,1,1,1,NA,NA
"8780",81,33,1,1,1,1,1,NA,NA
"8781",81,65,1,1,1,0,0,NA,NA
"8782",81,82,1,1,1,0,0,NA,NA
"8783",81,86,1,1,1,0,0,NA,NA
"8784",81,68,1,1,1,0,0,NA,NA
"8785",81,52,1,1,1,1,1,NA,NA
"8786",81,76,1,1,1,1,0,NA,NA
"8787",81,119,1,1,1,0,0,NA,NA
"8788",81,54,1,1,1,1,1,NA,NA
"8789",81,28,1,1,1,0,1,NA,NA
"8790",81,23,1,1,1,1,1,NA,NA
"8791",81,17,2,1,1,0,1,NA,NA
"8792",81,8,2,1,1,1,1,NA,NA
"8793",81,27,2,1,1,0,1,NA,NA
"8794",81,83,2,1,1,0,0,NA,NA
"8795",81,89,2,1,1,1,0,NA,NA
"8796",81,60,2,1,1,0,0,NA,NA
"8797",81,44,2,1,1,1,1,NA,NA
"8798",81,5,2,1,1,0,1,NA,NA
"8799",81,1,2,1,1,0,1,NA,NA
"8800",81,70,2,1,1,0,0,NA,NA
"8801",81,24,2,1,1,1,1,NA,NA
"8802",81,37,2,1,1,1,1,NA,NA
"8803",81,11,2,1,1,0,1,NA,NA
"8804",81,73,2,1,1,1,0,NA,NA
"8805",81,113,2,1,1,1,0,NA,NA
"8806",81,72,2,1,1,0,0,NA,NA
"8807",81,10,2,1,1,0,1,NA,NA
"8808",81,16,2,1,1,0,1,NA,NA
"8809",81,77,2,1,1,0,0,NA,NA
"8810",81,111,2,1,1,1,0,NA,NA
"8811",81,12,2,1,1,1,1,NA,NA
"8812",81,64,2,1,1,1,0,NA,NA
"8813",81,58,2,1,1,0,1,NA,NA
"8814",81,9,2,1,1,0,1,NA,NA
"8815",81,98,2,1,1,0,0,NA,NA
"8816",81,78,2,1,1,0,0,NA,NA
"8817",81,96,2,1,1,1,0,NA,NA
"8818",81,99,2,1,1,1,0,NA,NA
"8819",81,32,2,1,1,1,1,NA,NA
"8820",81,95,2,1,1,0,0,NA,NA
"8821",81,29,2,1,1,0,1,NA,NA
"8822",81,50,2,1,1,1,1,NA,NA
"8823",81,114,2,1,1,0,0,NA,NA
"8824",81,103,2,1,1,1,0,NA,NA
"8825",81,67,2,1,1,1,0,NA,NA
"8826",81,34,2,1,1,0,1,NA,NA
"8827",81,42,2,1,1,1,1,NA,NA
"8828",81,48,2,1,1,1,1,NA,NA
"8829",81,36,2,1,1,0,1,NA,NA
"8830",81,117,2,1,1,0,0,NA,NA
"8831",81,100,2,1,1,1,0,NA,NA
"8832",81,66,2,1,1,1,0,NA,NA
"8833",81,25,2,1,1,1,1,NA,NA
"8834",81,92,2,1,1,0,0,NA,NA
"8835",81,49,2,1,1,1,1,NA,NA
"8836",81,55,2,1,1,1,1,NA,NA
"8837",81,87,2,1,1,0,0,NA,NA
"8838",81,41,2,1,1,0,1,NA,NA
"8839",81,101,2,1,1,0,0,NA,NA
"8840",81,62,2,1,1,1,0,NA,NA
"8841",81,22,2,1,1,0,1,NA,NA
"8842",81,91,2,1,1,0,0,NA,NA
"8843",81,106,2,1,1,1,0,NA,NA
"8844",81,110,2,1,1,0,0,NA,NA
"8845",81,51,2,1,1,1,1,NA,NA
"8846",81,90,2,1,1,0,0,NA,NA
"8847",81,7,2,1,1,0,1,NA,NA
"8848",81,47,2,1,1,1,1,NA,NA
"8849",81,104,2,1,1,1,0,NA,NA
"8850",81,14,2,1,1,1,1,NA,NA
