"","subject","statement_identifier","procedure_identifier","within_identifier","between_identifier","response","repeated","rt","confidence","trial"
"1",1,316,1,2,1,0,0,1.838,2,NA
"2",1,309,1,2,1,1,0,1.192,2,NA
"3",1,121,1,0,1,1,1,0.67,3,NA
"4",1,317,1,1,1,1,0,0.909,4,NA
"5",1,328,1,0,1,1,0,0.896,2,NA
"6",1,324,1,2,1,0,0,1.672,2,NA
"7",1,103,1,1,1,0,1,0.567,4,NA
"8",1,311,1,1,1,0,0,0.917,3,NA
"9",1,122,1,2,1,0,1,0.865,3,NA
"10",1,314,1,0,1,0,0,0.429,5,NA
"11",1,319,1,0,1,0,0,0.505,3,NA
"12",1,326,1,0,1,1,0,0.936,3,NA
"13",1,101,1,1,1,0,1,0.504,3,NA
"14",1,115,1,0,1,0,1,0.601,4,NA
"15",1,114,1,0,1,1,1,0.46,3,NA
"16",1,106,1,0,1,1,1,0.472,4,NA
"17",1,312,1,2,1,0,0,0.651,3,NA
"18",1,110,1,2,1,0,1,1.232,5,NA
"19",1,322,1,0,1,0,0,1.383,3,NA
"20",1,119,1,1,1,0,1,0.398,2,NA
"21",1,302,1,2,1,1,0,0.704,4,NA
"22",1,102,1,2,1,0,1,0.767,4,NA
"23",1,116,1,2,1,0,1,0.812,3,NA
"24",1,130,1,1,1,1,1,1.507,4,NA
"25",1,307,1,1,1,1,0,0.813,4,NA
"26",1,113,1,2,1,1,1,0.572,4,NA
"27",1,318,1,1,1,0,0,0.604,6,NA
"28",1,109,1,1,1,0,1,0.95,3,NA
"29",1,315,1,1,1,0,0,0.817,2,NA
"30",1,111,1,0,1,1,1,0.833,6,NA
"31",1,108,1,0,1,1,1,0.843,6,NA
"32",1,128,1,0,1,1,1,0.627,4,NA
"33",1,313,1,0,1,1,0,0.863,4,NA
"34",1,120,1,2,1,1,1,1.509,4,NA
"35",1,330,1,1,1,1,0,1.048,4,NA
"36",1,126,1,1,1,1,1,0.457,3,NA
"37",1,325,1,2,1,1,0,0.548,5,NA
"38",1,321,1,2,1,0,0,0.686,3,NA
"39",1,323,1,2,1,0,0,1.26,3,NA
"40",1,112,1,1,1,0,1,0.531,3,NA
"41",1,301,1,1,1,1,0,0.259,4,NA
"42",1,123,1,1,1,1,1,0.454,3,NA
"43",1,329,1,0,1,0,0,0.43,3,NA
"44",1,310,1,2,1,0,0,1.17,3,NA
"45",1,304,1,0,1,0,0,0.593,4,NA
"46",1,306,1,1,1,0,0,1.075,4,NA
"47",1,305,1,0,1,0,0,0.42,4,NA
"48",1,308,1,2,1,1,0,0.883,4,NA
"49",1,117,1,2,1,1,1,0.754,4,NA
"50",1,125,1,0,1,1,1,0.426,3,NA
"51",1,118,1,0,1,1,1,0.608,4,NA
"52",1,104,1,2,1,1,1,0.347,5,NA
"53",1,127,1,2,1,1,1,1.058,3,NA
"54",1,303,1,1,1,1,0,0.781,3,NA
"55",1,124,1,0,1,1,1,0.679,3,NA
"56",1,320,1,1,1,0,0,0.717,2,NA
"57",1,105,1,2,1,1,1,0.478,5,NA
"58",1,129,1,1,1,1,1,0.484,5,NA
"59",1,107,1,1,1,0,1,0.627,3,NA
"60",1,327,1,0,1,1,0,1.025,5,NA
"61",1,218,2,2,1,0,1,0.896,4,NA
"62",1,224,2,2,1,0,1,0.743,3,NA
"63",1,405,2,0,1,1,0,0.546,4,NA
"64",1,402,2,1,1,0,0,0.54,3,NA
"65",1,425,2,1,1,1,0,0.476,3,NA
"66",1,426,2,1,1,0,0,0.58,3,NA
"67",1,401,2,0,1,0,0,0.531,3,NA
"68",1,209,2,1,1,1,1,0.667,4,NA
"69",1,214,2,0,1,1,1,0.324,5,NA
"70",1,407,2,2,1,0,0,0.42,3,NA
"71",1,212,2,2,1,0,1,0.385,3,NA
"72",1,226,2,1,1,1,1,0.658,3,NA
"73",1,430,2,2,1,1,0,0.966,4,NA
"74",1,225,2,1,1,0,1,0.435,3,NA
"75",1,215,2,2,1,0,1,0.35,4,NA
"76",1,227,2,0,1,0,1,0.419,5,NA
"77",1,202,2,1,1,1,1,0.43,4,NA
"78",1,412,2,0,1,0,0,0.425,4,NA
"79",1,205,2,1,1,0,1,0.333,5,NA
"80",1,427,2,2,1,1,0,0.592,4,NA
"81",1,403,2,2,1,1,0,0.442,3,NA
"82",1,421,2,0,1,1,0,0.582,4,NA
"83",1,223,2,0,1,1,1,0.42,5,NA
"84",1,204,2,0,1,1,1,0.388,6,NA
"85",1,424,2,1,1,0,0,0.465,5,NA
"86",1,217,2,2,1,1,1,0.447,3,NA
"87",1,411,2,1,1,1,0,0.341,4,NA
"88",1,422,2,0,1,1,0,0.493,4,NA
"89",1,208,2,0,1,1,1,0.514,4,NA
"90",1,418,2,2,1,0,0,0.501,4,NA
"91",1,219,2,0,1,0,1,0.749,3,NA
"92",1,222,2,1,1,1,1,0.463,4,NA
"93",1,230,2,1,1,0,1,0.893,3,NA
"94",1,413,2,1,1,1,0,0.512,4,NA
"95",1,423,2,0,1,0,0,0.366,3,NA
"96",1,228,2,2,1,1,1,0.456,5,NA
"97",1,410,2,1,1,0,0,0.557,4,NA
"98",1,404,2,2,1,1,0,1.108,4,NA
"99",1,207,2,2,1,0,1,0.761,3,NA
"100",1,221,2,0,1,0,1,0.434,4,NA
"101",1,216,2,0,1,1,1,0.389,3,NA
"102",1,428,2,0,1,1,0,0.342,4,NA
"103",1,415,2,2,1,1,0,0.741,5,NA
"104",1,408,2,2,1,1,0,0.855,3,NA
"105",1,229,2,1,1,0,1,0.689,4,NA
"106",1,419,2,0,1,1,0,0.657,4,NA
"107",1,416,2,0,1,0,0,0.487,3,NA
"108",1,220,2,2,1,1,1,0.6,2,NA
"109",1,213,2,2,1,0,1,0.642,4,NA
"110",1,414,2,1,1,0,0,0.364,2,NA
"111",1,417,2,0,1,1,0,0.566,2,NA
"112",1,210,2,0,1,1,1,0.43,2,NA
"113",1,211,2,1,1,1,1,0.442,3,NA
"114",1,201,2,2,1,1,1,0.498,4,NA
"115",1,406,2,2,1,1,0,0.536,4,NA
"116",1,429,2,1,1,0,0,0.6,3,NA
"117",1,409,2,2,1,1,0,0.414,5,NA
"118",1,420,2,1,1,1,0,1.038,3,NA
"119",1,203,2,0,1,1,1,0.369,4,NA
"120",1,206,2,1,1,1,1,0.395,2,NA
"121",10,427,1,1,1,1,0,0.307,2,NA
"122",10,406,1,0,1,1,0,2.334,1,NA
"123",10,125,1,2,1,0,1,2.747,6,NA
"124",10,124,1,1,1,1,1,0.584,3,NA
"125",10,105,1,2,1,0,1,1.731,1,NA
"126",10,108,1,1,1,0,1,1.532,2,NA
"127",10,110,1,1,1,1,1,0.359,4,NA
"128",10,426,1,2,1,0,0,0.542,5,NA
"129",10,430,1,2,1,0,0,1.301,2,NA
"130",10,129,1,2,1,0,1,0.69,3,NA
"131",10,127,1,0,1,0,1,0.808,4,NA
"132",10,112,1,0,1,1,1,1.409,3,NA
"133",10,102,1,0,1,1,1,1.089,3,NA
"134",10,413,1,2,1,1,0,0.68,5,NA
"135",10,402,1,0,1,0,0,1.776,1,NA
"136",10,113,1,1,1,1,1,0.646,6,NA
"137",10,115,1,2,1,1,1,1.124,2,NA
"138",10,114,1,1,1,1,1,1.844,1,NA
"139",10,111,1,0,1,0,1,1.496,1,NA
"140",10,101,1,2,1,0,1,0.487,5,NA
"141",10,417,1,1,1,1,0,1.064,4,NA
"142",10,423,1,0,1,1,0,0.714,2,NA
"143",10,418,1,2,1,0,0,1.03,1,NA
"144",10,411,1,1,1,1,0,1.048,1,NA
"145",10,421,1,0,1,0,0,0.999,3,NA
"146",10,412,1,0,1,0,0,0.429,3,NA
"147",10,420,1,1,1,0,0,2.386,1,NA
"148",10,424,1,2,1,0,0,0.647,6,NA
"149",10,107,1,0,1,1,1,0.967,1,NA
"150",10,425,1,1,1,0,0,0.568,1,NA
"151",10,414,1,2,1,1,0,0.917,1,NA
"152",10,405,1,1,1,1,0,0.904,2,NA
"153",10,122,1,0,1,1,1,0.602,3,NA
"154",10,121,1,2,1,1,1,0.856,1,NA
"155",10,128,1,0,1,0,1,0.308,5,NA
"156",10,429,1,0,1,0,0,0.583,6,NA
"157",10,109,1,0,1,0,1,0.683,3,NA
"158",10,103,1,1,1,1,1,0.869,3,NA
"159",10,119,1,1,1,1,1,0.365,3,NA
"160",10,130,1,0,1,0,1,1.128,5,NA
"161",10,408,1,2,1,1,0,0.754,3,NA
"162",10,419,1,0,1,1,0,1.865,2,NA
"163",10,116,1,0,1,1,1,0.621,2,NA
"164",10,415,1,0,1,1,0,1.667,2,NA
"165",10,422,1,2,1,1,0,0.966,1,NA
"166",10,126,1,2,1,1,1,0.643,1,NA
"167",10,120,1,1,1,1,1,1.135,1,NA
"168",10,409,1,2,1,1,0,1.312,2,NA
"169",10,410,1,1,1,0,0,1.716,1,NA
"170",10,401,1,0,1,1,0,1.246,1,NA
"171",10,106,1,2,1,1,1,0.513,1,NA
"172",10,123,1,1,1,1,1,0.513,4,NA
"173",10,403,1,2,1,0,0,1.471,2,NA
"174",10,404,1,1,1,1,0,0.981,1,NA
"175",10,407,1,1,1,0,0,0.696,2,NA
"176",10,104,1,2,1,0,1,1.083,2,NA
"177",10,117,1,2,1,1,1,3.258,1,NA
"178",10,416,1,1,1,0,0,3.906,1,NA
"179",10,118,1,1,1,0,1,0.042,2,NA
"180",10,428,1,0,1,0,0,1.305,1,NA
"181",10,307,2,2,1,0,1,1.554,5,NA
"182",10,217,2,0,1,1,0,1.08,1,NA
"183",10,230,2,1,1,1,0,1.368,1,NA
"184",10,219,2,2,1,1,0,0.825,2,NA
"185",10,224,2,1,1,1,0,2.003,2,NA
"186",10,301,2,1,1,1,1,0.413,4,NA
"187",10,226,2,2,1,1,0,1.038,3,NA
"188",10,303,2,2,1,1,1,0.83,1,NA
"189",10,327,2,0,1,0,1,0.517,2,NA
"190",10,206,2,0,1,0,0,0.78,1,NA
"191",10,208,2,2,1,1,0,0.601,1,NA
"192",10,209,2,1,1,1,0,0.519,1,NA
"193",10,308,2,1,1,1,1,0.582,2,NA
"194",10,204,2,0,1,1,0,0.591,3,NA
"195",10,225,2,2,1,0,0,0.703,2,NA
"196",10,304,2,2,1,1,1,0.771,2,NA
"197",10,227,2,0,1,1,0,1.852,1,NA
"198",10,322,2,1,1,0,1,0.884,1,NA
"199",10,221,2,0,1,1,0,2.112,1,NA
"200",10,320,2,1,1,1,1,0.403,3,NA
"201",10,321,2,2,1,1,1,1.239,2,NA
"202",10,309,2,2,1,1,1,0.901,3,NA
"203",10,311,2,0,1,1,1,0.466,2,NA
"204",10,314,2,0,1,1,1,0.299,1,NA
"205",10,220,2,2,1,0,0,0.865,5,NA
"206",10,212,2,1,1,0,0,0.541,1,NA
"207",10,228,2,1,1,0,0,1.228,2,NA
"208",10,318,2,1,1,0,1,0.705,1,NA
"209",10,316,2,0,1,0,1,0.226,6,NA
"210",10,330,2,0,1,0,1,0.514,1,NA
"211",10,214,2,0,1,1,0,1.394,1,NA
"212",10,229,2,1,1,0,0,1.532,3,NA
"213",10,326,2,0,1,1,1,0.592,2,NA
"214",10,202,2,0,1,0,0,0.915,1,NA
"215",10,323,2,2,1,1,1,0.64,3,NA
"216",10,315,2,0,1,1,1,0.783,2,NA
"217",10,305,2,1,1,0,1,0.602,3,NA
"218",10,215,2,2,1,0,0,0.688,1,NA
"219",10,310,2,0,1,0,1,0.256,1,NA
"220",10,213,2,1,1,0,0,1.742,1,NA
"221",10,324,2,2,1,0,1,0.958,2,NA
"222",10,222,2,0,1,1,0,0.555,2,NA
"223",10,302,2,1,1,0,1,0.679,2,NA
"224",10,313,2,0,1,1,1,1.509,2,NA
"225",10,203,2,2,1,1,0,0.331,3,NA
"226",10,201,2,1,1,0,0,0.496,5,NA
"227",10,205,2,0,1,0,0,1.615,4,NA
"228",10,207,2,0,1,0,0,1.025,3,NA
"229",10,317,2,2,1,0,1,1.62,1,NA
"230",10,216,2,1,1,1,0,1.044,1,NA
"231",10,223,2,2,1,1,0,2.439,1,NA
"232",10,319,2,1,1,1,1,0.38,3,NA
"233",10,211,2,2,1,1,0,0.418,2,NA
"234",10,306,2,0,1,0,1,1.876,1,NA
"235",10,218,2,2,1,1,0,1.219,1,NA
"236",10,328,2,1,1,1,1,0.644,2,NA
"237",10,210,2,1,1,0,0,0.636,1,NA
"238",10,329,2,1,1,0,1,0.966,1,NA
"239",10,312,2,2,1,1,1,0.383,3,NA
"240",10,325,2,2,1,1,1,1.095,2,NA
"241",100,421,1,2,1,0,1,3.951,3,NA
"242",100,213,1,0,1,0,0,1.867,3,NA
"243",100,409,1,0,1,0,1,1.496,3,NA
"244",100,229,1,0,1,0,0,2.843,3,NA
"245",100,404,1,2,1,0,1,1.192,3,NA
"246",100,216,1,0,1,0,0,1.072,3,NA
"247",100,226,1,1,1,1,0,2.926,3,NA
"248",100,408,1,2,1,1,1,3.01,4,NA
"249",100,202,1,2,1,0,0,0.818,3,NA
"250",100,222,1,2,1,0,0,0.769,3,NA
"251",100,423,1,0,1,0,1,1.461,3,NA
"252",100,426,1,0,1,0,1,0.794,3,NA
"253",100,227,1,0,1,0,0,0.415,3,NA
"254",100,411,1,2,1,0,1,0.307,3,NA
"255",100,412,1,1,1,1,1,0.723,3,NA
"256",100,225,1,1,1,0,0,0.438,3,NA
"257",100,406,1,1,1,1,1,0.619,6,NA
"258",100,424,1,1,1,0,1,0.452,6,NA
"259",100,410,1,2,1,1,1,1.872,6,NA
"260",100,211,1,0,1,0,0,0.794,3,NA
"261",100,205,1,1,1,0,0,0.381,3,NA
"262",100,208,1,2,1,0,0,0.511,3,NA
"263",100,218,1,2,1,0,0,1.442,3,NA
"264",100,413,1,0,1,0,1,0.338,6,NA
"265",100,427,1,1,1,0,1,2.355,3,NA
"266",100,210,1,1,1,0,0,0.669,3,NA
"267",100,415,1,1,1,1,1,0.989,5,NA
"268",100,230,1,2,1,0,0,0.611,3,NA
"269",100,418,1,0,1,0,1,0.461,3,NA
"270",100,206,1,1,1,0,0,0.937,3,NA
"271",100,215,1,2,1,1,0,0.635,5,NA
"272",100,403,1,2,1,0,1,0.429,5,NA
"273",100,221,1,1,1,0,0,0.332,4,NA
"274",100,407,1,1,1,1,1,0.522,5,NA
"275",100,204,1,2,1,0,0,0.413,4,NA
"276",100,212,1,1,1,0,0,0.427,5,NA
"277",100,217,1,0,1,0,0,0.65,4,NA
"278",100,203,1,0,1,0,0,0.669,4,NA
"279",100,417,1,0,1,0,1,0.885,5,NA
"280",100,219,1,0,1,0,0,0.46,2,NA
"281",100,402,1,0,1,1,1,0.528,5,NA
"282",100,422,1,0,1,0,1,1.165,5,NA
"283",100,425,1,2,1,0,1,0.608,3,NA
"284",100,223,1,1,1,0,0,0.539,4,NA
"285",100,214,1,2,1,0,0,0.518,5,NA
"286",100,228,1,1,1,1,0,1.744,4,NA
"287",100,224,1,1,1,0,0,0.343,5,NA
"288",100,207,1,0,1,0,0,1.103,5,NA
"289",100,429,1,1,1,1,1,0.477,6,NA
"290",100,220,1,2,1,0,0,1.183,3,NA
"291",100,405,1,0,1,0,1,1.328,3,NA
"292",100,201,1,0,1,0,0,0.36,3,NA
"293",100,420,1,2,1,1,1,0.459,6,NA
"294",100,209,1,2,1,0,0,1.014,4,NA
"295",100,416,1,1,1,0,1,0.513,6,NA
"296",100,401,1,2,1,1,1,0.377,6,NA
"297",100,428,1,2,1,1,1,0.563,6,NA
"298",100,414,1,1,1,0,1,2.257,5,NA
"299",100,430,1,0,1,0,1,0.786,4,NA
"300",100,419,1,1,1,0,1,0.395,4,NA
"301",100,327,2,0,1,0,0,2.421,3,NA
"302",100,130,2,2,1,1,1,3.942,5,NA
"303",100,323,2,2,1,1,0,0.736,4,NA
"304",100,320,2,2,1,1,0,0.442,5,NA
"305",100,305,2,2,1,0,0,1.614,3,NA
"306",100,306,2,0,1,1,0,1.422,4,NA
"307",100,312,2,1,1,1,0,0.34,5,NA
"308",100,115,2,1,1,1,1,0.417,5,NA
"309",100,123,2,2,1,1,1,0.397,5,NA
"310",100,330,2,0,1,0,0,1.063,3,NA
"311",100,108,2,1,1,1,1,0.742,2,NA
"312",100,325,2,2,1,1,0,1.2,4,NA
"313",100,103,2,0,1,1,1,2.753,6,NA
"314",100,321,2,1,1,1,0,0.933,3,NA
"315",100,114,2,0,1,0,1,0.738,2,NA
"316",100,116,2,2,1,0,1,1.543,3,NA
"317",100,121,2,2,1,0,1,0.78,3,NA
"318",100,113,2,0,1,1,1,0.538,3,NA
"319",100,329,2,1,1,0,0,0.872,3,NA
"320",100,129,2,0,1,1,1,1.093,4,NA
"321",100,315,2,0,1,0,0,0.557,3,NA
"322",100,118,2,2,1,1,1,0.813,2,NA
"323",100,102,2,1,1,1,1,3.427,3,NA
"324",100,125,2,1,1,1,1,2.345,3,NA
"325",100,104,2,1,1,1,1,0.336,3,NA
"326",100,303,2,2,1,1,0,1.611,5,NA
"327",100,314,2,0,1,0,0,0.738,5,NA
"328",100,318,2,1,1,1,0,0.336,5,NA
"329",100,313,2,1,1,1,0,2.595,5,NA
"330",100,122,2,0,1,1,1,0.677,4,NA
"331",100,112,2,1,1,1,1,1.52,2,NA
"332",100,317,2,0,1,0,0,0.574,2,NA
"333",100,120,2,2,1,0,1,2.324,2,NA
"334",100,322,2,1,1,1,0,0.873,5,NA
"335",100,106,2,0,1,1,1,0.51,5,NA
"336",100,101,2,1,1,0,1,4.476,2,NA
"337",100,309,2,2,1,1,0,0.73,5,NA
"338",100,110,2,2,1,1,1,0.595,4,NA
"339",100,127,2,1,1,1,1,0.562,4,NA
"340",100,111,2,1,1,1,1,1.501,5,NA
"341",100,105,2,0,1,0,1,0.333,2,NA
"342",100,124,2,2,1,0,1,2.375,1,NA
"343",100,316,2,2,1,1,0,0.354,4,NA
"344",100,107,2,0,1,1,1,0.502,2,NA
"345",100,302,2,0,1,1,0,0.366,3,NA
"346",100,301,2,2,1,0,0,1.404,2,NA
"347",100,311,2,1,1,1,0,1.241,4,NA
"348",100,308,2,0,1,0,0,0.516,3,NA
"349",100,310,2,1,1,1,0,0.592,3,NA
"350",100,307,2,1,1,0,0,0.342,3,NA
"351",100,326,2,2,1,1,0,0.579,5,NA
"352",100,328,2,1,1,0,0,0.355,3,NA
"353",100,126,2,2,1,0,1,1.49,4,NA
"354",100,324,2,2,1,1,0,1.385,4,NA
"355",100,109,2,0,1,1,1,0.342,5,NA
"356",100,119,2,0,1,1,1,1.242,6,NA
"357",100,128,2,2,1,0,1,0.493,2,NA
"358",100,117,2,1,1,1,1,0.751,4,NA
"359",100,319,2,0,1,1,0,0.622,6,NA
"360",100,304,2,0,1,1,0,3.408,4,NA
"361",102,408,1,0,1,1,0,0.12,4,NA
"362",102,418,1,1,1,0,0,0.292,1,NA
"363",102,406,1,2,1,0,0,1.899,1,NA
"364",102,128,1,2,1,0,1,0.295,1,NA
"365",102,120,1,0,1,1,1,0.532,5,NA
"366",102,110,1,1,1,1,1,0.35,2,NA
"367",102,412,1,2,1,0,0,1.45,2,NA
"368",102,115,1,2,1,1,1,0.489,3,NA
"369",102,125,1,0,1,1,1,0.751,2,NA
"370",102,129,1,0,1,1,1,0.382,2,NA
"371",102,101,1,2,1,1,1,0.356,5,NA
"372",102,411,1,2,1,0,0,0.854,2,NA
"373",102,121,1,0,1,1,1,0.476,5,NA
"374",102,425,1,1,1,1,0,0.306,2,NA
"375",102,413,1,0,1,1,0,0.44,1,NA
"376",102,417,1,1,1,1,0,0.401,1,NA
"377",102,415,1,1,1,0,0,2.127,1,NA
"378",102,116,1,1,1,1,1,0.436,5,NA
"379",102,420,1,2,1,0,0,0.733,1,NA
"380",102,421,1,0,1,1,0,0.34,1,NA
"381",102,429,1,2,1,0,0,0.424,1,NA
"382",102,414,1,1,1,1,0,0.338,1,NA
"383",102,407,1,0,1,1,0,0.313,1,NA
"384",102,109,1,1,1,1,1,0.352,3,NA
"385",102,404,1,0,1,1,0,0.236,2,NA
"386",102,108,1,1,1,1,1,0.383,3,NA
"387",102,118,1,2,1,1,1,0.303,3,NA
"388",102,119,1,0,1,1,1,0.379,2,NA
"389",102,102,1,2,1,1,1,0.306,3,NA
"390",102,107,1,1,1,1,1,0.165,3,NA
"391",102,117,1,0,1,0,1,0.505,1,NA
"392",102,106,1,1,1,0,1,0.346,1,NA
"393",102,114,1,1,1,1,1,0.021,1,NA
"394",102,103,1,1,1,0,1,0.341,1,NA
"395",102,409,1,1,1,0,0,0.178,1,NA
"396",102,122,1,2,1,1,1,0.25,3,NA
"397",102,430,1,2,1,0,0,0.295,1,NA
"398",102,405,1,2,1,0,0,0.343,1,NA
"399",102,416,1,2,1,1,0,0.564,1,NA
"400",102,428,1,1,1,1,0,0.424,1,NA
"401",102,401,1,2,1,1,0,0.157,1,NA
"402",102,422,1,0,1,1,0,1.475,1,NA
"403",102,124,1,2,1,1,1,0.503,3,NA
"404",102,111,1,2,1,1,1,0.563,1,NA
"405",102,113,1,2,1,0,1,0.346,1,NA
"406",102,410,1,2,1,0,0,0.205,1,NA
"407",102,419,1,1,1,1,0,0.4,1,NA
"408",102,127,1,0,1,1,1,0.337,1,NA
"409",102,104,1,1,1,1,1,0.151,1,NA
"410",102,403,1,0,1,0,0,0.396,1,NA
"411",102,126,1,2,1,1,1,0.164,1,NA
"412",102,426,1,1,1,0,0,0.33,1,NA
"413",102,423,1,0,1,0,0,0.281,1,NA
"414",102,105,1,1,1,1,1,0.29,1,NA
"415",102,112,1,0,1,1,1,0.268,3,NA
"416",102,402,1,0,1,1,0,0.302,1,NA
"417",102,130,1,0,1,1,1,0.462,1,NA
"418",102,123,1,0,1,1,1,0.241,3,NA
"419",102,424,1,1,1,0,0,0.248,3,NA
"420",102,427,1,0,1,0,0,0.209,1,NA
"421",102,206,2,1,1,1,1,0.831,1,NA
"422",102,226,2,2,1,1,1,0.278,4,NA
"423",102,317,2,1,1,0,0,0.687,1,NA
"424",102,321,2,0,1,1,0,0.613,1,NA
"425",102,305,2,2,1,1,0,0.124,1,NA
"426",102,213,2,1,1,1,1,0.431,3,NA
"427",102,217,2,0,1,1,1,0.297,1,NA
"428",102,215,2,2,1,1,1,0.303,3,NA
"429",102,302,2,2,1,1,0,0.352,1,NA
"430",102,208,2,2,1,1,1,0.348,2,NA
"431",102,202,2,2,1,1,1,0.294,1,NA
"432",102,308,2,1,1,1,0,0.519,1,NA
"433",102,328,2,0,1,1,0,0.086,1,NA
"434",102,203,2,0,1,1,1,0.246,3,NA
"435",102,326,2,2,1,1,0,0.075,1,NA
"436",102,223,2,0,1,1,1,0.271,3,NA
"437",102,229,2,1,1,1,1,0.265,2,NA
"438",102,222,2,2,1,1,1,0.26,3,NA
"439",102,216,2,1,1,1,1,0.27,1,NA
"440",102,301,2,1,1,1,0,0.269,1,NA
"441",102,221,2,0,1,1,1,0.462,2,NA
"442",102,318,2,1,1,1,0,0.396,2,NA
"443",102,314,2,0,1,1,0,0.359,2,NA
"444",102,224,2,1,1,1,1,0.256,3,NA
"445",102,304,2,2,1,1,0,0.273,3,NA
"446",102,313,2,2,1,0,0,0.752,2,NA
"447",102,306,2,0,1,1,0,0.022,1,NA
"448",102,201,2,0,1,1,1,0.504,2,NA
"449",102,330,2,1,1,1,0,0.202,1,NA
"450",102,319,2,0,1,1,0,0.033,3,NA
"451",102,219,2,0,1,1,1,0.49,5,NA
"452",102,214,2,2,1,0,1,0.279,1,NA
"453",102,303,2,2,1,1,0,1.701,1,NA
"454",102,209,2,0,1,1,1,1.155,1,NA
"455",102,230,2,2,1,1,1,0.436,1,NA
"456",102,225,2,0,1,1,1,0.262,1,NA
"457",102,211,2,1,1,1,1,0.013,3,NA
"458",102,315,2,0,1,1,0,0.364,1,NA
"459",102,322,2,0,1,1,0,0.252,1,NA
"460",102,210,2,0,1,1,1,0.26,3,NA
"461",102,228,2,1,1,1,1,0.307,2,NA
"462",102,218,2,1,1,1,1,0.084,1,NA
"463",102,309,2,1,1,0,0,0.32,1,NA
"464",102,324,2,1,1,1,0,0.328,1,NA
"465",102,316,2,2,1,1,0,1.365,1,NA
"466",102,220,2,1,1,0,1,0.744,1,NA
"467",102,212,2,2,1,1,1,0.194,1,NA
"468",102,227,2,0,1,1,1,0.707,2,NA
"469",102,307,2,1,1,0,0,0.613,1,NA
"470",102,205,2,1,1,1,1,0.266,1,NA
"471",102,327,2,0,1,0,0,0.292,1,NA
"472",102,325,2,1,1,1,0,0.34,1,NA
"473",102,323,2,0,1,1,0,0.272,1,NA
"474",102,320,2,1,1,1,0,0.889,1,NA
"475",102,204,2,2,1,1,1,0.301,2,NA
"476",102,329,2,2,1,1,0,0.264,1,NA
"477",102,310,2,2,1,1,0,0.172,1,NA
"478",102,311,2,0,1,0,0,0.316,1,NA
"479",102,207,2,2,1,1,1,0.263,2,NA
"480",102,312,2,2,1,1,0,0.341,3,NA
"481",103,221,1,1,1,1,0,1.101,2,NA
"482",103,414,1,2,1,0,1,0.865,2,NA
"483",103,413,1,2,1,0,1,0.949,4,NA
"484",103,205,1,2,1,0,0,0.826,2,NA
"485",103,417,1,2,1,1,1,1.039,3,NA
"486",103,418,1,0,1,0,1,0.615,3,NA
"487",103,207,1,1,1,1,0,0.71,3,NA
"488",103,204,1,1,1,1,0,0.357,4,NA
"489",103,419,1,1,1,1,1,0.46,3,NA
"490",103,402,1,2,1,1,1,0.53,6,NA
"491",103,208,1,2,1,0,0,0.514,2,NA
"492",103,212,1,0,1,1,0,2.561,4,NA
"493",103,415,1,0,1,1,1,0.986,5,NA
"494",103,201,1,1,1,1,0,0.451,4,NA
"495",103,206,1,0,1,0,0,0.413,4,NA
"496",103,427,1,0,1,0,1,0.411,3,NA
"497",103,429,1,0,1,0,1,0.545,5,NA
"498",103,416,1,1,1,0,1,0.462,2,NA
"499",103,407,1,1,1,0,1,0.531,3,NA
"500",103,405,1,2,1,0,1,0.394,3,NA
"501",103,222,1,0,1,1,0,0.458,3,NA
"502",103,226,1,2,1,1,0,0.85,3,NA
"503",103,428,1,1,1,1,1,0.374,4,NA
"504",103,403,1,0,1,0,1,1.514,6,NA
"505",103,215,1,2,1,0,0,0.403,4,NA
"506",103,410,1,1,1,1,1,0.95,2,NA
"507",103,229,1,0,1,1,0,0.549,4,NA
"508",103,227,1,2,1,1,0,0.632,2,NA
"509",103,213,1,0,1,0,0,0.46,5,NA
"510",103,214,1,1,1,1,0,0.358,3,NA
"511",103,218,1,1,1,1,0,0.502,2,NA
"512",103,424,1,0,1,1,1,0.522,5,NA
"513",103,224,1,0,1,1,0,0.899,6,NA
"514",103,406,1,1,1,1,1,1.425,5,NA
"515",103,219,1,1,1,0,0,0.545,2,NA
"516",103,225,1,2,1,1,0,0.498,2,NA
"517",103,430,1,1,1,1,1,0.325,5,NA
"518",103,411,1,2,1,1,1,0.509,3,NA
"519",103,421,1,2,1,1,1,0.255,4,NA
"520",103,203,1,2,1,1,0,0.23,4,NA
"521",103,228,1,2,1,1,0,0.662,3,NA
"522",103,422,1,0,1,1,1,0.415,2,NA
"523",103,209,1,1,1,0,0,0.381,2,NA
"524",103,423,1,1,1,0,1,0.506,2,NA
"525",103,217,1,1,1,1,0,0.35,3,NA
"526",103,401,1,1,1,1,1,1.849,1,NA
"527",103,202,1,2,1,1,0,0.261,3,NA
"528",103,408,1,2,1,1,1,0.446,3,NA
"529",103,220,1,2,1,1,0,2.549,2,NA
"530",103,223,1,1,1,0,0,2.135,4,NA
"531",103,230,1,0,1,0,0,1.546,2,NA
"532",103,420,1,2,1,1,1,0.376,3,NA
"533",103,412,1,0,1,0,1,0.692,6,NA
"534",103,210,1,0,1,0,0,0.548,5,NA
"535",103,211,1,0,1,1,0,0.393,4,NA
"536",103,216,1,0,1,1,0,0.394,3,NA
"537",103,426,1,2,1,0,1,0.908,4,NA
"538",103,409,1,0,1,1,1,0.525,4,NA
"539",103,425,1,1,1,0,1,0.584,3,NA
"540",103,404,1,0,1,1,1,0.403,5,NA
"541",103,306,2,1,1,1,1,0.572,3,NA
"542",103,316,2,0,1,0,1,0.478,3,NA
"543",103,309,2,2,1,1,1,1.62,2,NA
"544",103,105,2,0,1,1,0,2.635,4,NA
"545",103,108,2,1,1,1,0,0.826,4,NA
"546",103,109,2,1,1,1,0,0.558,5,NA
"547",103,317,2,0,1,0,1,0.568,2,NA
"548",103,107,2,0,1,1,0,0.851,2,NA
"549",103,322,2,1,1,0,1,0.2,3,NA
"550",103,129,2,2,1,0,0,0.497,4,NA
"551",103,305,2,1,1,1,1,0.56,4,NA
"552",103,102,2,0,1,0,0,1.255,5,NA
"553",103,308,2,1,1,0,1,1.286,3,NA
"554",103,318,2,1,1,1,1,0.762,4,NA
"555",103,328,2,2,1,0,1,0.787,5,NA
"556",103,124,2,0,1,0,0,1.055,3,NA
"557",103,113,2,1,1,0,0,0.729,3,NA
"558",103,118,2,2,1,1,0,0.44,1,NA
"559",103,126,2,1,1,1,0,0.392,4,NA
"560",103,119,2,0,1,0,0,3.11,4,NA
"561",103,120,2,2,1,1,0,0.243,5,NA
"562",103,111,2,2,1,0,0,1.112,1,NA
"563",103,106,2,1,1,0,0,1.415,1,NA
"564",103,324,2,0,1,1,1,0.495,2,NA
"565",103,327,2,2,1,1,1,1.789,3,NA
"566",103,310,2,2,1,0,1,0.622,2,NA
"567",103,321,2,0,1,1,1,1.075,4,NA
"568",103,122,2,2,1,1,0,0.348,4,NA
"569",103,302,2,0,1,1,1,2.178,2,NA
"570",103,325,2,2,1,0,1,1.741,5,NA
"571",103,101,2,0,1,1,0,0.353,5,NA
"572",103,326,2,0,1,0,1,0.371,2,NA
"573",103,312,2,2,1,1,1,0.497,4,NA
"574",103,112,2,0,1,1,0,0.644,3,NA
"575",103,116,2,2,1,0,0,0.463,3,NA
"576",103,314,2,0,1,0,1,1.974,5,NA
"577",103,121,2,2,1,1,0,1.253,3,NA
"578",103,315,2,0,1,1,1,0.837,1,NA
"579",103,110,2,1,1,1,0,0.563,5,NA
"580",103,303,2,2,1,0,1,0.306,2,NA
"581",103,114,2,1,1,0,0,0.523,3,NA
"582",103,307,2,1,1,1,1,2.532,4,NA
"583",103,115,2,1,1,0,0,1.431,4,NA
"584",103,311,2,0,1,1,1,0.433,4,NA
"585",103,128,2,0,1,0,0,1.08,4,NA
"586",103,319,2,1,1,1,1,0.316,4,NA
"587",103,301,2,0,1,1,1,0.494,4,NA
"588",103,320,2,1,1,1,1,0.561,4,NA
"589",103,104,2,0,1,1,0,0.689,3,NA
"590",103,313,2,2,1,1,1,0.495,6,NA
"591",103,103,2,2,1,0,0,0.394,2,NA
"592",103,127,2,0,1,0,0,1.778,4,NA
"593",103,130,2,1,1,1,0,1.611,3,NA
"594",103,117,2,2,1,1,0,1.294,5,NA
"595",103,125,2,1,1,0,0,0.466,6,NA
"596",103,123,2,2,1,0,0,0.819,5,NA
"597",103,329,2,1,1,0,1,1.342,5,NA
"598",103,323,2,2,1,0,1,0.52,5,NA
"599",103,304,2,1,1,1,1,1.447,2,NA
"600",103,330,2,2,1,1,1,0.351,2,NA
"601",104,123,1,0,1,1,0,1.295,2,NA
"602",104,403,1,1,1,1,1,5.004,3,NA
"603",104,114,1,0,1,0,0,2.26,1,NA
"604",104,117,1,2,1,1,0,1.53,4,NA
"605",104,125,1,2,1,0,0,1.26,6,NA
"606",104,401,1,1,1,0,1,0.549,1,NA
"607",104,124,1,1,1,1,0,1.899,2,NA
"608",104,417,1,1,1,0,1,3.161,1,NA
"609",104,422,1,0,1,0,1,4.761,2,NA
"610",104,405,1,1,1,0,1,7.642,1,NA
"611",104,419,1,0,1,0,1,0.903,2,NA
"612",104,115,1,0,1,0,0,0.954,1,NA
"613",104,103,1,1,1,1,0,0.632,3,NA
"614",104,130,1,1,1,1,0,1.275,2,NA
"615",104,108,1,2,1,0,0,2.189,1,NA
"616",104,407,1,2,1,1,1,0.701,2,NA
"617",104,425,1,1,1,0,1,2.152,1,NA
"618",104,128,1,1,1,0,0,3.439,1,NA
"619",104,116,1,2,1,1,0,0.349,2,NA
"620",104,127,1,0,1,0,0,3.971,1,NA
"621",104,129,1,1,1,1,0,2.529,2,NA
"622",104,402,1,2,1,0,1,1.724,1,NA
"623",104,410,1,2,1,0,1,2.338,1,NA
"624",104,430,1,2,1,0,1,1.189,3,NA
"625",104,406,1,0,1,0,1,0.283,1,NA
"626",104,408,1,0,1,1,1,0.694,3,NA
"627",104,424,1,0,1,0,1,0.665,3,NA
"628",104,101,1,2,1,1,0,0.713,5,NA
"629",104,428,1,2,1,1,1,0.321,3,NA
"630",104,122,1,0,1,1,0,2.408,2,NA
"631",104,106,1,2,1,1,0,1.239,2,NA
"632",104,429,1,1,1,0,1,0.272,3,NA
"633",104,120,1,0,1,1,0,0.433,2,NA
"634",104,420,1,2,1,1,1,0.435,2,NA
"635",104,104,1,1,1,0,0,0.348,1,NA
"636",104,126,1,0,1,0,0,2.798,1,NA
"637",104,421,1,2,1,0,1,0.436,1,NA
"638",104,426,1,0,1,0,1,0.829,3,NA
"639",104,411,1,1,1,0,1,0.501,2,NA
"640",104,111,1,0,1,0,0,0.302,3,NA
"641",104,416,1,0,1,1,1,0.328,2,NA
"642",104,119,1,2,1,1,0,0.454,2,NA
"643",104,105,1,1,1,1,0,2.026,1,NA
"644",104,113,1,0,1,0,0,2.808,1,NA
"645",104,415,1,2,1,1,1,1.008,2,NA
"646",104,118,1,1,1,0,0,0.589,1,NA
"647",104,423,1,0,1,0,1,0.287,1,NA
"648",104,418,1,1,1,1,1,0.806,1,NA
"649",104,121,1,2,1,1,0,0.566,1,NA
"650",104,409,1,2,1,1,1,0.442,2,NA
"651",104,107,1,0,1,0,0,0.451,1,NA
"652",104,427,1,0,1,0,1,0.339,1,NA
"653",104,412,1,2,1,0,1,0.531,3,NA
"654",104,110,1,1,1,0,0,0.572,2,NA
"655",104,112,1,2,1,1,0,1.196,3,NA
"656",104,414,1,0,1,0,1,0.307,2,NA
"657",104,413,1,1,1,1,1,0.436,3,NA
"658",104,102,1,1,1,1,0,0.237,2,NA
"659",104,404,1,1,1,1,1,0.774,2,NA
"660",104,109,1,2,1,1,0,0.346,3,NA
"661",104,201,2,0,1,1,1,0.977,2,NA
"662",104,217,2,1,1,1,1,0.433,2,NA
"663",104,226,2,2,1,0,1,0.949,1,NA
"664",104,208,2,1,1,0,1,0.923,2,NA
"665",104,206,2,0,1,0,1,1.941,1,NA
"666",104,319,2,2,1,1,0,0.404,2,NA
"667",104,213,2,2,1,1,1,0.586,2,NA
"668",104,318,2,1,1,1,0,0.433,2,NA
"669",104,327,2,2,1,0,0,0.775,1,NA
"670",104,211,2,0,1,0,1,0.476,2,NA
"671",104,228,2,1,1,1,1,0.428,2,NA
"672",104,305,2,2,1,1,0,0.421,3,NA
"673",104,312,2,1,1,1,0,0.558,2,NA
"674",104,212,2,2,1,1,1,0.848,3,NA
"675",104,320,2,0,1,1,0,0.552,2,NA
"676",104,328,2,2,1,0,0,0.424,1,NA
"677",104,306,2,0,1,0,0,0.312,1,NA
"678",104,222,2,1,1,1,1,0.41,1,NA
"679",104,307,2,1,1,1,0,0.307,3,NA
"680",104,324,2,0,1,0,0,0.298,1,NA
"681",104,302,2,1,1,1,0,0.366,4,NA
"682",104,224,2,0,1,0,1,0.503,1,NA
"683",104,314,2,0,1,0,0,0.386,5,NA
"684",104,205,2,2,1,1,1,0.902,1,NA
"685",104,209,2,0,1,0,1,0.68,1,NA
"686",104,215,2,2,1,1,1,1.505,2,NA
"687",104,315,2,2,1,1,0,0.326,4,NA
"688",104,329,2,0,1,0,0,0.183,1,NA
"689",104,227,2,1,1,1,1,0.493,1,NA
"690",104,321,2,1,1,1,0,0.663,1,NA
"691",104,225,2,0,1,0,1,0.892,1,NA
"692",104,310,2,2,1,0,0,0.73,2,NA
"693",104,214,2,1,1,1,1,0.264,2,NA
"694",104,317,2,0,1,0,0,0.316,1,NA
"695",104,218,2,2,1,0,1,0.746,1,NA
"696",104,220,2,2,1,0,1,0.278,2,NA
"697",104,323,2,0,1,0,0,0.479,1,NA
"698",104,303,2,0,1,0,0,0.105,1,NA
"699",104,202,2,1,1,1,1,0.564,3,NA
"700",104,308,2,1,1,1,0,0.444,2,NA
"701",104,203,2,2,1,0,1,0.56,1,NA
"702",104,301,2,1,1,1,0,0.133,3,NA
"703",104,221,2,2,1,0,1,0.549,1,NA
"704",104,216,2,0,1,0,1,0.467,1,NA
"705",104,229,2,0,1,1,1,0.463,1,NA
"706",104,304,2,2,1,0,0,0.631,1,NA
"707",104,309,2,2,1,1,0,0.62,1,NA
"708",104,316,2,1,1,0,0,0.364,1,NA
"709",104,210,2,2,1,0,1,0.323,3,NA
"710",104,322,2,1,1,0,0,0.448,2,NA
"711",104,330,2,0,1,0,0,0.372,1,NA
"712",104,325,2,1,1,1,0,0.357,3,NA
"713",104,219,2,0,1,0,1,0.357,1,NA
"714",104,313,2,2,1,1,0,0.397,2,NA
"715",104,230,2,0,1,1,1,0.415,2,NA
"716",104,207,2,1,1,1,1,0.337,2,NA
"717",104,223,2,1,1,1,1,0.397,4,NA
"718",104,311,2,0,1,0,0,0.51,1,NA
"719",104,326,2,2,1,1,0,0.304,2,NA
"720",104,204,2,1,1,1,1,0.462,1,NA
"721",105,112,1,1,1,1,1,5.116,2,NA
"722",105,324,1,0,1,0,0,3.716,1,NA
"723",105,319,1,1,1,1,0,0.686,3,NA
"724",105,306,1,2,1,0,0,0.78,3,NA
"725",105,307,1,1,1,0,0,4.74,2,NA
"726",105,115,1,0,1,1,1,2.442,2,NA
"727",105,116,1,2,1,1,1,4.461,3,NA
"728",105,111,1,2,1,1,1,0.71,1,NA
"729",105,318,1,1,1,1,0,0.901,3,NA
"730",105,320,1,1,1,1,0,0.546,4,NA
"731",105,327,1,2,1,1,0,1.969,2,NA
"732",105,120,1,0,1,1,1,1.568,1,NA
"733",105,124,1,1,1,1,1,0.378,2,NA
"734",105,105,1,0,1,1,1,0.599,3,NA
"735",105,128,1,2,1,0,1,1.362,1,NA
"736",105,114,1,2,1,1,1,0.427,1,NA
"737",105,330,1,2,1,0,0,0.385,1,NA
"738",105,129,1,1,1,0,1,1.057,2,NA
"739",105,314,1,0,1,0,0,6.465,2,NA
"740",105,321,1,0,1,1,0,8.568,3,NA
"741",105,329,1,0,1,0,0,3.206,2,NA
"742",105,323,1,0,1,1,0,3.215,1,NA
"743",105,106,1,0,1,1,1,1.748,4,NA
"744",105,313,1,1,1,1,0,1.166,3,NA
"745",105,102,1,1,1,1,1,2.09,2,NA
"746",105,127,1,2,1,1,1,0.54,4,NA
"747",105,325,1,2,1,1,0,1.167,5,NA
"748",105,117,1,1,1,0,1,7.073,2,NA
"749",105,304,1,2,1,0,0,2.052,2,NA
"750",105,108,1,0,1,0,1,7.836,2,NA
"751",105,326,1,2,1,1,0,0.74,1,NA
"752",105,103,1,2,1,0,1,1.828,3,NA
"753",105,113,1,1,1,1,1,1.288,3,NA
"754",105,310,1,2,1,0,0,0.693,3,NA
"755",105,317,1,1,1,1,0,0.61,1,NA
"756",105,311,1,1,1,1,0,1.086,3,NA
"757",105,122,1,0,1,1,1,0.324,3,NA
"758",105,110,1,2,1,1,1,3.858,1,NA
"759",105,328,1,2,1,0,0,1.79,3,NA
"760",105,315,1,0,1,1,0,2.095,2,NA
"761",105,107,1,2,1,1,1,1.129,1,NA
"762",105,308,1,0,1,0,0,4.561,1,NA
"763",105,301,1,0,1,1,0,0.655,3,NA
"764",105,126,1,2,1,1,1,3.626,1,NA
"765",105,118,1,0,1,1,1,0.992,4,NA
"766",105,104,1,2,1,1,1,1.958,1,NA
"767",105,316,1,0,1,1,0,1.323,3,NA
"768",105,123,1,1,1,1,1,0.675,4,NA
"769",105,309,1,2,1,1,0,0.322,5,NA
"770",105,322,1,2,1,1,0,0.836,2,NA
"771",105,303,1,1,1,0,0,0.24,2,NA
"772",105,109,1,1,1,1,1,0.976,1,NA
"773",105,305,1,1,1,0,0,3.921,1,NA
"774",105,302,1,0,1,1,0,0.339,2,NA
"775",105,312,1,1,1,1,0,0.943,3,NA
"776",105,125,1,0,1,0,1,0.39,1,NA
"777",105,101,1,1,1,0,1,5.009,1,NA
"778",105,119,1,0,1,1,1,1.773,1,NA
"779",105,130,1,1,1,0,1,3.518,4,NA
"780",105,121,1,0,1,0,1,0.583,2,NA
"781",105,408,2,2,1,1,1,1.235,5,NA
"782",105,208,2,0,1,1,0,3.305,1,NA
"783",105,405,2,0,1,1,1,0.706,2,NA
"784",105,203,2,1,1,1,0,5.598,1,NA
"785",105,220,2,0,1,0,0,0.357,4,NA
"786",105,229,2,0,1,1,0,2.874,3,NA
"787",105,221,2,2,1,0,0,0.416,2,NA
"788",105,401,2,2,1,1,1,3.069,1,NA
"789",105,228,2,2,1,1,0,0.681,3,NA
"790",105,206,2,0,1,0,0,0.043,3,NA
"791",105,218,2,2,1,0,0,2.705,1,NA
"792",105,430,2,0,1,1,1,5.061,1,NA
"793",105,219,2,0,1,0,0,0.893,2,NA
"794",105,414,2,0,1,1,1,2.585,1,NA
"795",105,226,2,2,1,1,0,0.525,3,NA
"796",105,423,2,0,1,1,1,0.559,1,NA
"797",105,425,2,2,1,0,1,0.626,3,NA
"798",105,419,2,1,1,1,1,0.413,2,NA
"799",105,421,2,0,1,1,1,1.27,3,NA
"800",105,202,2,1,1,1,0,4.865,1,NA
"801",105,418,2,2,1,1,1,0.562,4,NA
"802",105,409,2,2,1,1,1,0.311,5,NA
"803",105,428,2,1,1,0,1,0.356,2,NA
"804",105,406,2,1,1,1,1,0.315,1,NA
"805",105,212,2,1,1,0,0,1.928,1,NA
"806",105,402,2,1,1,1,1,0.383,1,NA
"807",105,207,2,2,1,1,0,0.734,2,NA
"808",105,211,2,1,1,0,0,5.723,2,NA
"809",105,407,2,1,1,1,1,0.263,3,NA
"810",105,225,2,1,1,0,0,1.197,1,NA
"811",105,410,2,2,1,1,1,0.781,1,NA
"812",105,415,2,2,1,1,1,0.683,3,NA
"813",105,224,2,1,1,0,0,1.602,1,NA
"814",105,215,2,0,1,0,0,0.885,2,NA
"815",105,424,2,0,1,0,1,3.985,1,NA
"816",105,429,2,1,1,0,1,0.362,2,NA
"817",105,403,2,0,1,1,1,2.284,1,NA
"818",105,412,2,0,1,1,1,0.539,2,NA
"819",105,413,2,1,1,1,1,1.03,4,NA
"820",105,420,2,2,1,1,1,5.394,3,NA
"821",105,210,2,1,1,0,0,6.646,1,NA
"822",105,404,2,0,1,1,1,0.42,1,NA
"823",105,214,2,1,1,0,0,0.286,2,NA
"824",105,201,2,0,1,1,0,0.77,1,NA
"825",105,216,2,0,1,0,0,1.844,1,NA
"826",105,426,2,2,1,1,1,1.619,1,NA
"827",105,417,2,1,1,1,1,1.041,2,NA
"828",105,209,2,0,1,0,0,1.47,2,NA
"829",105,416,2,1,1,1,1,5.21,3,NA
"830",105,213,2,2,1,1,0,1.508,1,NA
"831",105,427,2,1,1,0,1,0.344,1,NA
"832",105,411,2,2,1,0,1,0.495,2,NA
"833",105,227,2,1,1,1,0,4.527,1,NA
"834",105,217,2,2,1,0,0,0.384,2,NA
"835",105,223,2,2,1,1,0,6.667,2,NA
"836",105,205,2,1,1,0,0,3.714,1,NA
"837",105,204,2,2,1,1,0,1.492,2,NA
"838",105,230,2,0,1,0,0,2.763,3,NA
"839",105,422,2,0,1,1,1,2.53,1,NA
"840",105,222,2,2,1,1,0,0.632,3,NA
"841",106,412,1,1,1,1,1,1.691,1,NA
"842",106,312,1,2,1,0,0,0.765,2,NA
"843",106,402,1,0,1,0,1,0.322,5,NA
"844",106,425,1,2,1,0,1,0.982,2,NA
"845",106,404,1,0,1,1,1,0.864,5,NA
"846",106,308,1,0,1,1,0,0.428,4,NA
"847",106,303,1,0,1,1,0,0.236,2,NA
"848",106,422,1,0,1,1,1,0.282,6,NA
"849",106,426,1,2,1,0,1,0.459,4,NA
"850",106,419,1,0,1,1,1,0.292,6,NA
"851",106,423,1,1,1,1,1,0.466,5,NA
"852",106,321,1,1,1,0,0,0.485,4,NA
"853",106,403,1,1,1,1,1,0.585,5,NA
"854",106,405,1,2,1,1,1,0.299,5,NA
"855",106,318,1,0,1,0,0,1.139,2,NA
"856",106,421,1,0,1,1,1,0.372,3,NA
"857",106,324,1,1,1,0,0,0.391,2,NA
"858",106,316,1,2,1,1,0,0.348,6,NA
"859",106,427,1,1,1,1,1,0.302,5,NA
"860",106,414,1,2,1,1,1,0.476,3,NA
"861",106,305,1,1,1,1,0,0.001,6,NA
"862",106,307,1,0,1,1,0,0.483,4,NA
"863",106,417,1,2,1,0,1,0.32,2,NA
"864",106,302,1,1,1,0,0,0.49,2,NA
"865",106,418,1,1,1,1,1,0.247,6,NA
"866",106,304,1,0,1,1,0,0.431,5,NA
"867",106,310,1,2,1,0,0,1.284,1,NA
"868",106,322,1,1,1,1,0,0.291,4,NA
"869",106,306,1,2,1,0,0,0.606,3,NA
"870",106,311,1,2,1,1,0,0.28,5,NA
"871",106,406,1,2,1,1,1,0.32,6,NA
"872",106,323,1,2,1,0,0,0.366,1,NA
"873",106,429,1,0,1,1,1,0.345,5,NA
"874",106,329,1,2,1,1,0,0.381,2,NA
"875",106,401,1,2,1,1,1,0.352,5,NA
"876",106,301,1,2,1,1,0,0.448,1,NA
"877",106,416,1,0,1,1,1,0.286,5,NA
"878",106,408,1,1,1,1,1,0.269,4,NA
"879",106,325,1,1,1,0,0,0.39,2,NA
"880",106,411,1,2,1,0,1,0.24,4,NA
"881",106,320,1,2,1,0,0,0.266,2,NA
"882",106,328,1,0,1,0,0,0.518,4,NA
"883",106,409,1,2,1,1,1,0.655,6,NA
"884",106,314,1,1,1,0,0,0.366,6,NA
"885",106,309,1,0,1,0,0,0.51,5,NA
"886",106,330,1,0,1,1,0,0.333,2,NA
"887",106,327,1,1,1,0,0,0.43,4,NA
"888",106,415,1,2,1,1,1,0.319,5,NA
"889",106,430,1,1,1,1,1,0.409,5,NA
"890",106,413,1,1,1,0,1,1.087,6,NA
"891",106,319,1,1,1,1,0,0.361,4,NA
"892",106,315,1,0,1,0,0,1.681,5,NA
"893",106,420,1,0,1,1,1,0.315,5,NA
"894",106,326,1,1,1,0,0,0.774,2,NA
"895",106,317,1,2,1,0,0,0.537,3,NA
"896",106,313,1,0,1,1,0,0.765,5,NA
"897",106,424,1,1,1,1,1,0.381,5,NA
"898",106,428,1,1,1,0,1,0.318,1,NA
"899",106,410,1,0,1,1,1,0.638,4,NA
"900",106,407,1,0,1,1,1,0.245,4,NA
"901",106,208,2,1,1,1,0,0.466,3,NA
"902",106,122,2,1,1,1,1,0.422,5,NA
"903",106,104,2,1,1,1,1,1.452,1,NA
"904",106,117,2,0,1,1,1,0.36,3,NA
"905",106,207,2,0,1,1,0,0.394,5,NA
"906",106,114,2,2,1,0,1,0.319,1,NA
"907",106,103,2,0,1,1,1,2.764,4,NA
"908",106,118,2,2,1,1,1,0.31,4,NA
"909",106,220,2,2,1,0,0,0.546,4,NA
"910",106,113,2,1,1,1,1,0.414,6,NA
"911",106,206,2,1,1,0,0,0.329,2,NA
"912",106,223,2,2,1,1,0,0.608,4,NA
"913",106,222,2,0,1,0,0,0.864,2,NA
"914",106,111,2,1,1,0,1,0.315,3,NA
"915",106,224,2,2,1,1,0,0.426,4,NA
"916",106,112,2,0,1,1,1,0.496,4,NA
"917",106,101,2,2,1,1,1,1.793,4,NA
"918",106,105,2,1,1,0,1,0.351,3,NA
"919",106,218,2,1,1,0,0,0.918,1,NA
"920",106,209,2,0,1,0,0,0.666,1,NA
"921",106,108,2,0,1,1,1,0.284,6,NA
"922",106,119,2,2,1,1,1,0.22,5,NA
"923",106,217,2,1,1,1,0,0.503,5,NA
"924",106,125,2,0,1,0,1,0.563,3,NA
"925",106,215,2,2,1,0,0,0.791,4,NA
"926",106,129,2,2,1,0,1,0.422,2,NA
"927",106,226,2,1,1,1,0,0.415,5,NA
"928",106,212,2,2,1,1,0,0.505,5,NA
"929",106,202,2,0,1,0,0,0.466,2,NA
"930",106,228,2,0,1,1,0,0.591,5,NA
"931",106,121,2,0,1,0,1,0.397,4,NA
"932",106,229,2,0,1,1,0,1.902,6,NA
"933",106,106,2,1,1,0,1,0.325,2,NA
"934",106,120,2,2,1,1,1,0.539,5,NA
"935",106,107,2,0,1,1,1,0.534,3,NA
"936",106,230,2,1,1,0,0,0.398,4,NA
"937",106,124,2,2,1,1,1,0.292,6,NA
"938",106,211,2,2,1,0,0,0.912,4,NA
"939",106,219,2,0,1,1,0,0.426,5,NA
"940",106,115,2,1,1,1,1,0.335,5,NA
"941",106,203,2,1,1,1,0,0.419,5,NA
"942",106,225,2,2,1,1,0,0.551,4,NA
"943",106,126,2,2,1,1,1,0.192,4,NA
"944",106,102,2,1,1,1,1,0.287,5,NA
"945",106,127,2,2,1,1,1,0.337,5,NA
"946",106,213,2,2,1,0,0,0.768,2,NA
"947",106,110,2,2,1,1,1,0.944,5,NA
"948",106,123,2,1,1,1,1,0.835,4,NA
"949",106,204,2,1,1,0,0,0.357,3,NA
"950",106,214,2,2,1,0,0,0.46,2,NA
"951",106,109,2,0,1,1,1,0.244,5,NA
"952",106,216,2,0,1,1,0,0.3,5,NA
"953",106,130,2,1,1,1,1,0.128,6,NA
"954",106,205,2,1,1,0,0,0.333,3,NA
"955",106,128,2,0,1,1,1,0.303,5,NA
"956",106,201,2,1,1,1,0,0.383,6,NA
"957",106,116,2,0,1,0,1,0.423,2,NA
"958",106,210,2,0,1,0,0,0.913,4,NA
"959",106,227,2,2,1,0,0,0.583,3,NA
"960",106,221,2,0,1,1,0,0.254,5,NA
"961",107,119,1,0,1,0,0,2.885,5,NA
"962",107,122,1,0,1,1,0,1.365,5,NA
"963",107,106,1,1,1,1,0,3.634,3,NA
"964",107,214,1,2,1,1,1,3.442,3,NA
"965",107,111,1,2,1,0,0,0.93,5,NA
"966",107,208,1,0,1,1,1,1.832,3,NA
"967",107,210,1,2,1,0,1,1.523,5,NA
"968",107,215,1,2,1,0,1,0.453,5,NA
"969",107,207,1,1,1,1,1,2.217,5,NA
"970",107,205,1,0,1,0,1,0.518,6,NA
"971",107,116,1,0,1,1,0,1.611,3,NA
"972",107,213,1,1,1,0,1,0.64,4,NA
"973",107,103,1,2,1,1,0,3.633,5,NA
"974",107,230,1,2,1,1,1,0.529,3,NA
"975",107,130,1,1,1,1,0,0.604,5,NA
"976",107,204,1,1,1,1,1,4.31,4,NA
"977",107,128,1,1,1,1,0,1.183,4,NA
"978",107,115,1,0,1,1,0,1.203,5,NA
"979",107,216,1,0,1,1,1,2.159,3,NA
"980",107,117,1,1,1,1,0,1.868,4,NA
"981",107,209,1,1,1,1,1,0.75,5,NA
"982",107,109,1,2,1,1,0,1.785,4,NA
"983",107,120,1,2,1,0,0,1.404,5,NA
"984",107,221,1,0,1,1,1,1.067,3,NA
"985",107,220,1,0,1,0,1,0.339,5,NA
"986",107,224,1,2,1,1,1,0.457,5,NA
"987",107,227,1,1,1,0,1,0.826,3,NA
"988",107,110,1,0,1,1,0,0.411,5,NA
"989",107,121,1,2,1,1,0,1.099,3,NA
"990",107,125,1,1,1,1,0,0.311,5,NA
"991",107,114,1,0,1,1,0,0.503,4,NA
"992",107,102,1,2,1,1,0,1.231,5,NA
"993",107,217,1,1,1,0,1,0.055,3,NA
"994",107,101,1,1,1,0,0,0.827,4,NA
"995",107,108,1,0,1,1,0,0.591,6,NA
"996",107,219,1,0,1,0,1,2.11,3,NA
"997",107,203,1,1,1,1,1,0.579,4,NA
"998",107,105,1,0,1,0,0,0.659,4,NA
"999",107,118,1,1,1,1,0,1.559,4,NA
"1000",107,126,1,0,1,1,0,0.899,3,NA
"1001",107,218,1,2,1,1,1,0.789,5,NA
"1002",107,229,1,2,1,1,1,1.189,3,NA
"1003",107,127,1,1,1,1,0,0.936,5,NA
"1004",107,212,1,1,1,1,1,0.366,5,NA
"1005",107,211,1,2,1,1,1,0.616,5,NA
"1006",107,113,1,1,1,1,0,0.326,6,NA
"1007",107,223,1,0,1,0,1,1.844,3,NA
"1008",107,107,1,2,1,0,0,0.915,4,NA
"1009",107,129,1,2,1,0,0,1.999,4,NA
"1010",107,226,1,2,1,0,1,1.242,4,NA
"1011",107,123,1,2,1,1,0,1.599,4,NA
"1012",107,228,1,1,1,1,1,2.967,4,NA
"1013",107,206,1,0,1,0,1,0.456,4,NA
"1014",107,104,1,0,1,0,0,0.338,5,NA
"1015",107,124,1,1,1,1,0,4.059,3,NA
"1016",107,201,1,2,1,1,1,1.243,5,NA
"1017",107,222,1,0,1,1,1,2.99,4,NA
"1018",107,202,1,0,1,1,1,0.403,4,NA
"1019",107,112,1,2,1,0,0,0.777,4,NA
"1020",107,225,1,1,1,0,1,1.241,5,NA
"1021",107,329,2,0,1,1,1,0.65,6,NA
"1022",107,411,2,2,1,0,0,0.587,3,NA
"1023",107,322,2,1,1,0,1,0.527,4,NA
"1024",107,328,2,1,1,0,1,0.598,4,NA
"1025",107,302,2,0,1,1,1,1.195,5,NA
"1026",107,303,2,2,1,0,1,1.046,4,NA
"1027",107,313,2,1,1,1,1,0.936,4,NA
"1028",107,320,2,2,1,0,1,0.363,4,NA
"1029",107,427,2,1,1,1,0,0.516,4,NA
"1030",107,318,2,0,1,1,1,0.781,4,NA
"1031",107,412,2,2,1,0,0,0.749,5,NA
"1032",107,410,2,0,1,0,0,1.464,4,NA
"1033",107,426,2,0,1,1,0,1.78,2,NA
"1034",107,324,2,2,1,0,1,1.317,3,NA
"1035",107,319,2,0,1,1,1,0.506,4,NA
"1036",107,418,2,0,1,0,0,0.869,4,NA
"1037",107,430,2,2,1,1,0,0.388,4,NA
"1038",107,414,2,2,1,1,0,1.29,3,NA
"1039",107,407,2,0,1,0,0,0.356,5,NA
"1040",107,428,2,1,1,0,0,1.237,3,NA
"1041",107,419,2,0,1,1,0,0.444,4,NA
"1042",107,421,2,1,1,0,0,0.991,3,NA
"1043",107,404,2,1,1,1,0,0.813,4,NA
"1044",107,311,2,1,1,0,1,1.228,4,NA
"1045",107,425,2,2,1,1,0,1.698,3,NA
"1046",107,314,2,2,1,0,1,1,3,NA
"1047",107,327,2,2,1,1,1,0.939,3,NA
"1048",107,326,2,1,1,1,1,0.745,4,NA
"1049",107,422,2,1,1,1,0,0.759,4,NA
"1050",107,315,2,0,1,1,1,1.55,3,NA
"1051",107,405,2,1,1,0,0,2.042,3,NA
"1052",107,330,2,1,1,1,1,0.658,3,NA
"1053",107,424,2,1,1,1,0,0.912,4,NA
"1054",107,316,2,0,1,1,1,1.492,3,NA
"1055",107,420,2,0,1,1,0,0.787,4,NA
"1056",107,310,2,0,1,0,1,2.603,3,NA
"1057",107,306,2,2,1,1,1,0.596,6,NA
"1058",107,308,2,1,1,1,1,0.549,5,NA
"1059",107,321,2,0,1,1,1,0.384,4,NA
"1060",107,305,2,1,1,1,1,0.593,5,NA
"1061",107,325,2,0,1,1,1,0.811,5,NA
"1062",107,312,2,2,1,1,1,0.309,4,NA
"1063",107,423,2,0,1,1,0,0.802,4,NA
"1064",107,317,2,2,1,1,1,1.573,3,NA
"1065",107,416,2,0,1,1,0,0.351,5,NA
"1066",107,309,2,0,1,1,1,0.617,4,NA
"1067",107,417,2,0,1,1,0,0.402,5,NA
"1068",107,403,2,2,1,1,0,0.331,4,NA
"1069",107,304,2,1,1,1,1,0.66,4,NA
"1070",107,429,2,1,1,0,0,0.727,2,NA
"1071",107,323,2,1,1,1,1,1.781,3,NA
"1072",107,408,2,2,1,1,0,0.358,5,NA
"1073",107,409,2,1,1,1,0,0.689,4,NA
"1074",107,401,2,1,1,1,0,0.678,3,NA
"1075",107,301,2,2,1,1,1,0.696,5,NA
"1076",107,402,2,2,1,1,0,0.434,4,NA
"1077",107,413,2,0,1,1,0,0.387,6,NA
"1078",107,415,2,2,1,1,0,0.902,4,NA
"1079",107,406,2,2,1,1,0,0.382,3,NA
"1080",107,307,2,2,1,1,1,0.927,4,NA
"1081",108,304,1,2,1,0,0,0.788,5,NA
"1082",108,315,1,2,1,0,0,4.339,3,NA
"1083",108,224,1,0,1,1,1,1.553,5,NA
"1084",108,210,1,2,1,1,1,1.628,3,NA
"1085",108,214,1,0,1,0,1,1.216,4,NA
"1086",108,217,1,0,1,1,1,1.154,3,NA
"1087",108,211,1,2,1,1,1,1.148,3,NA
"1088",108,309,1,2,1,1,0,2.199,3,NA
"1089",108,228,1,2,1,1,1,1.057,5,NA
"1090",108,203,1,2,1,1,1,0.684,4,NA
"1091",108,208,1,1,1,1,1,1.616,3,NA
"1092",108,311,1,1,1,1,0,1.777,3,NA
"1093",108,229,1,1,1,1,1,0.461,3,NA
"1094",108,313,1,0,1,0,0,3.111,5,NA
"1095",108,308,1,2,1,0,0,2.252,4,NA
"1096",108,201,1,1,1,1,1,0.564,2,NA
"1097",108,325,1,0,1,1,0,0.974,3,NA
"1098",108,305,1,1,1,1,0,0.994,4,NA
"1099",108,312,1,0,1,1,0,1.027,5,NA
"1100",108,330,1,0,1,1,0,0.609,2,NA
"1101",108,225,1,0,1,1,1,0.359,3,NA
"1102",108,218,1,1,1,0,1,2.642,5,NA
"1103",108,204,1,1,1,0,1,1.589,5,NA
"1104",108,302,1,1,1,1,0,1.313,1,NA
"1105",108,222,1,0,1,0,1,0.653,5,NA
"1106",108,321,1,1,1,1,0,2.454,1,NA
"1107",108,324,1,1,1,0,0,0.614,6,NA
"1108",108,320,1,2,1,1,0,2.325,5,NA
"1109",108,323,1,0,1,1,0,0.243,3,NA
"1110",108,219,1,2,1,0,1,0.431,5,NA
"1111",108,230,1,1,1,0,1,2.697,5,NA
"1112",108,206,1,0,1,1,1,1.383,1,NA
"1113",108,316,1,2,1,1,0,0.719,1,NA
"1114",108,215,1,2,1,0,1,0.479,3,NA
"1115",108,220,1,1,1,1,1,0.722,1,NA
"1116",108,212,1,0,1,1,1,1.501,3,NA
"1117",108,202,1,2,1,0,1,1.726,1,NA
"1118",108,306,1,0,1,0,0,0.644,2,NA
"1119",108,307,1,1,1,1,0,1.474,1,NA
"1120",108,223,1,0,1,1,1,1.107,4,NA
"1121",108,329,1,1,1,1,0,0.13,3,NA
"1122",108,326,1,0,1,1,0,2.531,1,NA
"1123",108,317,1,1,1,0,0,0.532,4,NA
"1124",108,221,1,0,1,0,1,1.817,1,NA
"1125",108,213,1,0,1,0,1,0.47,1,NA
"1126",108,303,1,2,1,0,0,10.031,1,NA
"1127",108,207,1,2,1,0,1,0.667,6,NA
"1128",108,226,1,1,1,1,1,1.084,4,NA
"1129",108,301,1,2,1,1,0,1.003,4,NA
"1130",108,319,1,2,1,0,0,0.849,4,NA
"1131",108,314,1,0,1,0,0,3.968,5,NA
"1132",108,205,1,1,1,1,1,1.989,1,NA
"1133",108,318,1,1,1,1,0,0.754,1,NA
"1134",108,322,1,1,1,0,0,0.452,6,NA
"1135",108,327,1,2,1,0,0,0.698,1,NA
"1136",108,227,1,1,1,1,1,0.499,1,NA
"1137",108,216,1,2,1,1,1,0.829,3,NA
"1138",108,209,1,2,1,1,1,1.98,1,NA
"1139",108,310,1,0,1,1,0,0.174,1,NA
"1140",108,328,1,0,1,1,0,0.47,1,NA
"1141",108,106,2,2,1,1,1,1.079,3,NA
"1142",108,423,2,2,1,0,0,1.163,2,NA
"1143",108,110,2,1,1,0,1,2.465,3,NA
"1144",108,129,2,0,1,1,1,1.82,3,NA
"1145",108,117,2,2,1,0,1,0.531,6,NA
"1146",108,118,2,0,1,0,1,5.039,5,NA
"1147",108,126,2,2,1,1,1,0.734,3,NA
"1148",108,407,2,0,1,0,0,1.076,3,NA
"1149",108,425,2,1,1,0,0,1.79,4,NA
"1150",108,417,2,0,1,0,0,0.657,4,NA
"1151",108,421,2,0,1,0,0,0.606,4,NA
"1152",108,411,2,2,1,0,0,0.801,5,NA
"1153",108,401,2,0,1,1,0,0.768,3,NA
"1154",108,128,2,1,1,1,1,0.658,4,NA
"1155",108,123,2,2,1,0,1,2.941,3,NA
"1156",108,413,2,2,1,0,0,0.824,4,NA
"1157",108,420,2,1,1,0,0,2.32,3,NA
"1158",108,121,2,1,1,1,1,2.296,3,NA
"1159",108,108,2,2,1,1,1,0.932,3,NA
"1160",108,105,2,0,1,1,1,0.953,2,NA
"1161",108,130,2,1,1,1,1,3.417,3,NA
"1162",108,104,2,0,1,0,1,2.003,3,NA
"1163",108,409,2,1,1,0,0,2.208,3,NA
"1164",108,418,2,2,1,0,0,0.834,3,NA
"1165",108,103,2,1,1,0,1,0.821,1,NA
"1166",108,429,2,1,1,1,0,0.524,3,NA
"1167",108,406,2,1,1,0,0,3.444,4,NA
"1168",108,422,2,0,1,1,0,0.592,3,NA
"1169",108,414,2,2,1,1,0,1.684,3,NA
"1170",108,109,2,0,1,0,1,0.498,3,NA
"1171",108,119,2,2,1,1,1,0.438,3,NA
"1172",108,405,2,2,1,0,0,0.448,4,NA
"1173",108,430,2,2,1,1,0,1.287,3,NA
"1174",108,115,2,1,1,1,1,0.291,4,NA
"1175",108,122,2,2,1,0,1,2.445,5,NA
"1176",108,427,2,0,1,1,0,2.971,1,NA
"1177",108,428,2,0,1,0,0,0.527,4,NA
"1178",108,116,2,0,1,1,1,0.436,4,NA
"1179",108,124,2,0,1,1,1,0.583,3,NA
"1180",108,415,2,0,1,1,0,0.91,4,NA
"1181",108,419,2,0,1,0,0,0.45,4,NA
"1182",108,113,2,2,1,1,1,0.825,4,NA
"1183",108,101,2,2,1,1,1,0.44,1,NA
"1184",108,410,2,2,1,0,0,2.095,3,NA
"1185",108,424,2,1,1,1,0,0.568,2,NA
"1186",108,125,2,0,1,0,1,0.791,6,NA
"1187",108,402,2,2,1,1,0,1.051,2,NA
"1188",108,107,2,1,1,1,1,3.066,3,NA
"1189",108,426,2,2,1,0,0,0.882,3,NA
"1190",108,112,2,2,1,0,1,1.165,2,NA
"1191",108,403,2,0,1,1,0,0.476,1,NA
"1192",108,111,2,1,1,0,1,1.663,6,NA
"1193",108,416,2,1,1,0,0,0.394,3,NA
"1194",108,404,2,1,1,1,0,1.457,1,NA
"1195",108,120,2,1,1,1,1,1.88,1,NA
"1196",108,127,2,0,1,1,1,1.241,1,NA
"1197",108,114,2,1,1,1,1,1.512,1,NA
"1198",108,408,2,1,1,1,0,1.25,4,NA
"1199",108,412,2,1,1,0,0,1.463,4,NA
"1200",108,102,2,0,1,1,1,2.563,1,NA
"1201",109,103,1,0,1,0,1,0.61,6,NA
"1202",109,125,1,2,1,1,1,1.083,3,NA
"1203",109,108,1,1,1,1,1,7.774,3,NA
"1204",109,222,1,2,1,0,0,0.682,5,NA
"1205",109,111,1,1,1,0,1,6.816,5,NA
"1206",109,227,1,0,1,0,0,0.058,4,NA
"1207",109,226,1,2,1,0,0,0.501,6,NA
"1208",109,120,1,0,1,1,1,0.446,6,NA
"1209",109,209,1,0,1,0,0,0.408,1,NA
"1210",109,105,1,1,1,0,1,0.619,5,NA
"1211",109,211,1,1,1,0,0,0.316,5,NA
"1212",109,113,1,0,1,1,1,1.722,6,NA
"1213",109,128,1,0,1,1,1,0.256,4,NA
"1214",109,123,1,2,1,0,1,0.28,3,NA
"1215",109,112,1,1,1,0,1,0.678,6,NA
"1216",109,229,1,0,1,0,0,0.615,6,NA
"1217",109,213,1,1,1,1,0,0.786,2,NA
"1218",109,206,1,2,1,0,0,0.286,6,NA
"1219",109,208,1,1,1,0,0,0.863,6,NA
"1220",109,104,1,2,1,0,1,0.794,6,NA
"1221",109,221,1,0,1,0,0,0.19,6,NA
"1222",109,217,1,2,1,0,0,0.21,4,NA
"1223",109,119,1,1,1,1,1,0.304,6,NA
"1224",109,228,1,1,1,0,0,1.341,2,NA
"1225",109,121,1,2,1,1,1,0.713,6,NA
"1226",109,220,1,1,1,1,0,0.711,3,NA
"1227",109,230,1,2,1,0,0,0.792,4,NA
"1228",109,204,1,0,1,0,0,0.395,1,NA
"1229",109,115,1,0,1,1,1,0.993,2,NA
"1230",109,130,1,2,1,1,1,0.761,6,NA
"1231",109,214,1,0,1,0,0,0.608,2,NA
"1232",109,116,1,0,1,0,1,0.268,6,NA
"1233",109,219,1,2,1,0,0,0.866,3,NA
"1234",109,129,1,2,1,1,1,0.362,4,NA
"1235",109,216,1,1,1,1,0,0.302,5,NA
"1236",109,122,1,1,1,0,1,0.492,6,NA
"1237",109,210,1,1,1,0,0,0.49,6,NA
"1238",109,207,1,0,1,0,0,1.303,3,NA
"1239",109,107,1,0,1,0,1,1.169,4,NA
"1240",109,117,1,1,1,0,1,0.316,6,NA
"1241",109,215,1,0,1,0,0,1.64,4,NA
"1242",109,114,1,1,1,1,1,0.257,2,NA
"1243",109,212,1,0,1,0,0,0.984,2,NA
"1244",109,218,1,1,1,1,0,1.704,2,NA
"1245",109,124,1,1,1,1,1,1.016,2,NA
"1246",109,126,1,0,1,1,1,0.43,1,NA
"1247",109,118,1,2,1,0,1,0.957,5,NA
"1248",109,109,1,2,1,0,1,0.256,6,NA
"1249",109,223,1,0,1,0,0,0.24,6,NA
"1250",109,225,1,1,1,1,0,0.48,2,NA
"1251",109,127,1,2,1,0,1,0.329,4,NA
"1252",109,101,1,2,1,0,1,1.459,6,NA
"1253",109,203,1,2,1,0,0,1.677,3,NA
"1254",109,110,1,0,1,1,1,1.426,6,NA
"1255",109,102,1,1,1,1,1,0.504,6,NA
"1256",109,106,1,0,1,1,1,0.316,1,NA
"1257",109,202,1,2,1,1,0,0.281,4,NA
"1258",109,224,1,1,1,0,0,0.734,1,NA
"1259",109,205,1,2,1,0,0,0.786,6,NA
"1260",109,201,1,2,1,0,0,0.372,6,NA
"1261",109,328,2,0,1,1,1,0.554,4,NA
"1262",109,405,2,1,1,0,0,0.542,1,NA
"1263",109,310,2,1,1,1,1,0.639,2,NA
"1264",109,329,2,0,1,0,1,0.278,4,NA
"1265",109,428,2,2,1,0,0,0.312,6,NA
"1266",109,301,2,0,1,1,1,0.269,6,NA
"1267",109,416,2,1,1,0,0,0.569,1,NA
"1268",109,318,2,1,1,0,1,0.393,6,NA
"1269",109,323,2,2,1,0,1,0.58,6,NA
"1270",109,316,2,1,1,0,1,0.349,3,NA
"1271",109,407,2,1,1,1,0,0.313,5,NA
"1272",109,426,2,0,1,1,0,1.392,1,NA
"1273",109,413,2,0,1,0,0,0.195,6,NA
"1274",109,309,2,0,1,1,1,0.236,4,NA
"1275",109,422,2,2,1,0,0,0.67,6,NA
"1276",109,401,2,2,1,0,0,0.416,1,NA
"1277",109,314,2,2,1,0,1,0.29,4,NA
"1278",109,410,2,1,1,0,0,0.335,3,NA
"1279",109,419,2,0,1,0,0,0.774,2,NA
"1280",109,418,2,2,1,1,0,0.291,6,NA
"1281",109,414,2,1,1,1,0,0.571,2,NA
"1282",109,322,2,1,1,1,1,0.472,3,NA
"1283",109,311,2,2,1,1,1,0.781,5,NA
"1284",109,424,2,2,1,0,0,0.165,1,NA
"1285",109,420,2,0,1,0,0,0.977,1,NA
"1286",109,427,2,0,1,1,0,0.152,2,NA
"1287",109,302,2,2,1,0,1,1.296,2,NA
"1288",109,321,2,2,1,0,1,0.52,6,NA
"1289",109,304,2,1,1,0,1,1.308,1,NA
"1290",109,319,2,0,1,0,1,0.551,6,NA
"1291",109,403,2,1,1,0,0,0.55,5,NA
"1292",109,406,2,0,1,1,0,1.052,2,NA
"1293",109,317,2,1,1,0,1,1.881,6,NA
"1294",109,306,2,2,1,1,1,0.361,1,NA
"1295",109,320,2,0,1,1,1,0.17,5,NA
"1296",109,429,2,0,1,0,0,0.349,6,NA
"1297",109,325,2,0,1,1,1,1.038,6,NA
"1298",109,430,2,2,1,1,0,0.145,5,NA
"1299",109,412,2,0,1,1,0,1.139,6,NA
"1300",109,408,2,2,1,0,0,0.267,3,NA
"1301",109,303,2,1,1,1,1,0.094,6,NA
"1302",109,307,2,0,1,1,1,0.829,4,NA
"1303",109,327,2,0,1,1,1,0.625,3,NA
"1304",109,404,2,2,1,1,0,0.559,2,NA
"1305",109,305,2,1,1,0,1,1.45,4,NA
"1306",109,411,2,2,1,1,0,0.358,3,NA
"1307",109,315,2,2,1,0,1,2.495,4,NA
"1308",109,308,2,2,1,1,1,0.511,4,NA
"1309",109,409,2,1,1,0,0,0.136,6,NA
"1310",109,326,2,0,1,1,1,0.354,2,NA
"1311",109,421,2,0,1,0,0,2.311,2,NA
"1312",109,324,2,2,1,0,1,1.135,1,NA
"1313",109,312,2,1,1,1,1,0.114,5,NA
"1314",109,425,2,1,1,0,0,2.72,2,NA
"1315",109,330,2,1,1,0,1,1.313,6,NA
"1316",109,313,2,2,1,0,1,1.065,1,NA
"1317",109,417,2,2,1,0,0,3.683,2,NA
"1318",109,415,2,0,1,0,0,0.767,3,NA
"1319",109,423,2,1,1,0,0,0.99,1,NA
"1320",109,402,2,1,1,0,0,0.174,6,NA
"1321",11,321,1,2,1,1,1,1.006,1,NA
"1322",11,316,1,1,1,1,1,0.52,5,NA
"1323",11,313,1,1,1,1,1,0.502,6,NA
"1324",11,222,1,0,1,1,0,0.397,2,NA
"1325",11,323,1,0,1,1,1,0.911,6,NA
"1326",11,208,1,1,1,0,0,0.424,3,NA
"1327",11,322,1,0,1,0,1,0.666,2,NA
"1328",11,325,1,2,1,1,1,0.421,5,NA
"1329",11,306,1,0,1,1,1,0.515,5,NA
"1330",11,307,1,2,1,1,1,0.492,5,NA
"1331",11,319,1,2,1,1,1,0.345,5,NA
"1332",11,218,1,0,1,1,0,0.98,1,NA
"1333",11,223,1,1,1,0,0,0.36,3,NA
"1334",11,224,1,2,1,1,0,0.445,4,NA
"1335",11,226,1,2,1,1,0,0.487,6,NA
"1336",11,210,1,1,1,0,0,0.869,1,NA
"1337",11,315,1,0,1,0,1,0.555,6,NA
"1338",11,229,1,0,1,1,0,1.236,2,NA
"1339",11,205,1,0,1,0,0,0.366,2,NA
"1340",11,227,1,1,1,0,0,0.496,3,NA
"1341",11,230,1,1,1,1,0,0.342,1,NA
"1342",11,219,1,2,1,0,0,0.558,1,NA
"1343",11,201,1,0,1,1,0,0.372,2,NA
"1344",11,305,1,2,1,1,1,0.661,6,NA
"1345",11,312,1,1,1,1,1,0.555,6,NA
"1346",11,302,1,1,1,0,1,0.788,5,NA
"1347",11,308,1,1,1,1,1,0.307,5,NA
"1348",11,217,1,2,1,0,0,0.484,2,NA
"1349",11,221,1,2,1,1,0,0.287,2,NA
"1350",11,328,1,0,1,0,1,0.566,5,NA
"1351",11,330,1,0,1,1,1,0.54,6,NA
"1352",11,324,1,0,1,1,1,0.366,6,NA
"1353",11,314,1,0,1,1,1,0.562,5,NA
"1354",11,213,1,0,1,0,0,1.807,2,NA
"1355",11,228,1,1,1,0,0,0.667,3,NA
"1356",11,206,1,1,1,0,0,0.654,1,NA
"1357",11,301,1,2,1,1,1,0.476,5,NA
"1358",11,327,1,0,1,1,1,0.569,6,NA
"1359",11,329,1,2,1,1,1,1.081,5,NA
"1360",11,310,1,1,1,1,1,0.86,3,NA
"1361",11,207,1,2,1,0,0,0.737,6,NA
"1362",11,303,1,2,1,1,1,0.456,5,NA
"1363",11,225,1,2,1,0,0,0.413,2,NA
"1364",11,215,1,2,1,0,0,0.553,2,NA
"1365",11,311,1,2,1,1,1,0.612,3,NA
"1366",11,317,1,2,1,1,1,0.63,2,NA
"1367",11,304,1,1,1,1,1,0.402,6,NA
"1368",11,203,1,0,1,0,0,0.788,3,NA
"1369",11,202,1,0,1,1,0,0.909,2,NA
"1370",11,216,1,0,1,0,0,0.59,1,NA
"1371",11,211,1,1,1,1,0,0.959,2,NA
"1372",11,204,1,2,1,0,0,0.543,1,NA
"1373",11,214,1,1,1,1,0,0.789,1,NA
"1374",11,309,1,1,1,1,1,0.479,5,NA
"1375",11,209,1,2,1,0,0,0.508,1,NA
"1376",11,320,1,1,1,1,1,0.739,6,NA
"1377",11,326,1,0,1,1,1,0.438,5,NA
"1378",11,318,1,1,1,1,1,0.744,3,NA
"1379",11,212,1,1,1,1,0,1.049,3,NA
"1380",11,220,1,0,1,0,0,0.784,3,NA
"1381",11,123,2,0,1,0,1,0.68,1,NA
"1382",11,129,2,0,1,0,1,0.52,3,NA
"1383",11,410,2,0,1,1,0,0.279,6,NA
"1384",11,111,2,1,1,1,1,0.415,2,NA
"1385",11,425,2,2,1,1,0,0.734,2,NA
"1386",11,110,2,1,1,1,1,0.64,3,NA
"1387",11,401,2,2,1,1,0,0.481,1,NA
"1388",11,426,2,1,1,1,0,0.57,1,NA
"1389",11,411,2,1,1,1,0,0.551,2,NA
"1390",11,112,2,2,1,0,1,0.477,1,NA
"1391",11,404,2,2,1,1,0,0.385,1,NA
"1392",11,406,2,2,1,1,0,0.533,5,NA
"1393",11,427,2,2,1,1,0,0.727,3,NA
"1394",11,409,2,1,1,0,0,0.812,1,NA
"1395",11,418,2,0,1,0,0,0.871,2,NA
"1396",11,108,2,0,1,1,1,0.36,5,NA
"1397",11,430,2,0,1,0,0,1.155,2,NA
"1398",11,412,2,0,1,1,0,0.74,4,NA
"1399",11,127,2,2,1,1,1,0.525,5,NA
"1400",11,414,2,0,1,0,0,0.658,2,NA
"1401",11,118,2,0,1,0,1,0.927,2,NA
"1402",11,102,2,1,1,0,1,0.572,1,NA
"1403",11,125,2,1,1,0,1,0.553,5,NA
"1404",11,419,2,1,1,1,0,0.91,2,NA
"1405",11,105,2,0,1,1,1,0.578,5,NA
"1406",11,121,2,2,1,0,1,0.492,6,NA
"1407",11,424,2,1,1,0,0,0.407,5,NA
"1408",11,120,2,1,1,1,1,0.673,2,NA
"1409",11,113,2,2,1,0,1,0.552,2,NA
"1410",11,107,2,2,1,1,1,0.489,5,NA
"1411",11,415,2,0,1,1,0,0.847,2,NA
"1412",11,117,2,0,1,1,1,0.521,5,NA
"1413",11,429,2,2,1,0,0,0.412,1,NA
"1414",11,423,2,2,1,1,0,0.584,1,NA
"1415",11,126,2,1,1,0,1,0.368,1,NA
"1416",11,104,2,2,1,1,1,0.619,4,NA
"1417",11,101,2,1,1,1,1,0.702,6,NA
"1418",11,408,2,1,1,1,0,0.467,2,NA
"1419",11,413,2,2,1,1,0,0.406,5,NA
"1420",11,428,2,0,1,1,0,0.656,1,NA
"1421",11,119,2,2,1,1,1,0.371,3,NA
"1422",11,109,2,0,1,1,1,0.588,6,NA
"1423",11,421,2,1,1,1,0,0.936,2,NA
"1424",11,416,2,0,1,0,0,0.594,1,NA
"1425",11,420,2,2,1,1,0,0.409,6,NA
"1426",11,128,2,0,1,1,1,0.559,2,NA
"1427",11,115,2,2,1,0,1,0.806,1,NA
"1428",11,124,2,1,1,1,1,0.591,1,NA
"1429",11,103,2,0,1,1,1,0.348,2,NA
"1430",11,422,2,0,1,1,0,0.526,4,NA
"1431",11,106,2,0,1,1,1,0.399,5,NA
"1432",11,130,2,2,1,0,1,0.644,6,NA
"1433",11,122,2,1,1,1,1,0.381,5,NA
"1434",11,116,2,1,1,0,1,0.727,2,NA
"1435",11,405,2,0,1,0,0,0.425,1,NA
"1436",11,402,2,1,1,0,0,0.681,1,NA
"1437",11,407,2,1,1,0,0,0.65,3,NA
"1438",11,403,2,1,1,0,0,0.356,5,NA
"1439",11,417,2,2,1,0,0,0.504,1,NA
"1440",11,114,2,2,1,1,1,0.861,2,NA
"1441",110,430,1,2,1,0,1,4.14,4,NA
"1442",110,410,1,1,1,1,1,1.206,5,NA
"1443",110,230,1,0,1,0,0,1.443,2,NA
"1444",110,206,1,1,1,0,0,3.049,1,NA
"1445",110,209,1,2,1,1,0,0.612,1,NA
"1446",110,408,1,0,1,1,1,0.877,3,NA
"1447",110,226,1,0,1,1,0,0.566,3,NA
"1448",110,417,1,1,1,1,1,0.59,4,NA
"1449",110,407,1,1,1,0,1,0.689,3,NA
"1450",110,414,1,0,1,1,1,0.586,3,NA
"1451",110,204,1,2,1,0,0,0.564,4,NA
"1452",110,227,1,1,1,0,0,0.5,6,NA
"1453",110,214,1,0,1,0,0,0.431,5,NA
"1454",110,210,1,1,1,0,0,0.585,5,NA
"1455",110,429,1,0,1,0,1,0.417,5,NA
"1456",110,402,1,2,1,1,1,0.31,5,NA
"1457",110,421,1,1,1,1,1,0.286,5,NA
"1458",110,409,1,2,1,0,1,0.38,3,NA
"1459",110,405,1,1,1,0,1,0.342,2,NA
"1460",110,219,1,2,1,0,0,1.048,2,NA
"1461",110,218,1,2,1,1,0,1.881,2,NA
"1462",110,215,1,1,1,0,0,0.562,4,NA
"1463",110,222,1,2,1,1,0,0.756,3,NA
"1464",110,413,1,2,1,1,1,3.632,5,NA
"1465",110,224,1,0,1,1,0,0.425,5,NA
"1466",110,212,1,0,1,1,0,0.43,5,NA
"1467",110,424,1,0,1,1,1,0.628,5,NA
"1468",110,412,1,2,1,0,1,0.438,6,NA
"1469",110,223,1,1,1,0,0,0.431,4,NA
"1470",110,401,1,0,1,0,1,0.457,2,NA
"1471",110,422,1,2,1,1,1,0.789,1,NA
"1472",110,217,1,1,1,1,0,0.392,6,NA
"1473",110,420,1,1,1,1,1,0.374,2,NA
"1474",110,428,1,0,1,1,1,0.597,5,NA
"1475",110,220,1,2,1,0,0,2.053,3,NA
"1476",110,211,1,1,1,0,0,0.722,2,NA
"1477",110,406,1,2,1,1,1,0.513,2,NA
"1478",110,221,1,0,1,1,0,0.459,5,NA
"1479",110,228,1,2,1,0,0,1.688,3,NA
"1480",110,426,1,1,1,1,1,0.649,1,NA
"1481",110,213,1,2,1,1,0,0.863,3,NA
"1482",110,403,1,2,1,1,1,1.274,3,NA
"1483",110,208,1,0,1,1,0,0.394,3,NA
"1484",110,419,1,2,1,1,1,0.477,3,NA
"1485",110,423,1,0,1,1,1,0.335,4,NA
"1486",110,205,1,2,1,0,0,0.432,2,NA
"1487",110,216,1,0,1,1,0,0.318,2,NA
"1488",110,427,1,0,1,1,1,0.586,5,NA
"1489",110,416,1,0,1,1,1,0.509,3,NA
"1490",110,203,1,1,1,1,0,0.351,4,NA
"1491",110,229,1,0,1,1,0,0.394,5,NA
"1492",110,202,1,1,1,0,0,0.405,3,NA
"1493",110,207,1,2,1,0,0,0.599,2,NA
"1494",110,201,1,1,1,0,0,0.466,2,NA
"1495",110,425,1,0,1,1,1,0.336,2,NA
"1496",110,225,1,0,1,0,0,0.707,2,NA
"1497",110,418,1,1,1,0,1,1.445,3,NA
"1498",110,411,1,1,1,1,1,0.38,6,NA
"1499",110,404,1,1,1,1,1,0.799,4,NA
"1500",110,415,1,2,1,1,1,0.513,3,NA
"1501",110,302,2,0,1,0,1,2.536,4,NA
"1502",110,328,2,1,1,1,1,1.089,3,NA
"1503",110,323,2,1,1,1,1,0.545,6,NA
"1504",110,316,2,1,1,0,1,1.441,1,NA
"1505",110,329,2,2,1,1,1,0.445,5,NA
"1506",110,120,2,1,1,1,0,0.383,3,NA
"1507",110,307,2,2,1,1,1,0.618,5,NA
"1508",110,125,2,0,1,0,0,0.377,6,NA
"1509",110,118,2,1,1,0,0,0.742,3,NA
"1510",110,320,2,0,1,1,1,0.907,4,NA
"1511",110,327,2,2,1,0,1,0.84,2,NA
"1512",110,117,2,1,1,0,0,0.581,5,NA
"1513",110,306,2,2,1,1,1,0.409,4,NA
"1514",110,326,2,0,1,1,1,1.3,3,NA
"1515",110,113,2,2,1,1,0,0.874,3,NA
"1516",110,319,2,2,1,0,1,1.413,5,NA
"1517",110,324,2,1,1,0,1,0.319,3,NA
"1518",110,123,2,2,1,1,0,0.668,3,NA
"1519",110,101,2,0,1,0,0,0.702,4,NA
"1520",110,109,2,2,1,0,0,2.252,5,NA
"1521",110,106,2,1,1,1,0,0.683,4,NA
"1522",110,317,2,0,1,1,1,0.626,4,NA
"1523",110,104,2,0,1,0,0,0.442,4,NA
"1524",110,116,2,2,1,1,0,1.283,4,NA
"1525",110,129,2,0,1,0,0,0.514,2,NA
"1526",110,110,2,0,1,0,0,1.505,5,NA
"1527",110,103,2,1,1,0,0,0.474,2,NA
"1528",110,330,2,1,1,1,1,0.233,4,NA
"1529",110,303,2,0,1,0,1,0.782,3,NA
"1530",110,105,2,2,1,1,0,1.756,3,NA
"1531",110,301,2,0,1,1,1,0.344,3,NA
"1532",110,122,2,1,1,0,0,0.679,3,NA
"1533",110,304,2,2,1,1,1,0.433,2,NA
"1534",110,119,2,1,1,1,0,0.513,2,NA
"1535",110,126,2,2,1,1,0,0.422,4,NA
"1536",110,111,2,1,1,1,0,0.448,4,NA
"1537",110,310,2,1,1,0,1,1.168,2,NA
"1538",110,313,2,0,1,0,1,0.638,5,NA
"1539",110,130,2,0,1,1,0,1.205,4,NA
"1540",110,114,2,2,1,0,0,0.781,4,NA
"1541",110,107,2,2,1,0,0,0.78,4,NA
"1542",110,318,2,0,1,1,1,0.419,5,NA
"1543",110,308,2,1,1,1,1,2.357,4,NA
"1544",110,305,2,1,1,0,1,0.783,5,NA
"1545",110,325,2,2,1,1,1,1.429,4,NA
"1546",110,108,2,1,1,0,0,0.766,4,NA
"1547",110,311,2,1,1,1,1,0.459,5,NA
"1548",110,115,2,0,1,1,0,0.772,3,NA
"1549",110,312,2,1,1,1,1,0.664,4,NA
"1550",110,309,2,2,1,1,1,0.482,3,NA
"1551",110,102,2,0,1,0,0,2.022,4,NA
"1552",110,112,2,0,1,0,0,1.354,4,NA
"1553",110,314,2,2,1,1,1,1.578,3,NA
"1554",110,121,2,2,1,1,0,1.136,4,NA
"1555",110,315,2,0,1,0,1,0.979,2,NA
"1556",110,321,2,2,1,1,1,0.695,5,NA
"1557",110,127,2,0,1,0,0,0.811,4,NA
"1558",110,124,2,2,1,0,0,0.678,4,NA
"1559",110,322,2,0,1,0,1,1.079,1,NA
"1560",110,128,2,1,1,1,0,0.03,6,NA
"1561",111,118,1,0,1,0,0,2.433,5,NA
"1562",111,203,1,0,1,1,1,0.466,1,NA
"1563",111,210,1,1,1,1,1,0.553,1,NA
"1564",111,227,1,1,1,1,1,0.582,1,NA
"1565",111,214,1,2,1,0,1,1.021,4,NA
"1566",111,104,1,0,1,0,0,1.489,5,NA
"1567",111,209,1,2,1,1,1,0.45,1,NA
"1568",111,121,1,1,1,1,0,2.798,4,NA
"1569",111,220,1,2,1,1,1,0.387,6,NA
"1570",111,101,1,2,1,0,0,0.9,3,NA
"1571",111,228,1,0,1,1,1,0.387,6,NA
"1572",111,124,1,1,1,0,0,0.941,4,NA
"1573",111,205,1,2,1,1,1,0.317,6,NA
"1574",111,106,1,2,1,1,0,0.454,3,NA
"1575",111,130,1,2,1,0,0,0.537,5,NA
"1576",111,211,1,1,1,1,1,0.439,6,NA
"1577",111,113,1,1,1,1,0,0.301,6,NA
"1578",111,102,1,0,1,0,0,0.547,5,NA
"1579",111,125,1,2,1,0,0,0.568,3,NA
"1580",111,218,1,0,1,1,1,1.824,3,NA
"1581",111,229,1,0,1,0,1,1.072,4,NA
"1582",111,128,1,0,1,1,0,0.523,5,NA
"1583",111,224,1,1,1,1,1,0.393,6,NA
"1584",111,120,1,2,1,1,0,0.291,2,NA
"1585",111,215,1,1,1,1,1,0.499,5,NA
"1586",111,217,1,0,1,1,1,0.431,6,NA
"1587",111,208,1,2,1,1,1,0.454,6,NA
"1588",111,107,1,1,1,0,0,0.646,3,NA
"1589",111,119,1,0,1,0,0,1.071,4,NA
"1590",111,115,1,1,1,1,0,0.607,5,NA
"1591",111,221,1,1,1,1,1,0.323,6,NA
"1592",111,222,1,2,1,1,1,1.265,4,NA
"1593",111,123,1,0,1,1,0,0.442,4,NA
"1594",111,212,1,0,1,1,1,0.366,5,NA
"1595",111,226,1,0,1,0,1,0.743,4,NA
"1596",111,108,1,1,1,0,0,0.244,6,NA
"1597",111,204,1,1,1,1,1,0.441,6,NA
"1598",111,122,1,1,1,1,0,0.708,5,NA
"1599",111,111,1,0,1,0,0,0.402,4,NA
"1600",111,206,1,2,1,1,1,0.429,5,NA
"1601",111,114,1,0,1,1,0,0.496,2,NA
"1602",111,223,1,2,1,1,1,0.384,5,NA
"1603",111,129,1,2,1,1,0,2.197,4,NA
"1604",111,230,1,0,1,0,1,0.39,4,NA
"1605",111,219,1,2,1,1,1,0.61,4,NA
"1606",111,207,1,1,1,0,1,1.182,6,NA
"1607",111,112,1,2,1,1,0,1.948,4,NA
"1608",111,216,1,0,1,1,1,0.412,6,NA
"1609",111,103,1,2,1,0,0,0.336,5,NA
"1610",111,109,1,2,1,1,0,1.047,4,NA
"1611",111,201,1,2,1,1,1,0.484,6,NA
"1612",111,225,1,1,1,1,1,0.358,6,NA
"1613",111,117,1,1,1,1,0,0.425,5,NA
"1614",111,126,1,0,1,1,0,0.528,2,NA
"1615",111,110,1,1,1,0,0,0.804,3,NA
"1616",111,127,1,0,1,0,0,1.277,5,NA
"1617",111,202,1,1,1,1,1,0.586,6,NA
"1618",111,116,1,2,1,1,0,0.748,1,NA
"1619",111,213,1,0,1,1,1,0.294,6,NA
"1620",111,105,1,1,1,0,0,0.756,5,NA
"1621",111,325,2,2,1,1,0,0.714,4,NA
"1622",111,408,2,2,1,1,1,0.484,4,NA
"1623",111,302,2,2,1,0,0,2.927,2,NA
"1624",111,417,2,0,1,1,1,1.098,3,NA
"1625",111,313,2,0,1,0,0,1.385,3,NA
"1626",111,423,2,2,1,0,1,0.746,4,NA
"1627",111,405,2,2,1,1,1,0.397,5,NA
"1628",111,414,2,1,1,1,1,0.424,4,NA
"1629",111,305,2,1,1,0,0,2.317,6,NA
"1630",111,308,2,2,1,0,0,0.717,6,NA
"1631",111,328,2,2,1,1,0,0.394,3,NA
"1632",111,402,2,0,1,1,1,1.013,5,NA
"1633",111,410,2,0,1,1,1,0.429,6,NA
"1634",111,327,2,1,1,1,0,0.466,4,NA
"1635",111,304,2,0,1,1,0,1.231,4,NA
"1636",111,409,2,2,1,0,1,0.405,5,NA
"1637",111,419,2,1,1,1,1,0.279,2,NA
"1638",111,406,2,1,1,1,1,1.212,4,NA
"1639",111,316,2,1,1,1,0,1.015,1,NA
"1640",111,310,2,2,1,0,0,0.866,3,NA
"1641",111,415,2,0,1,0,1,0.306,6,NA
"1642",111,314,2,0,1,0,0,2.694,6,NA
"1643",111,330,2,0,1,1,0,0.484,4,NA
"1644",111,421,2,2,1,0,1,0.569,5,NA
"1645",111,401,2,1,1,1,1,0.398,5,NA
"1646",111,416,2,1,1,1,1,1.419,4,NA
"1647",111,411,2,0,1,1,1,0.306,5,NA
"1648",111,306,2,0,1,1,0,0.729,3,NA
"1649",111,326,2,1,1,0,0,0.3,4,NA
"1650",111,303,2,1,1,1,0,0.39,6,NA
"1651",111,425,2,0,1,1,1,0.603,5,NA
"1652",111,315,2,2,1,1,0,0.69,4,NA
"1653",111,427,2,2,1,1,1,0.335,5,NA
"1654",111,329,2,0,1,0,0,0.379,4,NA
"1655",111,429,2,2,1,0,1,0.998,6,NA
"1656",111,403,2,0,1,1,1,0.494,6,NA
"1657",111,317,2,1,1,0,0,0.43,5,NA
"1658",111,420,2,0,1,1,1,0.319,4,NA
"1659",111,321,2,0,1,1,0,0.778,2,NA
"1660",111,323,2,0,1,1,0,1.534,4,NA
"1661",111,413,2,1,1,1,1,0.405,6,NA
"1662",111,311,2,2,1,0,0,0.624,5,NA
"1663",111,307,2,2,1,0,0,0.309,3,NA
"1664",111,309,2,0,1,1,0,0.32,5,NA
"1665",111,324,2,2,1,1,0,0.466,4,NA
"1666",111,422,2,0,1,0,1,1.019,2,NA
"1667",111,322,2,1,1,0,0,0.53,4,NA
"1668",111,407,2,1,1,0,1,0.415,5,NA
"1669",111,301,2,1,1,1,0,0.925,6,NA
"1670",111,428,2,2,1,1,1,0.537,6,NA
"1671",111,424,2,1,1,0,1,0.392,5,NA
"1672",111,320,2,1,1,1,0,0.4,4,NA
"1673",111,404,2,0,1,1,1,0.34,1,NA
"1674",111,318,2,2,1,1,0,0.551,3,NA
"1675",111,418,2,1,1,0,1,0.284,4,NA
"1676",111,412,2,1,1,1,1,0.289,6,NA
"1677",111,312,2,0,1,1,0,0.816,5,NA
"1678",111,426,2,2,1,0,1,0.938,6,NA
"1679",111,319,2,1,1,1,0,0.352,4,NA
"1680",111,430,2,2,1,1,1,0.352,4,NA
"1681",112,219,1,1,1,0,0,1.01,5,NA
"1682",112,104,1,1,1,0,1,0.901,1,NA
"1683",112,107,1,1,1,0,1,2.068,1,NA
"1684",112,230,1,0,1,1,0,2.715,1,NA
"1685",112,124,1,1,1,1,1,1.387,5,NA
"1686",112,202,1,0,1,1,0,1.091,1,NA
"1687",112,102,1,2,1,1,1,0.247,1,NA
"1688",112,212,1,0,1,1,0,0.458,1,NA
"1689",112,216,1,1,1,0,0,1.027,1,NA
"1690",112,130,1,0,1,1,1,1.567,6,NA
"1691",112,112,1,0,1,0,1,2.076,1,NA
"1692",112,122,1,0,1,1,1,2.521,1,NA
"1693",112,123,1,1,1,1,1,0.11,6,NA
"1694",112,206,1,1,1,0,0,0.023,1,NA
"1695",112,105,1,1,1,0,1,0.561,1,NA
"1696",112,225,1,2,1,1,0,1.017,1,NA
"1697",112,224,1,0,1,1,0,1.143,2,NA
"1698",112,120,1,2,1,1,1,1.391,1,NA
"1699",112,116,1,2,1,0,1,0.571,1,NA
"1700",112,213,1,2,1,0,0,0.584,1,NA
"1701",112,220,1,2,1,1,0,0.826,1,NA
"1702",112,115,1,2,1,1,1,0.113,5,NA
"1703",112,204,1,2,1,0,0,0.898,1,NA
"1704",112,203,1,1,1,1,0,0.906,2,NA
"1705",112,109,1,0,1,1,1,0.957,2,NA
"1706",112,214,1,2,1,0,0,0.687,1,NA
"1707",112,128,1,2,1,1,1,0.836,5,NA
"1708",112,217,1,1,1,1,0,0.745,4,NA
"1709",112,117,1,0,1,0,1,4.697,1,NA
"1710",112,226,1,0,1,1,0,1.372,1,NA
"1711",112,129,1,2,1,1,1,1.698,1,NA
"1712",112,113,1,0,1,1,1,0.105,1,NA
"1713",112,108,1,0,1,1,1,1.726,2,NA
"1714",112,218,1,1,1,0,0,0.33,1,NA
"1715",112,126,1,0,1,1,1,0.343,1,NA
"1716",112,125,1,1,1,0,1,0.564,2,NA
"1717",112,121,1,0,1,1,1,1.048,1,NA
"1718",112,211,1,2,1,0,0,0.387,1,NA
"1719",112,111,1,0,1,0,1,0.115,1,NA
"1720",112,221,1,0,1,0,0,0.385,1,NA
"1721",112,103,1,2,1,1,1,1.116,1,NA
"1722",112,207,1,2,1,1,0,0.738,6,NA
"1723",112,114,1,1,1,0,1,0.705,1,NA
"1724",112,205,1,1,1,1,0,0.7,1,NA
"1725",112,110,1,1,1,1,1,0.547,5,NA
"1726",112,222,1,2,1,1,0,0.541,2,NA
"1727",112,127,1,2,1,1,1,1.143,1,NA
"1728",112,210,1,0,1,1,0,1.602,1,NA
"1729",112,101,1,2,1,1,1,0.332,3,NA
"1730",112,209,1,0,1,0,0,1.313,1,NA
"1731",112,208,1,0,1,1,0,0.348,1,NA
"1732",112,119,1,2,1,1,1,0.346,2,NA
"1733",112,223,1,2,1,0,0,0.937,2,NA
"1734",112,201,1,2,1,1,0,1.522,1,NA
"1735",112,228,1,0,1,1,0,0.858,6,NA
"1736",112,227,1,1,1,0,0,0.418,1,NA
"1737",112,229,1,1,1,1,0,1.054,1,NA
"1738",112,215,1,1,1,1,0,0.452,2,NA
"1739",112,106,1,1,1,1,1,0.383,3,NA
"1740",112,118,1,1,1,1,1,0.952,3,NA
"1741",112,409,2,1,1,0,1,0.652,4,NA
"1742",112,407,2,1,1,1,1,0.398,1,NA
"1743",112,410,2,0,1,1,1,0.791,6,NA
"1744",112,329,2,0,1,0,0,0.479,1,NA
"1745",112,330,2,2,1,0,0,0.282,1,NA
"1746",112,314,2,1,1,0,0,1.775,1,NA
"1747",112,412,2,0,1,1,1,1.666,1,NA
"1748",112,403,2,2,1,1,1,0.336,3,NA
"1749",112,315,2,0,1,1,0,2.493,1,NA
"1750",112,322,2,2,1,0,0,1.107,2,NA
"1751",112,327,2,1,1,0,0,0.471,1,NA
"1752",112,328,2,0,1,1,0,0.507,1,NA
"1753",112,324,2,1,1,1,0,1.51,1,NA
"1754",112,430,2,1,1,1,1,0.485,1,NA
"1755",112,401,2,2,1,1,1,0.729,5,NA
"1756",112,420,2,2,1,0,1,0.609,1,NA
"1757",112,428,2,0,1,1,1,0.679,1,NA
"1758",112,319,2,0,1,1,0,0.328,1,NA
"1759",112,301,2,1,1,0,0,0.176,1,NA
"1760",112,413,2,1,1,1,1,2.072,6,NA
"1761",112,306,2,2,1,0,0,1.32,1,NA
"1762",112,417,2,2,1,1,1,0.506,1,NA
"1763",112,318,2,2,1,0,0,0.53,1,NA
"1764",112,426,2,2,1,0,1,0.314,1,NA
"1765",112,418,2,0,1,1,1,1.223,1,NA
"1766",112,307,2,2,1,1,0,1.187,1,NA
"1767",112,427,2,1,1,0,1,0.477,1,NA
"1768",112,323,2,0,1,1,0,0.324,1,NA
"1769",112,316,2,1,1,0,0,0.294,1,NA
"1770",112,415,2,0,1,1,1,2.061,1,NA
"1771",112,406,2,1,1,1,1,0.058,6,NA
"1772",112,423,2,2,1,0,1,0.758,1,NA
"1773",112,408,2,2,1,1,1,1.187,4,NA
"1774",112,414,2,2,1,1,1,0.412,3,NA
"1775",112,309,2,0,1,1,0,1.66,1,NA
"1776",112,305,2,0,1,1,0,0.358,1,NA
"1777",112,325,2,1,1,1,0,0.301,3,NA
"1778",112,317,2,1,1,1,0,1.038,2,NA
"1779",112,326,2,2,1,0,0,1.009,1,NA
"1780",112,308,2,2,1,1,0,0.354,2,NA
"1781",112,311,2,2,1,1,0,1.196,1,NA
"1782",112,320,2,0,1,1,0,5.764,1,NA
"1783",112,424,2,0,1,0,1,0.5,1,NA
"1784",112,312,2,2,1,1,0,0.79,3,NA
"1785",112,402,2,2,1,0,1,0.429,1,NA
"1786",112,321,2,2,1,0,0,0.412,1,NA
"1787",112,313,2,1,1,1,0,3.051,2,NA
"1788",112,405,2,0,1,0,1,0.595,1,NA
"1789",112,419,2,2,1,0,1,0.418,1,NA
"1790",112,422,2,1,1,0,1,0.311,1,NA
"1791",112,425,2,0,1,1,1,0.418,1,NA
"1792",112,404,2,1,1,1,1,0.874,1,NA
"1793",112,421,2,1,1,1,1,1.088,1,NA
"1794",112,303,2,1,1,1,0,0.334,1,NA
"1795",112,310,2,0,1,1,0,0.617,1,NA
"1796",112,416,2,0,1,1,1,2.365,1,NA
"1797",112,429,2,0,1,1,1,0.328,1,NA
"1798",112,411,2,1,1,0,1,0.144,1,NA
"1799",112,302,2,0,1,0,0,3.372,3,NA
"1800",112,304,2,1,1,1,0,2.263,1,NA
"1801",113,428,1,2,1,1,1,1.47,3,NA
"1802",113,402,1,0,1,1,1,0.923,6,NA
"1803",113,319,1,2,1,1,0,5.094,2,NA
"1804",113,303,1,0,1,1,0,0.529,3,NA
"1805",113,406,1,1,1,0,1,1.095,5,NA
"1806",113,419,1,0,1,1,1,0.931,4,NA
"1807",113,328,1,1,1,1,0,2.118,2,NA
"1808",113,329,1,2,1,0,0,1.027,5,NA
"1809",113,323,1,2,1,1,0,0.832,2,NA
"1810",113,429,1,2,1,1,1,3.167,3,NA
"1811",113,322,1,0,1,0,0,0.957,5,NA
"1812",113,425,1,1,1,1,1,2.55,5,NA
"1813",113,302,1,2,1,1,0,0.47,5,NA
"1814",113,409,1,2,1,1,1,0.217,5,NA
"1815",113,311,1,1,1,1,0,0.876,3,NA
"1816",113,310,1,1,1,0,0,0.402,2,NA
"1817",113,401,1,1,1,1,1,0.431,6,NA
"1818",113,404,1,0,1,1,1,0.365,4,NA
"1819",113,414,1,1,1,0,1,0.405,3,NA
"1820",113,317,1,0,1,0,0,0.501,4,NA
"1821",113,422,1,2,1,1,1,0.619,5,NA
"1822",113,411,1,0,1,0,1,1.384,2,NA
"1823",113,412,1,0,1,1,1,0.352,6,NA
"1824",113,327,1,0,1,1,0,0.736,3,NA
"1825",113,305,1,2,1,0,0,0.729,4,NA
"1826",113,417,1,2,1,0,1,0.978,3,NA
"1827",113,313,1,1,1,0,0,2.668,5,NA
"1828",113,416,1,1,1,1,1,2.706,3,NA
"1829",113,306,1,1,1,0,0,0.784,3,NA
"1830",113,312,1,0,1,1,0,2.08,5,NA
"1831",113,407,1,1,1,1,1,1.3,5,NA
"1832",113,405,1,2,1,0,1,1.101,3,NA
"1833",113,316,1,0,1,0,0,1.462,3,NA
"1834",113,308,1,0,1,1,0,0.409,3,NA
"1835",113,318,1,0,1,1,0,0.162,3,NA
"1836",113,410,1,0,1,1,1,1.26,5,NA
"1837",113,427,1,1,1,0,1,0.14,4,NA
"1838",113,403,1,2,1,1,1,1.389,4,NA
"1839",113,321,1,2,1,0,0,0.52,4,NA
"1840",113,301,1,2,1,1,0,0.584,2,NA
"1841",113,430,1,0,1,0,1,0.58,3,NA
"1842",113,309,1,1,1,1,0,0.446,2,NA
"1843",113,426,1,1,1,0,1,0.423,2,NA
"1844",113,314,1,2,1,0,0,5.165,3,NA
"1845",113,325,1,1,1,1,0,0.247,4,NA
"1846",113,421,1,2,1,1,1,0.347,4,NA
"1847",113,326,1,2,1,1,0,1.528,2,NA
"1848",113,315,1,2,1,0,0,0.414,2,NA
"1849",113,424,1,0,1,1,1,1.03,2,NA
"1850",113,324,1,0,1,0,0,1.881,3,NA
"1851",113,413,1,0,1,1,1,0.805,3,NA
"1852",113,330,1,0,1,0,0,1.313,2,NA
"1853",113,320,1,1,1,1,0,0.864,2,NA
"1854",113,415,1,1,1,1,1,0.605,5,NA
"1855",113,418,1,2,1,1,1,0.453,6,NA
"1856",113,307,1,1,1,0,0,0.488,4,NA
"1857",113,408,1,1,1,1,1,0.701,4,NA
"1858",113,423,1,2,1,1,1,1.131,5,NA
"1859",113,420,1,0,1,1,1,0.139,5,NA
"1860",113,304,1,1,1,1,0,0.497,3,NA
"1861",113,229,2,2,1,0,0,1.748,4,NA
"1862",113,222,2,1,1,1,0,0.504,5,NA
"1863",113,117,2,2,1,1,1,0.957,2,NA
"1864",113,203,2,1,1,1,0,0.263,4,NA
"1865",113,201,2,0,1,0,0,0.639,2,NA
"1866",113,121,2,0,1,0,1,0.377,2,NA
"1867",113,114,2,2,1,1,1,0.363,2,NA
"1868",113,112,2,2,1,0,1,0.414,2,NA
"1869",113,202,2,0,1,1,0,0.725,4,NA
"1870",113,219,2,0,1,1,0,0.891,4,NA
"1871",113,220,2,1,1,1,0,0.531,3,NA
"1872",113,129,2,1,1,1,1,0.438,3,NA
"1873",113,205,2,0,1,1,0,0.526,3,NA
"1874",113,120,2,0,1,1,1,1.087,2,NA
"1875",113,210,2,2,1,1,0,1.305,3,NA
"1876",113,104,2,0,1,0,1,0.387,1,NA
"1877",113,217,2,1,1,0,0,1.897,2,NA
"1878",113,213,2,2,1,1,0,0.304,3,NA
"1879",113,109,2,0,1,1,1,1.654,2,NA
"1880",113,224,2,1,1,1,0,0.347,5,NA
"1881",113,103,2,1,1,1,1,0.379,4,NA
"1882",113,127,2,1,1,0,1,0.963,3,NA
"1883",113,123,2,1,1,0,1,0.327,2,NA
"1884",113,122,2,0,1,1,1,0.297,4,NA
"1885",113,128,2,1,1,1,1,0.502,4,NA
"1886",113,204,2,0,1,1,0,0.38,4,NA
"1887",113,207,2,2,1,0,0,3.098,3,NA
"1888",113,113,2,2,1,1,1,0.347,2,NA
"1889",113,206,2,2,1,0,0,0.391,1,NA
"1890",113,110,2,2,1,1,1,0.315,5,NA
"1891",113,216,2,2,1,1,0,1.237,3,NA
"1892",113,214,2,2,1,0,0,0.729,1,NA
"1893",113,211,2,2,1,1,0,0.712,2,NA
"1894",113,118,2,1,1,0,1,1.898,2,NA
"1895",113,107,2,1,1,1,1,0.511,2,NA
"1896",113,111,2,0,1,0,1,0.361,2,NA
"1897",113,215,2,1,1,0,0,0.574,5,NA
"1898",113,125,2,1,1,1,1,0.55,2,NA
"1899",113,209,2,1,1,1,0,0.333,2,NA
"1900",113,212,2,0,1,1,0,1.505,4,NA
"1901",113,102,2,1,1,0,1,1.705,4,NA
"1902",113,105,2,2,1,0,1,0.41,2,NA
"1903",113,226,2,0,1,1,0,0.42,4,NA
"1904",113,119,2,2,1,0,1,0.37,4,NA
"1905",113,227,2,1,1,1,0,0.432,5,NA
"1906",113,130,2,0,1,1,1,0.511,6,NA
"1907",113,218,2,1,1,0,0,1.195,2,NA
"1908",113,116,2,1,1,1,1,0.373,2,NA
"1909",113,225,2,1,1,0,0,0.377,3,NA
"1910",113,101,2,2,1,0,1,1.841,4,NA
"1911",113,228,2,0,1,1,0,0.42,5,NA
"1912",113,221,2,0,1,1,0,0.363,4,NA
"1913",113,230,2,0,1,1,0,0.551,4,NA
"1914",113,126,2,2,1,1,1,0.465,4,NA
"1915",113,106,2,0,1,1,1,0.323,5,NA
"1916",113,115,2,2,1,1,1,0.44,3,NA
"1917",113,124,2,0,1,0,1,1.249,4,NA
"1918",113,208,2,2,1,0,0,0.697,2,NA
"1919",113,108,2,0,1,1,1,0.32,4,NA
"1920",113,223,2,2,1,0,0,0.286,2,NA
"1921",115,405,1,1,1,1,0,0.405,4,NA
"1922",115,311,1,2,1,0,1,6.643,6,NA
"1923",115,412,1,0,1,1,0,2.752,5,NA
"1924",115,328,1,0,1,1,1,1.897,1,NA
"1925",115,402,1,0,1,0,0,1.328,5,NA
"1926",115,316,1,2,1,0,1,1.822,2,NA
"1927",115,318,1,1,1,1,1,0.477,3,NA
"1928",115,404,1,0,1,0,0,1.111,4,NA
"1929",115,313,1,1,1,0,1,3.634,5,NA
"1930",115,327,1,0,1,1,1,3.259,1,NA
"1931",115,317,1,2,1,0,1,0.759,1,NA
"1932",115,403,1,2,1,0,0,0.688,4,NA
"1933",115,420,1,1,1,0,0,1.102,2,NA
"1934",115,423,1,2,1,0,0,0.604,2,NA
"1935",115,321,1,1,1,0,1,1.728,2,NA
"1936",115,409,1,1,1,0,0,0.448,3,NA
"1937",115,416,1,2,1,0,0,1.892,2,NA
"1938",115,414,1,0,1,0,0,0.933,3,NA
"1939",115,323,1,2,1,1,1,0.464,3,NA
"1940",115,312,1,2,1,1,1,0.867,3,NA
"1941",115,314,1,0,1,1,1,0.321,6,NA
"1942",115,406,1,1,1,0,0,0.277,1,NA
"1943",115,329,1,1,1,0,1,0.403,3,NA
"1944",115,407,1,1,1,0,0,0.581,3,NA
"1945",115,424,1,0,1,0,0,0.568,5,NA
"1946",115,305,1,0,1,1,1,0.458,6,NA
"1947",115,430,1,2,1,1,0,1.207,3,NA
"1948",115,425,1,2,1,1,0,0.609,2,NA
"1949",115,307,1,1,1,1,1,0.651,2,NA
"1950",115,319,1,0,1,1,1,0.988,4,NA
"1951",115,324,1,0,1,0,1,0.533,3,NA
"1952",115,306,1,0,1,1,1,0.907,3,NA
"1953",115,320,1,0,1,0,1,0.847,3,NA
"1954",115,418,1,0,1,0,0,0.394,6,NA
"1955",115,401,1,1,1,0,0,1.772,1,NA
"1956",115,408,1,1,1,0,0,2.579,3,NA
"1957",115,413,1,2,1,1,0,1.025,3,NA
"1958",115,330,1,2,1,1,1,0.726,1,NA
"1959",115,304,1,2,1,0,1,1.066,5,NA
"1960",115,301,1,0,1,0,1,1.347,2,NA
"1961",115,309,1,2,1,1,1,0.443,3,NA
"1962",115,422,1,2,1,0,0,1.476,2,NA
"1963",115,410,1,1,1,0,0,1.119,2,NA
"1964",115,322,1,1,1,0,1,0.6,3,NA
"1965",115,411,1,2,1,0,0,1.104,4,NA
"1966",115,426,1,1,1,0,0,1.349,4,NA
"1967",115,417,1,1,1,1,0,1.903,2,NA
"1968",115,427,1,0,1,0,0,1.562,4,NA
"1969",115,325,1,1,1,0,1,2.188,3,NA
"1970",115,428,1,2,1,0,0,0.527,4,NA
"1971",115,310,1,1,1,0,1,2.167,4,NA
"1972",115,429,1,2,1,0,0,0.458,5,NA
"1973",115,419,1,0,1,1,0,0.842,2,NA
"1974",115,302,1,2,1,0,1,0.451,3,NA
"1975",115,308,1,0,1,0,1,0.634,4,NA
"1976",115,326,1,1,1,1,1,0.539,2,NA
"1977",115,421,1,0,1,1,0,1.554,2,NA
"1978",115,315,1,1,1,0,1,0.44,4,NA
"1979",115,303,1,2,1,0,1,0.481,1,NA
"1980",115,415,1,0,1,1,0,0.693,3,NA
"1981",115,223,2,0,1,1,1,1.779,4,NA
"1982",115,121,2,1,1,0,0,1.395,3,NA
"1983",115,227,2,2,1,0,1,1.125,5,NA
"1984",115,103,2,2,1,1,0,1.166,4,NA
"1985",115,109,2,1,1,0,0,1.175,5,NA
"1986",115,204,2,1,1,0,1,2.118,3,NA
"1987",115,202,2,2,1,0,1,1.313,1,NA
"1988",115,124,2,0,1,0,0,0.543,2,NA
"1989",115,210,2,0,1,0,1,0.6,2,NA
"1990",115,110,2,0,1,0,0,1.68,2,NA
"1991",115,105,2,2,1,1,0,0.557,3,NA
"1992",115,111,2,1,1,0,0,1.574,1,NA
"1993",115,115,2,0,1,0,0,0.912,1,NA
"1994",115,211,2,0,1,1,1,1.277,4,NA
"1995",115,226,2,1,1,1,1,0.787,5,NA
"1996",115,218,2,2,1,1,1,0.781,2,NA
"1997",115,221,2,1,1,1,1,0.616,3,NA
"1998",115,130,2,0,1,1,0,1.23,2,NA
"1999",115,120,2,1,1,0,0,0.581,1,NA
"2000",115,230,2,0,1,1,1,3.547,2,NA
"2001",115,112,2,0,1,0,0,0.917,4,NA
"2002",115,225,2,0,1,0,1,0.648,5,NA
"2003",115,213,2,2,1,1,1,2.812,2,NA
"2004",115,203,2,2,1,1,1,0.269,2,NA
"2005",115,207,2,1,1,1,1,2.598,1,NA
"2006",115,104,2,2,1,0,0,1.404,1,NA
"2007",115,208,2,1,1,0,1,0.77,2,NA
"2008",115,122,2,1,1,0,0,3.149,2,NA
"2009",115,107,2,2,1,0,0,0.573,3,NA
"2010",115,118,2,2,1,0,0,0.486,6,NA
"2011",115,119,2,1,1,0,0,0.805,5,NA
"2012",115,102,2,0,1,0,0,0.578,5,NA
"2013",115,228,2,2,1,1,1,0.954,5,NA
"2014",115,205,2,1,1,0,1,0.639,4,NA
"2015",115,127,2,1,1,1,0,3.899,2,NA
"2016",115,215,2,0,1,1,1,0.497,5,NA
"2017",115,106,2,1,1,1,0,3.092,3,NA
"2018",115,125,2,2,1,1,0,0.704,5,NA
"2019",115,229,2,2,1,1,1,0.637,2,NA
"2020",115,117,2,0,1,0,0,3.45,2,NA
"2021",115,113,2,2,1,1,0,0.674,6,NA
"2022",115,224,2,1,1,1,1,0.357,3,NA
"2023",115,206,2,0,1,0,1,0.618,4,NA
"2024",115,212,2,2,1,1,1,0.323,4,NA
"2025",115,108,2,0,1,0,0,0.471,6,NA
"2026",115,222,2,1,1,0,1,1.727,4,NA
"2027",115,214,2,2,1,0,1,0.485,5,NA
"2028",115,101,2,2,1,0,0,0.423,4,NA
"2029",115,123,2,1,1,0,0,2.18,2,NA
"2030",115,129,2,0,1,0,0,0.6,2,NA
"2031",115,116,2,2,1,0,0,1.604,3,NA
"2032",115,216,2,1,1,0,1,0.568,1,NA
"2033",115,217,2,1,1,0,1,1.042,2,NA
"2034",115,219,2,0,1,0,1,1.343,3,NA
"2035",115,201,2,2,1,0,1,1.985,3,NA
"2036",115,126,2,0,1,0,0,1.036,1,NA
"2037",115,114,2,2,1,0,0,0.909,1,NA
"2038",115,209,2,0,1,1,1,0.437,2,NA
"2039",115,220,2,0,1,0,1,0.426,2,NA
"2040",115,128,2,1,1,1,0,1.084,2,NA
"2041",116,125,1,2,1,0,0,2.815,3,NA
"2042",116,429,1,0,1,1,1,1.051,1,NA
"2043",116,401,1,1,1,1,1,0.579,2,NA
"2044",116,409,1,0,1,1,1,1.985,1,NA
"2045",116,424,1,1,1,1,1,3.022,1,NA
"2046",116,411,1,1,1,0,1,3.643,1,NA
"2047",116,427,1,1,1,1,1,0.454,1,NA
"2048",116,405,1,2,1,1,1,0.984,1,NA
"2049",116,120,1,0,1,1,0,1.723,1,NA
"2050",116,122,1,0,1,1,0,4.767,1,NA
"2051",116,112,1,1,1,0,0,0.531,1,NA
"2052",116,114,1,0,1,1,0,0.51,1,NA
"2053",116,115,1,2,1,1,0,2.368,1,NA
"2054",116,117,1,0,1,1,0,2.849,1,NA
"2055",116,413,1,1,1,0,1,0.694,1,NA
"2056",116,104,1,0,1,0,0,0.69,1,NA
"2057",116,101,1,2,1,0,0,0.392,1,NA
"2058",116,121,1,2,1,1,0,1.262,1,NA
"2059",116,119,1,1,1,1,0,1.479,2,NA
"2060",116,425,1,2,1,0,1,0.426,1,NA
"2061",116,416,1,0,1,1,1,2.646,1,NA
"2062",116,426,1,2,1,0,1,2.22,1,NA
"2063",116,421,1,0,1,0,1,8.558,1,NA
"2064",116,423,1,0,1,1,1,0.407,1,NA
"2065",116,111,1,1,1,0,0,0.533,1,NA
"2066",116,105,1,2,1,1,0,0.475,1,NA
"2067",116,108,1,1,1,0,0,1.273,1,NA
"2068",116,414,1,2,1,0,1,0.981,1,NA
"2069",116,128,1,1,1,1,0,1.834,2,NA
"2070",116,407,1,2,1,1,1,0.979,1,NA
"2071",116,130,1,2,1,1,0,3.162,2,NA
"2072",116,116,1,2,1,1,0,3.711,1,NA
"2073",116,110,1,2,1,0,0,1.792,3,NA
"2074",116,113,1,1,1,1,0,0.628,1,NA
"2075",116,422,1,1,1,1,1,2.228,1,NA
"2076",116,417,1,2,1,1,1,3.02,1,NA
"2077",116,127,1,0,1,0,0,3.06,1,NA
"2078",116,403,1,1,1,0,1,2.91,1,NA
"2079",116,107,1,2,1,0,0,2.693,1,NA
"2080",116,430,1,0,1,1,1,4.732,1,NA
"2081",116,103,1,0,1,0,0,0.865,1,NA
"2082",116,410,1,0,1,1,1,1.07,3,NA
"2083",116,124,1,1,1,0,0,0.981,1,NA
"2084",116,419,1,2,1,1,1,0.653,1,NA
"2085",116,408,1,0,1,1,1,0.729,1,NA
"2086",116,106,1,1,1,0,0,0.654,1,NA
"2087",116,118,1,0,1,0,0,2.184,1,NA
"2088",116,428,1,0,1,0,1,0.76,1,NA
"2089",116,420,1,1,1,1,1,0.317,1,NA
"2090",116,402,1,0,1,1,1,0.426,1,NA
"2091",116,404,1,1,1,0,1,0.982,1,NA
"2092",116,129,1,1,1,0,0,3.377,1,NA
"2093",116,123,1,0,1,1,0,1.347,1,NA
"2094",116,418,1,2,1,0,1,1.219,1,NA
"2095",116,412,1,2,1,0,1,3.309,1,NA
"2096",116,415,1,2,1,1,1,2.155,1,NA
"2097",116,126,1,2,1,1,0,2.763,1,NA
"2098",116,102,1,1,1,0,0,0.687,1,NA
"2099",116,406,1,1,1,0,1,0.684,1,NA
"2100",116,109,1,0,1,0,0,2.759,1,NA
"2101",116,329,2,1,1,0,0,0.373,1,NA
"2102",116,214,2,0,1,1,1,0.583,1,NA
"2103",116,219,2,1,1,0,1,1.255,1,NA
"2104",116,222,2,0,1,1,1,0.876,1,NA
"2105",116,315,2,0,1,1,0,3.23,1,NA
"2106",116,319,2,1,1,0,0,0.401,1,NA
"2107",116,316,2,2,1,0,0,2.228,1,NA
"2108",116,207,2,2,1,0,1,0.969,1,NA
"2109",116,230,2,1,1,0,1,2.685,1,NA
"2110",116,328,2,2,1,1,0,1.141,1,NA
"2111",116,203,2,1,1,1,1,0.49,1,NA
"2112",116,304,2,1,1,1,0,0.117,1,NA
"2113",116,327,2,1,1,0,0,1.422,1,NA
"2114",116,206,2,1,1,0,1,2.267,1,NA
"2115",116,310,2,0,1,1,0,1.309,1,NA
"2116",116,301,2,2,1,1,0,3.173,1,NA
"2117",116,217,2,2,1,0,1,0.82,1,NA
"2118",116,314,2,0,1,1,0,2.489,1,NA
"2119",116,205,2,0,1,0,1,1.313,1,NA
"2120",116,323,2,2,1,0,0,3.702,1,NA
"2121",116,318,2,1,1,0,0,1.008,1,NA
"2122",116,209,2,2,1,1,1,0.734,1,NA
"2123",116,311,2,2,1,1,0,1.032,1,NA
"2124",116,213,2,0,1,1,1,0.544,1,NA
"2125",116,326,2,0,1,1,0,0.388,1,NA
"2126",116,228,2,2,1,0,1,1.998,1,NA
"2127",116,202,2,2,1,1,1,0.405,1,NA
"2128",116,225,2,0,1,1,1,2.131,1,NA
"2129",116,325,2,0,1,0,0,0.671,1,NA
"2130",116,226,2,1,1,1,1,0.707,1,NA
"2131",116,204,2,2,1,0,1,0.561,1,NA
"2132",116,322,2,1,1,0,0,0.711,1,NA
"2133",116,212,2,0,1,1,1,0.398,1,NA
"2134",116,317,2,1,1,0,0,2.263,1,NA
"2135",116,303,2,0,1,1,0,0.357,1,NA
"2136",116,229,2,1,1,1,1,5.402,1,NA
"2137",116,306,2,2,1,0,0,0.486,1,NA
"2138",116,210,2,2,1,0,1,0.833,1,NA
"2139",116,302,2,0,1,1,0,2.083,1,NA
"2140",116,305,2,2,1,0,0,2.469,1,NA
"2141",116,215,2,0,1,0,1,1.409,1,NA
"2142",116,218,2,1,1,1,1,0.906,1,NA
"2143",116,208,2,0,1,0,1,0.414,1,NA
"2144",116,223,2,1,1,1,1,2.072,3,NA
"2145",116,321,2,1,1,1,0,1.254,1,NA
"2146",116,330,2,0,1,0,0,0.493,1,NA
"2147",116,324,2,2,1,1,0,0.405,1,NA
"2148",116,313,2,2,1,0,0,5.778,1,NA
"2149",116,309,2,1,1,0,0,0.661,1,NA
"2150",116,201,2,1,1,1,1,0.612,1,NA
"2151",116,211,2,2,1,0,1,1.467,1,NA
"2152",116,320,2,2,1,1,0,0.579,1,NA
"2153",116,307,2,0,1,1,0,0.602,1,NA
"2154",116,227,2,0,1,1,1,0.383,1,NA
"2155",116,312,2,0,1,1,0,0.308,1,NA
"2156",116,221,2,0,1,1,1,0.722,1,NA
"2157",116,308,2,1,1,0,0,0.491,1,NA
"2158",116,216,2,1,1,0,1,1.137,1,NA
"2159",116,224,2,2,1,1,1,0.386,1,NA
"2160",116,220,2,2,1,0,1,0.208,1,NA
"2161",117,108,1,1,1,0,1,0.882,3,NA
"2162",117,109,1,2,1,1,1,0.343,5,NA
"2163",117,419,1,2,1,1,0,0.543,1,NA
"2164",117,413,1,1,1,1,0,0.378,6,NA
"2165",117,414,1,0,1,0,0,0.323,2,NA
"2166",117,116,1,1,1,1,1,0.284,2,NA
"2167",117,425,1,2,1,0,0,0.981,1,NA
"2168",117,123,1,1,1,1,1,0.1,2,NA
"2169",117,401,1,2,1,0,0,0.336,1,NA
"2170",117,120,1,2,1,1,1,0.259,2,NA
"2171",117,101,1,2,1,1,1,0.305,6,NA
"2172",117,416,1,0,1,0,0,1,6,NA
"2173",117,110,1,0,1,1,1,0.277,5,NA
"2174",117,106,1,2,1,0,1,0.411,2,NA
"2175",117,107,1,0,1,1,1,0.345,5,NA
"2176",117,119,1,0,1,0,1,0.934,2,NA
"2177",117,420,1,2,1,1,0,0.307,2,NA
"2178",117,103,1,1,1,0,1,0.781,3,NA
"2179",117,409,1,0,1,0,0,0.388,3,NA
"2180",117,408,1,2,1,1,0,1.234,5,NA
"2181",117,428,1,1,1,0,0,0.259,1,NA
"2182",117,129,1,2,1,0,1,1.942,2,NA
"2183",117,405,1,0,1,0,0,0.416,2,NA
"2184",117,406,1,1,1,1,0,0.247,1,NA
"2185",117,402,1,1,1,1,0,0.624,1,NA
"2186",117,421,1,0,1,0,0,0.461,4,NA
"2187",117,111,1,0,1,1,1,0.3,2,NA
"2188",117,122,1,1,1,1,1,1.107,1,NA
"2189",117,410,1,1,1,1,0,0.292,6,NA
"2190",117,125,1,0,1,0,1,0.286,6,NA
"2191",117,426,1,2,1,0,0,0.241,6,NA
"2192",117,417,1,1,1,0,0,0.301,4,NA
"2193",117,422,1,1,1,1,0,0.248,2,NA
"2194",117,411,1,2,1,1,0,0.229,1,NA
"2195",117,407,1,2,1,1,0,2.153,3,NA
"2196",117,126,1,0,1,1,1,0.498,1,NA
"2197",117,423,1,0,1,1,0,0.264,4,NA
"2198",117,113,1,1,1,1,1,0.245,5,NA
"2199",117,115,1,2,1,1,1,0.407,3,NA
"2200",117,403,1,0,1,0,0,0.301,2,NA
"2201",117,118,1,0,1,0,1,0.349,6,NA
"2202",117,430,1,2,1,1,0,0.264,3,NA
"2203",117,114,1,2,1,0,1,0.372,1,NA
"2204",117,124,1,1,1,1,1,0.266,2,NA
"2205",117,102,1,1,1,1,1,0.291,2,NA
"2206",117,412,1,0,1,1,0,0.227,3,NA
"2207",117,117,1,2,1,0,1,1.674,6,NA
"2208",117,130,1,0,1,0,1,0.317,6,NA
"2209",117,128,1,1,1,1,1,0.237,6,NA
"2210",117,104,1,2,1,1,1,1.01,4,NA
"2211",117,415,1,2,1,1,0,0.245,4,NA
"2212",117,429,1,1,1,0,0,0.236,6,NA
"2213",117,427,1,1,1,1,0,0.314,2,NA
"2214",117,424,1,0,1,0,0,0.234,5,NA
"2215",117,105,1,1,1,0,1,0.288,3,NA
"2216",117,127,1,2,1,0,1,1.071,3,NA
"2217",117,404,1,0,1,1,0,0.248,1,NA
"2218",117,121,1,0,1,1,1,1.418,1,NA
"2219",117,112,1,0,1,1,1,0.254,5,NA
"2220",117,418,1,1,1,0,0,0.235,6,NA
"2221",117,225,2,0,1,0,0,0.229,5,NA
"2222",117,323,2,1,1,1,1,0.211,3,NA
"2223",117,301,2,0,1,1,1,0.292,2,NA
"2224",117,328,2,2,1,0,1,0.225,3,NA
"2225",117,215,2,1,1,0,0,0.242,3,NA
"2226",117,319,2,1,1,0,1,0.225,4,NA
"2227",117,330,2,1,1,1,1,0.267,3,NA
"2228",117,327,2,1,1,0,1,0.24,1,NA
"2229",117,205,2,1,1,0,0,0.222,2,NA
"2230",117,325,2,1,1,0,1,0.254,2,NA
"2231",117,310,2,0,1,1,1,0.566,1,NA
"2232",117,221,2,1,1,0,0,0.205,6,NA
"2233",117,223,2,0,1,0,0,1.292,3,NA
"2234",117,322,2,0,1,1,1,0.211,4,NA
"2235",117,316,2,2,1,1,1,0.436,1,NA
"2236",117,226,2,2,1,1,0,0.53,5,NA
"2237",117,303,2,2,1,1,1,0.671,2,NA
"2238",117,218,2,2,1,1,0,0.495,2,NA
"2239",117,213,2,1,1,0,0,0.49,6,NA
"2240",117,228,2,2,1,1,0,0.262,1,NA
"2241",117,217,2,0,1,1,0,0.316,1,NA
"2242",117,309,2,2,1,0,1,0.724,1,NA
"2243",117,307,2,0,1,1,1,0.252,2,NA
"2244",117,220,2,1,1,1,0,0.24,2,NA
"2245",117,229,2,2,1,1,0,0.244,3,NA
"2246",117,211,2,2,1,1,0,0.275,6,NA
"2247",117,207,2,0,1,0,0,0.807,2,NA
"2248",117,302,2,0,1,0,1,0.261,6,NA
"2249",117,216,2,0,1,1,0,0.436,3,NA
"2250",117,304,2,2,1,1,1,0.259,4,NA
"2251",117,329,2,1,1,0,1,0.353,2,NA
"2252",117,222,2,2,1,1,0,0.538,5,NA
"2253",117,214,2,0,1,1,0,0.366,1,NA
"2254",117,312,2,1,1,0,1,0.718,3,NA
"2255",117,230,2,0,1,1,0,0.362,2,NA
"2256",117,201,2,2,1,0,0,4.449,5,NA
"2257",117,209,2,1,1,1,0,0.336,2,NA
"2258",117,317,2,2,1,1,1,0.41,1,NA
"2259",117,306,2,2,1,1,1,0.515,6,NA
"2260",117,208,2,1,1,1,0,0.345,2,NA
"2261",117,204,2,0,1,1,0,0.394,4,NA
"2262",117,305,2,2,1,1,1,0.332,5,NA
"2263",117,203,2,2,1,1,0,0.34,6,NA
"2264",117,311,2,0,1,1,1,0.523,3,NA
"2265",117,219,2,2,1,1,0,0.46,3,NA
"2266",117,202,2,1,1,0,0,0.482,2,NA
"2267",117,318,2,1,1,0,1,0.35,2,NA
"2268",117,224,2,1,1,1,0,1.75,4,NA
"2269",117,315,2,1,1,1,1,0.343,6,NA
"2270",117,326,2,2,1,1,1,0.38,1,NA
"2271",117,320,2,2,1,0,1,0.742,2,NA
"2272",117,206,2,2,1,0,0,0.652,1,NA
"2273",117,308,2,0,1,1,1,0.36,3,NA
"2274",117,314,2,0,1,1,1,0.494,2,NA
"2275",117,321,2,0,1,1,1,0.52,6,NA
"2276",117,313,2,0,1,1,1,0.496,5,NA
"2277",117,210,2,1,1,0,0,1.151,4,NA
"2278",117,324,2,1,1,1,1,0.404,2,NA
"2279",117,212,2,0,1,1,0,0.607,1,NA
"2280",117,227,2,0,1,0,0,0.371,6,NA
"2281",12,303,1,1,1,1,1,5.822,4,NA
"2282",12,326,1,0,1,1,1,2.846,4,NA
"2283",12,306,1,2,1,1,1,1.492,5,NA
"2284",12,414,1,1,1,0,0,3.626,3,NA
"2285",12,417,1,2,1,0,0,2.222,3,NA
"2286",12,421,1,0,1,1,0,4.086,5,NA
"2287",12,312,1,2,1,1,1,1.4,5,NA
"2288",12,401,1,0,1,1,0,3.449,4,NA
"2289",12,308,1,1,1,0,1,0.754,3,NA
"2290",12,310,1,2,1,1,1,1.916,5,NA
"2291",12,407,1,0,1,0,0,1.632,3,NA
"2292",12,409,1,2,1,1,0,2.164,5,NA
"2293",12,415,1,1,1,1,0,1.038,5,NA
"2294",12,313,1,1,1,1,1,3.101,5,NA
"2295",12,314,1,0,1,1,1,1.362,5,NA
"2296",12,328,1,0,1,1,1,1.713,4,NA
"2297",12,424,1,2,1,0,0,0.726,5,NA
"2298",12,311,1,2,1,0,1,1.786,4,NA
"2299",12,316,1,2,1,0,1,1.55,2,NA
"2300",12,411,1,0,1,1,0,1.724,5,NA
"2301",12,329,1,0,1,0,1,2.634,4,NA
"2302",12,427,1,2,1,1,0,0.765,4,NA
"2303",12,406,1,0,1,1,0,1.958,4,NA
"2304",12,402,1,2,1,1,0,1.379,4,NA
"2305",12,307,1,0,1,1,1,2.109,4,NA
"2306",12,318,1,1,1,0,1,1.697,5,NA
"2307",12,405,1,1,1,1,0,1.253,4,NA
"2308",12,412,1,1,1,0,0,2.505,5,NA
"2309",12,301,1,1,1,1,1,1.199,5,NA
"2310",12,425,1,1,1,0,0,1.545,5,NA
"2311",12,323,1,0,1,1,1,0.93,4,NA
"2312",12,422,1,2,1,0,0,1.879,4,NA
"2313",12,319,1,2,1,1,1,1.622,5,NA
"2314",12,420,1,1,1,1,0,0.954,3,NA
"2315",12,410,1,0,1,0,0,1.733,5,NA
"2316",12,408,1,1,1,1,0,0.835,4,NA
"2317",12,309,1,2,1,1,1,1.359,4,NA
"2318",12,325,1,1,1,1,1,0.573,4,NA
"2319",12,321,1,0,1,0,1,1.314,4,NA
"2320",12,320,1,1,1,1,1,0.81,4,NA
"2321",12,419,1,2,1,1,0,0.836,4,NA
"2322",12,426,1,2,1,0,0,3.159,3,NA
"2323",12,315,1,2,1,0,1,2.252,2,NA
"2324",12,430,1,2,1,1,0,0.542,4,NA
"2325",12,304,1,1,1,0,1,1.865,5,NA
"2326",12,423,1,2,1,1,0,3.383,3,NA
"2327",12,322,1,0,1,0,1,1.241,4,NA
"2328",12,404,1,1,1,0,0,1.368,4,NA
"2329",12,317,1,0,1,0,1,1.257,4,NA
"2330",12,418,1,1,1,0,0,0.903,4,NA
"2331",12,324,1,1,1,1,1,0.683,4,NA
"2332",12,428,1,0,1,0,0,1.156,3,NA
"2333",12,416,1,1,1,0,0,0.315,5,NA
"2334",12,302,1,0,1,0,1,1.699,3,NA
"2335",12,429,1,0,1,0,0,1.223,5,NA
"2336",12,330,1,2,1,1,1,0.594,4,NA
"2337",12,413,1,0,1,1,0,0.503,5,NA
"2338",12,327,1,1,1,1,1,0.756,3,NA
"2339",12,403,1,0,1,0,0,1.249,4,NA
"2340",12,305,1,2,1,1,1,0.652,5,NA
"2341",12,101,2,2,1,0,1,0.708,3,NA
"2342",12,112,2,1,1,1,1,1.352,4,NA
"2343",12,220,2,2,1,0,0,2.463,4,NA
"2344",12,119,2,2,1,1,1,2.196,4,NA
"2345",12,223,2,1,1,0,0,1.274,4,NA
"2346",12,117,2,2,1,1,1,1.694,4,NA
"2347",12,219,2,2,1,1,0,1.972,4,NA
"2348",12,218,2,0,1,1,0,1.588,4,NA
"2349",12,128,2,0,1,1,1,1.73,3,NA
"2350",12,122,2,0,1,0,1,1.285,4,NA
"2351",12,212,2,1,1,0,0,3.314,4,NA
"2352",12,121,2,0,1,1,1,1.563,4,NA
"2353",12,116,2,1,1,1,1,2.392,4,NA
"2354",12,109,2,0,1,1,1,1.49,4,NA
"2355",12,207,2,0,1,0,0,1.837,6,NA
"2356",12,106,2,1,1,1,1,1.662,4,NA
"2357",12,130,2,1,1,1,1,1.668,4,NA
"2358",12,125,2,2,1,0,1,1.195,5,NA
"2359",12,221,2,1,1,1,0,2.368,4,NA
"2360",12,113,2,2,1,1,1,1.423,6,NA
"2361",12,203,2,0,1,1,0,1.707,4,NA
"2362",12,204,2,2,1,0,0,2.426,4,NA
"2363",12,108,2,1,1,1,1,1.121,5,NA
"2364",12,228,2,0,1,1,0,3.728,4,NA
"2365",12,210,2,0,1,0,0,2.071,4,NA
"2366",12,225,2,2,1,1,0,0.646,4,NA
"2367",12,217,2,1,1,1,0,1.276,4,NA
"2368",12,230,2,1,1,1,0,1.716,4,NA
"2369",12,127,2,0,1,1,1,2.667,4,NA
"2370",12,222,2,2,1,1,0,2.145,4,NA
"2371",12,120,2,1,1,0,1,2.095,4,NA
"2372",12,224,2,2,1,0,0,3.256,5,NA
"2373",12,205,2,2,1,0,0,1.182,4,NA
"2374",12,115,2,1,1,1,1,1.538,4,NA
"2375",12,105,2,2,1,0,1,2.404,4,NA
"2376",12,114,2,2,1,0,1,1.453,3,NA
"2377",12,111,2,0,1,1,1,1.326,4,NA
"2378",12,201,2,0,1,0,0,3.877,4,NA
"2379",12,103,2,2,1,0,1,1.471,4,NA
"2380",12,107,2,1,1,0,1,1.444,4,NA
"2381",12,129,2,1,1,1,1,0.959,4,NA
"2382",12,102,2,0,1,1,1,1.57,4,NA
"2383",12,213,2,1,1,0,0,1.316,4,NA
"2384",12,211,2,1,1,0,0,1.354,4,NA
"2385",12,206,2,1,1,0,0,1.015,3,NA
"2386",12,216,2,2,1,1,0,1.594,4,NA
"2387",12,215,2,0,1,1,0,1.378,5,NA
"2388",12,110,2,0,1,1,1,2.67,4,NA
"2389",12,226,2,2,1,0,0,2.929,4,NA
"2390",12,214,2,0,1,1,0,1.167,4,NA
"2391",12,126,2,2,1,1,1,1.557,4,NA
"2392",12,124,2,1,1,1,1,1.332,4,NA
"2393",12,104,2,2,1,1,1,1.801,4,NA
"2394",12,229,2,0,1,1,0,0.682,4,NA
"2395",12,123,2,0,1,1,1,2.818,3,NA
"2396",12,227,2,1,1,0,0,1.084,3,NA
"2397",12,209,2,0,1,1,0,2.331,3,NA
"2398",12,202,2,2,1,0,0,1.462,4,NA
"2399",12,118,2,0,1,0,1,1.955,3,NA
"2400",12,208,2,1,1,0,0,1.691,3,NA
"2401",121,121,1,1,1,1,0,1.812,3,NA
"2402",121,117,1,1,1,1,0,4.272,1,NA
"2403",121,401,1,1,1,1,1,0.934,6,NA
"2404",121,406,1,0,1,1,1,1.302,6,NA
"2405",121,407,1,2,1,1,1,0.452,5,NA
"2406",121,425,1,0,1,1,1,0.71,4,NA
"2407",121,124,1,1,1,0,0,3.213,3,NA
"2408",121,403,1,1,1,1,1,2.576,5,NA
"2409",121,113,1,0,1,0,0,1.657,3,NA
"2410",121,413,1,0,1,1,1,0.275,4,NA
"2411",121,129,1,2,1,1,0,4.08,3,NA
"2412",121,418,1,0,1,1,1,0.175,6,NA
"2413",121,430,1,1,1,1,1,0.27,6,NA
"2414",121,115,1,0,1,1,0,3.212,4,NA
"2415",121,126,1,2,1,0,0,0.298,5,NA
"2416",121,422,1,1,1,1,1,0.264,5,NA
"2417",121,107,1,0,1,0,0,0.289,4,NA
"2418",121,118,1,2,1,1,0,0.805,3,NA
"2419",121,119,1,0,1,0,0,1.069,2,NA
"2420",121,419,1,2,1,1,1,0.362,6,NA
"2421",121,122,1,1,1,1,0,0.353,4,NA
"2422",121,423,1,2,1,0,1,0.589,4,NA
"2423",121,416,1,2,1,1,1,0.311,6,NA
"2424",121,415,1,2,1,1,1,0.316,6,NA
"2425",121,402,1,0,1,1,1,0.32,6,NA
"2426",121,101,1,1,1,0,0,1.138,2,NA
"2427",121,412,1,1,1,1,1,0.353,6,NA
"2428",121,128,1,2,1,0,0,0.487,4,NA
"2429",121,112,1,2,1,0,0,0.502,3,NA
"2430",121,102,1,0,1,0,0,0.207,2,NA
"2431",121,427,1,2,1,1,1,0.237,6,NA
"2432",121,409,1,2,1,1,1,2.581,6,NA
"2433",121,426,1,1,1,0,1,0.259,3,NA
"2434",121,420,1,0,1,1,1,0.902,6,NA
"2435",121,105,1,1,1,0,0,0.303,4,NA
"2436",121,104,1,0,1,0,0,0.267,2,NA
"2437",121,424,1,2,1,1,1,0.367,6,NA
"2438",121,110,1,0,1,0,0,0.311,4,NA
"2439",121,411,1,1,1,1,1,0.454,6,NA
"2440",121,123,1,1,1,0,0,0.298,4,NA
"2441",121,429,1,2,1,1,1,0.263,5,NA
"2442",121,408,1,0,1,0,1,0.25,2,NA
"2443",121,116,1,1,1,0,0,0.517,3,NA
"2444",121,414,1,2,1,1,1,0.228,5,NA
"2445",121,405,1,1,1,1,1,0.267,1,NA
"2446",121,125,1,0,1,0,0,1.249,1,NA
"2447",121,114,1,0,1,0,0,1.236,2,NA
"2448",121,428,1,0,1,1,1,0.523,4,NA
"2449",121,120,1,2,1,0,0,2.697,2,NA
"2450",121,106,1,0,1,1,0,0.327,3,NA
"2451",121,417,1,0,1,1,1,0.723,4,NA
"2452",121,103,1,2,1,0,0,0.483,4,NA
"2453",121,109,1,1,1,0,0,0.68,4,NA
"2454",121,130,1,2,1,1,0,1.409,2,NA
"2455",121,108,1,1,1,0,0,0.271,3,NA
"2456",121,404,1,1,1,0,1,0.347,4,NA
"2457",121,127,1,2,1,0,0,0.317,3,NA
"2458",121,410,1,0,1,1,1,0.326,4,NA
"2459",121,111,1,2,1,0,0,0.822,4,NA
"2460",121,421,1,1,1,0,1,0.408,3,NA
"2461",121,220,2,1,1,0,1,1.34,3,NA
"2462",121,330,2,0,1,1,0,0.593,1,NA
"2463",121,211,2,2,1,1,1,0.776,4,NA
"2464",121,310,2,0,1,0,0,0.518,2,NA
"2465",121,222,2,1,1,0,1,0.519,2,NA
"2466",121,328,2,1,1,1,0,0.832,3,NA
"2467",121,206,2,2,1,0,1,0.282,3,NA
"2468",121,214,2,1,1,0,1,0.794,2,NA
"2469",121,202,2,2,1,1,1,0.424,4,NA
"2470",121,316,2,2,1,0,0,0.468,2,NA
"2471",121,228,2,1,1,1,1,0.515,5,NA
"2472",121,301,2,2,1,1,0,0.463,4,NA
"2473",121,302,2,1,1,1,0,0.727,4,NA
"2474",121,317,2,1,1,1,0,0.603,4,NA
"2475",121,229,2,0,1,1,1,0.351,4,NA
"2476",121,213,2,1,1,1,1,0.01,6,NA
"2477",121,324,2,1,1,0,0,0.725,4,NA
"2478",121,221,2,0,1,0,1,0.348,1,NA
"2479",121,217,2,2,1,1,1,0.342,4,NA
"2480",121,307,2,0,1,0,0,1.039,2,NA
"2481",121,201,2,2,1,0,1,0.441,1,NA
"2482",121,315,2,2,1,1,0,1.47,1,NA
"2483",121,215,2,0,1,1,1,0.669,5,NA
"2484",121,304,2,0,1,1,0,0.356,4,NA
"2485",121,313,2,2,1,1,0,0.346,4,NA
"2486",121,306,2,1,1,1,0,0.29,3,NA
"2487",121,320,2,2,1,1,0,0.542,5,NA
"2488",121,225,2,0,1,1,1,1.086,1,NA
"2489",121,326,2,0,1,1,0,0.289,1,NA
"2490",121,208,2,0,1,0,1,0.307,3,NA
"2491",121,309,2,0,1,1,0,0.454,3,NA
"2492",121,218,2,1,1,0,1,0.485,3,NA
"2493",121,325,2,2,1,1,0,0.39,3,NA
"2494",121,323,2,2,1,1,0,0.855,2,NA
"2495",121,311,2,1,1,0,0,1.292,1,NA
"2496",121,319,2,1,1,0,0,0.237,3,NA
"2497",121,327,2,1,1,1,0,0.396,2,NA
"2498",121,224,2,2,1,1,1,0.321,3,NA
"2499",121,329,2,1,1,0,0,0.332,1,NA
"2500",121,230,2,0,1,0,1,0.44,4,NA
"2501",121,219,2,2,1,0,1,0.418,4,NA
"2502",121,216,2,0,1,1,1,0.594,2,NA
"2503",121,204,2,2,1,1,1,0.564,6,NA
"2504",121,209,2,2,1,0,1,0.348,2,NA
"2505",121,308,2,2,1,1,0,0.317,5,NA
"2506",121,207,2,2,1,1,1,0.353,4,NA
"2507",121,226,2,1,1,0,1,0.797,2,NA
"2508",121,212,2,1,1,1,1,0.348,2,NA
"2509",121,305,2,0,1,1,0,1.064,4,NA
"2510",121,203,2,1,1,1,1,0.905,4,NA
"2511",121,205,2,0,1,1,1,0.302,5,NA
"2512",121,318,2,1,1,1,0,0.804,4,NA
"2513",121,303,2,0,1,0,0,0.399,3,NA
"2514",121,210,2,0,1,0,1,0.341,4,NA
"2515",121,322,2,2,1,1,0,0.311,5,NA
"2516",121,321,2,2,1,0,0,0.312,3,NA
"2517",121,314,2,0,1,1,0,1.26,4,NA
"2518",121,223,2,0,1,1,1,1.076,4,NA
"2519",121,312,2,0,1,0,0,0.36,4,NA
"2520",121,227,2,1,1,1,1,0.381,4,NA
"2521",14,230,1,1,1,1,1,0.794,2,NA
"2522",14,213,1,0,1,1,1,0.493,5,NA
"2523",14,311,1,1,1,1,0,1.932,2,NA
"2524",14,310,1,2,1,0,0,1.312,2,NA
"2525",14,327,1,1,1,0,0,1.588,2,NA
"2526",14,208,1,1,1,1,1,0.355,4,NA
"2527",14,223,1,2,1,1,1,0.388,5,NA
"2528",14,321,1,1,1,1,0,2.059,3,NA
"2529",14,220,1,2,1,1,1,0.819,2,NA
"2530",14,302,1,0,1,0,0,0.589,5,NA
"2531",14,229,1,2,1,1,1,0.322,4,NA
"2532",14,210,1,1,1,1,1,0.354,3,NA
"2533",14,317,1,0,1,0,0,0.298,2,NA
"2534",14,312,1,1,1,0,0,1.374,5,NA
"2535",14,309,1,0,1,0,0,1.433,4,NA
"2536",14,308,1,2,1,1,0,0.257,3,NA
"2537",14,204,1,0,1,1,1,2.298,4,NA
"2538",14,304,1,2,1,1,0,0.675,5,NA
"2539",14,209,1,2,1,1,1,2.03,5,NA
"2540",14,214,1,0,1,1,1,0.499,5,NA
"2541",14,320,1,0,1,1,0,0.284,3,NA
"2542",14,228,1,0,1,1,1,0.3,6,NA
"2543",14,203,1,1,1,1,1,0.309,5,NA
"2544",14,314,1,1,1,0,0,0.267,4,NA
"2545",14,226,1,0,1,1,1,0.335,5,NA
"2546",14,207,1,2,1,1,1,0.337,2,NA
"2547",14,201,1,1,1,1,1,0.306,5,NA
"2548",14,326,1,0,1,1,0,0.465,3,NA
"2549",14,306,1,2,1,1,0,0.407,2,NA
"2550",14,315,1,2,1,0,0,1.209,2,NA
"2551",14,328,1,1,1,0,0,0.236,2,NA
"2552",14,323,1,1,1,1,0,1.427,2,NA
"2553",14,329,1,0,1,0,0,0.518,1,NA
"2554",14,322,1,2,1,0,0,0.68,5,NA
"2555",14,219,1,1,1,1,1,0.299,5,NA
"2556",14,206,1,2,1,1,1,0.418,3,NA
"2557",14,303,1,1,1,1,0,0.285,3,NA
"2558",14,202,1,1,1,1,1,0.529,4,NA
"2559",14,324,1,2,1,0,0,0.352,3,NA
"2560",14,319,1,1,1,0,0,1.776,2,NA
"2561",14,227,1,0,1,1,1,0.292,5,NA
"2562",14,330,1,1,1,1,0,0.591,3,NA
"2563",14,305,1,0,1,0,0,0.697,2,NA
"2564",14,205,1,0,1,1,1,0.313,5,NA
"2565",14,211,1,1,1,1,1,0.413,5,NA
"2566",14,307,1,2,1,1,0,0.311,4,NA
"2567",14,212,1,1,1,1,1,0.288,5,NA
"2568",14,225,1,2,1,1,1,0.326,4,NA
"2569",14,218,1,2,1,1,1,0.588,4,NA
"2570",14,325,1,0,1,0,0,0.865,5,NA
"2571",14,313,1,2,1,1,0,0.55,4,NA
"2572",14,301,1,0,1,1,0,0.72,4,NA
"2573",14,221,1,0,1,1,1,0.356,4,NA
"2574",14,316,1,0,1,1,0,0.953,3,NA
"2575",14,222,1,2,1,1,1,0.362,3,NA
"2576",14,318,1,2,1,1,0,0.618,5,NA
"2577",14,215,1,2,1,0,1,0.303,5,NA
"2578",14,217,1,1,1,1,1,0.434,4,NA
"2579",14,224,1,0,1,1,1,0.379,5,NA
"2580",14,216,1,0,1,1,1,0.326,5,NA
"2581",14,409,2,2,1,0,1,3.463,3,NA
"2582",14,104,2,1,1,1,0,1.166,3,NA
"2583",14,109,2,2,1,1,0,0.264,6,NA
"2584",14,422,2,2,1,0,1,1.403,5,NA
"2585",14,111,2,2,1,1,0,0.798,5,NA
"2586",14,423,2,0,1,0,1,0.304,3,NA
"2587",14,413,2,0,1,1,1,0.456,6,NA
"2588",14,102,2,1,1,1,0,0.871,4,NA
"2589",14,410,2,2,1,1,1,0.323,5,NA
"2590",14,419,2,2,1,1,1,0.622,2,NA
"2591",14,125,2,2,1,1,0,0.317,2,NA
"2592",14,429,2,0,1,0,1,0.468,5,NA
"2593",14,405,2,1,1,1,1,0.379,3,NA
"2594",14,126,2,0,1,1,0,0.587,2,NA
"2595",14,120,2,0,1,1,0,1.339,2,NA
"2596",14,117,2,1,1,0,0,0.306,3,NA
"2597",14,402,2,1,1,0,1,0.412,2,NA
"2598",14,119,2,2,1,1,0,0.389,4,NA
"2599",14,401,2,1,1,1,1,0.618,4,NA
"2600",14,411,2,1,1,1,1,0.333,2,NA
"2601",14,428,2,0,1,1,1,0.317,2,NA
"2602",14,113,2,1,1,1,0,0.538,5,NA
"2603",14,103,2,0,1,0,0,0.329,5,NA
"2604",14,420,2,0,1,1,1,0.366,3,NA
"2605",14,416,2,2,1,0,1,0.5,2,NA
"2606",14,121,2,1,1,1,0,0.305,5,NA
"2607",14,122,2,0,1,1,0,0.997,3,NA
"2608",14,110,2,0,1,1,0,0.52,3,NA
"2609",14,406,2,1,1,1,1,0.276,6,NA
"2610",14,106,2,2,1,1,0,0.597,3,NA
"2611",14,129,2,1,1,0,0,0.598,3,NA
"2612",14,115,2,0,1,0,0,0.353,5,NA
"2613",14,425,2,0,1,1,1,0.324,4,NA
"2614",14,127,2,0,1,1,0,1.227,1,NA
"2615",14,407,2,0,1,1,1,0.482,3,NA
"2616",14,430,2,2,1,0,1,0.978,4,NA
"2617",14,424,2,0,1,0,1,0.524,3,NA
"2618",14,417,2,2,1,1,1,0.367,3,NA
"2619",14,404,2,0,1,0,1,0.729,5,NA
"2620",14,116,2,1,1,1,0,1.093,1,NA
"2621",14,403,2,1,1,1,1,0.36,3,NA
"2622",14,421,2,0,1,1,1,0.612,5,NA
"2623",14,123,2,0,1,0,0,0.441,3,NA
"2624",14,412,2,1,1,1,1,0.42,4,NA
"2625",14,124,2,2,1,1,0,0.588,1,NA
"2626",14,128,2,2,1,0,0,0.391,3,NA
"2627",14,101,2,2,1,1,0,0.418,3,NA
"2628",14,415,2,2,1,1,1,0.287,5,NA
"2629",14,408,2,1,1,1,1,0.499,4,NA
"2630",14,130,2,2,1,1,0,0.406,6,NA
"2631",14,427,2,2,1,1,1,0.312,5,NA
"2632",14,118,2,2,1,0,0,0.296,5,NA
"2633",14,105,2,1,1,1,0,0.329,4,NA
"2634",14,112,2,1,1,1,0,0.505,5,NA
"2635",14,418,2,1,1,1,1,0.309,4,NA
"2636",14,108,2,0,1,1,0,0.527,6,NA
"2637",14,114,2,1,1,0,0,0.443,5,NA
"2638",14,426,2,1,1,1,1,1.712,3,NA
"2639",14,414,2,2,1,1,1,2.301,5,NA
"2640",14,107,2,0,1,1,0,0.546,2,NA
"2641",16,412,1,0,1,1,1,3.012,6,NA
"2642",16,323,1,0,1,1,0,2.932,3,NA
"2643",16,409,1,0,1,1,1,0.475,6,NA
"2644",16,322,1,0,1,0,0,3.749,6,NA
"2645",16,304,1,2,1,0,0,4.946,2,NA
"2646",16,319,1,2,1,1,0,0.732,4,NA
"2647",16,327,1,0,1,1,0,0.918,1,NA
"2648",16,321,1,1,1,1,0,2.165,3,NA
"2649",16,402,1,0,1,1,1,0.337,6,NA
"2650",16,317,1,0,1,0,0,1.248,3,NA
"2651",16,318,1,0,1,1,0,1.234,1,NA
"2652",16,313,1,2,1,1,0,0.349,4,NA
"2653",16,330,1,1,1,0,0,4.321,2,NA
"2654",16,403,1,1,1,1,1,0.623,6,NA
"2655",16,325,1,1,1,1,0,0.603,4,NA
"2656",16,309,1,1,1,0,0,0.323,4,NA
"2657",16,416,1,1,1,1,1,0.303,3,NA
"2658",16,429,1,1,1,1,1,0.36,6,NA
"2659",16,413,1,2,1,1,1,1.143,6,NA
"2660",16,428,1,0,1,1,1,0.808,6,NA
"2661",16,301,1,2,1,0,0,0.974,2,NA
"2662",16,426,1,2,1,0,1,0.52,5,NA
"2663",16,407,1,1,1,1,1,0.752,6,NA
"2664",16,314,1,2,1,0,0,1.332,4,NA
"2665",16,417,1,2,1,0,1,0.3,3,NA
"2666",16,415,1,0,1,1,1,1.079,6,NA
"2667",16,422,1,2,1,1,1,0.275,6,NA
"2668",16,414,1,2,1,1,1,0.998,4,NA
"2669",16,430,1,1,1,1,1,0.556,6,NA
"2670",16,324,1,1,1,0,0,0.641,2,NA
"2671",16,401,1,0,1,1,1,0.805,6,NA
"2672",16,308,1,0,1,0,0,0.462,4,NA
"2673",16,424,1,2,1,1,1,1.504,5,NA
"2674",16,408,1,2,1,1,1,0.294,6,NA
"2675",16,306,1,2,1,0,0,0.469,2,NA
"2676",16,315,1,2,1,1,0,0.442,1,NA
"2677",16,420,1,1,1,1,1,0.297,1,NA
"2678",16,411,1,0,1,1,1,0.245,6,NA
"2679",16,423,1,2,1,0,1,0.541,2,NA
"2680",16,419,1,2,1,1,1,0.28,6,NA
"2681",16,326,1,2,1,1,0,0.284,1,NA
"2682",16,302,1,2,1,0,0,0.297,6,NA
"2683",16,425,1,0,1,1,1,0.929,5,NA
"2684",16,305,1,0,1,0,0,0.639,5,NA
"2685",16,421,1,1,1,1,1,0.335,6,NA
"2686",16,418,1,1,1,1,1,0.344,4,NA
"2687",16,329,1,1,1,0,0,0.982,1,NA
"2688",16,404,1,1,1,1,1,0.357,6,NA
"2689",16,316,1,0,1,1,0,0.292,2,NA
"2690",16,410,1,1,1,1,1,0.316,6,NA
"2691",16,303,1,1,1,0,0,1.831,1,NA
"2692",16,405,1,0,1,1,1,0.37,4,NA
"2693",16,328,1,1,1,1,0,1.247,4,NA
"2694",16,311,1,0,1,0,0,2.213,2,NA
"2695",16,320,1,1,1,1,0,0.335,4,NA
"2696",16,406,1,0,1,1,1,1.381,5,NA
"2697",16,427,1,2,1,1,1,0.503,4,NA
"2698",16,307,1,1,1,0,0,2.458,1,NA
"2699",16,310,1,0,1,0,0,1.818,2,NA
"2700",16,312,1,2,1,1,0,0.36,3,NA
"2701",16,210,2,1,1,1,1,0.293,1,NA
"2702",16,228,2,2,1,0,1,0.357,4,NA
"2703",16,224,2,2,1,1,1,0.339,3,NA
"2704",16,207,2,0,1,0,1,0.378,5,NA
"2705",16,225,2,0,1,1,1,0.672,2,NA
"2706",16,206,2,1,1,1,1,0.417,1,NA
"2707",16,222,2,2,1,1,1,0.296,3,NA
"2708",16,107,2,0,1,0,0,0.602,3,NA
"2709",16,126,2,0,1,1,0,0.649,1,NA
"2710",16,102,2,2,1,1,0,0.494,3,NA
"2711",16,216,2,0,1,1,1,0.342,4,NA
"2712",16,120,2,2,1,0,0,1.465,2,NA
"2713",16,202,2,1,1,1,1,0.364,6,NA
"2714",16,111,2,2,1,1,0,1.382,1,NA
"2715",16,125,2,1,1,0,0,1.248,1,NA
"2716",16,108,2,2,1,0,0,0.333,6,NA
"2717",16,217,2,0,1,1,1,0.298,3,NA
"2718",16,117,2,0,1,1,0,1.553,1,NA
"2719",16,106,2,1,1,0,0,1.24,4,NA
"2720",16,119,2,1,1,1,0,0.443,2,NA
"2721",16,230,2,1,1,0,1,1.323,2,NA
"2722",16,212,2,2,1,1,1,0.507,4,NA
"2723",16,121,2,2,1,1,0,0.583,3,NA
"2724",16,103,2,1,1,0,0,1.797,3,NA
"2725",16,127,2,1,1,1,0,0.544,1,NA
"2726",16,226,2,2,1,1,1,0.333,6,NA
"2727",16,110,2,0,1,1,0,1.793,2,NA
"2728",16,214,2,0,1,1,1,0.706,4,NA
"2729",16,223,2,1,1,1,1,0.64,3,NA
"2730",16,115,2,0,1,1,0,2.033,3,NA
"2731",16,205,2,2,1,0,1,1.799,2,NA
"2732",16,227,2,1,1,1,1,1.052,3,NA
"2733",16,215,2,0,1,0,1,0.581,5,NA
"2734",16,130,2,0,1,1,0,0.239,5,NA
"2735",16,123,2,0,1,1,0,0.464,5,NA
"2736",16,221,2,0,1,1,1,0.37,1,NA
"2737",16,218,2,2,1,1,1,0.951,1,NA
"2738",16,114,2,1,1,0,0,0.747,1,NA
"2739",16,213,2,0,1,1,1,1.359,2,NA
"2740",16,101,2,2,1,0,0,1.015,1,NA
"2741",16,129,2,2,1,1,0,1.709,1,NA
"2742",16,229,2,1,1,1,1,0.919,2,NA
"2743",16,112,2,1,1,0,0,0.312,3,NA
"2744",16,104,2,0,1,0,0,1.462,2,NA
"2745",16,124,2,1,1,1,0,2.828,1,NA
"2746",16,201,2,2,1,0,1,1.152,2,NA
"2747",16,105,2,2,1,0,0,2.231,1,NA
"2748",16,128,2,1,1,0,0,0.336,1,NA
"2749",16,109,2,2,1,1,0,1.479,3,NA
"2750",16,219,2,0,1,0,1,1.914,2,NA
"2751",16,208,2,1,1,1,1,0.886,2,NA
"2752",16,122,2,0,1,1,0,0.716,3,NA
"2753",16,211,2,2,1,1,1,0.276,4,NA
"2754",16,203,2,2,1,1,1,0.313,4,NA
"2755",16,116,2,1,1,1,0,1.75,1,NA
"2756",16,209,2,1,1,1,1,0.223,3,NA
"2757",16,118,2,0,1,0,0,0.244,4,NA
"2758",16,220,2,0,1,0,1,0.77,4,NA
"2759",16,113,2,2,1,0,0,2.156,1,NA
"2760",16,204,2,1,1,0,1,1.67,1,NA
"2761",17,130,1,1,1,0,1,1.363,2,NA
"2762",17,121,1,0,1,1,1,0.574,3,NA
"2763",17,111,1,2,1,0,1,0.262,3,NA
"2764",17,125,1,2,1,0,1,0.318,6,NA
"2765",17,204,1,1,1,0,0,0.522,2,NA
"2766",17,123,1,2,1,0,1,0.647,3,NA
"2767",17,208,1,1,1,0,0,0.429,5,NA
"2768",17,220,1,0,1,0,0,0.519,3,NA
"2769",17,112,1,1,1,1,1,0.866,2,NA
"2770",17,228,1,0,1,0,0,1.095,2,NA
"2771",17,126,1,0,1,1,1,0.58,3,NA
"2772",17,108,1,0,1,1,1,0.555,5,NA
"2773",17,229,1,1,1,0,0,0.58,5,NA
"2774",17,202,1,0,1,1,0,0.606,2,NA
"2775",17,124,1,0,1,1,1,0.833,2,NA
"2776",17,224,1,2,1,0,0,1.584,4,NA
"2777",17,120,1,0,1,0,1,0.455,3,NA
"2778",17,203,1,0,1,1,0,0.612,5,NA
"2779",17,129,1,1,1,1,1,0.441,2,NA
"2780",17,115,1,1,1,1,1,1.089,4,NA
"2781",17,222,1,2,1,0,0,0.678,3,NA
"2782",17,119,1,2,1,0,1,1.016,5,NA
"2783",17,109,1,2,1,1,1,0.565,2,NA
"2784",17,217,1,2,1,1,0,0.611,2,NA
"2785",17,216,1,0,1,0,0,1.856,2,NA
"2786",17,114,1,1,1,0,1,1.011,3,NA
"2787",17,211,1,1,1,0,0,1.241,5,NA
"2788",17,207,1,1,1,0,0,0.727,3,NA
"2789",17,215,1,2,1,1,0,0.688,4,NA
"2790",17,230,1,2,1,0,0,1.48,3,NA
"2791",17,223,1,2,1,1,0,0.616,5,NA
"2792",17,118,1,0,1,0,1,0.997,4,NA
"2793",17,219,1,0,1,0,0,0.722,3,NA
"2794",17,122,1,2,1,0,1,0.749,5,NA
"2795",17,201,1,1,1,1,0,1.31,3,NA
"2796",17,205,1,2,1,1,0,0.611,2,NA
"2797",17,210,1,2,1,1,0,1.397,1,NA
"2798",17,227,1,2,1,0,0,0.448,1,NA
"2799",17,214,1,2,1,0,0,0.354,2,NA
"2800",17,102,1,1,1,1,1,0.62,4,NA
"2801",17,221,1,1,1,1,0,0.397,2,NA
"2802",17,127,1,1,1,0,1,0.748,2,NA
"2803",17,212,1,1,1,1,0,0.675,4,NA
"2804",17,218,1,0,1,1,0,0.614,1,NA
"2805",17,213,1,0,1,1,0,1.104,2,NA
"2806",17,206,1,0,1,1,0,0.231,2,NA
"2807",17,106,1,1,1,0,1,0.314,2,NA
"2808",17,113,1,2,1,1,1,0.536,2,NA
"2809",17,225,1,1,1,1,0,0.389,2,NA
"2810",17,116,1,0,1,0,1,0.322,2,NA
"2811",17,104,1,2,1,0,1,0.41,2,NA
"2812",17,101,1,1,1,1,1,0.698,2,NA
"2813",17,103,1,0,1,0,1,0.272,3,NA
"2814",17,209,1,1,1,1,0,0.491,2,NA
"2815",17,226,1,0,1,1,0,0.473,2,NA
"2816",17,110,1,0,1,1,1,0.304,2,NA
"2817",17,105,1,2,1,1,1,0.411,4,NA
"2818",17,117,1,2,1,0,1,0.81,6,NA
"2819",17,107,1,0,1,1,1,0.667,3,NA
"2820",17,128,1,1,1,1,1,0.767,6,NA
"2821",17,403,2,1,1,1,1,0.545,3,NA
"2822",17,428,2,2,1,1,1,0.512,1,NA
"2823",17,325,2,0,1,1,0,0.456,2,NA
"2824",17,411,2,2,1,0,1,0.528,2,NA
"2825",17,319,2,2,1,1,0,0.565,1,NA
"2826",17,423,2,2,1,0,1,0.573,2,NA
"2827",17,314,2,1,1,0,0,0.586,4,NA
"2828",17,419,2,1,1,1,1,0.505,2,NA
"2829",17,326,2,0,1,1,0,0.36,2,NA
"2830",17,415,2,1,1,0,1,0.563,4,NA
"2831",17,402,2,2,1,0,1,0.455,2,NA
"2832",17,407,2,0,1,1,1,0.572,2,NA
"2833",17,317,2,0,1,1,0,0.337,2,NA
"2834",17,304,2,1,1,1,0,0.438,2,NA
"2835",17,417,2,0,1,0,1,0.338,2,NA
"2836",17,309,2,2,1,0,0,0.466,2,NA
"2837",17,307,2,1,1,1,0,0.282,2,NA
"2838",17,329,2,2,1,0,0,0.795,1,NA
"2839",17,308,2,1,1,0,0,0.462,1,NA
"2840",17,427,2,0,1,1,1,0.561,2,NA
"2841",17,429,2,0,1,1,1,0.531,2,NA
"2842",17,323,2,1,1,0,0,0.49,6,NA
"2843",17,322,2,0,1,1,0,0.512,2,NA
"2844",17,311,2,2,1,1,0,0.547,2,NA
"2845",17,421,2,1,1,0,1,0.52,1,NA
"2846",17,303,2,2,1,1,0,0.557,1,NA
"2847",17,420,2,1,1,1,1,0.489,1,NA
"2848",17,422,2,2,1,1,1,0.44,2,NA
"2849",17,313,2,0,1,0,0,0.662,5,NA
"2850",17,409,2,0,1,0,1,0.918,2,NA
"2851",17,305,2,0,1,0,0,0.849,4,NA
"2852",17,406,2,0,1,1,1,0.564,3,NA
"2853",17,413,2,0,1,0,1,0.827,3,NA
"2854",17,302,2,2,1,1,0,0.543,1,NA
"2855",17,318,2,2,1,1,0,0.539,1,NA
"2856",17,301,2,0,1,1,0,0.54,1,NA
"2857",17,418,2,0,1,0,1,1.656,2,NA
"2858",17,410,2,2,1,1,1,0.572,5,NA
"2859",17,414,2,1,1,1,1,0.713,1,NA
"2860",17,404,2,1,1,1,1,0.376,1,NA
"2861",17,412,2,1,1,1,1,0.97,2,NA
"2862",17,316,2,0,1,1,0,0.644,2,NA
"2863",17,320,2,1,1,0,0,0.836,4,NA
"2864",17,408,2,0,1,1,1,0.586,4,NA
"2865",17,430,2,2,1,0,1,0.418,3,NA
"2866",17,416,2,0,1,1,1,0.486,2,NA
"2867",17,328,2,1,1,1,0,0.406,1,NA
"2868",17,315,2,1,1,0,0,0.724,6,NA
"2869",17,405,2,2,1,1,1,0.43,2,NA
"2870",17,330,2,1,1,0,0,0.761,1,NA
"2871",17,401,2,1,1,1,1,0.386,1,NA
"2872",17,424,2,1,1,1,1,0.549,3,NA
"2873",17,327,2,2,1,1,0,0.94,2,NA
"2874",17,425,2,2,1,1,1,0.648,2,NA
"2875",17,310,2,0,1,0,0,0.935,1,NA
"2876",17,324,2,2,1,1,0,0.53,2,NA
"2877",17,312,2,2,1,1,0,0.476,4,NA
"2878",17,321,2,0,1,0,0,0.5,1,NA
"2879",17,426,2,2,1,1,1,0.423,1,NA
"2880",17,306,2,1,1,1,0,0.482,2,NA
"2881",18,112,1,0,1,1,1,1.756,6,NA
"2882",18,123,1,2,1,1,1,0.921,6,NA
"2883",18,128,1,1,1,1,1,3.072,6,NA
"2884",18,329,1,0,1,0,0,0.678,5,NA
"2885",18,113,1,1,1,1,1,0.256,6,NA
"2886",18,301,1,2,1,1,0,0.361,3,NA
"2887",18,302,1,0,1,1,0,0.542,4,NA
"2888",18,324,1,1,1,0,0,0.782,2,NA
"2889",18,118,1,1,1,1,1,0.291,6,NA
"2890",18,327,1,2,1,1,0,0.793,4,NA
"2891",18,304,1,0,1,0,0,0.988,5,NA
"2892",18,122,1,2,1,1,1,0.304,6,NA
"2893",18,127,1,0,1,1,1,0.49,6,NA
"2894",18,121,1,0,1,1,1,0.311,6,NA
"2895",18,316,1,2,1,0,0,0.421,6,NA
"2896",18,311,1,1,1,1,0,0.613,5,NA
"2897",18,102,1,1,1,1,1,0.251,6,NA
"2898",18,303,1,1,1,1,0,0.73,4,NA
"2899",18,109,1,2,1,1,1,0.29,6,NA
"2900",18,330,1,1,1,1,0,0.42,3,NA
"2901",18,323,1,1,1,1,0,0.451,4,NA
"2902",18,314,1,2,1,0,0,0.519,6,NA
"2903",18,306,1,0,1,1,0,0.349,4,NA
"2904",18,125,1,0,1,0,1,1.186,6,NA
"2905",18,318,1,0,1,1,0,0.569,4,NA
"2906",18,110,1,1,1,1,1,0.391,6,NA
"2907",18,129,1,2,1,1,1,0.317,6,NA
"2908",18,321,1,2,1,0,0,0.471,2,NA
"2909",18,116,1,0,1,1,1,0.611,5,NA
"2910",18,115,1,2,1,1,1,0.299,6,NA
"2911",18,111,1,0,1,1,1,0.342,6,NA
"2912",18,315,1,0,1,1,0,0.334,4,NA
"2913",18,124,1,2,1,1,1,0.488,6,NA
"2914",18,130,1,0,1,1,1,0.351,6,NA
"2915",18,312,1,1,1,1,0,0.363,5,NA
"2916",18,309,1,0,1,1,0,0.587,4,NA
"2917",18,119,1,2,1,1,1,0.396,5,NA
"2918",18,307,1,1,1,0,0,1.35,2,NA
"2919",18,322,1,1,1,1,0,0.29,3,NA
"2920",18,107,1,1,1,1,1,0.181,6,NA
"2921",18,317,1,1,1,1,0,0.916,5,NA
"2922",18,328,1,2,1,1,0,0.36,3,NA
"2923",18,126,1,1,1,1,1,0.68,6,NA
"2924",18,106,1,0,1,1,1,0.467,6,NA
"2925",18,310,1,2,1,1,0,0.55,3,NA
"2926",18,325,1,2,1,0,0,0.93,3,NA
"2927",18,117,1,1,1,1,1,0.815,4,NA
"2928",18,120,1,1,1,1,1,0.542,6,NA
"2929",18,308,1,1,1,0,0,0.456,2,NA
"2930",18,319,1,2,1,1,0,0.513,5,NA
"2931",18,320,1,0,1,1,0,0.403,5,NA
"2932",18,313,1,0,1,1,0,0.653,4,NA
"2933",18,326,1,2,1,0,0,0.912,1,NA
"2934",18,101,1,0,1,1,1,0.422,5,NA
"2935",18,105,1,2,1,1,1,0.321,6,NA
"2936",18,114,1,0,1,1,1,0.344,6,NA
"2937",18,104,1,1,1,1,1,0.326,6,NA
"2938",18,103,1,2,1,0,1,2.313,6,NA
"2939",18,108,1,2,1,1,1,0.267,6,NA
"2940",18,305,1,0,1,1,0,0.286,6,NA
"2941",18,215,2,0,1,1,0,0.311,6,NA
"2942",18,224,2,0,1,0,0,0.727,6,NA
"2943",18,404,2,1,1,1,1,0.265,4,NA
"2944",18,216,2,2,1,1,0,1.12,2,NA
"2945",18,423,2,1,1,1,1,1.232,2,NA
"2946",18,405,2,1,1,1,1,0.313,5,NA
"2947",18,412,2,0,1,0,1,0.388,4,NA
"2948",18,204,2,1,1,0,0,1.13,6,NA
"2949",18,411,2,0,1,0,1,1.535,1,NA
"2950",18,207,2,0,1,0,0,0.528,6,NA
"2951",18,410,2,2,1,0,1,1.148,4,NA
"2952",18,221,2,2,1,1,0,0.358,5,NA
"2953",18,413,2,2,1,1,1,0.502,6,NA
"2954",18,416,2,1,1,1,1,0.794,2,NA
"2955",18,228,2,2,1,1,0,0.297,3,NA
"2956",18,406,2,2,1,1,1,0.304,6,NA
"2957",18,222,2,1,1,1,0,0.359,4,NA
"2958",18,419,2,0,1,0,1,1.882,2,NA
"2959",18,429,2,0,1,1,1,0.384,6,NA
"2960",18,415,2,2,1,1,1,0.252,6,NA
"2961",18,424,2,0,1,0,1,0.322,6,NA
"2962",18,227,2,1,1,0,0,1.033,5,NA
"2963",18,229,2,1,1,1,0,0.467,5,NA
"2964",18,230,2,1,1,1,0,0.644,1,NA
"2965",18,203,2,2,1,1,0,0.53,5,NA
"2966",18,417,2,2,1,1,1,0.295,6,NA
"2967",18,211,2,2,1,1,0,0.275,6,NA
"2968",18,223,2,0,1,0,0,0.762,4,NA
"2969",18,408,2,1,1,1,1,0.293,5,NA
"2970",18,206,2,0,1,1,0,0.499,3,NA
"2971",18,420,2,1,1,0,1,0.572,6,NA
"2972",18,220,2,0,1,0,0,1.528,5,NA
"2973",18,219,2,1,1,0,0,0.615,1,NA
"2974",18,421,2,0,1,0,1,0.552,2,NA
"2975",18,218,2,2,1,1,0,1.962,3,NA
"2976",18,428,2,2,1,1,1,0.268,4,NA
"2977",18,427,2,2,1,1,1,0.43,2,NA
"2978",18,210,2,1,1,1,0,1.229,6,NA
"2979",18,213,2,2,1,1,0,0.762,4,NA
"2980",18,430,2,0,1,0,1,1.708,3,NA
"2981",18,418,2,0,1,1,1,0.33,6,NA
"2982",18,403,2,1,1,0,1,0.514,6,NA
"2983",18,414,2,2,1,1,1,0.554,2,NA
"2984",18,422,2,2,1,1,1,0.339,4,NA
"2985",18,407,2,1,1,1,1,0.25,6,NA
"2986",18,208,2,0,1,0,0,0.939,1,NA
"2987",18,201,2,0,1,0,0,1.048,3,NA
"2988",18,212,2,0,1,1,0,0.387,6,NA
"2989",18,209,2,1,1,1,0,0.073,3,NA
"2990",18,425,2,0,1,1,1,0.327,2,NA
"2991",18,205,2,1,1,1,0,0.326,3,NA
"2992",18,226,2,1,1,1,0,0.268,6,NA
"2993",18,426,2,1,1,0,1,1.881,2,NA
"2994",18,402,2,2,1,1,1,0.291,4,NA
"2995",18,217,2,2,1,1,0,0.257,5,NA
"2996",18,225,2,2,1,1,0,0.188,2,NA
"2997",18,401,2,0,1,1,1,0.275,6,NA
"2998",18,409,2,1,1,1,1,0.203,6,NA
"2999",18,214,2,0,1,1,0,0.342,3,NA
"3000",18,202,2,2,1,0,0,0.589,1,NA
"3001",19,205,1,0,1,0,0,0.264,5,NA
"3002",19,203,1,2,1,1,0,0.299,2,NA
"3003",19,228,1,0,1,1,0,0.62,3,NA
"3004",19,221,1,2,1,1,0,0.504,1,NA
"3005",19,209,1,2,1,1,0,0.763,3,NA
"3006",19,414,1,1,1,0,1,0.311,5,NA
"3007",19,426,1,1,1,1,1,1.966,2,NA
"3008",19,423,1,1,1,1,1,1.612,2,NA
"3009",19,202,1,1,1,0,0,1.094,2,NA
"3010",19,211,1,2,1,1,0,1.283,2,NA
"3011",19,227,1,1,1,1,0,1.998,2,NA
"3012",19,213,1,1,1,1,0,1.138,3,NA
"3013",19,410,1,0,1,0,1,0.851,3,NA
"3014",19,430,1,0,1,1,1,0.412,4,NA
"3015",19,408,1,2,1,1,1,0.497,2,NA
"3016",19,220,1,2,1,1,0,0.634,4,NA
"3017",19,427,1,1,1,1,1,0.369,2,NA
"3018",19,403,1,1,1,0,1,0.561,6,NA
"3019",19,210,1,0,1,0,0,1.369,3,NA
"3020",19,223,1,0,1,0,0,1.229,2,NA
"3021",19,217,1,0,1,0,0,0.703,1,NA
"3022",19,428,1,2,1,1,1,0.389,1,NA
"3023",19,429,1,0,1,0,1,0.841,6,NA
"3024",19,219,1,1,1,1,0,0.505,2,NA
"3025",19,409,1,0,1,1,1,0.449,1,NA
"3026",19,422,1,0,1,1,1,0.292,3,NA
"3027",19,214,1,1,1,1,0,0.275,2,NA
"3028",19,418,1,2,1,1,1,0.403,2,NA
"3029",19,417,1,2,1,1,1,0.786,2,NA
"3030",19,420,1,2,1,0,1,1.439,2,NA
"3031",19,215,1,1,1,0,0,3.716,1,NA
"3032",19,407,1,2,1,0,1,0.938,2,NA
"3033",19,415,1,2,1,1,1,0.83,3,NA
"3034",19,222,1,2,1,0,0,0.637,2,NA
"3035",19,424,1,2,1,0,1,1.45,2,NA
"3036",19,421,1,0,1,0,1,0.778,3,NA
"3037",19,206,1,2,1,0,0,0.445,5,NA
"3038",19,404,1,2,1,1,1,0.413,2,NA
"3039",19,401,1,1,1,1,1,0.344,1,NA
"3040",19,402,1,0,1,1,1,0.41,4,NA
"3041",19,406,1,2,1,1,1,0.331,3,NA
"3042",19,419,1,0,1,1,1,0.338,2,NA
"3043",19,405,1,1,1,1,1,0.414,2,NA
"3044",19,201,1,0,1,1,0,2.711,2,NA
"3045",19,425,1,0,1,0,1,7.755,5,NA
"3046",19,413,1,1,1,1,1,0.321,5,NA
"3047",19,216,1,2,1,1,0,0.556,3,NA
"3048",19,416,1,1,1,1,1,0.371,2,NA
"3049",19,229,1,1,1,1,0,0.989,3,NA
"3050",19,208,1,0,1,1,0,0.641,3,NA
"3051",19,204,1,0,1,1,0,0.932,3,NA
"3052",19,224,1,0,1,1,0,1.987,4,NA
"3053",19,411,1,0,1,1,1,0.472,4,NA
"3054",19,226,1,1,1,0,0,0.464,4,NA
"3055",19,212,1,1,1,1,0,0.957,3,NA
"3056",19,225,1,1,1,0,0,0.543,5,NA
"3057",19,207,1,2,1,0,0,3.132,2,NA
"3058",19,218,1,2,1,1,0,0.456,2,NA
"3059",19,412,1,1,1,1,1,0.322,2,NA
"3060",19,230,1,0,1,1,0,0.5,2,NA
"3061",19,105,2,2,1,1,1,0.619,6,NA
"3062",19,324,2,0,1,0,0,0.547,2,NA
"3063",19,109,2,2,1,1,1,0.321,5,NA
"3064",19,309,2,0,1,0,0,0.546,3,NA
"3065",19,302,2,1,1,0,0,0.468,2,NA
"3066",19,311,2,0,1,0,0,0.546,4,NA
"3067",19,301,2,2,1,1,0,0.466,4,NA
"3068",19,303,2,2,1,1,0,1.005,1,NA
"3069",19,322,2,1,1,1,0,0.447,2,NA
"3070",19,111,2,1,1,0,1,0.382,3,NA
"3071",19,120,2,0,1,1,1,1.204,2,NA
"3072",19,318,2,0,1,1,0,0.42,2,NA
"3073",19,319,2,1,1,0,0,1.356,3,NA
"3074",19,313,2,2,1,1,0,1.018,5,NA
"3075",19,128,2,2,1,0,1,0.561,2,NA
"3076",19,102,2,2,1,1,1,0.442,2,NA
"3077",19,330,2,0,1,1,0,0.425,3,NA
"3078",19,126,2,1,1,1,1,0.348,2,NA
"3079",19,304,2,1,1,1,0,0.379,3,NA
"3080",19,129,2,0,1,0,1,0.408,2,NA
"3081",19,118,2,1,1,0,1,1.239,2,NA
"3082",19,110,2,1,1,0,1,2.308,4,NA
"3083",19,310,2,2,1,0,0,0.321,1,NA
"3084",19,317,2,1,1,0,0,0.394,1,NA
"3085",19,107,2,2,1,1,1,1.293,1,NA
"3086",19,108,2,0,1,1,1,2.436,2,NA
"3087",19,121,2,0,1,1,1,0.712,3,NA
"3088",19,124,2,0,1,0,1,2.801,3,NA
"3089",19,323,2,2,1,0,0,0.587,5,NA
"3090",19,116,2,1,1,1,1,0.34,2,NA
"3091",19,327,2,0,1,1,0,1.625,2,NA
"3092",19,326,2,0,1,1,0,0.472,1,NA
"3093",19,103,2,1,1,1,1,0.4,6,NA
"3094",19,114,2,0,1,1,1,0.621,2,NA
"3095",19,325,2,1,1,1,0,0.495,3,NA
"3096",19,320,2,1,1,0,0,1.926,2,NA
"3097",19,306,2,1,1,1,0,0.317,3,NA
"3098",19,106,2,0,1,1,1,0.611,2,NA
"3099",19,316,2,0,1,0,0,0.518,4,NA
"3100",19,314,2,2,1,0,0,0.667,2,NA
"3101",19,312,2,0,1,1,0,2.308,3,NA
"3102",19,321,2,0,1,1,0,0.435,3,NA
"3103",19,122,2,2,1,1,1,0.399,5,NA
"3104",19,308,2,2,1,0,0,2.892,2,NA
"3105",19,123,2,2,1,0,1,0.636,3,NA
"3106",19,305,2,2,1,0,0,2.045,2,NA
"3107",19,125,2,1,1,0,1,0.47,6,NA
"3108",19,117,2,2,1,1,1,0.407,4,NA
"3109",19,115,2,0,1,1,1,0.505,4,NA
"3110",19,104,2,1,1,1,1,0.522,3,NA
"3111",19,315,2,2,1,0,0,0.516,1,NA
"3112",19,127,2,1,1,0,1,0.446,2,NA
"3113",19,119,2,2,1,0,1,1.591,3,NA
"3114",19,307,2,1,1,0,0,0.593,5,NA
"3115",19,130,2,1,1,0,1,0.694,4,NA
"3116",19,328,2,1,1,0,0,1.037,1,NA
"3117",19,113,2,0,1,1,1,0.858,5,NA
"3118",19,112,2,2,1,1,1,0.296,3,NA
"3119",19,329,2,2,1,0,0,0.636,2,NA
"3120",19,101,2,0,1,1,1,0.38,2,NA
"3121",2,416,1,0,1,0,0,3.533,1,NA
"3122",2,401,1,2,1,1,0,1.456,1,NA
"3123",2,123,1,1,1,1,1,1.225,5,NA
"3124",2,116,1,0,1,0,1,1.98,2,NA
"3125",2,120,1,1,1,1,1,5.646,3,NA
"3126",2,413,1,1,1,1,0,1.701,5,NA
"3127",2,109,1,1,1,0,1,1.043,3,NA
"3128",2,406,1,2,1,1,0,1.041,2,NA
"3129",2,119,1,0,1,1,1,1.444,3,NA
"3130",2,409,1,2,1,0,0,0.841,5,NA
"3131",2,121,1,2,1,1,1,0.768,2,NA
"3132",2,427,1,1,1,1,0,0.704,2,NA
"3133",2,129,1,2,1,1,1,0.884,2,NA
"3134",2,407,1,1,1,1,0,0.783,2,NA
"3135",2,424,1,2,1,0,0,0.434,5,NA
"3136",2,103,1,0,1,1,1,4.862,4,NA
"3137",2,422,1,0,1,1,0,1.203,3,NA
"3138",2,420,1,0,1,1,0,1.199,5,NA
"3139",2,112,1,2,1,1,1,0.341,3,NA
"3140",2,425,1,0,1,1,0,1.477,3,NA
"3141",2,421,1,1,1,0,0,1.024,2,NA
"3142",2,104,1,1,1,1,1,0.625,1,NA
"3143",2,105,1,1,1,0,1,2.193,2,NA
"3144",2,118,1,0,1,0,1,0.472,1,NA
"3145",2,130,1,2,1,1,1,0.94,3,NA
"3146",2,108,1,2,1,1,1,1.428,4,NA
"3147",2,404,1,2,1,1,0,0.824,2,NA
"3148",2,412,1,0,1,0,0,0.543,3,NA
"3149",2,430,1,1,1,1,0,1.54,4,NA
"3150",2,126,1,0,1,1,1,1.41,2,NA
"3151",2,423,1,1,1,1,0,1.232,1,NA
"3152",2,111,1,2,1,0,1,0.428,1,NA
"3153",2,410,1,0,1,1,0,0.389,4,NA
"3154",2,106,1,0,1,0,1,1.083,2,NA
"3155",2,124,1,0,1,1,1,0.644,3,NA
"3156",2,101,1,1,1,0,1,1.071,2,NA
"3157",2,127,1,1,1,1,1,0.763,3,NA
"3158",2,402,1,0,1,0,0,0.516,2,NA
"3159",2,125,1,0,1,1,1,3.832,2,NA
"3160",2,418,1,2,1,1,0,1.425,2,NA
"3161",2,411,1,0,1,0,0,0.722,1,NA
"3162",2,426,1,1,1,1,0,1.495,1,NA
"3163",2,405,1,0,1,1,0,1.183,3,NA
"3164",2,408,1,1,1,1,0,0.94,2,NA
"3165",2,107,1,1,1,1,1,0.854,1,NA
"3166",2,114,1,2,1,1,1,0.695,1,NA
"3167",2,110,1,0,1,1,1,3.464,3,NA
"3168",2,122,1,0,1,0,1,2.041,2,NA
"3169",2,428,1,2,1,0,0,0.801,2,NA
"3170",2,128,1,2,1,1,1,0.51,3,NA
"3171",2,417,1,0,1,1,0,0.644,3,NA
"3172",2,115,1,2,1,0,1,1.849,1,NA
"3173",2,415,1,2,1,1,0,0.577,1,NA
"3174",2,414,1,1,1,1,0,2.582,1,NA
"3175",2,403,1,2,1,1,0,3.052,3,NA
"3176",2,419,1,2,1,0,0,0.686,2,NA
"3177",2,117,1,1,1,1,1,1.037,2,NA
"3178",2,102,1,1,1,1,1,0.941,2,NA
"3179",2,113,1,2,1,0,1,0.917,6,NA
"3180",2,429,1,1,1,1,0,0.484,5,NA
"3181",2,320,2,0,1,0,0,1.399,2,NA
"3182",2,218,2,0,1,1,1,1.551,3,NA
"3183",2,310,2,0,1,0,0,2.167,2,NA
"3184",2,318,2,2,1,1,0,1.646,2,NA
"3185",2,222,2,0,1,1,1,0.828,4,NA
"3186",2,316,2,2,1,1,0,1.531,1,NA
"3187",2,307,2,2,1,0,0,3.259,1,NA
"3188",2,212,2,2,1,1,1,0.919,3,NA
"3189",2,313,2,2,1,1,0,1.554,2,NA
"3190",2,224,2,0,1,1,1,1.849,4,NA
"3191",2,322,2,0,1,0,0,0.599,3,NA
"3192",2,214,2,0,1,0,1,0.748,3,NA
"3193",2,325,2,1,1,0,0,3.485,1,NA
"3194",2,223,2,1,1,1,1,0.899,4,NA
"3195",2,211,2,2,1,0,1,1.954,2,NA
"3196",2,219,2,2,1,1,1,0.725,2,NA
"3197",2,208,2,1,1,1,1,0.519,1,NA
"3198",2,301,2,1,1,1,0,1.151,1,NA
"3199",2,213,2,1,1,0,1,1.592,2,NA
"3200",2,317,2,1,1,0,0,2.737,2,NA
"3201",2,315,2,2,1,1,0,0.539,1,NA
"3202",2,216,2,2,1,1,1,0.657,3,NA
"3203",2,308,2,0,1,1,0,0.508,2,NA
"3204",2,226,2,1,1,1,1,3.443,1,NA
"3205",2,304,2,0,1,1,0,0.776,1,NA
"3206",2,312,2,1,1,1,0,4.145,1,NA
"3207",2,324,2,1,1,0,0,3.166,1,NA
"3208",2,207,2,2,1,1,1,0.837,2,NA
"3209",2,202,2,1,1,1,1,0.905,3,NA
"3210",2,206,2,0,1,1,1,1.394,1,NA
"3211",2,305,2,2,1,1,0,0.733,2,NA
"3212",2,225,2,1,1,1,1,0.629,2,NA
"3213",2,306,2,2,1,0,0,7.832,2,NA
"3214",2,203,2,0,1,1,1,1.68,2,NA
"3215",2,327,2,1,1,1,0,1.413,1,NA
"3216",2,210,2,0,1,0,1,0.937,1,NA
"3217",2,209,2,1,1,1,1,2.626,1,NA
"3218",2,228,2,2,1,1,1,2.486,2,NA
"3219",2,204,2,0,1,1,1,0.675,1,NA
"3220",2,303,2,2,1,1,0,0.337,2,NA
"3221",2,227,2,1,1,1,1,0.452,2,NA
"3222",2,329,2,1,1,0,0,1.283,2,NA
"3223",2,311,2,1,1,1,0,2.182,2,NA
"3224",2,230,2,0,1,1,1,0.889,2,NA
"3225",2,330,2,1,1,0,0,0.508,2,NA
"3226",2,220,2,1,1,1,1,0.416,2,NA
"3227",2,229,2,2,1,1,1,0.87,3,NA
"3228",2,309,2,0,1,1,0,0.508,2,NA
"3229",2,221,2,2,1,1,1,0.649,2,NA
"3230",2,217,2,1,1,1,1,0.459,2,NA
"3231",2,319,2,0,1,1,0,0.693,3,NA
"3232",2,201,2,2,1,1,1,1.007,2,NA
"3233",2,205,2,2,1,0,1,0.647,2,NA
"3234",2,215,2,0,1,1,1,0.559,3,NA
"3235",2,321,2,0,1,1,0,1.93,2,NA
"3236",2,302,2,1,1,1,0,0.823,1,NA
"3237",2,328,2,2,1,1,0,0.713,1,NA
"3238",2,326,2,0,1,1,0,2.267,1,NA
"3239",2,323,2,2,1,0,0,0.329,1,NA
"3240",2,314,2,0,1,1,0,1.402,1,NA
"3241",20,307,1,2,1,1,0,1.692,1,NA
"3242",20,415,1,2,1,1,1,1.041,5,NA
"3243",20,409,1,2,1,0,1,1.087,6,NA
"3244",20,428,1,0,1,0,1,1.823,3,NA
"3245",20,404,1,2,1,0,1,1.003,3,NA
"3246",20,405,1,1,1,1,1,0.704,5,NA
"3247",20,421,1,1,1,1,1,1.123,3,NA
"3248",20,423,1,2,1,0,1,1.292,2,NA
"3249",20,426,1,0,1,1,1,0.56,4,NA
"3250",20,310,1,2,1,1,0,0.875,3,NA
"3251",20,402,1,1,1,0,1,2.735,5,NA
"3252",20,418,1,1,1,1,1,4.182,2,NA
"3253",20,329,1,1,1,1,0,2.187,2,NA
"3254",20,416,1,1,1,0,1,2.159,3,NA
"3255",20,302,1,1,1,1,0,0.908,2,NA
"3256",20,306,1,1,1,1,0,0.576,6,NA
"3257",20,425,1,0,1,0,1,2.459,2,NA
"3258",20,327,1,0,1,0,0,1.304,4,NA
"3259",20,303,1,0,1,0,0,0.525,6,NA
"3260",20,424,1,0,1,0,1,0.425,6,NA
"3261",20,328,1,2,1,0,0,3.036,1,NA
"3262",20,401,1,0,1,0,1,2.465,1,NA
"3263",20,320,1,0,1,0,0,0.617,4,NA
"3264",20,313,1,0,1,0,0,0.674,6,NA
"3265",20,325,1,2,1,0,0,1.779,3,NA
"3266",20,411,1,2,1,0,1,0.631,1,NA
"3267",20,308,1,1,1,1,0,0.463,2,NA
"3268",20,305,1,0,1,0,0,0.381,1,NA
"3269",20,318,1,1,1,1,0,0.577,1,NA
"3270",20,324,1,2,1,0,0,0.837,1,NA
"3271",20,323,1,0,1,0,0,1.569,1,NA
"3272",20,301,1,0,1,0,0,0.493,1,NA
"3273",20,408,1,0,1,1,1,0.925,1,NA
"3274",20,314,1,2,1,1,0,3.751,1,NA
"3275",20,403,1,0,1,0,1,0.682,6,NA
"3276",20,326,1,2,1,0,0,0.306,1,NA
"3277",20,429,1,2,1,0,1,0.254,6,NA
"3278",20,414,1,0,1,1,1,0.631,6,NA
"3279",20,430,1,2,1,1,1,1.585,1,NA
"3280",20,422,1,2,1,0,1,0.867,6,NA
"3281",20,407,1,1,1,1,1,0.451,6,NA
"3282",20,413,1,0,1,0,1,0.453,1,NA
"3283",20,321,1,0,1,0,0,0.361,6,NA
"3284",20,410,1,1,1,1,1,3.13,6,NA
"3285",20,417,1,1,1,1,1,1.193,2,NA
"3286",20,309,1,0,1,0,0,0.362,1,NA
"3287",20,312,1,1,1,1,0,1.53,6,NA
"3288",20,412,1,1,1,1,1,0.573,2,NA
"3289",20,311,1,1,1,1,0,1.695,6,NA
"3290",20,419,1,1,1,1,1,1.057,2,NA
"3291",20,406,1,0,1,0,1,0.325,5,NA
"3292",20,316,1,2,1,0,0,0.271,1,NA
"3293",20,315,1,1,1,1,0,1.12,1,NA
"3294",20,427,1,2,1,0,1,0.502,3,NA
"3295",20,322,1,0,1,0,0,1.209,2,NA
"3296",20,420,1,2,1,0,1,1.007,3,NA
"3297",20,330,1,2,1,0,0,0.343,1,NA
"3298",20,304,1,2,1,0,0,0.371,1,NA
"3299",20,317,1,1,1,1,0,1.069,6,NA
"3300",20,319,1,1,1,1,0,1.246,2,NA
"3301",20,226,2,2,1,0,0,3.347,1,NA
"3302",20,218,2,0,1,0,0,2.939,3,NA
"3303",20,215,2,2,1,0,0,0.799,6,NA
"3304",20,213,2,2,1,0,0,2.597,1,NA
"3305",20,219,2,0,1,1,0,6.328,1,NA
"3306",20,209,2,1,1,1,0,1.958,1,NA
"3307",20,202,2,0,1,0,0,0.731,3,NA
"3308",20,107,2,0,1,1,1,0.878,1,NA
"3309",20,111,2,1,1,1,1,0.348,1,NA
"3310",20,210,2,2,1,0,0,1.951,1,NA
"3311",20,216,2,1,1,1,0,0.34,4,NA
"3312",20,121,2,0,1,1,1,1.231,1,NA
"3313",20,116,2,0,1,1,1,0.498,3,NA
"3314",20,221,2,0,1,0,0,0.496,1,NA
"3315",20,103,2,2,1,0,1,0.964,1,NA
"3316",20,203,2,2,1,1,0,0.227,1,NA
"3317",20,101,2,2,1,0,1,0.536,3,NA
"3318",20,214,2,1,1,1,0,0.315,5,NA
"3319",20,211,2,1,1,1,0,0.249,3,NA
"3320",20,130,2,1,1,1,1,3.408,5,NA
"3321",20,128,2,0,1,0,1,0.357,1,NA
"3322",20,125,2,2,1,0,1,0.479,1,NA
"3323",20,112,2,1,1,1,1,0.699,3,NA
"3324",20,225,2,1,1,1,0,2.615,2,NA
"3325",20,229,2,0,1,0,0,0.389,1,NA
"3326",20,120,2,2,1,0,1,0.345,1,NA
"3327",20,106,2,2,1,1,1,0.997,1,NA
"3328",20,104,2,1,1,1,1,0.054,6,NA
"3329",20,102,2,0,1,0,1,0.53,6,NA
"3330",20,108,2,1,1,1,1,0.274,6,NA
"3331",20,207,2,0,1,0,0,0.333,6,NA
"3332",20,105,2,2,1,0,1,0.288,6,NA
"3333",20,117,2,0,1,0,1,5.457,1,NA
"3334",20,201,2,2,1,1,0,0.314,6,NA
"3335",20,230,2,0,1,0,0,0.354,1,NA
"3336",20,122,2,0,1,1,1,2.686,3,NA
"3337",20,113,2,2,1,0,1,0.354,6,NA
"3338",20,217,2,2,1,0,0,0.538,1,NA
"3339",20,212,2,2,1,1,0,0.32,5,NA
"3340",20,227,2,1,1,0,0,1.596,1,NA
"3341",20,205,2,1,1,1,0,0.047,4,NA
"3342",20,123,2,1,1,1,1,0.296,6,NA
"3343",20,109,2,2,1,1,1,0.296,6,NA
"3344",20,228,2,2,1,0,0,0.517,1,NA
"3345",20,224,2,0,1,0,0,1.777,6,NA
"3346",20,222,2,1,1,1,0,0.291,6,NA
"3347",20,206,2,2,1,0,0,0.368,1,NA
"3348",20,110,2,1,1,1,1,0.061,4,NA
"3349",20,223,2,1,1,1,0,0.445,1,NA
"3350",20,208,2,0,1,0,0,0.335,1,NA
"3351",20,127,2,2,1,0,1,2.58,6,NA
"3352",20,118,2,2,1,0,1,0.251,1,NA
"3353",20,114,2,1,1,1,1,0.385,1,NA
"3354",20,115,2,0,1,1,1,0.653,3,NA
"3355",20,129,2,1,1,0,1,0.426,3,NA
"3356",20,124,2,1,1,1,1,0.642,6,NA
"3357",20,204,2,0,1,0,0,0.416,1,NA
"3358",20,220,2,1,1,1,0,0.242,1,NA
"3359",20,126,2,0,1,1,1,0.863,1,NA
"3360",20,119,2,0,1,0,1,0.417,1,NA
"3361",21,228,1,2,1,0,1,2.465,3,NA
"3362",21,220,1,2,1,0,1,2.463,1,NA
"3363",21,217,1,0,1,1,1,0.898,3,NA
"3364",21,127,1,1,1,1,0,1.606,2,NA
"3365",21,105,1,1,1,1,0,2.26,3,NA
"3366",21,117,1,0,1,1,0,1.496,5,NA
"3367",21,213,1,1,1,1,1,2.955,4,NA
"3368",21,120,1,2,1,1,0,2.231,3,NA
"3369",21,207,1,2,1,1,1,0.395,5,NA
"3370",21,101,1,0,1,0,0,2.723,2,NA
"3371",21,128,1,1,1,1,0,4.178,3,NA
"3372",21,214,1,0,1,0,1,1.458,4,NA
"3373",21,125,1,2,1,0,0,0.843,2,NA
"3374",21,218,1,2,1,1,1,1.435,3,NA
"3375",21,202,1,0,1,1,1,2.272,3,NA
"3376",21,130,1,0,1,1,0,0.496,4,NA
"3377",21,201,1,0,1,1,1,0.442,4,NA
"3378",21,209,1,2,1,0,1,0.287,3,NA
"3379",21,108,1,1,1,0,0,1.218,5,NA
"3380",21,227,1,1,1,0,1,2.836,2,NA
"3381",21,212,1,1,1,1,1,0.58,4,NA
"3382",21,118,1,1,1,0,0,1.117,5,NA
"3383",21,106,1,2,1,0,0,0.72,3,NA
"3384",21,116,1,2,1,1,0,2.378,2,NA
"3385",21,124,1,0,1,1,0,1.122,3,NA
"3386",21,103,1,0,1,0,0,0.589,5,NA
"3387",21,221,1,1,1,1,1,0.426,4,NA
"3388",21,205,1,0,1,1,1,0.633,3,NA
"3389",21,112,1,2,1,0,0,0.441,3,NA
"3390",21,211,1,1,1,1,1,0.393,5,NA
"3391",21,110,1,1,1,0,0,1.415,2,NA
"3392",21,223,1,1,1,1,1,0.888,5,NA
"3393",21,121,1,2,1,1,0,1.407,2,NA
"3394",21,219,1,2,1,0,1,0.621,3,NA
"3395",21,123,1,0,1,1,0,0.656,2,NA
"3396",21,215,1,2,1,0,1,0.351,4,NA
"3397",21,203,1,0,1,0,1,0.404,3,NA
"3398",21,225,1,1,1,1,1,0.343,4,NA
"3399",21,113,1,2,1,0,0,0.376,4,NA
"3400",21,114,1,2,1,1,0,2.292,3,NA
"3401",21,115,1,0,1,0,0,0.53,3,NA
"3402",21,104,1,0,1,1,0,0.901,2,NA
"3403",21,122,1,1,1,1,0,1.209,1,NA
"3404",21,229,1,0,1,1,1,0.845,2,NA
"3405",21,109,1,2,1,1,0,0.553,1,NA
"3406",21,119,1,1,1,1,0,2.379,1,NA
"3407",21,107,1,2,1,0,0,1.13,2,NA
"3408",21,230,1,2,1,1,1,2.22,2,NA
"3409",21,216,1,2,1,0,1,0.803,3,NA
"3410",21,226,1,0,1,1,1,0.489,3,NA
"3411",21,208,1,1,1,0,1,0.528,1,NA
"3412",21,210,1,1,1,1,1,0.903,2,NA
"3413",21,224,1,1,1,1,1,0.471,5,NA
"3414",21,129,1,1,1,0,0,1.823,3,NA
"3415",21,222,1,0,1,0,1,0.327,3,NA
"3416",21,111,1,1,1,0,0,0.589,4,NA
"3417",21,102,1,0,1,1,0,2.044,4,NA
"3418",21,204,1,0,1,1,1,0.508,3,NA
"3419",21,206,1,2,1,0,1,1.313,1,NA
"3420",21,126,1,0,1,1,0,1.686,5,NA
"3421",21,403,2,2,1,1,0,0.599,5,NA
"3422",21,308,2,0,1,0,1,3.18,2,NA
"3423",21,328,2,2,1,1,1,0.362,5,NA
"3424",21,417,2,1,1,1,0,2.251,4,NA
"3425",21,302,2,0,1,0,1,0.782,2,NA
"3426",21,323,2,1,1,0,1,0.702,4,NA
"3427",21,310,2,1,1,0,1,2.535,1,NA
"3428",21,313,2,2,1,1,1,1.088,4,NA
"3429",21,406,2,2,1,1,0,0.911,2,NA
"3430",21,306,2,1,1,1,1,0.399,4,NA
"3431",21,429,2,0,1,0,0,2.568,3,NA
"3432",21,415,2,0,1,1,0,0.418,3,NA
"3433",21,422,2,1,1,1,0,0.861,4,NA
"3434",21,304,2,0,1,1,1,1.23,3,NA
"3435",21,427,2,2,1,0,0,0.468,2,NA
"3436",21,405,2,1,1,1,0,1.208,3,NA
"3437",21,408,2,0,1,0,0,0.932,4,NA
"3438",21,324,2,0,1,0,1,0.499,4,NA
"3439",21,425,2,1,1,1,0,1.005,3,NA
"3440",21,420,2,1,1,0,0,1.964,1,NA
"3441",21,419,2,2,1,1,0,0.375,3,NA
"3442",21,416,2,0,1,0,0,0.659,4,NA
"3443",21,309,2,0,1,0,1,0.483,5,NA
"3444",21,315,2,2,1,0,1,2.02,2,NA
"3445",21,407,2,2,1,0,0,0.378,5,NA
"3446",21,301,2,2,1,1,1,0.845,3,NA
"3447",21,322,2,2,1,1,1,1.398,5,NA
"3448",21,410,2,0,1,0,0,0.384,4,NA
"3449",21,325,2,1,1,1,1,0.556,5,NA
"3450",21,320,2,1,1,1,1,0.794,4,NA
"3451",21,424,2,0,1,1,0,0.541,4,NA
"3452",21,319,2,0,1,0,1,1.05,4,NA
"3453",21,329,2,1,1,0,1,0.626,1,NA
"3454",21,312,2,2,1,1,1,0.453,3,NA
"3455",21,402,2,1,1,1,0,0.38,3,NA
"3456",21,423,2,0,1,0,0,0.413,4,NA
"3457",21,318,2,2,1,0,1,1.344,2,NA
"3458",21,421,2,1,1,0,0,1.329,2,NA
"3459",21,326,2,2,1,1,1,1.593,1,NA
"3460",21,316,2,2,1,0,1,2.161,2,NA
"3461",21,321,2,0,1,1,1,1.123,2,NA
"3462",21,317,2,1,1,1,1,0.725,4,NA
"3463",21,409,2,0,1,0,0,1.818,5,NA
"3464",21,314,2,0,1,0,1,0.726,4,NA
"3465",21,430,2,2,1,1,0,0.443,4,NA
"3466",21,311,2,1,1,1,1,0.397,5,NA
"3467",21,428,2,2,1,0,0,0.41,2,NA
"3468",21,303,2,0,1,1,1,0.819,3,NA
"3469",21,414,2,1,1,1,0,0.412,4,NA
"3470",21,305,2,1,1,0,1,0.693,5,NA
"3471",21,413,2,0,1,1,0,0.872,5,NA
"3472",21,401,2,1,1,1,0,0.588,3,NA
"3473",21,411,2,2,1,0,0,0.265,4,NA
"3474",21,327,2,2,1,1,1,0.8,4,NA
"3475",21,418,2,1,1,1,0,1.428,4,NA
"3476",21,426,2,0,1,0,0,1.229,1,NA
"3477",21,330,2,1,1,1,1,1.251,4,NA
"3478",21,412,2,2,1,1,0,0.861,2,NA
"3479",21,307,2,0,1,1,1,0.338,3,NA
"3480",21,404,2,2,1,0,0,3.345,3,NA
"3481",22,212,1,0,1,1,1,0.46,5,NA
"3482",22,222,1,2,1,1,1,0.659,4,NA
"3483",22,415,1,1,1,1,0,0.607,4,NA
"3484",22,226,1,1,1,1,1,1.825,2,NA
"3485",22,425,1,2,1,1,0,0.765,1,NA
"3486",22,427,1,2,1,1,0,0.733,3,NA
"3487",22,409,1,2,1,0,0,0.306,2,NA
"3488",22,420,1,2,1,1,0,0.766,2,NA
"3489",22,414,1,0,1,0,0,0.592,1,NA
"3490",22,217,1,1,1,1,1,0.411,3,NA
"3491",22,203,1,1,1,1,1,0.497,4,NA
"3492",22,228,1,0,1,1,1,0.264,3,NA
"3493",22,215,1,1,1,1,1,1.365,3,NA
"3494",22,407,1,2,1,0,0,0.689,1,NA
"3495",22,424,1,0,1,0,0,1.072,2,NA
"3496",22,417,1,1,1,0,0,0.819,3,NA
"3497",22,404,1,0,1,1,0,0.676,2,NA
"3498",22,216,1,0,1,1,1,0.596,2,NA
"3499",22,410,1,0,1,1,0,0.471,2,NA
"3500",22,411,1,1,1,0,0,1.15,1,NA
"3501",22,206,1,0,1,0,1,0.448,1,NA
"3502",22,221,1,2,1,1,1,0.423,4,NA
"3503",22,426,1,0,1,0,0,1.817,1,NA
"3504",22,418,1,1,1,0,0,0.414,1,NA
"3505",22,219,1,2,1,1,1,0.514,2,NA
"3506",22,421,1,1,1,0,0,0.305,3,NA
"3507",22,207,1,2,1,0,1,0.378,6,NA
"3508",22,229,1,1,1,1,1,0.409,2,NA
"3509",22,210,1,2,1,1,1,0.655,2,NA
"3510",22,204,1,0,1,1,1,0.269,5,NA
"3511",22,230,1,1,1,1,1,0.481,3,NA
"3512",22,223,1,0,1,1,1,0.337,5,NA
"3513",22,214,1,0,1,1,1,0.364,3,NA
"3514",22,408,1,2,1,1,0,0.323,2,NA
"3515",22,403,1,1,1,1,0,0.798,1,NA
"3516",22,413,1,0,1,1,0,0.381,3,NA
"3517",22,405,1,1,1,1,0,0.548,2,NA
"3518",22,429,1,0,1,0,0,0.458,5,NA
"3519",22,428,1,1,1,1,0,0.347,1,NA
"3520",22,423,1,2,1,1,0,1.408,1,NA
"3521",22,422,1,1,1,1,0,0.319,1,NA
"3522",22,209,1,2,1,1,1,0.405,6,NA
"3523",22,227,1,0,1,1,1,0.161,1,NA
"3524",22,406,1,1,1,1,0,0.457,6,NA
"3525",22,201,1,1,1,1,1,0.488,1,NA
"3526",22,208,1,0,1,1,1,2.429,1,NA
"3527",22,430,1,2,1,0,0,1.281,1,NA
"3528",22,401,1,0,1,1,0,0.411,1,NA
"3529",22,419,1,2,1,1,0,0.273,2,NA
"3530",22,202,1,1,1,0,1,0.306,2,NA
"3531",22,211,1,0,1,1,1,0.364,6,NA
"3532",22,218,1,2,1,1,1,0.85,2,NA
"3533",22,220,1,1,1,0,1,0.352,4,NA
"3534",22,402,1,0,1,1,0,0.313,2,NA
"3535",22,213,1,2,1,1,1,0.29,4,NA
"3536",22,416,1,0,1,0,0,0.801,4,NA
"3537",22,225,1,1,1,1,1,0.284,2,NA
"3538",22,412,1,2,1,0,0,1.874,1,NA
"3539",22,224,1,2,1,1,1,0.341,2,NA
"3540",22,205,1,2,1,1,1,0.292,6,NA
"3541",22,312,2,0,1,1,1,0.48,3,NA
"3542",22,129,2,1,1,0,0,0.44,3,NA
"3543",22,318,2,1,1,0,1,0.329,5,NA
"3544",22,319,2,1,1,1,1,0.456,3,NA
"3545",22,103,2,0,1,0,0,0.569,2,NA
"3546",22,123,2,2,1,0,0,1.287,2,NA
"3547",22,302,2,1,1,0,1,0.649,2,NA
"3548",22,122,2,0,1,1,0,0.568,3,NA
"3549",22,313,2,0,1,0,1,1.268,1,NA
"3550",22,113,2,1,1,1,0,0.483,5,NA
"3551",22,329,2,0,1,0,1,0.394,1,NA
"3552",22,115,2,1,1,1,0,0.582,3,NA
"3553",22,126,2,1,1,1,0,0.275,3,NA
"3554",22,128,2,0,1,0,0,0.407,3,NA
"3555",22,127,2,2,1,1,0,0.537,2,NA
"3556",22,317,2,2,1,1,1,0.313,2,NA
"3557",22,304,2,1,1,0,1,0.476,3,NA
"3558",22,107,2,0,1,1,0,0.493,5,NA
"3559",22,130,2,2,1,1,0,0.502,3,NA
"3560",22,105,2,0,1,1,0,0.396,3,NA
"3561",22,326,2,0,1,1,1,0.459,3,NA
"3562",22,106,2,2,1,1,0,0.301,2,NA
"3563",22,116,2,2,1,1,0,0.597,3,NA
"3564",22,316,2,2,1,1,1,0.311,2,NA
"3565",22,308,2,2,1,0,1,0.507,1,NA
"3566",22,324,2,2,1,1,1,0.827,2,NA
"3567",22,104,2,1,1,1,0,0.313,5,NA
"3568",22,325,2,2,1,1,1,0.373,4,NA
"3569",22,327,2,0,1,1,1,0.434,2,NA
"3570",22,321,2,1,1,1,1,0.36,5,NA
"3571",22,310,2,0,1,1,1,0.293,1,NA
"3572",22,314,2,0,1,1,1,0.325,4,NA
"3573",22,315,2,0,1,1,1,0.285,4,NA
"3574",22,108,2,2,1,0,0,0.213,3,NA
"3575",22,117,2,1,1,0,0,0.41,2,NA
"3576",22,301,2,2,1,1,1,0.382,4,NA
"3577",22,120,2,0,1,1,0,0.304,1,NA
"3578",22,322,2,2,1,1,1,0.303,3,NA
"3579",22,330,2,2,1,1,1,0.762,2,NA
"3580",22,118,2,0,1,1,0,0.786,1,NA
"3581",22,320,2,2,1,0,1,0.857,1,NA
"3582",22,111,2,2,1,0,0,0.652,1,NA
"3583",22,101,2,0,1,1,0,0.319,1,NA
"3584",22,124,2,1,1,1,0,1.001,3,NA
"3585",22,307,2,1,1,1,1,0.288,3,NA
"3586",22,109,2,0,1,1,0,0.361,5,NA
"3587",22,114,2,2,1,1,0,0.305,3,NA
"3588",22,112,2,2,1,1,0,0.703,1,NA
"3589",22,323,2,1,1,0,1,0.761,5,NA
"3590",22,125,2,1,1,0,0,0.321,6,NA
"3591",22,328,2,2,1,1,1,0.31,4,NA
"3592",22,121,2,0,1,1,0,0.338,3,NA
"3593",22,306,2,1,1,1,1,0.312,4,NA
"3594",22,119,2,1,1,1,0,0.298,2,NA
"3595",22,309,2,0,1,0,1,0.788,1,NA
"3596",22,311,2,0,1,1,1,1.191,2,NA
"3597",22,102,2,1,1,1,0,0.417,1,NA
"3598",22,305,2,1,1,0,1,0.291,4,NA
"3599",22,303,2,1,1,1,1,0.35,3,NA
"3600",22,110,2,2,1,1,0,0.306,3,NA
"3601",23,122,1,0,1,0,0,1.594,3,NA
"3602",23,124,1,2,1,1,0,0.277,3,NA
"3603",23,325,1,0,1,1,1,0.539,4,NA
"3604",23,117,1,2,1,0,0,0.644,4,NA
"3605",23,116,1,0,1,1,0,0.294,3,NA
"3606",23,127,1,1,1,1,0,0.482,4,NA
"3607",23,107,1,1,1,0,0,0.49,4,NA
"3608",23,307,1,1,1,1,1,0.632,6,NA
"3609",23,323,1,1,1,1,1,0.377,6,NA
"3610",23,102,1,0,1,0,0,0.43,3,NA
"3611",23,328,1,1,1,1,1,0.331,6,NA
"3612",23,105,1,1,1,1,0,0.341,6,NA
"3613",23,109,1,2,1,1,0,0.326,6,NA
"3614",23,310,1,2,1,0,1,1.878,6,NA
"3615",23,317,1,1,1,1,1,0.32,6,NA
"3616",23,104,1,1,1,0,0,0.335,3,NA
"3617",23,123,1,0,1,1,0,0.38,6,NA
"3618",23,311,1,2,1,1,1,0.415,6,NA
"3619",23,101,1,2,1,1,0,0.531,6,NA
"3620",23,324,1,2,1,0,1,1.098,6,NA
"3621",23,316,1,1,1,1,1,0.414,6,NA
"3622",23,319,1,2,1,0,1,0.405,3,NA
"3623",23,322,1,0,1,1,1,0.388,6,NA
"3624",23,329,1,0,1,1,1,0.361,6,NA
"3625",23,308,1,0,1,1,1,0.321,6,NA
"3626",23,110,1,2,1,0,0,0.772,6,NA
"3627",23,301,1,2,1,1,1,0.477,3,NA
"3628",23,128,1,1,1,1,0,0.334,3,NA
"3629",23,119,1,0,1,1,0,0.327,3,NA
"3630",23,302,1,0,1,1,1,0.329,6,NA
"3631",23,121,1,1,1,1,0,0.312,6,NA
"3632",23,103,1,2,1,0,0,0.661,6,NA
"3633",23,326,1,0,1,1,1,0.395,6,NA
"3634",23,303,1,0,1,1,1,0.324,3,NA
"3635",23,306,1,2,1,0,1,0.472,3,NA
"3636",23,315,1,1,1,0,1,0.744,5,NA
"3637",23,330,1,2,1,1,1,0.341,6,NA
"3638",23,318,1,0,1,1,1,0.666,3,NA
"3639",23,321,1,1,1,1,1,0.359,3,NA
"3640",23,112,1,1,1,0,0,0.369,3,NA
"3641",23,114,1,2,1,0,0,0.052,5,NA
"3642",23,309,1,1,1,1,1,0.287,6,NA
"3643",23,115,1,0,1,1,0,0.855,6,NA
"3644",23,120,1,0,1,0,0,0.492,5,NA
"3645",23,111,1,0,1,1,0,1.101,3,NA
"3646",23,106,1,1,1,0,0,0.571,4,NA
"3647",23,304,1,2,1,1,1,0.339,6,NA
"3648",23,129,1,2,1,0,0,0.613,4,NA
"3649",23,125,1,1,1,1,0,0.58,3,NA
"3650",23,118,1,2,1,0,0,0.732,5,NA
"3651",23,313,1,0,1,1,1,0.328,4,NA
"3652",23,327,1,0,1,1,1,0.571,4,NA
"3653",23,126,1,2,1,1,0,0.295,3,NA
"3654",23,312,1,2,1,1,1,0.393,6,NA
"3655",23,108,1,1,1,0,0,0.329,5,NA
"3656",23,320,1,1,1,1,1,0.35,6,NA
"3657",23,305,1,1,1,0,1,0.294,6,NA
"3658",23,113,1,0,1,1,0,0.339,6,NA
"3659",23,314,1,2,1,1,1,0.584,6,NA
"3660",23,130,1,0,1,1,0,0.288,3,NA
"3661",23,203,2,0,1,1,1,0.203,6,NA
"3662",23,429,2,0,1,1,0,0.295,3,NA
"3663",23,410,2,2,1,0,0,0.264,3,NA
"3664",23,212,2,2,1,1,1,0.272,2,NA
"3665",23,415,2,2,1,1,0,1.648,3,NA
"3666",23,213,2,0,1,0,1,0.517,3,NA
"3667",23,413,2,1,1,1,0,0.268,6,NA
"3668",23,216,2,0,1,0,1,0.307,3,NA
"3669",23,208,2,1,1,1,1,0.237,3,NA
"3670",23,401,2,0,1,1,0,0.286,4,NA
"3671",23,424,2,1,1,0,0,0.322,5,NA
"3672",23,406,2,0,1,0,0,0.338,3,NA
"3673",23,412,2,2,1,0,0,0.25,6,NA
"3674",23,204,2,0,1,1,1,0.276,6,NA
"3675",23,422,2,1,1,1,0,0.254,6,NA
"3676",23,416,2,1,1,0,0,0.484,3,NA
"3677",23,425,2,0,1,1,0,0.297,3,NA
"3678",23,222,2,1,1,1,1,0.247,5,NA
"3679",23,221,2,1,1,1,1,1.166,4,NA
"3680",23,214,2,0,1,1,1,0.416,5,NA
"3681",23,405,2,2,1,1,0,0.24,6,NA
"3682",23,224,2,1,1,1,1,0.348,4,NA
"3683",23,426,2,1,1,1,0,0.225,3,NA
"3684",23,215,2,1,1,0,1,0.295,3,NA
"3685",23,201,2,2,1,1,1,0.275,3,NA
"3686",23,209,2,2,1,1,1,0.81,3,NA
"3687",23,420,2,2,1,1,0,0.297,3,NA
"3688",23,218,2,2,1,1,1,0.301,3,NA
"3689",23,409,2,0,1,1,0,0.572,3,NA
"3690",23,223,2,2,1,1,1,0.291,6,NA
"3691",23,417,2,2,1,1,0,0.312,3,NA
"3692",23,207,2,2,1,0,1,0.294,3,NA
"3693",23,220,2,2,1,1,1,0.29,4,NA
"3694",23,225,2,2,1,1,1,0.319,3,NA
"3695",23,211,2,1,1,1,1,0.311,5,NA
"3696",23,210,2,1,1,1,1,0.279,6,NA
"3697",23,423,2,2,1,0,0,0.303,3,NA
"3698",23,411,2,0,1,1,0,0.238,3,NA
"3699",23,404,2,1,1,1,0,0.238,6,NA
"3700",23,219,2,1,1,1,1,0.279,4,NA
"3701",23,228,2,0,1,1,1,0.313,3,NA
"3702",23,427,2,0,1,1,0,0.354,4,NA
"3703",23,430,2,0,1,1,0,0.267,3,NA
"3704",23,202,2,2,1,1,1,0.227,4,NA
"3705",23,421,2,0,1,1,0,0.387,5,NA
"3706",23,408,2,2,1,1,0,0.265,5,NA
"3707",23,230,2,0,1,1,1,0.302,3,NA
"3708",23,206,2,2,1,1,1,0.315,3,NA
"3709",23,227,2,0,1,1,1,0.218,3,NA
"3710",23,205,2,0,1,0,1,0.82,3,NA
"3711",23,407,2,1,1,1,0,0.273,5,NA
"3712",23,229,2,1,1,1,1,0.33,5,NA
"3713",23,419,2,2,1,1,0,0.03,5,NA
"3714",23,418,2,2,1,0,0,0.275,5,NA
"3715",23,402,2,1,1,1,0,0.365,3,NA
"3716",23,403,2,0,1,1,0,0.351,6,NA
"3717",23,428,2,1,1,1,0,0.224,3,NA
"3718",23,414,2,1,1,1,0,0.266,5,NA
"3719",23,226,2,1,1,1,1,0.375,4,NA
"3720",23,217,2,0,1,1,1,0.241,6,NA
"3721",24,410,1,0,1,1,0,0.263,2,NA
"3722",24,315,1,1,1,1,1,0.499,4,NA
"3723",24,403,1,1,1,1,0,1.135,3,NA
"3724",24,322,1,2,1,1,1,0.005,3,NA
"3725",24,330,1,0,1,1,1,0.568,3,NA
"3726",24,404,1,2,1,1,0,2.092,3,NA
"3727",24,414,1,2,1,0,0,0.069,3,NA
"3728",24,328,1,0,1,1,1,0.003,4,NA
"3729",24,422,1,1,1,0,0,0.988,3,NA
"3730",24,327,1,1,1,1,1,1.414,2,NA
"3731",24,314,1,0,1,1,1,0.609,2,NA
"3732",24,308,1,1,1,1,1,1.097,6,NA
"3733",24,325,1,1,1,1,1,0.484,5,NA
"3734",24,420,1,0,1,1,0,0.496,2,NA
"3735",24,418,1,2,1,1,0,0.534,2,NA
"3736",24,413,1,0,1,1,0,0.405,2,NA
"3737",24,321,1,2,1,1,1,0.403,4,NA
"3738",24,311,1,0,1,1,1,0.871,3,NA
"3739",24,426,1,2,1,1,0,0.356,2,NA
"3740",24,316,1,2,1,1,1,0.863,3,NA
"3741",24,405,1,1,1,0,0,0.305,3,NA
"3742",24,305,1,2,1,1,1,0.322,6,NA
"3743",24,329,1,1,1,1,1,0.543,6,NA
"3744",24,320,1,0,1,1,1,0.282,4,NA
"3745",24,304,1,2,1,1,1,0.331,6,NA
"3746",24,409,1,0,1,0,0,0.35,6,NA
"3747",24,407,1,0,1,0,0,3.054,3,NA
"3748",24,430,1,1,1,0,0,0.639,3,NA
"3749",24,411,1,1,1,1,0,0.032,2,NA
"3750",24,401,1,2,1,0,0,0.96,2,NA
"3751",24,412,1,2,1,0,0,0.67,4,NA
"3752",24,302,1,0,1,0,1,2.432,4,NA
"3753",24,417,1,0,1,0,0,0.324,3,NA
"3754",24,427,1,1,1,1,0,0.411,2,NA
"3755",24,416,1,1,1,1,0,0.546,4,NA
"3756",24,324,1,1,1,1,1,1.26,3,NA
"3757",24,421,1,2,1,1,0,0.508,3,NA
"3758",24,307,1,2,1,1,1,0.27,6,NA
"3759",24,318,1,1,1,1,1,0.584,4,NA
"3760",24,424,1,2,1,0,0,2.149,4,NA
"3761",24,309,1,0,1,1,1,0.459,5,NA
"3762",24,402,1,1,1,0,0,0.47,2,NA
"3763",24,303,1,0,1,1,1,0.219,2,NA
"3764",24,326,1,2,1,1,1,0.276,5,NA
"3765",24,423,1,1,1,1,0,2.228,2,NA
"3766",24,429,1,0,1,0,0,2.656,3,NA
"3767",24,306,1,0,1,1,1,0.786,4,NA
"3768",24,425,1,0,1,0,0,0.626,3,NA
"3769",24,319,1,0,1,1,1,0.571,5,NA
"3770",24,408,1,0,1,1,0,0.414,4,NA
"3771",24,312,1,1,1,1,1,0.345,5,NA
"3772",24,428,1,2,1,1,0,0.309,3,NA
"3773",24,419,1,1,1,0,0,1.672,2,NA
"3774",24,301,1,2,1,1,1,0.549,4,NA
"3775",24,406,1,0,1,1,0,1.543,3,NA
"3776",24,313,1,2,1,1,1,0.793,4,NA
"3777",24,323,1,1,1,1,1,2.033,3,NA
"3778",24,415,1,2,1,1,0,0.314,3,NA
"3779",24,310,1,1,1,1,1,0.316,4,NA
"3780",24,317,1,2,1,0,1,1.886,3,NA
"3781",24,207,2,2,1,1,1,0.573,5,NA
"3782",24,121,2,0,1,0,0,2.212,3,NA
"3783",24,130,2,2,1,1,0,2.269,3,NA
"3784",24,125,2,1,1,0,0,0.566,6,NA
"3785",24,114,2,1,1,0,0,0.84,3,NA
"3786",24,120,2,0,1,0,0,1.873,3,NA
"3787",24,222,2,0,1,0,1,1.505,3,NA
"3788",24,208,2,1,1,0,1,2.054,5,NA
"3789",24,202,2,2,1,1,1,0.616,3,NA
"3790",24,109,2,2,1,1,0,0.559,4,NA
"3791",24,204,2,2,1,1,1,2.981,3,NA
"3792",24,201,2,0,1,1,1,1.274,3,NA
"3793",24,101,2,1,1,0,0,2.583,2,NA
"3794",24,102,2,0,1,0,0,4.135,4,NA
"3795",24,123,2,0,1,1,0,0.378,3,NA
"3796",24,226,2,0,1,0,1,0.295,3,NA
"3797",24,104,2,1,1,1,0,2.957,3,NA
"3798",24,213,2,0,1,0,1,1.031,5,NA
"3799",24,111,2,1,1,0,0,2.978,3,NA
"3800",24,205,2,1,1,0,1,0.639,3,NA
"3801",24,206,2,2,1,0,1,0.139,3,NA
"3802",24,215,2,1,1,0,1,0.375,4,NA
"3803",24,116,2,0,1,1,0,0.293,3,NA
"3804",24,223,2,1,1,1,1,0.426,3,NA
"3805",24,118,2,2,1,0,0,0.915,3,NA
"3806",24,225,2,2,1,1,1,1.005,3,NA
"3807",24,117,2,2,1,1,0,0.436,4,NA
"3808",24,122,2,2,1,1,0,0.941,3,NA
"3809",24,230,2,1,1,0,1,1.992,3,NA
"3810",24,228,2,0,1,1,1,0.558,4,NA
"3811",24,220,2,1,1,0,1,0.258,3,NA
"3812",24,214,2,1,1,0,1,0.26,3,NA
"3813",24,112,2,1,1,1,0,1.189,4,NA
"3814",24,126,2,0,1,0,0,0.471,3,NA
"3815",24,219,2,1,1,1,1,0.348,4,NA
"3816",24,119,2,2,1,0,0,0.594,3,NA
"3817",24,203,2,2,1,1,1,0.979,3,NA
"3818",24,115,2,2,1,1,0,1.548,3,NA
"3819",24,227,2,0,1,0,1,0.389,3,NA
"3820",24,218,2,2,1,1,1,0.346,3,NA
"3821",24,224,2,0,1,0,1,2.026,3,NA
"3822",24,211,2,0,1,0,1,1.982,4,NA
"3823",24,216,2,0,1,0,1,0.918,3,NA
"3824",24,229,2,0,1,1,1,0.486,4,NA
"3825",24,106,2,1,1,0,0,2.447,3,NA
"3826",24,210,2,2,1,0,1,0.227,3,NA
"3827",24,113,2,0,1,1,0,0.949,4,NA
"3828",24,124,2,1,1,0,0,1.542,3,NA
"3829",24,103,2,0,1,0,0,0.807,3,NA
"3830",24,105,2,1,1,0,0,2.995,3,NA
"3831",24,129,2,2,1,1,0,0.924,3,NA
"3832",24,217,2,2,1,0,1,0.328,3,NA
"3833",24,127,2,2,1,0,0,1.791,3,NA
"3834",24,209,2,1,1,1,1,0.176,3,NA
"3835",24,108,2,0,1,1,0,0.684,3,NA
"3836",24,107,2,0,1,0,0,3.818,3,NA
"3837",24,110,2,2,1,1,0,1.434,3,NA
"3838",24,128,2,1,1,0,0,0.944,5,NA
"3839",24,221,2,1,1,1,1,2.224,3,NA
"3840",24,212,2,2,1,1,1,1.211,3,NA
"3841",25,112,1,2,1,1,1,0.599,6,NA
"3842",25,301,1,2,1,0,0,0.386,5,NA
"3843",25,117,1,0,1,1,1,0.797,2,NA
"3844",25,113,1,1,1,1,1,0.846,3,NA
"3845",25,116,1,0,1,1,1,0.43,6,NA
"3846",25,110,1,0,1,1,1,0.303,6,NA
"3847",25,315,1,1,1,0,0,0.821,1,NA
"3848",25,130,1,0,1,1,1,0.289,6,NA
"3849",25,107,1,1,1,1,1,0.998,6,NA
"3850",25,121,1,1,1,1,1,0.325,6,NA
"3851",25,308,1,0,1,0,0,1.542,1,NA
"3852",25,322,1,0,1,0,0,0.357,2,NA
"3853",25,329,1,1,1,0,0,1.156,3,NA
"3854",25,106,1,2,1,1,1,1.802,1,NA
"3855",25,311,1,2,1,1,0,0.526,4,NA
"3856",25,330,1,0,1,1,0,0.308,3,NA
"3857",25,128,1,2,1,0,1,1.315,3,NA
"3858",25,125,1,1,1,0,1,0.446,3,NA
"3859",25,307,1,2,1,0,0,0.498,4,NA
"3860",25,127,1,2,1,1,1,0.28,6,NA
"3861",25,316,1,1,1,1,0,0.348,5,NA
"3862",25,319,1,1,1,1,0,0.296,3,NA
"3863",25,304,1,2,1,0,0,1.409,2,NA
"3864",25,109,1,1,1,1,1,0.313,6,NA
"3865",25,326,1,2,1,1,0,0.326,1,NA
"3866",25,111,1,0,1,1,1,0.462,6,NA
"3867",25,327,1,0,1,1,0,1.185,3,NA
"3868",25,303,1,1,1,0,0,1.532,2,NA
"3869",25,309,1,0,1,1,0,0.312,1,NA
"3870",25,122,1,2,1,1,1,0.336,6,NA
"3871",25,101,1,1,1,1,1,1.576,1,NA
"3872",25,119,1,0,1,0,1,0.301,5,NA
"3873",25,313,1,0,1,0,0,0.976,5,NA
"3874",25,320,1,1,1,1,0,2.468,2,NA
"3875",25,124,1,1,1,1,1,0.292,5,NA
"3876",25,314,1,2,1,0,0,0.301,6,NA
"3877",25,302,1,1,1,1,0,3.012,2,NA
"3878",25,323,1,2,1,1,0,1.213,1,NA
"3879",25,103,1,1,1,1,1,2.032,3,NA
"3880",25,129,1,2,1,1,1,1.575,1,NA
"3881",25,102,1,1,1,1,1,2.386,1,NA
"3882",25,317,1,2,1,1,0,0.281,2,NA
"3883",25,328,1,0,1,0,0,0.832,3,NA
"3884",25,115,1,2,1,1,1,0.347,5,NA
"3885",25,306,1,1,1,0,0,0.257,3,NA
"3886",25,310,1,0,1,1,0,0.613,1,NA
"3887",25,312,1,0,1,1,0,0.265,6,NA
"3888",25,104,1,2,1,0,1,0.367,1,NA
"3889",25,318,1,2,1,1,0,0.291,5,NA
"3890",25,105,1,0,1,1,1,0.708,6,NA
"3891",25,126,1,0,1,0,1,0.442,3,NA
"3892",25,321,1,1,1,0,0,0.291,1,NA
"3893",25,118,1,2,1,1,1,0.329,6,NA
"3894",25,114,1,1,1,0,1,0.634,1,NA
"3895",25,324,1,0,1,0,0,1.506,1,NA
"3896",25,120,1,0,1,1,1,1.203,1,NA
"3897",25,108,1,2,1,1,1,0.238,6,NA
"3898",25,305,1,2,1,0,0,0.643,2,NA
"3899",25,325,1,1,1,1,0,0.57,5,NA
"3900",25,123,1,0,1,1,1,0.302,5,NA
"3901",25,403,2,1,1,0,0,2.143,1,NA
"3902",25,218,2,1,1,1,1,0.45,5,NA
"3903",25,413,2,0,1,1,0,0.436,3,NA
"3904",25,416,2,0,1,0,0,0.372,1,NA
"3905",25,203,2,2,1,1,1,0.388,2,NA
"3906",25,204,2,2,1,0,1,0.341,3,NA
"3907",25,423,2,2,1,0,0,0.473,1,NA
"3908",25,405,2,2,1,1,0,0.415,1,NA
"3909",25,410,2,0,1,0,0,0.434,3,NA
"3910",25,424,2,2,1,1,0,0.458,2,NA
"3911",25,208,2,0,1,1,1,0.947,4,NA
"3912",25,407,2,2,1,0,0,0.309,1,NA
"3913",25,213,2,1,1,1,1,0.536,6,NA
"3914",25,421,2,0,1,1,0,0.319,1,NA
"3915",25,414,2,2,1,1,0,1.71,1,NA
"3916",25,228,2,0,1,1,1,0.709,1,NA
"3917",25,216,2,1,1,0,1,0.617,1,NA
"3918",25,222,2,0,1,1,1,0.321,1,NA
"3919",25,226,2,0,1,1,1,0.269,5,NA
"3920",25,219,2,2,1,1,1,0.315,4,NA
"3921",25,229,2,2,1,1,1,0.617,3,NA
"3922",25,220,2,1,1,1,1,0.269,1,NA
"3923",25,211,2,2,1,1,1,0.258,4,NA
"3924",25,404,2,1,1,1,0,0.282,3,NA
"3925",25,214,2,0,1,1,1,0.467,5,NA
"3926",25,411,2,0,1,0,0,0.391,1,NA
"3927",25,420,2,1,1,1,0,1.349,1,NA
"3928",25,412,2,1,1,0,0,2.366,1,NA
"3929",25,227,2,1,1,1,1,0.357,3,NA
"3930",25,425,2,1,1,1,0,0.687,1,NA
"3931",25,217,2,0,1,1,1,0.343,5,NA
"3932",25,428,2,2,1,0,0,0.523,6,NA
"3933",25,418,2,2,1,1,0,0.587,5,NA
"3934",25,223,2,2,1,1,1,0.862,5,NA
"3935",25,429,2,0,1,0,0,3.192,6,NA
"3936",25,201,2,0,1,1,1,0.322,6,NA
"3937",25,417,2,1,1,0,0,0.472,1,NA
"3938",25,209,2,0,1,1,1,0.322,5,NA
"3939",25,224,2,1,1,1,1,2.302,1,NA
"3940",25,212,2,2,1,1,1,0.198,5,NA
"3941",25,225,2,2,1,1,1,0.253,1,NA
"3942",25,202,2,1,1,1,1,0.293,5,NA
"3943",25,422,2,1,1,0,0,0.811,1,NA
"3944",25,427,2,1,1,1,0,0.338,1,NA
"3945",25,402,2,0,1,1,0,0.613,2,NA
"3946",25,207,2,1,1,1,1,0.417,5,NA
"3947",25,408,2,0,1,1,0,0.293,3,NA
"3948",25,401,2,2,1,1,0,0.745,1,NA
"3949",25,230,2,1,1,0,1,0.281,1,NA
"3950",25,221,2,0,1,0,1,0.512,1,NA
"3951",25,205,2,1,1,1,1,0.258,1,NA
"3952",25,430,2,2,1,1,0,0.316,1,NA
"3953",25,419,2,1,1,0,0,0.383,2,NA
"3954",25,426,2,1,1,0,0,2.065,1,NA
"3955",25,415,2,0,1,1,0,2.115,1,NA
"3956",25,406,2,2,1,1,0,0.341,4,NA
"3957",25,206,2,2,1,0,1,0.254,1,NA
"3958",25,409,2,0,1,0,0,0.313,5,NA
"3959",25,215,2,0,1,1,1,0.359,5,NA
"3960",25,210,2,2,1,0,1,0.32,1,NA
"3961",26,112,1,0,1,0,1,0.749,3,NA
"3962",26,406,1,1,1,0,0,5.94,3,NA
"3963",26,109,1,0,1,0,1,1.73,2,NA
"3964",26,125,1,1,1,0,1,4.307,2,NA
"3965",26,107,1,2,1,0,1,0.64,1,NA
"3966",26,423,1,0,1,1,0,0.451,4,NA
"3967",26,116,1,0,1,0,1,0.577,3,NA
"3968",26,416,1,0,1,0,0,0.615,2,NA
"3969",26,418,1,0,1,0,0,0.575,4,NA
"3970",26,101,1,0,1,0,1,1.669,5,NA
"3971",26,420,1,2,1,0,0,1.722,1,NA
"3972",26,424,1,1,1,1,0,0.063,4,NA
"3973",26,129,1,2,1,1,1,0.091,4,NA
"3974",26,422,1,0,1,1,0,0.036,4,NA
"3975",26,128,1,0,1,0,1,0.821,6,NA
"3976",26,419,1,0,1,1,0,1.832,3,NA
"3977",26,409,1,1,1,1,0,0.199,5,NA
"3978",26,428,1,2,1,0,0,0.108,4,NA
"3979",26,411,1,1,1,0,0,1.343,2,NA
"3980",26,123,1,1,1,1,1,0.879,5,NA
"3981",26,122,1,1,1,1,1,0.283,4,NA
"3982",26,114,1,2,1,0,1,0.286,5,NA
"3983",26,408,1,2,1,0,0,0.243,3,NA
"3984",26,117,1,2,1,0,1,0.27,2,NA
"3985",26,103,1,2,1,0,1,0.377,6,NA
"3986",26,413,1,1,1,1,0,0.341,6,NA
"3987",26,410,1,2,1,0,0,0.26,6,NA
"3988",26,127,1,1,1,1,1,0.686,4,NA
"3989",26,104,1,1,1,1,1,0.05,4,NA
"3990",26,404,1,2,1,0,0,0.915,1,NA
"3991",26,412,1,2,1,0,0,0.291,3,NA
"3992",26,425,1,0,1,0,0,0.362,1,NA
"3993",26,427,1,1,1,1,0,0.227,5,NA
"3994",26,124,1,1,1,0,1,0.299,1,NA
"3995",26,401,1,0,1,0,0,0.916,1,NA
"3996",26,105,1,2,1,0,1,0.368,1,NA
"3997",26,403,1,2,1,0,0,0.337,1,NA
"3998",26,111,1,1,1,0,1,1.459,3,NA
"3999",26,113,1,1,1,1,1,0.241,6,NA
"4000",26,426,1,0,1,0,0,1.913,1,NA
"4001",26,429,1,1,1,0,0,0.35,1,NA
"4002",26,402,1,1,1,0,0,1.255,1,NA
"4003",26,414,1,2,1,0,0,0.617,1,NA
"4004",26,421,1,2,1,0,0,0.423,5,NA
"4005",26,119,1,2,1,0,1,0.488,1,NA
"4006",26,121,1,0,1,0,1,0.891,2,NA
"4007",26,106,1,0,1,1,1,0.281,5,NA
"4008",26,126,1,2,1,0,1,0.414,1,NA
"4009",26,130,1,1,1,1,1,0.804,4,NA
"4010",26,110,1,0,1,0,1,1.124,2,NA
"4011",26,108,1,0,1,0,1,1.867,3,NA
"4012",26,115,1,2,1,0,1,0.663,4,NA
"4013",26,407,1,0,1,0,0,0.759,1,NA
"4014",26,430,1,2,1,0,0,1.095,4,NA
"4015",26,102,1,1,1,0,1,0.643,4,NA
"4016",26,405,1,0,1,1,0,0.252,3,NA
"4017",26,417,1,1,1,0,0,1.124,2,NA
"4018",26,118,1,0,1,0,1,0.318,6,NA
"4019",26,120,1,2,1,1,1,0.594,4,NA
"4020",26,415,1,1,1,1,0,0.634,4,NA
"4021",26,317,2,2,1,0,0,0.566,2,NA
"4022",26,205,2,0,1,1,1,0.435,6,NA
"4023",26,206,2,1,1,0,1,0.431,2,NA
"4024",26,228,2,1,1,1,1,0.603,5,NA
"4025",26,327,2,1,1,0,0,1.032,2,NA
"4026",26,220,2,0,1,0,1,0.697,1,NA
"4027",26,325,2,2,1,1,0,0.895,4,NA
"4028",26,310,2,1,1,0,0,0.61,3,NA
"4029",26,328,2,1,1,0,0,0.613,1,NA
"4030",26,203,2,0,1,1,1,0.694,5,NA
"4031",26,307,2,1,1,0,0,0.593,2,NA
"4032",26,210,2,1,1,0,1,1.046,3,NA
"4033",26,315,2,1,1,0,0,0.483,1,NA
"4034",26,217,2,2,1,0,1,0.765,1,NA
"4035",26,227,2,1,1,0,1,0.494,3,NA
"4036",26,320,2,0,1,0,0,0.909,1,NA
"4037",26,209,2,2,1,0,1,1.107,3,NA
"4038",26,308,2,2,1,0,0,0.919,4,NA
"4039",26,222,2,2,1,1,1,0.68,4,NA
"4040",26,319,2,0,1,0,0,0.505,2,NA
"4041",26,313,2,0,1,1,0,0.35,5,NA
"4042",26,322,2,2,1,1,0,0.322,4,NA
"4043",26,318,2,0,1,1,0,0.579,4,NA
"4044",26,229,2,0,1,0,1,0.231,2,NA
"4045",26,218,2,2,1,1,1,0.529,4,NA
"4046",26,212,2,0,1,1,1,0.497,4,NA
"4047",26,316,2,2,1,0,0,2.195,1,NA
"4048",26,221,2,2,1,0,1,0.149,3,NA
"4049",26,314,2,0,1,0,0,2.138,3,NA
"4050",26,216,2,1,1,0,1,0.745,2,NA
"4051",26,306,2,2,1,0,0,1.159,1,NA
"4052",26,312,2,1,1,1,0,4.968,3,NA
"4053",26,304,2,2,1,0,0,0.748,1,NA
"4054",26,201,2,2,1,1,1,2.138,3,NA
"4055",26,202,2,1,1,1,1,1.163,5,NA
"4056",26,305,2,0,1,0,0,1.119,1,NA
"4057",26,213,2,1,1,1,1,0.787,4,NA
"4058",26,303,2,0,1,0,0,1.092,1,NA
"4059",26,225,2,0,1,0,1,0.184,1,NA
"4060",26,230,2,0,1,1,1,0.477,5,NA
"4061",26,324,2,2,1,0,0,4.242,1,NA
"4062",26,214,2,0,1,0,1,0.385,1,NA
"4063",26,309,2,1,1,1,0,0.286,6,NA
"4064",26,215,2,1,1,1,1,0.496,3,NA
"4065",26,301,2,1,1,0,0,0.783,1,NA
"4066",26,321,2,0,1,1,0,0.538,5,NA
"4067",26,326,2,0,1,1,0,0.439,4,NA
"4068",26,323,2,2,1,1,0,0.957,4,NA
"4069",26,223,2,2,1,0,1,0.499,3,NA
"4070",26,204,2,0,1,1,1,0.351,6,NA
"4071",26,219,2,0,1,0,1,1.044,1,NA
"4072",26,330,2,1,1,0,0,0.71,1,NA
"4073",26,329,2,1,1,1,0,2.759,5,NA
"4074",26,224,2,2,1,0,1,0.769,6,NA
"4075",26,211,2,2,1,1,1,4.01,4,NA
"4076",26,207,2,2,1,0,1,0.673,1,NA
"4077",26,311,2,0,1,1,0,0.351,3,NA
"4078",26,208,2,1,1,1,1,0.604,3,NA
"4079",26,226,2,1,1,0,1,1.451,1,NA
"4080",26,302,2,2,1,0,0,0.417,1,NA
"4081",27,218,1,1,1,0,1,1.871,2,NA
"4082",27,226,1,2,1,1,1,0.92,3,NA
"4083",27,316,1,0,1,1,0,0.765,3,NA
"4084",27,330,1,2,1,1,0,0.301,2,NA
"4085",27,206,1,1,1,1,1,0.286,4,NA
"4086",27,215,1,1,1,0,1,0.246,4,NA
"4087",27,303,1,1,1,1,0,0.718,2,NA
"4088",27,323,1,2,1,0,0,0.322,6,NA
"4089",27,312,1,1,1,1,0,0.36,5,NA
"4090",27,205,1,1,1,1,1,0.67,6,NA
"4091",27,201,1,2,1,0,1,0.33,6,NA
"4092",27,216,1,0,1,1,1,0.48,2,NA
"4093",27,227,1,2,1,0,1,0.984,2,NA
"4094",27,306,1,2,1,1,0,0.343,4,NA
"4095",27,204,1,0,1,1,1,0.35,3,NA
"4096",27,310,1,2,1,0,0,0.7,2,NA
"4097",27,223,1,2,1,1,1,0.366,4,NA
"4098",27,318,1,0,1,1,0,0.465,5,NA
"4099",27,329,1,1,1,0,0,0.993,2,NA
"4100",27,222,1,0,1,1,1,0.436,3,NA
"4101",27,307,1,0,1,1,0,0.695,2,NA
"4102",27,317,1,0,1,1,0,0.436,4,NA
"4103",27,212,1,2,1,1,1,0.604,3,NA
"4104",27,313,1,2,1,1,0,0.318,3,NA
"4105",27,207,1,0,1,1,1,0.436,3,NA
"4106",27,315,1,1,1,1,0,0.777,3,NA
"4107",27,229,1,1,1,1,1,0.252,5,NA
"4108",27,309,1,0,1,0,0,0.366,2,NA
"4109",27,301,1,1,1,1,0,0.541,4,NA
"4110",27,225,1,0,1,1,1,0.503,2,NA
"4111",27,202,1,1,1,1,1,0.515,3,NA
"4112",27,224,1,0,1,0,1,0.555,5,NA
"4113",27,214,1,0,1,1,1,0.574,2,NA
"4114",27,209,1,1,1,1,1,0.388,3,NA
"4115",27,304,1,0,1,0,0,0.652,3,NA
"4116",27,326,1,2,1,0,0,0.701,2,NA
"4117",27,220,1,1,1,1,1,0.183,4,NA
"4118",27,211,1,1,1,1,1,0.584,3,NA
"4119",27,210,1,0,1,1,1,0.37,2,NA
"4120",27,230,1,0,1,1,1,0.288,2,NA
"4121",27,228,1,2,1,1,1,0.382,3,NA
"4122",27,314,1,1,1,1,0,1.104,1,NA
"4123",27,208,1,2,1,1,1,0.439,1,NA
"4124",27,324,1,1,1,0,0,0.547,2,NA
"4125",27,325,1,2,1,1,0,0.357,3,NA
"4126",27,217,1,1,1,1,1,0.354,2,NA
"4127",27,308,1,2,1,1,0,0.832,1,NA
"4128",27,219,1,2,1,1,1,0.334,4,NA
"4129",27,328,1,2,1,1,0,0.35,2,NA
"4130",27,327,1,0,1,0,0,0.61,2,NA
"4131",27,305,1,1,1,0,0,0.936,3,NA
"4132",27,203,1,0,1,1,1,0.378,5,NA
"4133",27,213,1,2,1,1,1,0.654,2,NA
"4134",27,302,1,1,1,0,0,0.473,3,NA
"4135",27,321,1,2,1,1,0,0.393,2,NA
"4136",27,320,1,0,1,1,0,0.509,3,NA
"4137",27,322,1,1,1,0,0,0.38,2,NA
"4138",27,311,1,0,1,1,0,0.314,3,NA
"4139",27,319,1,0,1,0,0,0.433,2,NA
"4140",27,221,1,2,1,1,1,0.407,2,NA
"4141",27,121,2,2,1,1,1,0.498,5,NA
"4142",27,425,2,1,1,1,0,0.402,2,NA
"4143",27,119,2,1,1,1,1,0.361,3,NA
"4144",27,407,2,0,1,0,0,0.717,2,NA
"4145",27,105,2,0,1,1,1,0.295,4,NA
"4146",27,426,2,0,1,0,0,0.43,1,NA
"4147",27,101,2,0,1,1,1,0.336,3,NA
"4148",27,412,2,1,1,1,0,0.799,4,NA
"4149",27,427,2,2,1,1,0,0.387,1,NA
"4150",27,109,2,0,1,0,1,0.273,2,NA
"4151",27,127,2,2,1,0,1,0.4,2,NA
"4152",27,410,2,2,1,1,0,0.508,1,NA
"4153",27,416,2,2,1,0,0,0.408,2,NA
"4154",27,414,2,1,1,0,0,0.547,2,NA
"4155",27,106,2,0,1,1,1,0.383,2,NA
"4156",27,120,2,1,1,0,1,0.385,2,NA
"4157",27,420,2,2,1,0,0,0.566,1,NA
"4158",27,429,2,0,1,0,0,0.406,4,NA
"4159",27,128,2,0,1,0,1,0.843,3,NA
"4160",27,417,2,1,1,1,0,0.839,2,NA
"4161",27,122,2,1,1,1,1,0.405,1,NA
"4162",27,408,2,2,1,1,0,0.591,3,NA
"4163",27,130,2,2,1,0,1,0.58,2,NA
"4164",27,117,2,2,1,1,1,0.709,4,NA
"4165",27,113,2,2,1,1,1,0.972,4,NA
"4166",27,406,2,0,1,1,0,0.197,2,NA
"4167",27,114,2,1,1,1,1,0.332,6,NA
"4168",27,102,2,1,1,1,1,0.343,2,NA
"4169",27,430,2,0,1,1,0,0.933,2,NA
"4170",27,419,2,1,1,1,0,0.354,2,NA
"4171",27,115,2,2,1,1,1,0.322,2,NA
"4172",27,422,2,1,1,0,0,0.316,2,NA
"4173",27,404,2,0,1,0,0,0.528,1,NA
"4174",27,104,2,0,1,0,1,0.332,1,NA
"4175",27,428,2,2,1,0,0,0.566,2,NA
"4176",27,107,2,1,1,0,1,0.287,2,NA
"4177",27,108,2,1,1,0,1,0.75,2,NA
"4178",27,118,2,1,1,0,1,0.429,2,NA
"4179",27,418,2,1,1,1,0,0.654,1,NA
"4180",27,409,2,2,1,0,0,0.444,2,NA
"4181",27,413,2,1,1,1,0,0.403,3,NA
"4182",27,111,2,1,1,1,1,0.437,2,NA
"4183",27,124,2,2,1,1,1,0.531,3,NA
"4184",27,126,2,0,1,0,1,0.799,1,NA
"4185",27,112,2,0,1,1,1,0.812,2,NA
"4186",27,411,2,0,1,0,0,1.029,2,NA
"4187",27,116,2,2,1,0,1,0.719,3,NA
"4188",27,405,2,1,1,1,0,0.395,3,NA
"4189",27,423,2,0,1,0,0,0.5,2,NA
"4190",27,421,2,2,1,0,0,0.963,2,NA
"4191",27,103,2,1,1,1,1,0.351,3,NA
"4192",27,415,2,0,1,1,0,0.24,2,NA
"4193",27,402,2,2,1,0,0,0.223,2,NA
"4194",27,110,2,2,1,1,1,0.382,6,NA
"4195",27,123,2,0,1,1,1,0.516,4,NA
"4196",27,424,2,2,1,0,0,0.722,4,NA
"4197",27,401,2,0,1,0,0,0.535,1,NA
"4198",27,129,2,2,1,0,1,0.5,5,NA
"4199",27,125,2,0,1,0,1,0.373,4,NA
"4200",27,403,2,1,1,0,0,0.477,3,NA
"4201",28,429,1,1,1,0,0,1.203,6,NA
"4202",28,210,1,0,1,1,1,1.089,3,NA
"4203",28,212,1,0,1,1,1,1.097,5,NA
"4204",28,404,1,0,1,0,0,0.192,1,NA
"4205",28,203,1,2,1,1,1,0.543,3,NA
"4206",28,430,1,1,1,0,0,1.624,5,NA
"4207",28,411,1,1,1,1,0,0.382,1,NA
"4208",28,401,1,2,1,1,0,0.507,3,NA
"4209",28,412,1,1,1,0,0,0.72,5,NA
"4210",28,426,1,2,1,1,0,0.342,2,NA
"4211",28,207,1,2,1,1,1,0.423,4,NA
"4212",28,221,1,2,1,1,1,0.527,2,NA
"4213",28,225,1,1,1,1,1,0.524,1,NA
"4214",28,223,1,0,1,0,1,0.348,2,NA
"4215",28,230,1,0,1,1,1,1.622,3,NA
"4216",28,215,1,2,1,1,1,0.345,5,NA
"4217",28,408,1,1,1,1,0,0.265,2,NA
"4218",28,205,1,2,1,0,1,0.377,6,NA
"4219",28,216,1,1,1,1,1,0.65,3,NA
"4220",28,416,1,0,1,0,0,0.015,1,NA
"4221",28,417,1,0,1,1,0,0.122,1,NA
"4222",28,423,1,0,1,1,0,0.083,1,NA
"4223",28,211,1,0,1,1,1,1.04,5,NA
"4224",28,217,1,1,1,1,1,0.5,2,NA
"4225",28,415,1,0,1,1,0,0.619,4,NA
"4226",28,418,1,2,1,0,0,0.318,2,NA
"4227",28,422,1,2,1,1,0,1.134,3,NA
"4228",28,214,1,1,1,1,1,0.36,1,NA
"4229",28,229,1,1,1,1,1,1.035,2,NA
"4230",28,425,1,2,1,1,0,2.115,1,NA
"4231",28,407,1,1,1,1,0,0.338,4,NA
"4232",28,420,1,2,1,1,0,0.346,5,NA
"4233",28,414,1,0,1,1,0,0.55,1,NA
"4234",28,213,1,0,1,0,1,0.061,2,NA
"4235",28,427,1,2,1,1,0,1.469,1,NA
"4236",28,227,1,0,1,1,1,0.009,3,NA
"4237",28,206,1,0,1,0,1,0.531,4,NA
"4238",28,209,1,0,1,1,1,0.964,2,NA
"4239",28,228,1,1,1,1,1,0.637,5,NA
"4240",28,406,1,1,1,1,0,0.949,1,NA
"4241",28,428,1,0,1,0,0,0.399,2,NA
"4242",28,204,1,1,1,1,1,0.008,2,NA
"4243",28,201,1,1,1,1,1,0.428,1,NA
"4244",28,409,1,1,1,0,0,0.296,3,NA
"4245",28,405,1,1,1,0,0,0.664,1,NA
"4246",28,208,1,2,1,0,1,0.1,1,NA
"4247",28,222,1,2,1,1,1,0.82,3,NA
"4248",28,226,1,2,1,1,1,0.342,1,NA
"4249",28,402,1,2,1,1,0,0.299,4,NA
"4250",28,224,1,1,1,1,1,0.03,6,NA
"4251",28,403,1,0,1,1,0,0.754,6,NA
"4252",28,424,1,2,1,0,0,0.632,2,NA
"4253",28,218,1,2,1,1,1,0.474,2,NA
"4254",28,421,1,0,1,0,0,0.724,1,NA
"4255",28,219,1,0,1,1,1,0.498,2,NA
"4256",28,419,1,2,1,1,0,0.592,2,NA
"4257",28,220,1,2,1,0,1,0.498,3,NA
"4258",28,202,1,1,1,1,1,0.284,3,NA
"4259",28,410,1,0,1,1,0,0.423,5,NA
"4260",28,413,1,1,1,1,0,0.405,3,NA
"4261",28,323,2,2,1,1,0,0.292,2,NA
"4262",28,102,2,2,1,1,1,0.887,4,NA
"4263",28,127,2,0,1,0,1,0.44,2,NA
"4264",28,318,2,0,1,0,0,0.369,6,NA
"4265",28,303,2,0,1,1,0,0.141,2,NA
"4266",28,112,2,2,1,1,1,1.302,3,NA
"4267",28,125,2,1,1,0,1,0.492,6,NA
"4268",28,122,2,1,1,0,1,0.348,5,NA
"4269",28,309,2,2,1,1,0,0.413,2,NA
"4270",28,121,2,2,1,1,1,0.007,4,NA
"4271",28,319,2,2,1,0,0,0.192,2,NA
"4272",28,305,2,0,1,1,0,0.261,3,NA
"4273",28,115,2,1,1,1,1,0.494,3,NA
"4274",28,308,2,1,1,0,0,1.039,3,NA
"4275",28,123,2,0,1,1,1,0.333,4,NA
"4276",28,106,2,1,1,1,1,0.399,4,NA
"4277",28,328,2,1,1,0,0,0.372,1,NA
"4278",28,129,2,0,1,1,1,0.366,4,NA
"4279",28,113,2,0,1,1,1,0.31,6,NA
"4280",28,128,2,2,1,0,1,0.377,5,NA
"4281",28,317,2,2,1,1,0,0.074,4,NA
"4282",28,304,2,1,1,0,0,0.027,3,NA
"4283",28,307,2,0,1,1,0,0.377,3,NA
"4284",28,314,2,1,1,1,0,0.042,5,NA
"4285",28,120,2,2,1,1,1,0.423,3,NA
"4286",28,330,2,1,1,1,0,0.462,2,NA
"4287",28,109,2,0,1,1,1,0.37,4,NA
"4288",28,301,2,0,1,1,0,0.087,4,NA
"4289",28,118,2,1,1,0,1,0.272,2,NA
"4290",28,322,2,2,1,1,0,0.002,3,NA
"4291",28,119,2,1,1,1,1,0.059,4,NA
"4292",28,311,2,1,1,1,0,0.042,4,NA
"4293",28,312,2,0,1,0,0,0.141,2,NA
"4294",28,117,2,2,1,0,1,0.612,3,NA
"4295",28,101,2,1,1,1,1,0.072,3,NA
"4296",28,310,2,0,1,0,0,0.087,4,NA
"4297",28,313,2,2,1,0,0,0.448,5,NA
"4298",28,111,2,1,1,0,1,0.608,2,NA
"4299",28,316,2,0,1,1,0,0.726,1,NA
"4300",28,320,2,1,1,1,0,0.864,3,NA
"4301",28,327,2,2,1,0,0,0.307,3,NA
"4302",28,103,2,1,1,0,1,0.725,5,NA
"4303",28,105,2,0,1,0,1,0.083,1,NA
"4304",28,315,2,2,1,1,0,0.014,3,NA
"4305",28,108,2,2,1,1,1,0.231,2,NA
"4306",28,114,2,1,1,1,1,0.059,3,NA
"4307",28,104,2,2,1,0,1,0.142,2,NA
"4308",28,130,2,0,1,0,1,0.066,6,NA
"4309",28,124,2,0,1,0,1,1.588,3,NA
"4310",28,306,2,1,1,1,0,0.435,5,NA
"4311",28,329,2,2,1,0,0,1.291,4,NA
"4312",28,107,2,2,1,1,1,1.553,2,NA
"4313",28,302,2,0,1,0,0,0.453,4,NA
"4314",28,110,2,0,1,1,1,0.764,3,NA
"4315",28,126,2,0,1,0,1,2.852,3,NA
"4316",28,324,2,2,1,0,0,0.6,1,NA
"4317",28,321,2,1,1,0,0,5.322,2,NA
"4318",28,325,2,1,1,1,0,0.871,3,NA
"4319",28,116,2,2,1,0,1,0.297,4,NA
"4320",28,326,2,0,1,0,0,0.288,3,NA
"4321",29,118,1,1,1,0,0,1.987,6,NA
"4322",29,102,1,0,1,1,0,1.977,6,NA
"4323",29,119,1,0,1,0,0,0.249,6,NA
"4324",29,127,1,1,1,1,0,0.844,4,NA
"4325",29,304,1,1,1,1,1,0.358,6,NA
"4326",29,315,1,2,1,0,1,0.34,6,NA
"4327",29,317,1,2,1,1,1,0.539,4,NA
"4328",29,126,1,1,1,1,0,0.492,4,NA
"4329",29,103,1,1,1,0,0,0.785,6,NA
"4330",29,324,1,0,1,0,1,0.43,6,NA
"4331",29,130,1,2,1,1,0,0.296,6,NA
"4332",29,308,1,0,1,0,1,0.943,5,NA
"4333",29,313,1,0,1,0,1,0.652,6,NA
"4334",29,123,1,0,1,1,0,0.35,6,NA
"4335",29,128,1,2,1,0,0,0.47,5,NA
"4336",29,306,1,1,1,0,1,0.319,5,NA
"4337",29,329,1,2,1,1,1,2.277,1,NA
"4338",29,318,1,1,1,1,1,1.462,4,NA
"4339",29,121,1,2,1,0,0,0.542,6,NA
"4340",29,124,1,0,1,1,0,0.626,6,NA
"4341",29,112,1,2,1,0,0,0.314,6,NA
"4342",29,312,1,1,1,1,1,0.311,5,NA
"4343",29,302,1,0,1,1,1,0.339,6,NA
"4344",29,310,1,0,1,1,1,0.77,6,NA
"4345",29,301,1,2,1,1,1,1.656,6,NA
"4346",29,110,1,2,1,1,0,0.345,6,NA
"4347",29,111,1,1,1,0,0,1.128,1,NA
"4348",29,319,1,1,1,1,1,0.364,6,NA
"4349",29,327,1,2,1,1,1,0.388,3,NA
"4350",29,109,1,0,1,1,0,0.419,6,NA
"4351",29,326,1,1,1,1,1,0.346,6,NA
"4352",29,101,1,1,1,0,0,0.434,6,NA
"4353",29,314,1,0,1,1,1,0.597,6,NA
"4354",29,113,1,0,1,1,0,0.567,6,NA
"4355",29,106,1,2,1,0,0,0.489,3,NA
"4356",29,321,1,1,1,1,1,0.28,5,NA
"4357",29,320,1,1,1,0,1,0.477,5,NA
"4358",29,115,1,1,1,0,0,0.608,6,NA
"4359",29,309,1,0,1,0,1,0.52,6,NA
"4360",29,330,1,2,1,1,1,1.45,3,NA
"4361",29,107,1,2,1,0,0,0.988,4,NA
"4362",29,117,1,1,1,1,0,1.836,6,NA
"4363",29,122,1,1,1,1,0,0.378,6,NA
"4364",29,105,1,0,1,0,0,0.349,6,NA
"4365",29,104,1,0,1,1,0,0.475,6,NA
"4366",29,114,1,2,1,1,0,0.493,5,NA
"4367",29,129,1,2,1,0,0,1.1,6,NA
"4368",29,311,1,0,1,0,1,0.38,6,NA
"4369",29,120,1,0,1,1,0,0.744,5,NA
"4370",29,322,1,2,1,1,1,0.931,6,NA
"4371",29,305,1,1,1,0,1,0.322,5,NA
"4372",29,303,1,2,1,1,1,0.318,6,NA
"4373",29,125,1,2,1,1,0,0.932,6,NA
"4374",29,328,1,0,1,0,1,0.657,3,NA
"4375",29,307,1,2,1,1,1,0.896,6,NA
"4376",29,323,1,2,1,1,1,0.392,6,NA
"4377",29,325,1,1,1,0,1,0.296,6,NA
"4378",29,316,1,0,1,0,1,0.616,6,NA
"4379",29,108,1,1,1,0,0,0.575,6,NA
"4380",29,116,1,0,1,1,0,1.431,6,NA
"4381",29,412,2,0,1,0,1,0.712,6,NA
"4382",29,404,2,1,1,1,1,0.546,6,NA
"4383",29,422,2,2,1,0,1,0.637,6,NA
"4384",29,424,2,0,1,0,1,0.707,6,NA
"4385",29,405,2,0,1,1,1,1.29,3,NA
"4386",29,421,2,1,1,1,1,0.465,3,NA
"4387",29,213,2,2,1,0,0,0.797,4,NA
"4388",29,415,2,2,1,1,1,0.512,6,NA
"4389",29,222,2,1,1,0,0,1.57,6,NA
"4390",29,417,2,2,1,0,1,0.4,3,NA
"4391",29,414,2,2,1,1,1,1.15,1,NA
"4392",29,425,2,2,1,1,1,0.467,1,NA
"4393",29,207,2,0,1,0,0,0.655,6,NA
"4394",29,429,2,0,1,0,1,0.915,6,NA
"4395",29,230,2,2,1,1,0,0.08,4,NA
"4396",29,223,2,2,1,1,0,0.422,6,NA
"4397",29,226,2,1,1,0,0,0.756,6,NA
"4398",29,218,2,0,1,1,0,0.792,6,NA
"4399",29,406,2,0,1,0,1,0.641,6,NA
"4400",29,401,2,1,1,1,1,0.501,1,NA
"4401",29,206,2,0,1,1,0,0.49,1,NA
"4402",29,212,2,2,1,1,0,0.427,6,NA
"4403",29,215,2,0,1,0,0,0.841,6,NA
"4404",29,220,2,1,1,1,0,0.364,1,NA
"4405",29,205,2,0,1,0,0,0.706,3,NA
"4406",29,228,2,1,1,1,0,0.562,6,NA
"4407",29,423,2,1,1,1,1,0.535,6,NA
"4408",29,225,2,2,1,1,0,1.362,6,NA
"4409",29,203,2,1,1,1,0,0.677,3,NA
"4410",29,403,2,1,1,0,1,0.319,6,NA
"4411",29,409,2,2,1,1,1,0.269,6,NA
"4412",29,209,2,0,1,1,0,0.3,6,NA
"4413",29,211,2,1,1,1,0,0.349,6,NA
"4414",29,407,2,1,1,1,1,0.402,6,NA
"4415",29,420,2,0,1,1,1,0.302,6,NA
"4416",29,202,2,0,1,1,0,0.409,6,NA
"4417",29,428,2,2,1,1,1,0.475,1,NA
"4418",29,214,2,1,1,1,0,0.368,6,NA
"4419",29,210,2,2,1,0,0,0.353,6,NA
"4420",29,221,2,2,1,0,0,0.87,4,NA
"4421",29,426,2,0,1,0,1,0.981,6,NA
"4422",29,408,2,0,1,0,1,0.808,6,NA
"4423",29,413,2,1,1,1,1,0.456,6,NA
"4424",29,216,2,0,1,1,0,0.897,2,NA
"4425",29,217,2,1,1,1,0,0.295,1,NA
"4426",29,427,2,2,1,1,1,0.332,6,NA
"4427",29,219,2,1,1,0,0,0.601,6,NA
"4428",29,411,2,0,1,1,1,0.328,1,NA
"4429",29,418,2,1,1,0,1,0.581,6,NA
"4430",29,227,2,1,1,1,0,0.284,6,NA
"4431",29,410,2,2,1,1,1,0.348,3,NA
"4432",29,201,2,2,1,1,0,0.522,6,NA
"4433",29,204,2,2,1,0,0,0.549,3,NA
"4434",29,419,2,1,1,1,1,0.527,6,NA
"4435",29,229,2,0,1,1,0,0.435,6,NA
"4436",29,416,2,1,1,1,1,0.391,6,NA
"4437",29,224,2,2,1,0,0,0.71,2,NA
"4438",29,402,2,0,1,1,1,0.378,1,NA
"4439",29,208,2,0,1,1,0,0.333,1,NA
"4440",29,430,2,2,1,1,1,0.395,6,NA
"4441",3,214,1,2,1,1,1,1.217,5,NA
"4442",3,201,1,2,1,1,1,1.614,1,NA
"4443",3,221,1,1,1,1,1,0.758,6,NA
"4444",3,303,1,2,1,0,0,1.051,1,NA
"4445",3,313,1,2,1,1,0,0.982,2,NA
"4446",3,328,1,0,1,1,0,1.709,1,NA
"4447",3,312,1,1,1,1,0,0.635,4,NA
"4448",3,320,1,2,1,0,0,0.838,2,NA
"4449",3,323,1,2,1,1,0,3.585,2,NA
"4450",3,319,1,1,1,1,0,1.922,3,NA
"4451",3,224,1,0,1,1,1,0.7,6,NA
"4452",3,206,1,1,1,1,1,0.65,6,NA
"4453",3,223,1,1,1,1,1,0.535,6,NA
"4454",3,217,1,1,1,1,1,0.695,6,NA
"4455",3,306,1,0,1,1,0,0.489,5,NA
"4456",3,202,1,2,1,1,1,0.576,6,NA
"4457",3,212,1,1,1,1,1,1.731,4,NA
"4458",3,205,1,0,1,0,1,0.727,2,NA
"4459",3,308,1,0,1,0,0,2.967,1,NA
"4460",3,318,1,1,1,1,0,0.689,3,NA
"4461",3,310,1,0,1,0,0,3.697,1,NA
"4462",3,302,1,1,1,0,0,0.53,1,NA
"4463",3,330,1,1,1,0,0,0.621,3,NA
"4464",3,213,1,0,1,1,1,0.99,6,NA
"4465",3,304,1,2,1,1,0,3.487,3,NA
"4466",3,327,1,0,1,1,0,2.611,1,NA
"4467",3,211,1,0,1,1,1,0.504,6,NA
"4468",3,203,1,2,1,1,1,0.584,5,NA
"4469",3,229,1,0,1,1,1,0.681,5,NA
"4470",3,210,1,2,1,1,1,0.71,5,NA
"4471",3,225,1,1,1,0,1,0.463,6,NA
"4472",3,321,1,0,1,0,0,7.609,2,NA
"4473",3,204,1,2,1,1,1,0.624,5,NA
"4474",3,216,1,1,1,1,1,0.571,5,NA
"4475",3,322,1,1,1,0,0,1.029,2,NA
"4476",3,208,1,2,1,1,1,0.609,2,NA
"4477",3,314,1,2,1,0,0,0.772,4,NA
"4478",3,307,1,2,1,1,0,2.501,1,NA
"4479",3,325,1,1,1,1,0,1.343,3,NA
"4480",3,226,1,1,1,1,1,0.7,4,NA
"4481",3,230,1,0,1,1,1,0.472,3,NA
"4482",3,227,1,0,1,1,1,4.209,1,NA
"4483",3,222,1,0,1,1,1,0.405,4,NA
"4484",3,329,1,2,1,0,0,1.027,2,NA
"4485",3,305,1,1,1,0,0,0.898,1,NA
"4486",3,309,1,0,1,1,0,1.484,3,NA
"4487",3,219,1,0,1,1,1,0.873,5,NA
"4488",3,228,1,2,1,1,1,0.662,5,NA
"4489",3,311,1,1,1,1,0,3.176,2,NA
"4490",3,315,1,0,1,0,0,1.836,2,NA
"4491",3,326,1,0,1,1,0,0.46,5,NA
"4492",3,301,1,2,1,1,0,1.343,5,NA
"4493",3,316,1,1,1,1,0,1.206,2,NA
"4494",3,218,1,1,1,1,1,0.848,5,NA
"4495",3,207,1,2,1,1,1,0.92,5,NA
"4496",3,215,1,1,1,1,1,0.474,2,NA
"4497",3,209,1,2,1,1,1,0.455,5,NA
"4498",3,220,1,0,1,0,1,3.159,1,NA
"4499",3,317,1,0,1,0,0,0.929,2,NA
"4500",3,324,1,2,1,0,0,0.636,1,NA
"4501",3,108,2,2,1,1,1,0.567,5,NA
"4502",3,424,2,1,1,0,0,0.951,3,NA
"4503",3,130,2,1,1,0,1,2.317,2,NA
"4504",3,408,2,0,1,1,0,0.514,4,NA
"4505",3,126,2,0,1,1,1,0.608,3,NA
"4506",3,401,2,2,1,1,0,2.359,1,NA
"4507",3,112,2,1,1,1,1,0.416,5,NA
"4508",3,124,2,2,1,1,1,0.398,5,NA
"4509",3,113,2,1,1,1,1,0.4,6,NA
"4510",3,402,2,1,1,0,0,1.593,1,NA
"4511",3,106,2,0,1,1,1,0.434,4,NA
"4512",3,123,2,2,1,1,1,0.565,4,NA
"4513",3,105,2,0,1,1,1,0.817,6,NA
"4514",3,427,2,1,1,1,0,0.615,1,NA
"4515",3,102,2,1,1,1,1,0.424,3,NA
"4516",3,114,2,0,1,1,1,0.567,3,NA
"4517",3,412,2,0,1,0,0,0.729,2,NA
"4518",3,430,2,2,1,1,0,1.02,4,NA
"4519",3,120,2,1,1,1,1,1.027,2,NA
"4520",3,409,2,1,1,1,0,3.149,2,NA
"4521",3,407,2,0,1,0,0,1.536,1,NA
"4522",3,425,2,2,1,1,0,1.477,1,NA
"4523",3,115,2,0,1,1,1,1.044,3,NA
"4524",3,403,2,0,1,1,0,1.462,4,NA
"4525",3,103,2,2,1,1,1,1.179,3,NA
"4526",3,429,2,2,1,0,0,1.968,5,NA
"4527",3,406,2,0,1,1,0,0.604,1,NA
"4528",3,411,2,2,1,0,0,0.597,1,NA
"4529",3,104,2,2,1,1,1,3.853,1,NA
"4530",3,415,2,1,1,1,0,1.312,3,NA
"4531",3,404,2,0,1,1,0,0.634,5,NA
"4532",3,109,2,2,1,1,1,1.786,5,NA
"4533",3,413,2,0,1,1,0,0.719,5,NA
"4534",3,125,2,1,1,1,1,0.647,5,NA
"4535",3,121,2,1,1,1,1,3.068,2,NA
"4536",3,419,2,2,1,1,0,0.532,1,NA
"4537",3,117,2,2,1,1,1,3.094,1,NA
"4538",3,416,2,2,1,0,0,0.724,2,NA
"4539",3,421,2,2,1,0,0,0.524,3,NA
"4540",3,428,2,0,1,0,0,0.567,2,NA
"4541",3,122,2,0,1,1,1,1.764,4,NA
"4542",3,426,2,1,1,0,0,1.342,1,NA
"4543",3,129,2,0,1,0,1,2.054,1,NA
"4544",3,127,2,2,1,1,1,2.015,1,NA
"4545",3,116,2,0,1,0,1,5.243,1,NA
"4546",3,405,2,0,1,0,0,0.669,3,NA
"4547",3,128,2,0,1,1,1,0.887,3,NA
"4548",3,110,2,1,1,1,1,0.604,5,NA
"4549",3,418,2,1,1,1,0,2.893,1,NA
"4550",3,410,2,2,1,1,0,1.491,6,NA
"4551",3,107,2,2,1,1,1,0.497,3,NA
"4552",3,101,2,0,1,0,1,0.367,1,NA
"4553",3,417,2,1,1,1,0,0.418,3,NA
"4554",3,422,2,0,1,0,0,3.618,1,NA
"4555",3,118,2,1,1,0,1,0.605,1,NA
"4556",3,119,2,2,1,1,1,1.388,2,NA
"4557",3,111,2,1,1,1,1,2.903,1,NA
"4558",3,423,2,1,1,0,0,0.805,1,NA
"4559",3,420,2,2,1,0,0,1.133,1,NA
"4560",3,414,2,1,1,0,0,0.499,1,NA
"4561",30,315,1,0,1,1,1,0.196,4,NA
"4562",30,318,1,2,1,1,1,0.963,3,NA
"4563",30,209,1,1,1,0,0,0.272,2,NA
"4564",30,213,1,2,1,0,0,0.311,4,NA
"4565",30,221,1,0,1,1,0,1.721,2,NA
"4566",30,311,1,1,1,1,1,0.707,6,NA
"4567",30,319,1,2,1,1,1,0.403,4,NA
"4568",30,218,1,0,1,0,0,0.335,1,NA
"4569",30,304,1,0,1,1,1,0.499,6,NA
"4570",30,306,1,0,1,1,1,0.321,6,NA
"4571",30,219,1,0,1,0,0,1.324,1,NA
"4572",30,314,1,0,1,1,1,0.302,6,NA
"4573",30,313,1,1,1,0,1,0.35,3,NA
"4574",30,325,1,1,1,1,1,0.356,6,NA
"4575",30,321,1,2,1,0,1,0.083,3,NA
"4576",30,204,1,1,1,1,0,1.007,2,NA
"4577",30,316,1,2,1,1,1,0.487,4,NA
"4578",30,303,1,1,1,1,1,0.267,5,NA
"4579",30,228,1,1,1,1,0,0.626,6,NA
"4580",30,327,1,2,1,1,1,0.542,6,NA
"4581",30,206,1,1,1,0,0,0.308,6,NA
"4582",30,216,1,0,1,0,0,0.783,2,NA
"4583",30,227,1,2,1,1,0,1.43,2,NA
"4584",30,230,1,2,1,1,0,1.935,2,NA
"4585",30,222,1,2,1,0,0,2.409,2,NA
"4586",30,302,1,1,1,0,1,1.027,2,NA
"4587",30,323,1,0,1,1,1,0.378,6,NA
"4588",30,212,1,2,1,0,0,2.025,1,NA
"4589",30,205,1,1,1,1,0,0.503,2,NA
"4590",30,203,1,0,1,1,0,0.515,2,NA
"4591",30,201,1,1,1,0,0,0.653,2,NA
"4592",30,210,1,2,1,0,0,0.724,1,NA
"4593",30,301,1,1,1,1,1,0.863,2,NA
"4594",30,229,1,1,1,1,0,0.691,3,NA
"4595",30,328,1,0,1,1,1,0.22,2,NA
"4596",30,226,1,0,1,0,0,2.423,2,NA
"4597",30,324,1,2,1,1,1,0.315,6,NA
"4598",30,309,1,1,1,1,1,0.398,6,NA
"4599",30,215,1,2,1,1,0,0.312,6,NA
"4600",30,330,1,2,1,1,1,0.393,6,NA
"4601",30,329,1,2,1,1,1,0.114,4,NA
"4602",30,312,1,0,1,1,1,0.469,6,NA
"4603",30,208,1,2,1,0,0,0.576,2,NA
"4604",30,217,1,0,1,0,0,0.3,2,NA
"4605",30,322,1,2,1,0,1,0.468,2,NA
"4606",30,202,1,1,1,1,0,0.446,3,NA
"4607",30,308,1,0,1,1,1,0.277,6,NA
"4608",30,220,1,0,1,0,0,2.483,1,NA
"4609",30,225,1,1,1,1,0,0.635,2,NA
"4610",30,207,1,0,1,0,0,7.514,3,NA
"4611",30,317,1,1,1,1,1,0.512,5,NA
"4612",30,223,1,0,1,0,0,0.424,2,NA
"4613",30,214,1,1,1,1,0,0.377,3,NA
"4614",30,211,1,2,1,1,0,2.455,2,NA
"4615",30,310,1,0,1,1,1,0.654,6,NA
"4616",30,307,1,1,1,1,1,0.362,6,NA
"4617",30,305,1,2,1,1,1,0.333,6,NA
"4618",30,320,1,0,1,1,1,1.061,3,NA
"4619",30,326,1,1,1,0,1,0.46,1,NA
"4620",30,224,1,2,1,0,0,1.813,2,NA
"4621",30,113,2,2,1,0,0,0.618,1,NA
"4622",30,123,2,0,1,1,0,0.391,1,NA
"4623",30,416,2,2,1,0,1,0.368,2,NA
"4624",30,117,2,1,1,1,0,0.581,2,NA
"4625",30,412,2,2,1,1,1,0.445,6,NA
"4626",30,122,2,2,1,0,0,0.351,3,NA
"4627",30,112,2,0,1,0,0,1.173,1,NA
"4628",30,417,2,0,1,1,1,0.299,2,NA
"4629",30,409,2,0,1,1,1,0.277,3,NA
"4630",30,127,2,0,1,1,0,0.551,1,NA
"4631",30,423,2,1,1,1,1,0.513,2,NA
"4632",30,110,2,2,1,0,0,0.303,1,NA
"4633",30,116,2,0,1,1,0,1.237,2,NA
"4634",30,105,2,1,1,0,0,0.344,2,NA
"4635",30,129,2,2,1,1,0,0.398,2,NA
"4636",30,425,2,2,1,1,1,0.45,2,NA
"4637",30,428,2,0,1,1,1,0.339,4,NA
"4638",30,427,2,1,1,1,1,0.605,1,NA
"4639",30,108,2,1,1,0,0,1.201,3,NA
"4640",30,406,2,1,1,1,1,0.283,5,NA
"4641",30,429,2,1,1,1,1,0.254,4,NA
"4642",30,422,2,0,1,1,1,0.221,5,NA
"4643",30,414,2,0,1,1,1,0.317,2,NA
"4644",30,403,2,2,1,0,1,1.517,1,NA
"4645",30,103,2,0,1,0,0,0.32,2,NA
"4646",30,101,2,1,1,1,0,1.82,2,NA
"4647",30,413,2,2,1,0,1,1.243,1,NA
"4648",30,407,2,1,1,1,1,0.781,4,NA
"4649",30,126,2,1,1,0,0,0.561,2,NA
"4650",30,124,2,2,1,1,0,0.305,1,NA
"4651",30,410,2,1,1,1,1,0.329,2,NA
"4652",30,411,2,2,1,1,1,0.273,4,NA
"4653",30,115,2,2,1,0,0,0.616,1,NA
"4654",30,420,2,2,1,1,1,0.362,4,NA
"4655",30,106,2,1,1,0,0,0.307,1,NA
"4656",30,111,2,0,1,1,0,0.787,1,NA
"4657",30,125,2,2,1,0,0,0.299,1,NA
"4658",30,421,2,1,1,1,1,0.322,2,NA
"4659",30,404,2,2,1,1,1,0.31,3,NA
"4660",30,128,2,1,1,1,0,0.201,2,NA
"4661",30,426,2,2,1,0,1,2.457,2,NA
"4662",30,401,2,1,1,1,1,0.589,2,NA
"4663",30,130,2,0,1,0,0,0.394,2,NA
"4664",30,104,2,2,1,1,0,0.819,2,NA
"4665",30,424,2,2,1,1,1,0.298,5,NA
"4666",30,120,2,2,1,1,0,0.315,3,NA
"4667",30,405,2,0,1,0,1,0.459,1,NA
"4668",30,107,2,1,1,0,0,0.355,1,NA
"4669",30,419,2,0,1,1,1,0.291,3,NA
"4670",30,109,2,2,1,1,0,0.254,6,NA
"4671",30,114,2,1,1,0,0,0.829,1,NA
"4672",30,415,2,1,1,1,1,0.288,3,NA
"4673",30,430,2,0,1,1,1,0.298,2,NA
"4674",30,119,2,0,1,0,0,0.536,1,NA
"4675",30,118,2,0,1,0,0,0.405,1,NA
"4676",30,418,2,1,1,1,1,0.311,6,NA
"4677",30,408,2,0,1,1,1,0.575,3,NA
"4678",30,402,2,0,1,1,1,0.332,3,NA
"4679",30,121,2,0,1,0,0,0.348,1,NA
"4680",30,102,2,1,1,0,0,0.331,1,NA
"4681",31,102,1,2,1,1,0,1.262,2,NA
"4682",31,424,1,1,1,1,1,0.538,3,NA
"4683",31,127,1,0,1,1,0,0.142,2,NA
"4684",31,114,1,2,1,0,0,0.02,2,NA
"4685",31,422,1,2,1,1,1,1.418,4,NA
"4686",31,416,1,1,1,1,1,0.874,4,NA
"4687",31,403,1,0,1,0,1,0.635,3,NA
"4688",31,126,1,1,1,1,0,0.269,2,NA
"4689",31,109,1,0,1,0,0,0.531,2,NA
"4690",31,418,1,2,1,1,1,0.316,4,NA
"4691",31,405,1,0,1,0,1,0.432,4,NA
"4692",31,430,1,2,1,1,1,0.346,4,NA
"4693",31,117,1,0,1,0,0,0.334,3,NA
"4694",31,107,1,1,1,0,0,0.383,2,NA
"4695",31,427,1,0,1,1,1,0.297,3,NA
"4696",31,120,1,0,1,0,0,0.646,3,NA
"4697",31,419,1,1,1,1,1,0.293,3,NA
"4698",31,119,1,2,1,1,0,0.184,3,NA
"4699",31,428,1,1,1,0,1,0.044,2,NA
"4700",31,420,1,2,1,1,1,0.301,4,NA
"4701",31,429,1,1,1,0,1,0.355,6,NA
"4702",31,121,1,1,1,1,0,0.338,2,NA
"4703",31,122,1,2,1,1,0,0.291,3,NA
"4704",31,408,1,0,1,1,1,0.179,3,NA
"4705",31,124,1,2,1,1,0,2.519,3,NA
"4706",31,104,1,0,1,1,0,1.762,3,NA
"4707",31,123,1,1,1,0,0,0.843,3,NA
"4708",31,425,1,0,1,0,1,0.589,3,NA
"4709",31,129,1,1,1,0,0,1.287,2,NA
"4710",31,401,1,2,1,1,1,0.488,2,NA
"4711",31,417,1,2,1,1,1,1.353,2,NA
"4712",31,402,1,1,1,1,1,0.446,4,NA
"4713",31,409,1,1,1,0,1,0.467,2,NA
"4714",31,407,1,2,1,0,1,0.473,2,NA
"4715",31,113,1,2,1,0,0,1.162,2,NA
"4716",31,105,1,0,1,0,0,0.493,2,NA
"4717",31,130,1,2,1,1,0,1.23,2,NA
"4718",31,410,1,0,1,0,1,0.636,2,NA
"4719",31,103,1,2,1,0,0,1.581,2,NA
"4720",31,414,1,2,1,1,1,0.372,2,NA
"4721",31,112,1,2,1,0,0,0.529,3,NA
"4722",31,106,1,0,1,1,0,0.586,4,NA
"4723",31,118,1,1,1,0,0,0.572,2,NA
"4724",31,404,1,2,1,0,1,1.659,1,NA
"4725",31,426,1,0,1,0,1,1.867,2,NA
"4726",31,108,1,1,1,0,0,0.627,2,NA
"4727",31,411,1,1,1,1,1,0.407,2,NA
"4728",31,128,1,1,1,0,0,0.633,2,NA
"4729",31,101,1,1,1,0,0,0.736,4,NA
"4730",31,413,1,0,1,0,1,0.938,2,NA
"4731",31,110,1,1,1,0,0,0.859,2,NA
"4732",31,116,1,2,1,1,0,1.021,2,NA
"4733",31,111,1,0,1,0,0,0.684,3,NA
"4734",31,125,1,0,1,0,0,0.668,4,NA
"4735",31,415,1,0,1,1,1,0.494,3,NA
"4736",31,412,1,2,1,0,1,0.323,5,NA
"4737",31,423,1,1,1,1,1,0.43,2,NA
"4738",31,115,1,0,1,1,0,0.933,2,NA
"4739",31,406,1,1,1,1,1,0.262,4,NA
"4740",31,421,1,0,1,0,1,4.216,2,NA
"4741",31,223,2,1,1,1,0,0.264,4,NA
"4742",31,304,2,0,1,1,1,0.241,3,NA
"4743",31,204,2,0,1,0,0,0.241,4,NA
"4744",31,201,2,2,1,0,0,0.599,5,NA
"4745",31,215,2,1,1,1,0,0.345,2,NA
"4746",31,230,2,0,1,0,0,0.07,2,NA
"4747",31,228,2,1,1,1,0,0.113,2,NA
"4748",31,209,2,2,1,1,0,0.567,2,NA
"4749",31,212,2,0,1,1,0,0.254,4,NA
"4750",31,309,2,2,1,1,1,0.179,5,NA
"4751",31,327,2,2,1,0,1,0.364,2,NA
"4752",31,328,2,0,1,1,1,0.433,3,NA
"4753",31,315,2,1,1,0,1,0.174,1,NA
"4754",31,301,2,2,1,0,1,0.428,3,NA
"4755",31,330,2,0,1,0,1,0.567,4,NA
"4756",31,202,2,0,1,1,0,0.982,2,NA
"4757",31,312,2,1,1,1,1,0.173,4,NA
"4758",31,222,2,2,1,1,0,0.421,2,NA
"4759",31,314,2,1,1,0,1,0.313,4,NA
"4760",31,326,2,0,1,1,1,0.336,1,NA
"4761",31,218,2,2,1,0,0,0.422,2,NA
"4762",31,310,2,1,1,0,1,0.397,3,NA
"4763",31,311,2,2,1,1,1,0.644,2,NA
"4764",31,305,2,0,1,0,1,0.641,3,NA
"4765",31,214,2,1,1,1,0,0.598,1,NA
"4766",31,317,2,1,1,0,1,0.548,2,NA
"4767",31,216,2,0,1,1,0,0.85,2,NA
"4768",31,219,2,1,1,0,0,0.823,1,NA
"4769",31,220,2,2,1,1,0,0.659,2,NA
"4770",31,307,2,2,1,1,1,0.318,2,NA
"4771",31,320,2,1,1,1,1,0.424,2,NA
"4772",31,208,2,2,1,0,0,0.344,1,NA
"4773",31,323,2,1,1,0,1,0.66,3,NA
"4774",31,324,2,0,1,1,1,0.541,2,NA
"4775",31,217,2,2,1,0,0,0.956,2,NA
"4776",31,211,2,0,1,1,0,0.6,3,NA
"4777",31,207,2,1,1,0,0,0.976,4,NA
"4778",31,313,2,1,1,0,1,3.327,4,NA
"4779",31,227,2,2,1,1,0,0.242,2,NA
"4780",31,306,2,2,1,1,1,1.156,1,NA
"4781",31,205,2,1,1,0,0,1.548,3,NA
"4782",31,206,2,0,1,0,0,0.322,4,NA
"4783",31,225,2,1,1,0,0,1.366,5,NA
"4784",31,224,2,2,1,0,0,2.898,1,NA
"4785",31,203,2,1,1,1,0,1.113,3,NA
"4786",31,329,2,1,1,1,1,1.446,1,NA
"4787",31,213,2,1,1,0,0,1.293,4,NA
"4788",31,321,2,0,1,0,1,1.423,2,NA
"4789",31,322,2,2,1,0,1,0.392,1,NA
"4790",31,226,2,0,1,1,0,0.481,1,NA
"4791",31,303,2,0,1,1,1,1.978,1,NA
"4792",31,318,2,1,1,1,1,0.487,2,NA
"4793",31,302,2,2,1,0,1,0.501,3,NA
"4794",31,316,2,0,1,1,1,0.493,1,NA
"4795",31,210,2,2,1,0,0,0.758,3,NA
"4796",31,308,2,2,1,1,1,0.406,3,NA
"4797",31,221,2,0,1,1,0,0.405,2,NA
"4798",31,229,2,0,1,1,0,1.389,3,NA
"4799",31,319,2,0,1,1,1,1.049,2,NA
"4800",31,325,2,2,1,0,1,0.701,4,NA
"4801",32,208,1,2,1,0,0,1.168,5,NA
"4802",32,417,1,2,1,1,1,4.468,3,NA
"4803",32,205,1,0,1,0,0,2.183,3,NA
"4804",32,419,1,1,1,1,1,2.955,4,NA
"4805",32,202,1,1,1,1,0,2.308,4,NA
"4806",32,402,1,0,1,1,1,2.027,5,NA
"4807",32,403,1,0,1,1,1,1.131,4,NA
"4808",32,425,1,1,1,0,1,0.822,3,NA
"4809",32,401,1,1,1,1,1,1.975,4,NA
"4810",32,405,1,0,1,1,1,2.821,3,NA
"4811",32,424,1,1,1,1,1,2.532,6,NA
"4812",32,415,1,2,1,0,1,1.11,5,NA
"4813",32,429,1,2,1,0,1,1.184,6,NA
"4814",32,221,1,2,1,1,0,1.176,6,NA
"4815",32,225,1,0,1,1,0,2.073,4,NA
"4816",32,215,1,2,1,0,0,4.104,3,NA
"4817",32,404,1,2,1,0,1,2.874,3,NA
"4818",32,212,1,1,1,1,0,0.961,6,NA
"4819",32,219,1,2,1,0,0,2.625,4,NA
"4820",32,223,1,1,1,0,0,1.302,4,NA
"4821",32,420,1,2,1,1,1,1.122,5,NA
"4822",32,227,1,2,1,0,0,1.428,5,NA
"4823",32,229,1,0,1,1,0,1.135,6,NA
"4824",32,412,1,0,1,0,1,0.924,4,NA
"4825",32,407,1,0,1,1,1,0.577,5,NA
"4826",32,410,1,1,1,0,1,0.448,5,NA
"4827",32,214,1,1,1,1,0,1.122,4,NA
"4828",32,220,1,0,1,0,0,0.798,4,NA
"4829",32,213,1,0,1,0,0,1.307,3,NA
"4830",32,201,1,1,1,0,0,4.485,4,NA
"4831",32,408,1,0,1,1,1,0.771,5,NA
"4832",32,222,1,0,1,0,0,1.025,3,NA
"4833",32,204,1,0,1,0,0,1.54,3,NA
"4834",32,427,1,1,1,0,1,2.448,3,NA
"4835",32,218,1,0,1,0,0,2.341,4,NA
"4836",32,203,1,1,1,1,0,1.05,5,NA
"4837",32,206,1,0,1,0,0,1.099,6,NA
"4838",32,413,1,0,1,1,1,1.028,4,NA
"4839",32,230,1,2,1,1,0,0.992,5,NA
"4840",32,426,1,2,1,0,1,1.963,5,NA
"4841",32,211,1,1,1,0,0,0.748,4,NA
"4842",32,428,1,2,1,0,1,1.034,2,NA
"4843",32,430,1,2,1,1,1,1.949,3,NA
"4844",32,226,1,0,1,1,0,1.887,3,NA
"4845",32,224,1,2,1,1,0,1.216,2,NA
"4846",32,414,1,1,1,0,1,0.891,5,NA
"4847",32,416,1,0,1,0,1,2.09,2,NA
"4848",32,210,1,1,1,0,0,2.771,3,NA
"4849",32,207,1,2,1,0,0,2.368,6,NA
"4850",32,217,1,2,1,1,0,1.153,4,NA
"4851",32,422,1,0,1,1,1,1.037,4,NA
"4852",32,216,1,1,1,0,0,0.736,2,NA
"4853",32,406,1,1,1,0,1,0.919,3,NA
"4854",32,411,1,1,1,1,1,0.967,4,NA
"4855",32,228,1,2,1,1,0,1.403,4,NA
"4856",32,418,1,2,1,0,1,1.422,3,NA
"4857",32,423,1,2,1,0,1,1.301,2,NA
"4858",32,421,1,1,1,0,1,0.881,6,NA
"4859",32,209,1,1,1,0,0,3.199,3,NA
"4860",32,409,1,0,1,0,1,0.87,5,NA
"4861",32,117,2,1,1,0,0,2.091,2,NA
"4862",32,111,2,2,1,0,0,1.185,6,NA
"4863",32,105,2,0,1,0,0,1.655,3,NA
"4864",32,110,2,1,1,1,0,1.69,5,NA
"4865",32,107,2,2,1,0,0,1.944,3,NA
"4866",32,108,2,1,1,1,0,1.532,5,NA
"4867",32,115,2,1,1,0,0,3.006,3,NA
"4868",32,318,2,0,1,1,1,1.284,5,NA
"4869",32,322,2,2,1,0,1,1.05,3,NA
"4870",32,328,2,1,1,0,1,1.023,4,NA
"4871",32,314,2,1,1,0,1,2.614,6,NA
"4872",32,113,2,2,1,0,0,2.567,4,NA
"4873",32,316,2,1,1,1,1,0.815,3,NA
"4874",32,125,2,0,1,1,0,1.016,4,NA
"4875",32,315,2,2,1,1,1,2.104,2,NA
"4876",32,120,2,1,1,1,0,2.291,5,NA
"4877",32,311,2,0,1,1,1,1.217,6,NA
"4878",32,310,2,2,1,1,1,2.862,4,NA
"4879",32,304,2,0,1,1,1,1.371,5,NA
"4880",32,118,2,0,1,0,0,1.103,5,NA
"4881",32,130,2,0,1,0,0,0.899,6,NA
"4882",32,127,2,2,1,1,0,1.098,3,NA
"4883",32,129,2,2,1,1,0,1.333,4,NA
"4884",32,309,2,0,1,1,1,1.809,5,NA
"4885",32,329,2,1,1,0,1,2.761,2,NA
"4886",32,121,2,0,1,0,0,0.456,2,NA
"4887",32,321,2,2,1,1,1,0.866,3,NA
"4888",32,326,2,0,1,1,1,1.047,5,NA
"4889",32,301,2,1,1,1,1,0.95,4,NA
"4890",32,305,2,2,1,0,1,1.396,5,NA
"4891",32,112,2,1,1,1,0,2.422,3,NA
"4892",32,101,2,0,1,0,0,1.626,4,NA
"4893",32,123,2,2,1,1,0,0.57,4,NA
"4894",32,128,2,0,1,1,0,1.04,5,NA
"4895",32,302,2,0,1,1,1,1.548,3,NA
"4896",32,119,2,2,1,1,0,1.522,5,NA
"4897",32,104,2,1,1,0,0,1.167,1,NA
"4898",32,109,2,2,1,1,0,0.961,5,NA
"4899",32,124,2,1,1,1,0,0.465,5,NA
"4900",32,323,2,2,1,1,1,1.045,4,NA
"4901",32,306,2,1,1,0,1,1.241,2,NA
"4902",32,320,2,2,1,1,1,1.997,3,NA
"4903",32,122,2,1,1,0,0,1.194,5,NA
"4904",32,116,2,1,1,1,0,1.939,2,NA
"4905",32,319,2,1,1,1,1,2.429,2,NA
"4906",32,308,2,1,1,0,1,1.214,3,NA
"4907",32,324,2,0,1,0,1,2.048,5,NA
"4908",32,317,2,2,1,0,1,0.376,4,NA
"4909",32,327,2,0,1,1,1,1.143,2,NA
"4910",32,102,2,0,1,1,0,0.922,4,NA
"4911",32,106,2,0,1,0,0,0.815,5,NA
"4912",32,126,2,0,1,0,0,0.765,3,NA
"4913",32,103,2,2,1,0,0,0.665,4,NA
"4914",32,307,2,1,1,0,1,1.333,3,NA
"4915",32,114,2,2,1,0,0,1.27,2,NA
"4916",32,312,2,2,1,1,1,0.434,6,NA
"4917",32,313,2,0,1,0,1,6.082,6,NA
"4918",32,325,2,2,1,1,1,2.966,5,NA
"4919",32,330,2,1,1,0,1,0.418,3,NA
"4920",32,303,2,0,1,1,1,0.41,4,NA
"4921",33,213,1,0,1,0,0,2.995,2,NA
"4922",33,217,1,2,1,1,0,2.007,2,NA
"4923",33,212,1,0,1,1,0,1.775,4,NA
"4924",33,219,1,1,1,1,0,0.942,5,NA
"4925",33,230,1,1,1,0,0,1.197,1,NA
"4926",33,126,1,1,1,1,1,1.003,3,NA
"4927",33,201,1,0,1,1,0,1.603,2,NA
"4928",33,105,1,2,1,1,1,1.741,4,NA
"4929",33,107,1,1,1,1,1,0.947,4,NA
"4930",33,122,1,0,1,0,1,1.325,5,NA
"4931",33,229,1,1,1,1,0,0.585,6,NA
"4932",33,103,1,0,1,0,1,1.087,5,NA
"4933",33,208,1,1,1,0,0,0.914,1,NA
"4934",33,218,1,1,1,1,0,1.836,2,NA
"4935",33,205,1,2,1,0,0,1.819,2,NA
"4936",33,113,1,1,1,1,1,0.664,6,NA
"4937",33,120,1,2,1,1,1,0.648,2,NA
"4938",33,128,1,0,1,1,1,0.931,6,NA
"4939",33,101,1,2,1,0,1,4.297,4,NA
"4940",33,210,1,0,1,1,0,0.843,6,NA
"4941",33,118,1,2,1,0,1,0.592,2,NA
"4942",33,116,1,2,1,0,1,2.715,6,NA
"4943",33,207,1,0,1,1,0,1.229,4,NA
"4944",33,228,1,2,1,0,0,1.271,2,NA
"4945",33,222,1,2,1,1,0,0.445,3,NA
"4946",33,117,1,1,1,0,1,4.976,4,NA
"4947",33,109,1,0,1,1,1,0.547,4,NA
"4948",33,226,1,2,1,0,0,0.604,3,NA
"4949",33,123,1,0,1,1,1,1.314,3,NA
"4950",33,104,1,1,1,0,1,1.533,6,NA
"4951",33,130,1,1,1,1,1,1.309,4,NA
"4952",33,127,1,1,1,1,1,2.398,4,NA
"4953",33,121,1,1,1,0,1,2.609,3,NA
"4954",33,129,1,2,1,0,1,0.511,5,NA
"4955",33,223,1,2,1,0,0,0.683,6,NA
"4956",33,214,1,1,1,1,0,1.793,4,NA
"4957",33,202,1,1,1,1,0,0.476,5,NA
"4958",33,203,1,1,1,1,0,0.953,3,NA
"4959",33,221,1,2,1,1,0,0.962,2,NA
"4960",33,106,1,1,1,1,1,0.494,2,NA
"4961",33,114,1,0,1,1,1,0.532,1,NA
"4962",33,215,1,2,1,0,0,0.468,5,NA
"4963",33,224,1,0,1,1,0,0.86,3,NA
"4964",33,220,1,2,1,0,0,1.664,4,NA
"4965",33,209,1,1,1,0,0,2.02,1,NA
"4966",33,125,1,0,1,0,1,3.497,1,NA
"4967",33,112,1,2,1,1,1,0.349,3,NA
"4968",33,227,1,0,1,0,0,1.483,1,NA
"4969",33,115,1,0,1,1,1,0.313,2,NA
"4970",33,211,1,2,1,1,0,1.389,1,NA
"4971",33,225,1,0,1,1,0,1.654,6,NA
"4972",33,111,1,2,1,0,1,1.143,2,NA
"4973",33,102,1,2,1,1,1,0.772,3,NA
"4974",33,119,1,0,1,0,1,0.804,2,NA
"4975",33,216,1,1,1,1,0,0.475,4,NA
"4976",33,204,1,0,1,0,0,0.681,1,NA
"4977",33,124,1,2,1,1,1,0.729,5,NA
"4978",33,206,1,0,1,1,0,0.886,6,NA
"4979",33,108,1,0,1,1,1,0.58,3,NA
"4980",33,110,1,1,1,1,1,0.358,6,NA
"4981",33,419,2,0,1,1,0,3.766,2,NA
"4982",33,427,2,2,1,0,0,0.58,4,NA
"4983",33,321,2,0,1,1,1,0.541,6,NA
"4984",33,413,2,1,1,1,0,0.924,6,NA
"4985",33,324,2,2,1,0,1,0.389,3,NA
"4986",33,314,2,1,1,0,1,0.35,2,NA
"4987",33,328,2,2,1,1,1,0.268,4,NA
"4988",33,411,2,2,1,0,0,2.04,3,NA
"4989",33,420,2,1,1,1,0,0.38,5,NA
"4990",33,415,2,2,1,1,0,0.478,4,NA
"4991",33,317,2,0,1,0,1,0.112,2,NA
"4992",33,416,2,0,1,1,0,0.588,3,NA
"4993",33,311,2,2,1,1,1,1.588,4,NA
"4994",33,301,2,1,1,1,1,0.42,5,NA
"4995",33,330,2,2,1,1,1,0.349,4,NA
"4996",33,407,2,0,1,0,0,0.399,3,NA
"4997",33,430,2,2,1,1,0,0.373,5,NA
"4998",33,418,2,2,1,0,0,0.318,3,NA
"4999",33,320,2,2,1,1,1,0.258,6,NA
"5000",33,302,2,1,1,0,1,0.819,3,NA
"5001",33,422,2,1,1,1,0,0.261,2,NA
"5002",33,409,2,0,1,0,0,0.39,6,NA
"5003",33,405,2,0,1,1,0,1.332,4,NA
"5004",33,327,2,1,1,0,1,0.385,1,NA
"5005",33,428,2,1,1,0,0,0.26,2,NA
"5006",33,307,2,1,1,1,1,0.28,6,NA
"5007",33,406,2,1,1,1,0,0.168,2,NA
"5008",33,323,2,0,1,1,1,1.374,5,NA
"5009",33,305,2,0,1,1,1,0.402,6,NA
"5010",33,310,2,0,1,0,1,0.788,1,NA
"5011",33,315,2,1,1,0,1,0.657,2,NA
"5012",33,318,2,0,1,0,1,0.432,5,NA
"5013",33,319,2,2,1,1,1,0.671,5,NA
"5014",33,410,2,2,1,0,0,0.269,3,NA
"5015",33,316,2,0,1,1,1,0.457,1,NA
"5016",33,404,2,0,1,1,0,0.351,1,NA
"5017",33,412,2,1,1,0,0,0.417,2,NA
"5018",33,304,2,2,1,1,1,0.271,6,NA
"5019",33,417,2,0,1,0,0,0.331,4,NA
"5020",33,325,2,0,1,1,1,0.479,1,NA
"5021",33,408,2,0,1,0,0,0.417,2,NA
"5022",33,425,2,1,1,0,0,3.297,2,NA
"5023",33,322,2,1,1,0,1,0.225,1,NA
"5024",33,423,2,1,1,0,0,0.233,3,NA
"5025",33,401,2,0,1,1,0,0.301,3,NA
"5026",33,326,2,2,1,0,1,3.203,6,NA
"5027",33,303,2,2,1,1,1,1.469,3,NA
"5028",33,329,2,0,1,1,1,0.768,6,NA
"5029",33,403,2,0,1,1,0,2.487,5,NA
"5030",33,313,2,1,1,1,1,1.203,1,NA
"5031",33,312,2,0,1,1,1,0.249,1,NA
"5032",33,424,2,1,1,1,0,0.23,3,NA
"5033",33,421,2,2,1,1,0,0.582,6,NA
"5034",33,306,2,1,1,0,1,0.384,2,NA
"5035",33,309,2,2,1,0,1,1.005,1,NA
"5036",33,414,2,1,1,1,0,0.167,4,NA
"5037",33,308,2,1,1,0,1,0.32,1,NA
"5038",33,402,2,2,1,1,0,0.514,1,NA
"5039",33,426,2,2,1,1,0,0.3,1,NA
"5040",33,429,2,2,1,1,0,0.301,2,NA
"5041",34,104,1,1,1,1,1,1.974,1,NA
"5042",34,124,1,2,1,1,1,1.605,3,NA
"5043",34,423,1,2,1,1,0,3.863,2,NA
"5044",34,403,1,0,1,0,0,0.755,4,NA
"5045",34,406,1,1,1,0,0,1.347,2,NA
"5046",34,101,1,2,1,0,1,1.254,4,NA
"5047",34,107,1,2,1,0,1,0.94,4,NA
"5048",34,110,1,2,1,1,1,0.623,6,NA
"5049",34,113,1,0,1,1,1,0.415,6,NA
"5050",34,112,1,1,1,1,1,0.505,2,NA
"5051",34,102,1,2,1,1,1,0.3,4,NA
"5052",34,119,1,1,1,1,1,0.023,2,NA
"5053",34,427,1,0,1,1,0,0.578,3,NA
"5054",34,430,1,1,1,0,0,0.349,4,NA
"5055",34,410,1,2,1,0,0,1.287,5,NA
"5056",34,106,1,0,1,1,1,1.055,3,NA
"5057",34,116,1,1,1,1,1,0.283,2,NA
"5058",34,111,1,0,1,1,1,0.247,3,NA
"5059",34,412,1,2,1,0,0,1.366,2,NA
"5060",34,105,1,0,1,1,1,0.273,4,NA
"5061",34,413,1,1,1,1,0,0.236,6,NA
"5062",34,425,1,1,1,1,0,0.273,4,NA
"5063",34,421,1,1,1,0,0,0.798,4,NA
"5064",34,426,1,0,1,1,0,1.229,4,NA
"5065",34,422,1,2,1,1,0,0.269,4,NA
"5066",34,419,1,0,1,1,0,0.585,4,NA
"5067",34,121,1,1,1,1,1,0.289,6,NA
"5068",34,108,1,0,1,1,1,0.363,6,NA
"5069",34,429,1,0,1,0,0,0.756,5,NA
"5070",34,404,1,2,1,1,0,1.639,3,NA
"5071",34,424,1,2,1,0,0,0.456,3,NA
"5072",34,408,1,1,1,1,0,0.328,4,NA
"5073",34,417,1,2,1,1,0,0.585,3,NA
"5074",34,126,1,2,1,1,1,0.221,3,NA
"5075",34,407,1,0,1,0,0,0.337,3,NA
"5076",34,418,1,0,1,1,0,0.571,3,NA
"5077",34,117,1,0,1,1,1,1.166,3,NA
"5078",34,118,1,0,1,0,1,0.458,5,NA
"5079",34,103,1,1,1,0,1,0.26,5,NA
"5080",34,402,1,0,1,1,0,0.569,3,NA
"5081",34,428,1,1,1,0,0,1.988,1,NA
"5082",34,420,1,1,1,0,0,0.676,1,NA
"5083",34,120,1,1,1,1,1,1.528,2,NA
"5084",34,115,1,1,1,1,1,0.713,3,NA
"5085",34,122,1,0,1,0,1,0.34,2,NA
"5086",34,127,1,2,1,1,1,0.519,2,NA
"5087",34,114,1,0,1,1,1,0.214,3,NA
"5088",34,416,1,0,1,1,0,0.164,3,NA
"5089",34,125,1,0,1,1,1,0.23,4,NA
"5090",34,109,1,2,1,1,1,0.247,3,NA
"5091",34,414,1,2,1,1,0,0.212,3,NA
"5092",34,411,1,1,1,0,0,2.16,3,NA
"5093",34,123,1,2,1,1,1,0.212,3,NA
"5094",34,128,1,1,1,1,1,0.538,3,NA
"5095",34,409,1,2,1,1,0,0.244,2,NA
"5096",34,401,1,2,1,0,0,1.621,1,NA
"5097",34,130,1,1,1,1,1,0.405,3,NA
"5098",34,129,1,2,1,0,1,2.565,2,NA
"5099",34,415,1,0,1,1,0,0.507,2,NA
"5100",34,405,1,1,1,1,0,0.213,4,NA
"5101",34,217,2,1,1,0,0,0.537,2,NA
"5102",34,321,2,2,1,1,1,0.406,4,NA
"5103",34,322,2,0,1,1,1,0.46,3,NA
"5104",34,309,2,2,1,1,1,0.941,5,NA
"5105",34,330,2,0,1,1,1,0.355,3,NA
"5106",34,222,2,2,1,1,0,0.177,2,NA
"5107",34,202,2,2,1,1,0,0.408,2,NA
"5108",34,314,2,1,1,1,1,0.326,5,NA
"5109",34,215,2,1,1,0,0,0.908,4,NA
"5110",34,216,2,1,1,1,0,0.41,3,NA
"5111",34,230,2,2,1,1,0,0.221,2,NA
"5112",34,220,2,0,1,1,0,0.747,2,NA
"5113",34,203,2,0,1,1,0,0.392,3,NA
"5114",34,228,2,0,1,1,0,0.968,3,NA
"5115",34,308,2,0,1,1,1,0.274,4,NA
"5116",34,329,2,1,1,1,1,1.014,3,NA
"5117",34,323,2,0,1,1,1,0.472,3,NA
"5118",34,305,2,2,1,1,1,1.187,3,NA
"5119",34,303,2,1,1,1,1,1.243,2,NA
"5120",34,207,2,0,1,0,0,3.012,3,NA
"5121",34,226,2,1,1,1,0,0.345,2,NA
"5122",34,209,2,0,1,1,0,0.855,3,NA
"5123",34,223,2,2,1,1,0,0.35,4,NA
"5124",34,312,2,2,1,1,1,0.508,4,NA
"5125",34,310,2,1,1,1,1,0.297,4,NA
"5126",34,218,2,1,1,0,0,2.781,2,NA
"5127",34,214,2,2,1,1,0,0.389,2,NA
"5128",34,316,2,1,1,1,1,7.207,2,NA
"5129",34,326,2,0,1,1,1,0.531,2,NA
"5130",34,311,2,2,1,0,1,4.737,3,NA
"5131",34,315,2,1,1,1,1,0.837,1,NA
"5132",34,324,2,2,1,0,1,0.775,2,NA
"5133",34,325,2,2,1,1,1,0.873,3,NA
"5134",34,210,2,0,1,1,0,0.393,5,NA
"5135",34,204,2,1,1,1,0,4.312,2,NA
"5136",34,306,2,0,1,1,1,0.318,4,NA
"5137",34,201,2,0,1,1,0,0.506,2,NA
"5138",34,304,2,0,1,1,1,0.256,5,NA
"5139",34,302,2,1,1,1,1,2.26,1,NA
"5140",34,208,2,1,1,1,0,1.279,2,NA
"5141",34,229,2,1,1,1,0,0.257,5,NA
"5142",34,225,2,1,1,1,0,0.63,2,NA
"5143",34,313,2,2,1,1,1,0.412,3,NA
"5144",34,327,2,1,1,1,1,8.397,2,NA
"5145",34,227,2,0,1,1,0,0.214,2,NA
"5146",34,224,2,2,1,0,0,2.221,3,NA
"5147",34,212,2,2,1,0,0,0.528,5,NA
"5148",34,211,2,2,1,1,0,0.742,5,NA
"5149",34,318,2,2,1,0,1,1.882,6,NA
"5150",34,328,2,1,1,1,1,0.181,4,NA
"5151",34,317,2,0,1,1,1,2.446,1,NA
"5152",34,213,2,2,1,1,0,2.414,2,NA
"5153",34,319,2,0,1,1,1,1.96,3,NA
"5154",34,320,2,0,1,1,1,0.462,2,NA
"5155",34,307,2,1,1,1,1,1.403,2,NA
"5156",34,206,2,2,1,0,0,1.852,1,NA
"5157",34,221,2,0,1,0,0,1.207,2,NA
"5158",34,301,2,2,1,1,1,0.523,6,NA
"5159",34,219,2,1,1,1,0,0.577,3,NA
"5160",34,205,2,0,1,0,0,0.629,2,NA
"5161",35,328,1,1,1,1,1,0.663,6,NA
"5162",35,201,1,0,1,1,0,2.612,3,NA
"5163",35,308,1,0,1,1,1,0.619,4,NA
"5164",35,215,1,2,1,0,0,0.424,3,NA
"5165",35,314,1,1,1,1,1,0.415,6,NA
"5166",35,222,1,1,1,1,0,0.897,3,NA
"5167",35,219,1,1,1,0,0,1.187,3,NA
"5168",35,205,1,0,1,1,0,0.811,6,NA
"5169",35,210,1,2,1,0,0,0.394,6,NA
"5170",35,302,1,0,1,1,1,1.501,4,NA
"5171",35,310,1,0,1,1,1,0.486,6,NA
"5172",35,306,1,2,1,1,1,0.407,6,NA
"5173",35,323,1,0,1,1,1,1.611,3,NA
"5174",35,315,1,2,1,1,1,0.457,4,NA
"5175",35,224,1,1,1,1,0,0.809,6,NA
"5176",35,203,1,1,1,0,0,2.211,2,NA
"5177",35,318,1,1,1,1,1,1.003,3,NA
"5178",35,313,1,2,1,1,1,0.456,3,NA
"5179",35,204,1,2,1,0,0,0.496,3,NA
"5180",35,227,1,0,1,1,0,0.516,2,NA
"5181",35,316,1,1,1,1,1,0.445,6,NA
"5182",35,326,1,1,1,1,1,0.372,5,NA
"5183",35,202,1,2,1,1,0,0.618,2,NA
"5184",35,309,1,2,1,1,1,0.385,6,NA
"5185",35,207,1,1,1,0,0,0.639,2,NA
"5186",35,220,1,2,1,0,0,0.839,2,NA
"5187",35,209,1,0,1,0,0,0.553,2,NA
"5188",35,226,1,0,1,1,0,0.42,6,NA
"5189",35,305,1,2,1,1,1,0.57,6,NA
"5190",35,311,1,0,1,1,1,0.348,6,NA
"5191",35,221,1,0,1,0,0,0.525,2,NA
"5192",35,206,1,2,1,0,0,0.653,2,NA
"5193",35,307,1,1,1,1,1,0.447,6,NA
"5194",35,218,1,0,1,0,0,2.343,2,NA
"5195",35,321,1,0,1,1,1,0.436,6,NA
"5196",35,330,1,2,1,1,1,0.425,6,NA
"5197",35,325,1,0,1,1,1,0.524,6,NA
"5198",35,217,1,2,1,1,0,0.736,4,NA
"5199",35,317,1,2,1,1,1,0.454,6,NA
"5200",35,301,1,0,1,1,1,0.496,6,NA
"5201",35,303,1,1,1,1,1,0.496,6,NA
"5202",35,312,1,1,1,0,1,0.817,5,NA
"5203",35,319,1,2,1,1,1,0.474,6,NA
"5204",35,329,1,0,1,1,1,0.544,6,NA
"5205",35,223,1,2,1,1,0,0.634,6,NA
"5206",35,327,1,1,1,1,1,0.418,6,NA
"5207",35,324,1,2,1,1,1,0.443,6,NA
"5208",35,208,1,1,1,0,0,0.434,2,NA
"5209",35,230,1,0,1,0,0,1.302,2,NA
"5210",35,304,1,0,1,1,1,0.334,6,NA
"5211",35,211,1,1,1,0,0,0.516,2,NA
"5212",35,214,1,1,1,0,0,1.475,2,NA
"5213",35,225,1,2,1,0,0,0.468,2,NA
"5214",35,320,1,1,1,1,1,0.514,6,NA
"5215",35,228,1,0,1,1,0,0.809,4,NA
"5216",35,212,1,2,1,0,0,1.079,2,NA
"5217",35,229,1,1,1,1,0,0.368,1,NA
"5218",35,216,1,1,1,1,0,0.637,2,NA
"5219",35,213,1,0,1,1,0,0.536,2,NA
"5220",35,322,1,2,1,1,1,0.455,6,NA
"5221",35,111,2,0,1,1,1,0.672,6,NA
"5222",35,115,2,1,1,0,1,0.364,3,NA
"5223",35,419,2,2,1,0,0,0.572,3,NA
"5224",35,124,2,1,1,0,1,0.464,3,NA
"5225",35,414,2,0,1,1,0,0.793,3,NA
"5226",35,109,2,0,1,1,1,0.524,6,NA
"5227",35,410,2,0,1,1,0,0.973,3,NA
"5228",35,120,2,2,1,1,1,0.563,6,NA
"5229",35,404,2,2,1,0,0,0.531,3,NA
"5230",35,101,2,1,1,1,1,0.676,6,NA
"5231",35,125,2,1,1,0,1,0.461,6,NA
"5232",35,102,2,2,1,0,1,0.587,3,NA
"5233",35,123,2,1,1,1,1,0.729,3,NA
"5234",35,418,2,1,1,1,0,0.419,3,NA
"5235",35,107,2,0,1,1,1,0.486,3,NA
"5236",35,406,2,0,1,0,0,0.525,3,NA
"5237",35,415,2,0,1,1,0,0.537,3,NA
"5238",35,103,2,2,1,0,1,1.748,3,NA
"5239",35,426,2,1,1,1,0,1.009,3,NA
"5240",35,423,2,2,1,1,0,1.081,3,NA
"5241",35,417,2,1,1,0,0,0.551,3,NA
"5242",35,401,2,1,1,1,0,1.761,3,NA
"5243",35,403,2,1,1,1,0,0.449,4,NA
"5244",35,116,2,2,1,1,1,0.898,4,NA
"5245",35,130,2,2,1,0,1,0.937,3,NA
"5246",35,114,2,0,1,0,1,0.675,3,NA
"5247",35,407,2,2,1,0,0,0.377,3,NA
"5248",35,413,2,2,1,1,0,0.502,4,NA
"5249",35,430,2,0,1,1,0,0.287,4,NA
"5250",35,105,2,0,1,1,1,0.412,6,NA
"5251",35,429,2,0,1,1,0,1.539,2,NA
"5252",35,119,2,0,1,1,1,0.652,2,NA
"5253",35,126,2,2,1,1,1,0.731,2,NA
"5254",35,428,2,1,1,0,0,0.647,3,NA
"5255",35,110,2,2,1,0,1,0.526,6,NA
"5256",35,409,2,2,1,0,0,3.624,2,NA
"5257",35,422,2,2,1,0,0,0.812,2,NA
"5258",35,402,2,2,1,1,0,0.557,4,NA
"5259",35,108,2,1,1,1,1,0.561,6,NA
"5260",35,106,2,2,1,1,1,1.378,6,NA
"5261",35,425,2,2,1,1,0,0.638,6,NA
"5262",35,416,2,1,1,0,0,3.49,2,NA
"5263",35,122,2,1,1,1,1,0.726,2,NA
"5264",35,427,2,0,1,1,0,3.069,3,NA
"5265",35,118,2,0,1,1,1,0.416,2,NA
"5266",35,127,2,2,1,0,1,0.543,2,NA
"5267",35,420,2,1,1,1,0,4.263,2,NA
"5268",35,405,2,0,1,0,0,0.671,2,NA
"5269",35,408,2,2,1,1,0,0.633,4,NA
"5270",35,411,2,0,1,1,0,0.444,4,NA
"5271",35,424,2,0,1,1,0,0.839,2,NA
"5272",35,129,2,0,1,1,1,0.479,2,NA
"5273",35,113,2,1,1,0,1,0.438,3,NA
"5274",35,412,2,1,1,0,0,0.448,3,NA
"5275",35,117,2,0,1,0,1,0.915,3,NA
"5276",35,121,2,2,1,1,1,0.434,6,NA
"5277",35,128,2,1,1,1,1,0.475,5,NA
"5278",35,104,2,0,1,1,1,0.465,6,NA
"5279",35,421,2,1,1,1,0,1.11,2,NA
"5280",35,112,2,1,1,1,1,0.5,6,NA
"5281",37,226,1,0,1,1,1,2.536,6,NA
"5282",37,105,1,1,1,0,0,0.743,4,NA
"5283",37,221,1,2,1,1,1,0.668,4,NA
"5284",37,230,1,2,1,0,1,1.895,2,NA
"5285",37,202,1,0,1,1,1,0.578,6,NA
"5286",37,121,1,2,1,1,0,2.664,3,NA
"5287",37,118,1,0,1,1,0,0.765,2,NA
"5288",37,113,1,2,1,0,0,4.53,4,NA
"5289",37,205,1,2,1,1,1,0.511,6,NA
"5290",37,213,1,1,1,1,1,1.165,6,NA
"5291",37,119,1,2,1,0,0,1.317,6,NA
"5292",37,125,1,0,1,0,0,0.733,6,NA
"5293",37,204,1,2,1,1,1,0.624,6,NA
"5294",37,217,1,1,1,1,1,0.5,6,NA
"5295",37,120,1,1,1,0,0,1.094,4,NA
"5296",37,201,1,0,1,1,1,1.185,6,NA
"5297",37,127,1,2,1,0,0,3.619,3,NA
"5298",37,212,1,1,1,1,1,0.975,6,NA
"5299",37,109,1,1,1,0,0,0.738,4,NA
"5300",37,110,1,0,1,1,0,1.186,6,NA
"5301",37,206,1,2,1,1,1,0.4,6,NA
"5302",37,224,1,0,1,1,1,0.378,6,NA
"5303",37,129,1,2,1,1,0,0.944,6,NA
"5304",37,124,1,1,1,1,0,0.39,6,NA
"5305",37,210,1,1,1,0,1,0.372,5,NA
"5306",37,218,1,0,1,1,1,0.535,6,NA
"5307",37,116,1,0,1,1,0,1.308,6,NA
"5308",37,108,1,1,1,0,0,0.586,3,NA
"5309",37,112,1,0,1,0,0,1.217,4,NA
"5310",37,228,1,1,1,1,1,0.367,6,NA
"5311",37,123,1,0,1,0,0,3.677,4,NA
"5312",37,219,1,0,1,0,1,3.715,3,NA
"5313",37,220,1,1,1,1,1,1.006,6,NA
"5314",37,126,1,2,1,1,0,2.241,6,NA
"5315",37,107,1,1,1,1,0,0.394,6,NA
"5316",37,128,1,2,1,1,0,0.37,6,NA
"5317",37,101,1,2,1,0,0,1.124,4,NA
"5318",37,209,1,2,1,1,1,0.908,5,NA
"5319",37,215,1,1,1,1,1,0.578,6,NA
"5320",37,106,1,2,1,1,0,1.422,4,NA
"5321",37,122,1,0,1,0,0,0.99,4,NA
"5322",37,103,1,0,1,0,0,0.649,5,NA
"5323",37,203,1,0,1,1,1,0.238,5,NA
"5324",37,229,1,1,1,1,1,1.95,6,NA
"5325",37,114,1,0,1,0,0,1.511,3,NA
"5326",37,102,1,1,1,1,0,0.6,6,NA
"5327",37,208,1,0,1,1,1,1.021,6,NA
"5328",37,104,1,1,1,1,0,0.549,6,NA
"5329",37,222,1,2,1,1,1,0.415,6,NA
"5330",37,207,1,2,1,1,1,0.492,6,NA
"5331",37,115,1,0,1,0,0,0.88,4,NA
"5332",37,223,1,1,1,1,1,0.646,6,NA
"5333",37,225,1,1,1,1,1,0.6,6,NA
"5334",37,227,1,0,1,0,1,0.989,6,NA
"5335",37,214,1,2,1,1,1,0.564,6,NA
"5336",37,111,1,1,1,1,0,1.116,4,NA
"5337",37,130,1,2,1,1,0,3.871,4,NA
"5338",37,117,1,1,1,1,0,0.425,6,NA
"5339",37,216,1,0,1,1,1,0.604,6,NA
"5340",37,211,1,2,1,1,1,0.561,6,NA
"5341",37,318,2,1,1,1,0,4.699,2,NA
"5342",37,409,2,2,1,0,1,0.669,6,NA
"5343",37,413,2,0,1,1,1,0.43,6,NA
"5344",37,317,2,1,1,1,0,0.794,3,NA
"5345",37,419,2,2,1,1,1,0.729,2,NA
"5346",37,322,2,2,1,0,0,1.934,2,NA
"5347",37,414,2,2,1,0,1,1.982,4,NA
"5348",37,405,2,0,1,0,1,2.447,4,NA
"5349",37,406,2,0,1,0,1,1.027,5,NA
"5350",37,421,2,0,1,1,1,7.448,4,NA
"5351",37,312,2,0,1,1,0,1.052,4,NA
"5352",37,311,2,0,1,0,0,0.932,4,NA
"5353",37,323,2,1,1,1,0,0.878,5,NA
"5354",37,321,2,2,1,1,0,0.608,5,NA
"5355",37,416,2,1,1,1,1,0.282,4,NA
"5356",37,302,2,0,1,0,0,0.821,4,NA
"5357",37,327,2,1,1,1,0,0.516,3,NA
"5358",37,403,2,1,1,1,1,0.506,2,NA
"5359",37,329,2,1,1,0,0,2.795,2,NA
"5360",37,306,2,2,1,0,0,1.605,3,NA
"5361",37,429,2,1,1,1,1,0.519,6,NA
"5362",37,420,2,2,1,1,1,0.442,6,NA
"5363",37,425,2,1,1,1,1,0.516,4,NA
"5364",37,310,2,2,1,1,0,0.413,4,NA
"5365",37,418,2,1,1,1,1,0.488,6,NA
"5366",37,407,2,2,1,1,1,0.163,6,NA
"5367",37,426,2,0,1,0,1,0.75,4,NA
"5368",37,301,2,2,1,1,0,0.641,5,NA
"5369",37,330,2,0,1,0,0,0.711,3,NA
"5370",37,324,2,0,1,0,0,1.211,3,NA
"5371",37,411,2,2,1,0,1,0.677,2,NA
"5372",37,315,2,1,1,1,0,0.605,4,NA
"5373",37,415,2,0,1,1,1,0.937,3,NA
"5374",37,309,2,2,1,0,0,0.563,5,NA
"5375",37,410,2,1,1,1,1,3.431,4,NA
"5376",37,417,2,2,1,1,1,0.527,5,NA
"5377",37,320,2,0,1,0,0,0.95,4,NA
"5378",37,313,2,1,1,1,0,0.544,4,NA
"5379",37,308,2,1,1,1,0,2.628,5,NA
"5380",37,307,2,1,1,1,0,1.952,4,NA
"5381",37,303,2,2,1,1,0,0.367,4,NA
"5382",37,304,2,2,1,1,0,0.147,4,NA
"5383",37,401,2,2,1,1,1,0.326,6,NA
"5384",37,319,2,1,1,1,0,0.812,6,NA
"5385",37,428,2,0,1,0,1,0.951,4,NA
"5386",37,430,2,1,1,1,1,0.83,6,NA
"5387",37,326,2,0,1,0,0,0.77,5,NA
"5388",37,404,2,1,1,1,1,0.217,6,NA
"5389",37,314,2,0,1,1,0,0.643,6,NA
"5390",37,427,2,0,1,1,1,0.271,6,NA
"5391",37,402,2,0,1,1,1,0.498,6,NA
"5392",37,422,2,0,1,1,1,0.542,6,NA
"5393",37,423,2,2,1,1,1,1.499,5,NA
"5394",37,316,2,0,1,1,0,1.35,4,NA
"5395",37,412,2,2,1,0,1,0.809,2,NA
"5396",37,408,2,1,1,1,1,0.615,5,NA
"5397",37,328,2,2,1,1,0,0.298,6,NA
"5398",37,305,2,2,1,0,0,0.317,1,NA
"5399",37,325,2,0,1,1,0,0.509,6,NA
"5400",37,424,2,1,1,0,1,1.419,1,NA
"5401",38,302,1,2,1,0,0,0.518,3,NA
"5402",38,210,1,1,1,1,1,0.942,6,NA
"5403",38,315,1,1,1,0,0,1.43,1,NA
"5404",38,326,1,1,1,1,0,0.353,2,NA
"5405",38,209,1,0,1,1,1,0.672,5,NA
"5406",38,305,1,0,1,0,0,0.885,4,NA
"5407",38,211,1,2,1,0,1,0.826,4,NA
"5408",38,230,1,0,1,1,1,1.113,3,NA
"5409",38,308,1,1,1,0,0,0.98,5,NA
"5410",38,213,1,2,1,1,1,0.54,5,NA
"5411",38,216,1,0,1,1,1,0.482,5,NA
"5412",38,322,1,2,1,0,0,1.112,3,NA
"5413",38,328,1,2,1,1,0,0.404,4,NA
"5414",38,307,1,1,1,0,0,0.596,3,NA
"5415",38,330,1,0,1,1,0,2.203,3,NA
"5416",38,223,1,2,1,1,1,0.47,5,NA
"5417",38,203,1,1,1,1,1,0.486,5,NA
"5418",38,201,1,1,1,0,1,0.603,3,NA
"5419",38,205,1,2,1,1,1,0.422,5,NA
"5420",38,319,1,0,1,0,0,1.41,3,NA
"5421",38,229,1,0,1,1,1,0.414,5,NA
"5422",38,214,1,1,1,0,1,1.854,4,NA
"5423",38,217,1,2,1,1,1,0.516,3,NA
"5424",38,313,1,0,1,1,0,0.572,4,NA
"5425",38,312,1,0,1,1,0,0.518,5,NA
"5426",38,304,1,2,1,1,0,3.169,3,NA
"5427",38,306,1,2,1,0,0,0.557,4,NA
"5428",38,212,1,0,1,1,1,0.473,6,NA
"5429",38,224,1,1,1,1,1,0.855,5,NA
"5430",38,309,1,1,1,0,0,0.395,3,NA
"5431",38,327,1,2,1,1,0,0.282,3,NA
"5432",38,218,1,1,1,1,1,0.416,4,NA
"5433",38,221,1,0,1,1,1,0.435,3,NA
"5434",38,303,1,0,1,1,0,0.308,5,NA
"5435",38,226,1,0,1,0,1,0.328,4,NA
"5436",38,323,1,1,1,1,0,0.335,5,NA
"5437",38,325,1,2,1,0,0,1.163,3,NA
"5438",38,225,1,2,1,1,1,0.638,4,NA
"5439",38,318,1,1,1,0,0,1.128,2,NA
"5440",38,321,1,1,1,1,0,1.406,3,NA
"5441",38,220,1,0,1,1,1,0.378,5,NA
"5442",38,320,1,0,1,1,0,0.38,3,NA
"5443",38,206,1,1,1,1,1,0.441,4,NA
"5444",38,207,1,2,1,1,1,0.433,4,NA
"5445",38,227,1,1,1,0,1,0.348,3,NA
"5446",38,324,1,0,1,0,0,0.542,3,NA
"5447",38,316,1,1,1,0,0,0.413,5,NA
"5448",38,215,1,1,1,1,1,1.469,1,NA
"5449",38,301,1,2,1,1,0,1.419,3,NA
"5450",38,202,1,2,1,1,1,1.165,3,NA
"5451",38,204,1,2,1,1,1,0.376,5,NA
"5452",38,219,1,0,1,1,1,2.076,4,NA
"5453",38,228,1,1,1,1,1,3.453,3,NA
"5454",38,311,1,1,1,0,0,1.086,4,NA
"5455",38,310,1,0,1,1,0,0.959,4,NA
"5456",38,329,1,0,1,1,0,4.242,3,NA
"5457",38,208,1,2,1,1,1,0.749,5,NA
"5458",38,314,1,2,1,1,0,3.413,6,NA
"5459",38,222,1,0,1,0,1,0.988,4,NA
"5460",38,317,1,2,1,1,0,0.638,4,NA
"5461",38,122,2,1,1,0,0,0.424,5,NA
"5462",38,414,2,1,1,1,1,0.76,3,NA
"5463",38,124,2,1,1,1,0,0.513,3,NA
"5464",38,411,2,1,1,1,1,0.558,4,NA
"5465",38,407,2,2,1,1,1,0.5,6,NA
"5466",38,404,2,0,1,1,1,0.462,3,NA
"5467",38,419,2,1,1,1,1,0.399,4,NA
"5468",38,108,2,0,1,0,0,0.531,2,NA
"5469",38,422,2,0,1,1,1,0.549,5,NA
"5470",38,413,2,0,1,1,1,4.78,5,NA
"5471",38,429,2,2,1,0,1,0.861,6,NA
"5472",38,125,2,1,1,1,0,0.883,4,NA
"5473",38,119,2,2,1,0,0,1.093,4,NA
"5474",38,103,2,0,1,0,0,3.312,2,NA
"5475",38,126,2,0,1,1,0,0.402,3,NA
"5476",38,107,2,0,1,0,0,0.694,4,NA
"5477",38,123,2,2,1,1,0,0.434,5,NA
"5478",38,118,2,2,1,0,0,0.641,1,NA
"5479",38,408,2,1,1,1,1,0.538,5,NA
"5480",38,426,2,0,1,0,1,2.779,3,NA
"5481",38,430,2,0,1,1,1,1.164,5,NA
"5482",38,105,2,0,1,0,0,0.699,2,NA
"5483",38,405,2,2,1,1,1,0.472,5,NA
"5484",38,416,2,2,1,0,1,1.257,3,NA
"5485",38,115,2,2,1,1,0,1.47,5,NA
"5486",38,120,2,1,1,1,0,0.373,5,NA
"5487",38,401,2,2,1,1,1,0.452,3,NA
"5488",38,128,2,1,1,1,0,0.421,6,NA
"5489",38,421,2,1,1,1,1,0.443,5,NA
"5490",38,113,2,2,1,1,0,0.528,5,NA
"5491",38,406,2,1,1,1,1,0.322,5,NA
"5492",38,409,2,0,1,0,1,2.254,3,NA
"5493",38,114,2,2,1,1,0,0.334,1,NA
"5494",38,417,2,2,1,1,1,0.418,4,NA
"5495",38,412,2,1,1,0,1,2.198,1,NA
"5496",38,420,2,2,1,1,1,0.46,6,NA
"5497",38,403,2,0,1,1,1,0.754,3,NA
"5498",38,427,2,0,1,1,1,0.406,2,NA
"5499",38,418,2,2,1,1,1,0.502,4,NA
"5500",38,428,2,0,1,1,1,0.576,3,NA
"5501",38,121,2,0,1,0,0,0.375,2,NA
"5502",38,104,2,1,1,1,0,0.599,3,NA
"5503",38,415,2,2,1,1,1,0.587,4,NA
"5504",38,425,2,2,1,0,1,1.27,3,NA
"5505",38,424,2,1,1,1,1,0.668,4,NA
"5506",38,117,2,2,1,0,0,2.627,2,NA
"5507",38,110,2,2,1,1,0,0.55,6,NA
"5508",38,109,2,0,1,1,0,2.28,4,NA
"5509",38,402,2,1,1,1,1,0.42,5,NA
"5510",38,410,2,0,1,1,1,1.945,4,NA
"5511",38,106,2,1,1,1,0,2.144,4,NA
"5512",38,102,2,0,1,1,0,0.812,3,NA
"5513",38,423,2,1,1,1,1,0.818,4,NA
"5514",38,127,2,2,1,1,0,0.585,6,NA
"5515",38,111,2,1,1,1,0,0.536,5,NA
"5516",38,130,2,0,1,1,0,0.606,4,NA
"5517",38,101,2,1,1,0,0,0.409,4,NA
"5518",38,112,2,2,1,1,0,0.401,6,NA
"5519",38,129,2,0,1,1,0,0.335,5,NA
"5520",38,116,2,1,1,1,0,1.06,2,NA
"5521",4,210,1,2,1,1,1,3.761,2,NA
"5522",4,220,1,2,1,1,1,1.441,2,NA
"5523",4,230,1,0,1,1,1,1.678,2,NA
"5524",4,405,1,0,1,1,0,1.415,4,NA
"5525",4,224,1,1,1,1,1,0.621,5,NA
"5526",4,207,1,0,1,1,1,0.486,5,NA
"5527",4,418,1,2,1,0,0,5.806,3,NA
"5528",4,428,1,1,1,0,0,0.398,1,NA
"5529",4,204,1,2,1,1,1,0.42,3,NA
"5530",4,413,1,2,1,0,0,0.802,6,NA
"5531",4,416,1,0,1,1,0,0.833,3,NA
"5532",4,415,1,0,1,1,0,0.495,4,NA
"5533",4,225,1,2,1,1,1,0.423,5,NA
"5534",4,401,1,1,1,1,0,0.869,2,NA
"5535",4,414,1,2,1,0,0,0.305,2,NA
"5536",4,209,1,0,1,1,1,0.629,5,NA
"5537",4,403,1,0,1,0,0,0.363,4,NA
"5538",4,217,1,0,1,1,1,1.364,2,NA
"5539",4,406,1,1,1,0,0,1.416,3,NA
"5540",4,205,1,1,1,0,1,0.594,5,NA
"5541",4,411,1,2,1,0,0,0.393,1,NA
"5542",4,404,1,0,1,1,0,2.562,2,NA
"5543",4,208,1,2,1,1,1,2.396,3,NA
"5544",4,423,1,2,1,0,0,0.288,2,NA
"5545",4,216,1,1,1,1,1,3.776,4,NA
"5546",4,402,1,1,1,0,0,1.767,2,NA
"5547",4,425,1,1,1,1,0,0.53,2,NA
"5548",4,215,1,0,1,1,1,0.302,4,NA
"5549",4,213,1,1,1,1,1,0.429,5,NA
"5550",4,228,1,1,1,1,1,0.779,5,NA
"5551",4,219,1,1,1,1,1,0.516,5,NA
"5552",4,429,1,2,1,0,0,1.168,6,NA
"5553",4,214,1,0,1,1,1,2.413,3,NA
"5554",4,212,1,0,1,1,1,0.408,5,NA
"5555",4,227,1,1,1,1,1,3.911,2,NA
"5556",4,203,1,1,1,1,1,0.868,4,NA
"5557",4,420,1,2,1,0,0,1.405,1,NA
"5558",4,422,1,0,1,0,0,0.306,2,NA
"5559",4,202,1,2,1,1,1,2.279,4,NA
"5560",4,427,1,1,1,0,0,0.523,2,NA
"5561",4,421,1,0,1,0,0,2.184,3,NA
"5562",4,426,1,2,1,0,0,2.444,6,NA
"5563",4,408,1,1,1,1,0,1.72,4,NA
"5564",4,201,1,2,1,1,1,1.043,3,NA
"5565",4,221,1,1,1,1,1,1.501,3,NA
"5566",4,222,1,2,1,0,1,0.906,4,NA
"5567",4,412,1,1,1,0,0,0.898,5,NA
"5568",4,409,1,0,1,0,0,0.895,3,NA
"5569",4,430,1,2,1,0,0,0.117,3,NA
"5570",4,218,1,2,1,0,1,3.122,3,NA
"5571",4,417,1,1,1,0,0,0.639,3,NA
"5572",4,407,1,0,1,0,0,1.726,4,NA
"5573",4,424,1,0,1,0,0,0.352,4,NA
"5574",4,229,1,0,1,1,1,1.746,2,NA
"5575",4,211,1,1,1,0,1,0.535,4,NA
"5576",4,223,1,2,1,0,1,1.361,4,NA
"5577",4,419,1,1,1,0,0,0.187,4,NA
"5578",4,206,1,0,1,1,1,1.18,2,NA
"5579",4,226,1,0,1,1,1,1.215,3,NA
"5580",4,410,1,2,1,0,0,1.948,4,NA
"5581",4,306,2,0,1,0,0,0.484,2,NA
"5582",4,118,2,1,1,0,1,0.457,2,NA
"5583",4,127,2,0,1,1,1,2.593,2,NA
"5584",4,111,2,1,1,1,1,0.453,2,NA
"5585",4,303,2,2,1,1,0,0.302,2,NA
"5586",4,116,2,1,1,1,1,0.424,2,NA
"5587",4,126,2,1,1,1,1,2.342,2,NA
"5588",4,313,2,1,1,1,0,0.897,3,NA
"5589",4,113,2,2,1,1,1,0.668,2,NA
"5590",4,301,2,0,1,0,0,0.338,2,NA
"5591",4,123,2,2,1,0,1,2.48,3,NA
"5592",4,102,2,0,1,1,1,0.39,4,NA
"5593",4,312,2,1,1,0,0,0.714,2,NA
"5594",4,114,2,0,1,1,1,0.901,3,NA
"5595",4,302,2,1,1,1,0,0.411,2,NA
"5596",4,105,2,0,1,0,1,0.825,2,NA
"5597",4,110,2,2,1,0,1,1.001,4,NA
"5598",4,315,2,2,1,0,0,0.82,2,NA
"5599",4,321,2,2,1,1,0,2.773,3,NA
"5600",4,129,2,1,1,0,1,0.417,6,NA
"5601",4,327,2,1,1,1,0,1.408,4,NA
"5602",4,119,2,2,1,1,1,0.559,4,NA
"5603",4,125,2,0,1,1,1,1.754,4,NA
"5604",4,112,2,2,1,0,1,3.323,2,NA
"5605",4,324,2,2,1,0,0,0.569,2,NA
"5606",4,318,2,2,1,1,0,0.614,4,NA
"5607",4,316,2,0,1,0,0,0.989,2,NA
"5608",4,328,2,0,1,0,0,0.556,5,NA
"5609",4,326,2,1,1,0,0,0.482,3,NA
"5610",4,323,2,0,1,0,0,0.836,2,NA
"5611",4,124,2,0,1,0,1,2.172,2,NA
"5612",4,310,2,2,1,1,0,1.028,3,NA
"5613",4,128,2,2,1,1,1,0.756,3,NA
"5614",4,106,2,1,1,1,1,0.429,2,NA
"5615",4,309,2,2,1,0,0,0.335,4,NA
"5616",4,104,2,1,1,0,1,0.406,2,NA
"5617",4,121,2,0,1,1,1,0.277,3,NA
"5618",4,115,2,2,1,1,1,0.479,2,NA
"5619",4,319,2,1,1,1,0,0.41,5,NA
"5620",4,107,2,2,1,1,1,0.333,2,NA
"5621",4,108,2,1,1,1,1,0.377,6,NA
"5622",4,311,2,2,1,1,0,0.398,5,NA
"5623",4,322,2,2,1,0,0,0.334,3,NA
"5624",4,329,2,0,1,0,0,0.646,2,NA
"5625",4,122,2,0,1,0,1,0.511,2,NA
"5626",4,320,2,0,1,1,0,1.192,2,NA
"5627",4,101,2,0,1,1,1,0.435,5,NA
"5628",4,103,2,0,1,0,1,0.927,2,NA
"5629",4,120,2,2,1,0,1,0.542,2,NA
"5630",4,109,2,1,1,1,1,0.372,4,NA
"5631",4,304,2,1,1,1,0,0.299,4,NA
"5632",4,117,2,1,1,1,1,1.141,2,NA
"5633",4,130,2,2,1,0,1,0.325,2,NA
"5634",4,317,2,1,1,0,0,0.949,2,NA
"5635",4,314,2,0,1,0,0,0.067,2,NA
"5636",4,330,2,0,1,1,0,0.282,2,NA
"5637",4,325,2,1,1,0,0,0.85,2,NA
"5638",4,305,2,1,1,0,0,1.631,4,NA
"5639",4,308,2,2,1,0,0,0.943,4,NA
"5640",4,307,2,0,1,0,0,1.383,3,NA
"5641",40,410,1,2,1,1,1,0.131,3,NA
"5642",40,416,1,0,1,1,1,1.599,1,NA
"5643",40,308,1,1,1,0,0,2.429,1,NA
"5644",40,427,1,2,1,0,1,3.37,6,NA
"5645",40,429,1,2,1,0,1,1.809,6,NA
"5646",40,313,1,0,1,0,0,2.636,3,NA
"5647",40,321,1,2,1,0,0,0.398,6,NA
"5648",40,421,1,2,1,1,1,4.147,4,NA
"5649",40,306,1,1,1,0,0,2.141,1,NA
"5650",40,323,1,2,1,1,0,0.569,5,NA
"5651",40,425,1,0,1,0,1,0.549,1,NA
"5652",40,402,1,2,1,1,1,0.428,6,NA
"5653",40,307,1,2,1,1,0,1.594,1,NA
"5654",40,423,1,0,1,1,1,2.446,4,NA
"5655",40,404,1,1,1,1,1,0.951,6,NA
"5656",40,407,1,1,1,1,1,0.302,6,NA
"5657",40,314,1,1,1,0,0,3.974,3,NA
"5658",40,406,1,0,1,1,1,0.376,6,NA
"5659",40,408,1,1,1,1,1,1.401,5,NA
"5660",40,309,1,0,1,1,0,1.549,4,NA
"5661",40,310,1,1,1,1,0,4.157,6,NA
"5662",40,417,1,1,1,0,1,4.171,1,NA
"5663",40,325,1,0,1,0,0,0.517,1,NA
"5664",40,320,1,1,1,1,0,0.398,3,NA
"5665",40,426,1,0,1,1,1,0.713,5,NA
"5666",40,328,1,2,1,1,0,0.249,1,NA
"5667",40,319,1,0,1,0,0,0.295,1,NA
"5668",40,420,1,1,1,1,1,0.239,6,NA
"5669",40,315,1,0,1,1,0,0.608,6,NA
"5670",40,316,1,2,1,1,0,0.262,3,NA
"5671",40,301,1,0,1,0,0,0.55,1,NA
"5672",40,329,1,1,1,1,0,0.282,1,NA
"5673",40,401,1,1,1,1,1,0.645,6,NA
"5674",40,305,1,1,1,0,0,0.911,2,NA
"5675",40,304,1,0,1,0,0,0.645,5,NA
"5676",40,424,1,0,1,1,1,0.245,6,NA
"5677",40,322,1,1,1,1,0,0.31,2,NA
"5678",40,409,1,0,1,1,1,0.731,6,NA
"5679",40,403,1,2,1,0,1,3.352,6,NA
"5680",40,430,1,2,1,1,1,0.506,3,NA
"5681",40,302,1,1,1,0,0,0.451,2,NA
"5682",40,412,1,0,1,1,1,0.223,6,NA
"5683",40,324,1,0,1,0,0,2.126,1,NA
"5684",40,317,1,2,1,0,0,0.513,2,NA
"5685",40,428,1,2,1,1,1,1.563,3,NA
"5686",40,411,1,1,1,1,1,1.821,6,NA
"5687",40,303,1,0,1,0,0,0.991,2,NA
"5688",40,418,1,1,1,0,1,1.086,6,NA
"5689",40,327,1,2,1,1,0,0.713,3,NA
"5690",40,422,1,2,1,1,1,0.247,6,NA
"5691",40,415,1,1,1,1,1,0.668,6,NA
"5692",40,413,1,0,1,1,1,0.224,6,NA
"5693",40,311,1,2,1,1,0,1.333,2,NA
"5694",40,326,1,2,1,0,0,1.111,1,NA
"5695",40,419,1,2,1,1,1,2.121,2,NA
"5696",40,405,1,1,1,0,1,1.665,6,NA
"5697",40,318,1,2,1,1,0,0.349,3,NA
"5698",40,414,1,0,1,1,1,0.817,5,NA
"5699",40,312,1,1,1,1,0,0.559,3,NA
"5700",40,330,1,0,1,0,0,1.17,2,NA
"5701",40,103,2,2,1,0,0,0.64,5,NA
"5702",40,217,2,1,1,1,1,1.058,3,NA
"5703",40,130,2,2,1,0,0,0.963,6,NA
"5704",40,115,2,1,1,1,0,0.67,2,NA
"5705",40,211,2,0,1,0,1,1.089,4,NA
"5706",40,121,2,2,1,0,0,1.685,3,NA
"5707",40,204,2,1,1,1,1,0.32,4,NA
"5708",40,201,2,0,1,0,1,1.817,5,NA
"5709",40,105,2,1,1,1,0,4.945,2,NA
"5710",40,222,2,2,1,1,1,0.279,4,NA
"5711",40,102,2,0,1,0,0,0.938,4,NA
"5712",40,209,2,1,1,0,1,0.455,1,NA
"5713",40,225,2,2,1,1,1,0.394,3,NA
"5714",40,224,2,2,1,1,1,2.416,5,NA
"5715",40,206,2,0,1,0,1,0.385,4,NA
"5716",40,220,2,1,1,1,1,0.383,1,NA
"5717",40,110,2,0,1,0,0,0.961,5,NA
"5718",40,205,2,2,1,0,1,0.807,6,NA
"5719",40,216,2,0,1,1,1,0.313,2,NA
"5720",40,123,2,1,1,1,0,0.273,5,NA
"5721",40,221,2,1,1,1,1,1.988,6,NA
"5722",40,125,2,0,1,0,0,0.713,6,NA
"5723",40,120,2,0,1,1,0,0.444,1,NA
"5724",40,212,2,0,1,1,1,0.364,5,NA
"5725",40,104,2,1,1,0,0,0.803,1,NA
"5726",40,118,2,2,1,0,0,0.862,5,NA
"5727",40,218,2,2,1,1,1,0.294,4,NA
"5728",40,113,2,2,1,1,0,0.914,6,NA
"5729",40,106,2,0,1,1,0,0.688,3,NA
"5730",40,128,2,1,1,1,0,2.009,1,NA
"5731",40,203,2,0,1,1,1,0.703,4,NA
"5732",40,127,2,1,1,0,0,2.113,1,NA
"5733",40,229,2,2,1,0,1,0.755,6,NA
"5734",40,124,2,2,1,1,0,1.293,3,NA
"5735",40,107,2,2,1,0,0,2.035,1,NA
"5736",40,223,2,2,1,1,1,0.749,4,NA
"5737",40,226,2,1,1,1,1,1.119,4,NA
"5738",40,228,2,0,1,0,1,3.003,1,NA
"5739",40,208,2,1,1,1,1,1.035,1,NA
"5740",40,122,2,2,1,1,0,2.113,4,NA
"5741",40,207,2,1,1,1,1,3.138,2,NA
"5742",40,114,2,2,1,1,0,0.326,5,NA
"5743",40,210,2,2,1,1,1,1.038,3,NA
"5744",40,117,2,1,1,0,0,1.041,5,NA
"5745",40,111,2,0,1,0,0,0.961,1,NA
"5746",40,227,2,2,1,1,1,1.167,2,NA
"5747",40,108,2,0,1,1,0,1.577,4,NA
"5748",40,219,2,1,1,1,1,1.209,6,NA
"5749",40,112,2,1,1,0,0,1.853,1,NA
"5750",40,202,2,0,1,1,1,1.198,6,NA
"5751",40,213,2,2,1,0,1,1.824,1,NA
"5752",40,230,2,0,1,1,1,0.262,3,NA
"5753",40,129,2,0,1,0,0,2.351,4,NA
"5754",40,215,2,0,1,1,1,1.295,5,NA
"5755",40,101,2,2,1,0,0,1.404,3,NA
"5756",40,119,2,0,1,1,0,0.241,4,NA
"5757",40,116,2,1,1,1,0,0.977,3,NA
"5758",40,109,2,1,1,1,0,0.423,5,NA
"5759",40,214,2,1,1,1,1,0.26,6,NA
"5760",40,126,2,0,1,1,0,0.251,1,NA
"5761",41,218,1,0,1,0,0,0.072,1,NA
"5762",41,215,1,2,1,0,0,0.889,6,NA
"5763",41,203,1,1,1,1,0,1.177,5,NA
"5764",41,125,1,2,1,0,1,0.015,3,NA
"5765",41,222,1,2,1,0,0,0.024,2,NA
"5766",41,120,1,0,1,1,1,0.353,3,NA
"5767",41,220,1,2,1,0,0,0.624,1,NA
"5768",41,129,1,0,1,1,1,0.222,4,NA
"5769",41,118,1,1,1,0,1,0.509,3,NA
"5770",41,212,1,1,1,1,0,0.27,3,NA
"5771",41,130,1,2,1,1,1,0.019,5,NA
"5772",41,106,1,2,1,1,1,0.408,1,NA
"5773",41,206,1,0,1,0,0,0.409,1,NA
"5774",41,128,1,1,1,1,1,0.423,5,NA
"5775",41,127,1,0,1,1,1,0.349,4,NA
"5776",41,111,1,0,1,0,1,0.418,6,NA
"5777",41,114,1,1,1,0,1,0.812,3,NA
"5778",41,103,1,2,1,0,1,0.574,6,NA
"5779",41,124,1,2,1,1,1,0.457,5,NA
"5780",41,107,1,1,1,0,1,0.323,4,NA
"5781",41,228,1,2,1,1,0,0.302,6,NA
"5782",41,213,1,0,1,0,0,0.354,6,NA
"5783",41,116,1,1,1,1,1,0.535,4,NA
"5784",41,226,1,0,1,1,0,1.168,5,NA
"5785",41,204,1,1,1,0,0,0.643,2,NA
"5786",41,214,1,1,1,0,0,0.32,4,NA
"5787",41,122,1,0,1,1,1,0.272,3,NA
"5788",41,230,1,2,1,0,0,0.496,2,NA
"5789",41,209,1,0,1,0,0,0.496,2,NA
"5790",41,210,1,1,1,0,0,1.313,4,NA
"5791",41,113,1,0,1,1,1,0.538,2,NA
"5792",41,126,1,2,1,1,1,0.283,5,NA
"5793",41,104,1,1,1,0,1,0.284,3,NA
"5794",41,117,1,2,1,1,1,0.294,1,NA
"5795",41,216,1,1,1,1,0,0.492,3,NA
"5796",41,201,1,2,1,1,0,0.842,4,NA
"5797",41,108,1,1,1,0,1,0.373,4,NA
"5798",41,105,1,0,1,1,1,0.265,4,NA
"5799",41,101,1,1,1,0,1,1.066,5,NA
"5800",41,224,1,2,1,0,0,0.992,1,NA
"5801",41,221,1,0,1,1,0,0.372,5,NA
"5802",41,217,1,1,1,1,0,0.555,5,NA
"5803",41,207,1,1,1,0,0,0.57,4,NA
"5804",41,223,1,2,1,0,0,0.225,1,NA
"5805",41,202,1,0,1,1,0,0.48,3,NA
"5806",41,110,1,1,1,1,1,0.347,6,NA
"5807",41,121,1,2,1,0,1,0.371,2,NA
"5808",41,112,1,0,1,0,1,0.437,5,NA
"5809",41,102,1,0,1,1,1,0.563,4,NA
"5810",41,119,1,1,1,1,1,0.926,4,NA
"5811",41,211,1,0,1,1,0,1.125,4,NA
"5812",41,109,1,0,1,1,1,0.314,6,NA
"5813",41,123,1,2,1,0,1,0.27,4,NA
"5814",41,219,1,2,1,0,0,1.406,6,NA
"5815",41,205,1,1,1,0,0,0.812,1,NA
"5816",41,227,1,2,1,0,0,0.341,3,NA
"5817",41,229,1,0,1,1,0,0.266,4,NA
"5818",41,225,1,0,1,0,0,0.639,4,NA
"5819",41,208,1,1,1,0,0,0.81,1,NA
"5820",41,115,1,2,1,0,1,0.244,3,NA
"5821",41,324,2,0,1,0,0,0.25,5,NA
"5822",41,424,2,0,1,0,1,0.587,3,NA
"5823",41,401,2,1,1,0,1,0.854,4,NA
"5824",41,426,2,1,1,1,1,0.308,2,NA
"5825",41,314,2,1,1,1,0,0.461,4,NA
"5826",41,421,2,1,1,0,1,0.346,6,NA
"5827",41,313,2,2,1,1,0,0.841,4,NA
"5828",41,320,2,0,1,1,0,0.426,4,NA
"5829",41,419,2,2,1,1,1,0.618,4,NA
"5830",41,422,2,2,1,0,1,0.595,2,NA
"5831",41,405,2,0,1,0,1,0.998,5,NA
"5832",41,303,2,2,1,1,0,0.342,5,NA
"5833",41,305,2,2,1,0,0,0.354,2,NA
"5834",41,429,2,2,1,0,1,0.444,6,NA
"5835",41,312,2,1,1,0,0,1.461,5,NA
"5836",41,316,2,1,1,0,0,1.306,3,NA
"5837",41,311,2,2,1,0,0,0.364,6,NA
"5838",41,323,2,2,1,1,0,0.829,1,NA
"5839",41,327,2,1,1,0,0,0.582,2,NA
"5840",41,317,2,0,1,0,0,0.547,3,NA
"5841",41,403,2,0,1,1,1,0.47,3,NA
"5842",41,404,2,0,1,0,1,0.406,2,NA
"5843",41,425,2,1,1,1,1,0.743,4,NA
"5844",41,330,2,0,1,1,0,0.661,3,NA
"5845",41,302,2,0,1,0,0,0.372,2,NA
"5846",41,408,2,0,1,1,1,0.32,6,NA
"5847",41,413,2,2,1,1,1,0.461,5,NA
"5848",41,423,2,1,1,0,1,0.389,6,NA
"5849",41,418,2,2,1,1,1,0.604,4,NA
"5850",41,328,2,1,1,1,0,1.202,2,NA
"5851",41,430,2,0,1,1,1,0.425,3,NA
"5852",41,319,2,2,1,1,0,0.358,6,NA
"5853",41,428,2,2,1,1,1,0.577,1,NA
"5854",41,315,2,0,1,0,0,0.489,3,NA
"5855",41,402,2,0,1,1,1,0.805,5,NA
"5856",41,409,2,2,1,0,1,0.407,4,NA
"5857",41,325,2,2,1,1,0,1.009,6,NA
"5858",41,420,2,2,1,1,1,1.155,5,NA
"5859",41,412,2,1,1,1,1,0.55,6,NA
"5860",41,406,2,1,1,0,1,0.314,2,NA
"5861",41,326,2,0,1,0,0,0.794,4,NA
"5862",41,307,2,1,1,0,0,0.884,2,NA
"5863",41,407,2,0,1,0,1,0.948,3,NA
"5864",41,304,2,0,1,0,0,0.441,4,NA
"5865",41,322,2,1,1,0,0,0.338,3,NA
"5866",41,310,2,2,1,1,0,0.801,2,NA
"5867",41,417,2,0,1,0,1,0.395,2,NA
"5868",41,306,2,2,1,0,0,0.657,4,NA
"5869",41,427,2,0,1,1,1,0.48,4,NA
"5870",41,321,2,1,1,0,0,0.881,4,NA
"5871",41,411,2,2,1,0,1,0.338,3,NA
"5872",41,308,2,1,1,1,0,0.963,5,NA
"5873",41,329,2,0,1,0,0,0.322,4,NA
"5874",41,309,2,0,1,0,0,1.079,6,NA
"5875",41,410,2,2,1,1,1,0.514,2,NA
"5876",41,318,2,2,1,1,0,0.65,3,NA
"5877",41,301,2,1,1,1,0,0.617,5,NA
"5878",41,415,2,1,1,1,1,0.328,5,NA
"5879",41,416,2,1,1,0,1,0.298,4,NA
"5880",41,414,2,1,1,1,1,0.4,3,NA
"5881",42,111,1,0,1,1,1,0.61,1,NA
"5882",42,322,1,1,1,1,0,1.174,4,NA
"5883",42,114,1,0,1,0,1,0.769,6,NA
"5884",42,319,1,1,1,1,0,1.365,4,NA
"5885",42,110,1,0,1,0,1,0.444,5,NA
"5886",42,105,1,2,1,1,1,0.527,3,NA
"5887",42,301,1,2,1,1,0,0.324,5,NA
"5888",42,313,1,0,1,0,0,1.62,2,NA
"5889",42,101,1,2,1,1,1,0.272,6,NA
"5890",42,323,1,2,1,1,0,0.008,5,NA
"5891",42,312,1,0,1,1,0,0.34,4,NA
"5892",42,118,1,2,1,1,1,0.656,3,NA
"5893",42,317,1,2,1,0,0,0.512,2,NA
"5894",42,119,1,1,1,0,1,0.496,2,NA
"5895",42,309,1,0,1,0,0,0.308,5,NA
"5896",42,316,1,0,1,0,0,0.863,2,NA
"5897",42,122,1,1,1,0,1,1.439,5,NA
"5898",42,117,1,1,1,0,1,0.41,6,NA
"5899",42,106,1,0,1,0,1,1.628,4,NA
"5900",42,328,1,2,1,1,0,0.287,5,NA
"5901",42,311,1,1,1,1,0,0.627,4,NA
"5902",42,325,1,2,1,1,0,0.643,5,NA
"5903",42,306,1,1,1,1,0,0.726,3,NA
"5904",42,304,1,0,1,0,0,0.374,3,NA
"5905",42,116,1,1,1,0,1,0.385,6,NA
"5906",42,109,1,0,1,1,1,0.444,3,NA
"5907",42,324,1,1,1,0,0,0.748,2,NA
"5908",42,103,1,2,1,1,1,0.542,6,NA
"5909",42,130,1,2,1,0,1,0.513,6,NA
"5910",42,104,1,1,1,0,1,0.392,4,NA
"5911",42,321,1,1,1,1,0,0.296,6,NA
"5912",42,112,1,1,1,1,1,0.299,6,NA
"5913",42,307,1,2,1,0,0,3.016,3,NA
"5914",42,113,1,1,1,0,1,0.448,3,NA
"5915",42,318,1,2,1,0,0,1.267,2,NA
"5916",42,129,1,1,1,0,1,0.529,6,NA
"5917",42,327,1,0,1,1,0,0.59,3,NA
"5918",42,125,1,2,1,1,1,0.357,5,NA
"5919",42,126,1,0,1,1,1,0.341,2,NA
"5920",42,121,1,1,1,0,1,1.908,2,NA
"5921",42,127,1,2,1,1,1,0.365,6,NA
"5922",42,123,1,0,1,1,1,0.367,5,NA
"5923",42,315,1,2,1,0,0,0.779,2,NA
"5924",42,115,1,0,1,0,1,0.43,5,NA
"5925",42,128,1,2,1,1,1,0.286,6,NA
"5926",42,314,1,0,1,1,0,0.471,5,NA
"5927",42,108,1,2,1,1,1,0.478,6,NA
"5928",42,308,1,2,1,1,0,0.292,5,NA
"5929",42,102,1,0,1,1,1,0.586,2,NA
"5930",42,120,1,1,1,0,1,0.358,2,NA
"5931",42,302,1,1,1,0,0,0.376,2,NA
"5932",42,305,1,2,1,1,0,0.348,6,NA
"5933",42,326,1,0,1,1,0,0.53,6,NA
"5934",42,303,1,1,1,0,0,0.336,2,NA
"5935",42,107,1,2,1,0,1,0.297,5,NA
"5936",42,329,1,0,1,1,0,0.31,5,NA
"5937",42,310,1,0,1,0,0,0.346,2,NA
"5938",42,330,1,1,1,0,0,0.318,5,NA
"5939",42,124,1,0,1,0,1,0.699,6,NA
"5940",42,320,1,1,1,1,0,0.313,5,NA
"5941",42,401,2,0,1,0,1,0.643,2,NA
"5942",42,208,2,2,1,0,0,0.524,2,NA
"5943",42,230,2,0,1,0,0,0.311,4,NA
"5944",42,423,2,1,1,1,1,0.56,2,NA
"5945",42,224,2,1,1,1,0,0.436,5,NA
"5946",42,419,2,2,1,1,1,0.3,6,NA
"5947",42,216,2,1,1,1,0,0.515,5,NA
"5948",42,418,2,2,1,1,1,0.511,5,NA
"5949",42,421,2,0,1,0,1,0.639,6,NA
"5950",42,427,2,0,1,1,1,0.298,5,NA
"5951",42,215,2,1,1,0,0,0.894,5,NA
"5952",42,425,2,1,1,0,1,0.289,3,NA
"5953",42,204,2,2,1,0,0,0.472,3,NA
"5954",42,202,2,0,1,0,0,0.343,5,NA
"5955",42,403,2,0,1,0,1,0.494,6,NA
"5956",42,217,2,2,1,0,0,0.502,3,NA
"5957",42,206,2,0,1,0,0,0.629,5,NA
"5958",42,415,2,1,1,1,1,0.385,5,NA
"5959",42,404,2,0,1,1,1,3.433,4,NA
"5960",42,413,2,1,1,0,1,0.344,2,NA
"5961",42,220,2,2,1,0,0,0.583,4,NA
"5962",42,410,2,2,1,0,1,0.289,2,NA
"5963",42,223,2,0,1,0,0,0.429,4,NA
"5964",42,405,2,2,1,1,1,0.78,3,NA
"5965",42,422,2,1,1,1,1,0.257,4,NA
"5966",42,426,2,2,1,0,1,0.388,3,NA
"5967",42,218,2,1,1,0,0,0.46,2,NA
"5968",42,212,2,1,1,1,0,0.365,4,NA
"5969",42,219,2,2,1,1,0,0.763,3,NA
"5970",42,209,2,0,1,1,0,0.31,3,NA
"5971",42,411,2,1,1,1,1,0.291,3,NA
"5972",42,211,2,1,1,1,0,0.475,4,NA
"5973",42,424,2,2,1,1,1,0.301,5,NA
"5974",42,417,2,0,1,0,1,0.504,5,NA
"5975",42,229,2,2,1,0,0,2.563,3,NA
"5976",42,414,2,2,1,1,1,0.893,2,NA
"5977",42,409,2,0,1,1,1,0.297,3,NA
"5978",42,201,2,2,1,1,0,0.314,5,NA
"5979",42,205,2,0,1,1,0,0.83,5,NA
"5980",42,225,2,1,1,1,0,0.27,5,NA
"5981",42,407,2,2,1,1,1,0.512,4,NA
"5982",42,428,2,2,1,1,1,0.374,3,NA
"5983",42,221,2,0,1,1,0,0.672,4,NA
"5984",42,222,2,2,1,0,0,0.362,4,NA
"5985",42,210,2,0,1,0,0,0.373,4,NA
"5986",42,412,2,1,1,1,1,0.426,4,NA
"5987",42,226,2,0,1,1,0,0.438,3,NA
"5988",42,430,2,1,1,1,1,0.368,6,NA
"5989",42,416,2,2,1,1,1,0.308,5,NA
"5990",42,406,2,1,1,1,1,0.618,3,NA
"5991",42,214,2,1,1,0,0,0.23,3,NA
"5992",42,213,2,2,1,1,0,0.266,4,NA
"5993",42,203,2,2,1,1,0,0.611,2,NA
"5994",42,227,2,1,1,0,0,0.557,4,NA
"5995",42,207,2,0,1,0,0,3.004,2,NA
"5996",42,402,2,0,1,1,1,0.252,2,NA
"5997",42,408,2,1,1,0,1,2.138,3,NA
"5998",42,429,2,0,1,0,1,3.876,3,NA
"5999",42,228,2,1,1,1,0,1.382,2,NA
"6000",42,420,2,0,1,1,1,0.476,3,NA
"6001",44,326,1,1,1,0,0,5.436,1,NA
"6002",44,309,1,1,1,0,0,3.953,1,NA
"6003",44,422,1,1,1,1,1,3.964,6,NA
"6004",44,328,1,0,1,0,0,1.642,3,NA
"6005",44,423,1,1,1,1,1,0.875,6,NA
"6006",44,301,1,1,1,0,0,1.168,1,NA
"6007",44,428,1,0,1,1,1,0.643,6,NA
"6008",44,313,1,2,1,1,0,0.473,4,NA
"6009",44,329,1,0,1,1,0,0.913,1,NA
"6010",44,307,1,0,1,0,0,0.668,1,NA
"6011",44,304,1,1,1,0,0,0.659,3,NA
"6012",44,403,1,0,1,1,1,0.605,6,NA
"6013",44,417,1,2,1,1,1,0.477,4,NA
"6014",44,419,1,2,1,1,1,0.414,6,NA
"6015",44,406,1,0,1,1,1,0.492,6,NA
"6016",44,416,1,2,1,1,1,0.44,6,NA
"6017",44,429,1,1,1,1,1,0.399,6,NA
"6018",44,314,1,0,1,0,0,0.869,5,NA
"6019",44,312,1,2,1,0,0,1.379,4,NA
"6020",44,321,1,2,1,1,0,1.001,3,NA
"6021",44,430,1,0,1,1,1,0.399,6,NA
"6022",44,415,1,1,1,1,1,0.119,6,NA
"6023",44,305,1,0,1,0,0,0.717,3,NA
"6024",44,327,1,2,1,1,0,0.911,2,NA
"6025",44,424,1,1,1,1,1,0.405,6,NA
"6026",44,414,1,2,1,1,1,0.712,6,NA
"6027",44,404,1,0,1,1,1,0.546,6,NA
"6028",44,408,1,2,1,1,1,0.756,6,NA
"6029",44,317,1,2,1,0,0,2.064,2,NA
"6030",44,324,1,1,1,0,0,0.815,4,NA
"6031",44,316,1,1,1,0,0,0.719,4,NA
"6032",44,412,1,2,1,1,1,0.515,6,NA
"6033",44,303,1,0,1,1,0,1.712,2,NA
"6034",44,311,1,0,1,0,0,1.327,2,NA
"6035",44,330,1,2,1,0,0,0.95,1,NA
"6036",44,308,1,2,1,1,0,1.243,4,NA
"6037",44,315,1,1,1,1,0,0.932,2,NA
"6038",44,407,1,2,1,1,1,0.116,6,NA
"6039",44,409,1,2,1,1,1,0.339,6,NA
"6040",44,426,1,0,1,1,1,0.61,6,NA
"6041",44,410,1,0,1,1,1,0.498,6,NA
"6042",44,401,1,1,1,1,1,0.472,6,NA
"6043",44,425,1,0,1,1,1,0.417,6,NA
"6044",44,418,1,1,1,1,1,0.484,6,NA
"6045",44,421,1,1,1,1,1,0.368,6,NA
"6046",44,322,1,2,1,0,0,0.443,1,NA
"6047",44,310,1,0,1,1,0,0.822,3,NA
"6048",44,405,1,0,1,1,1,0.38,6,NA
"6049",44,411,1,0,1,1,1,0.392,6,NA
"6050",44,420,1,1,1,1,1,0.474,6,NA
"6051",44,319,1,1,1,1,0,0.631,2,NA
"6052",44,402,1,2,1,1,1,0.228,6,NA
"6053",44,325,1,1,1,0,0,0.664,2,NA
"6054",44,302,1,2,1,0,0,0.492,1,NA
"6055",44,318,1,1,1,1,0,1.302,3,NA
"6056",44,427,1,1,1,1,1,0.426,6,NA
"6057",44,413,1,2,1,1,1,0.367,6,NA
"6058",44,320,1,0,1,0,0,1.522,3,NA
"6059",44,323,1,0,1,1,0,0.814,4,NA
"6060",44,306,1,2,1,0,0,0.989,3,NA
"6061",44,114,2,1,1,1,1,1.001,2,NA
"6062",44,127,2,1,1,1,1,0.378,3,NA
"6063",44,128,2,2,1,1,1,0.429,3,NA
"6064",44,209,2,2,1,0,0,0.45,1,NA
"6065",44,204,2,0,1,1,0,0.395,5,NA
"6066",44,220,2,1,1,1,0,0.612,3,NA
"6067",44,103,2,2,1,0,1,0.615,2,NA
"6068",44,215,2,2,1,0,0,0.429,4,NA
"6069",44,117,2,2,1,0,1,0.327,6,NA
"6070",44,108,2,1,1,1,1,0.317,6,NA
"6071",44,228,2,1,1,0,0,0.692,4,NA
"6072",44,102,2,1,1,1,1,0.388,6,NA
"6073",44,112,2,2,1,1,1,0.341,6,NA
"6074",44,105,2,2,1,1,1,0.397,4,NA
"6075",44,106,2,0,1,1,1,0.462,5,NA
"6076",44,214,2,1,1,0,0,1.014,2,NA
"6077",44,219,2,2,1,0,0,0.592,5,NA
"6078",44,217,2,0,1,1,0,0.537,2,NA
"6079",44,221,2,0,1,1,0,0.707,2,NA
"6080",44,111,2,1,1,1,1,1.242,2,NA
"6081",44,115,2,0,1,1,1,0.363,6,NA
"6082",44,126,2,0,1,1,1,0.452,4,NA
"6083",44,202,2,0,1,1,0,0.442,6,NA
"6084",44,125,2,0,1,0,1,0.434,6,NA
"6085",44,224,2,1,1,0,0,0.877,2,NA
"6086",44,110,2,0,1,1,1,0.899,6,NA
"6087",44,207,2,2,1,0,0,0.779,4,NA
"6088",44,222,2,2,1,1,0,0.398,5,NA
"6089",44,205,2,0,1,1,0,1.036,4,NA
"6090",44,206,2,1,1,0,0,0.529,1,NA
"6091",44,130,2,2,1,1,1,0.327,6,NA
"6092",44,124,2,1,1,1,1,0.316,6,NA
"6093",44,203,2,2,1,1,0,0.284,4,NA
"6094",44,109,2,0,1,1,1,0.51,6,NA
"6095",44,201,2,2,1,0,0,0.794,3,NA
"6096",44,230,2,1,1,0,0,0.442,1,NA
"6097",44,122,2,1,1,1,1,0.373,6,NA
"6098",44,116,2,0,1,1,1,0.392,2,NA
"6099",44,119,2,2,1,1,1,0.626,5,NA
"6100",44,212,2,1,1,0,0,0.77,4,NA
"6101",44,101,2,2,1,1,1,0.52,5,NA
"6102",44,226,2,1,1,1,0,0.945,4,NA
"6103",44,225,2,0,1,0,0,0.474,1,NA
"6104",44,229,2,2,1,1,0,0.249,5,NA
"6105",44,218,2,2,1,0,0,0.619,1,NA
"6106",44,213,2,2,1,1,0,1.03,2,NA
"6107",44,129,2,0,1,1,1,0.405,4,NA
"6108",44,120,2,0,1,1,1,1.696,2,NA
"6109",44,123,2,1,1,1,1,0.398,6,NA
"6110",44,216,2,1,1,1,0,0.816,4,NA
"6111",44,118,2,2,1,1,1,0.571,6,NA
"6112",44,121,2,2,1,1,1,0.396,6,NA
"6113",44,211,2,0,1,1,0,0.404,5,NA
"6114",44,210,2,0,1,0,0,0.379,2,NA
"6115",44,208,2,0,1,1,0,1.124,1,NA
"6116",44,113,2,1,1,1,1,0.496,6,NA
"6117",44,107,2,1,1,1,1,0.312,6,NA
"6118",44,227,2,1,1,1,0,0.441,1,NA
"6119",44,223,2,0,1,0,0,0.372,4,NA
"6120",44,104,2,0,1,1,1,0.372,4,NA
"6121",45,230,1,0,1,1,1,2.169,1,NA
"6122",45,214,1,2,1,0,1,1.136,4,NA
"6123",45,101,1,0,1,0,0,1.11,1,NA
"6124",45,126,1,1,1,1,0,1.046,4,NA
"6125",45,127,1,2,1,1,0,1.187,1,NA
"6126",45,216,1,1,1,1,1,1.364,1,NA
"6127",45,128,1,2,1,0,0,2.927,1,NA
"6128",45,105,1,0,1,1,0,1.045,1,NA
"6129",45,118,1,1,1,0,0,1.124,1,NA
"6130",45,121,1,0,1,1,0,1.08,1,NA
"6131",45,201,1,2,1,1,1,4.366,1,NA
"6132",45,114,1,1,1,1,0,1.016,1,NA
"6133",45,219,1,1,1,1,1,2.632,1,NA
"6134",45,104,1,0,1,1,0,0.325,1,NA
"6135",45,221,1,2,1,1,1,0.556,1,NA
"6136",45,202,1,2,1,1,1,0.433,1,NA
"6137",45,212,1,0,1,1,1,0.762,3,NA
"6138",45,222,1,0,1,1,1,0.942,1,NA
"6139",45,103,1,1,1,0,0,1.153,4,NA
"6140",45,120,1,2,1,1,0,0.608,1,NA
"6141",45,209,1,1,1,1,1,0.877,1,NA
"6142",45,129,1,0,1,0,0,2.445,1,NA
"6143",45,220,1,2,1,0,1,1.159,6,NA
"6144",45,115,1,2,1,0,0,3.024,2,NA
"6145",45,224,1,1,1,1,1,3.852,1,NA
"6146",45,106,1,2,1,1,0,1.204,1,NA
"6147",45,207,1,1,1,1,1,0.748,1,NA
"6148",45,208,1,0,1,0,1,1.87,4,NA
"6149",45,217,1,0,1,1,1,1.612,1,NA
"6150",45,113,1,1,1,1,0,1.284,2,NA
"6151",45,112,1,0,1,0,0,0.527,1,NA
"6152",45,203,1,1,1,1,1,0.978,1,NA
"6153",45,122,1,2,1,1,0,0.896,1,NA
"6154",45,110,1,2,1,0,0,0.85,5,NA
"6155",45,108,1,0,1,0,0,4.241,1,NA
"6156",45,206,1,1,1,0,1,0.774,4,NA
"6157",45,227,1,0,1,1,1,1.836,1,NA
"6158",45,107,1,0,1,0,0,1.242,1,NA
"6159",45,226,1,2,1,1,1,3.706,1,NA
"6160",45,125,1,1,1,0,0,0.948,3,NA
"6161",45,116,1,1,1,1,0,0.973,1,NA
"6162",45,229,1,0,1,1,1,0.804,1,NA
"6163",45,130,1,0,1,1,0,3.266,1,NA
"6164",45,225,1,2,1,1,1,0.61,1,NA
"6165",45,228,1,0,1,1,1,0.471,2,NA
"6166",45,117,1,0,1,1,0,1.068,1,NA
"6167",45,124,1,1,1,1,0,0.446,1,NA
"6168",45,119,1,2,1,0,0,0.437,1,NA
"6169",45,111,1,1,1,0,0,1.68,1,NA
"6170",45,205,1,1,1,1,1,0.792,3,NA
"6171",45,123,1,1,1,1,0,0.956,2,NA
"6172",45,218,1,0,1,1,1,0.657,1,NA
"6173",45,223,1,2,1,0,1,0.658,1,NA
"6174",45,215,1,1,1,0,1,0.339,2,NA
"6175",45,211,1,2,1,1,1,0.877,2,NA
"6176",45,213,1,1,1,1,1,1.495,1,NA
"6177",45,210,1,2,1,0,1,3.496,3,NA
"6178",45,109,1,2,1,1,0,1.029,3,NA
"6179",45,204,1,0,1,1,1,0.969,4,NA
"6180",45,102,1,2,1,0,0,5.182,2,NA
"6181",45,322,2,0,1,0,1,0.948,1,NA
"6182",45,425,2,2,1,1,0,0.518,1,NA
"6183",45,407,2,1,1,0,0,1.125,2,NA
"6184",45,329,2,1,1,0,1,2.376,1,NA
"6185",45,409,2,1,1,0,0,0.838,4,NA
"6186",45,324,2,0,1,0,1,2.579,1,NA
"6187",45,314,2,2,1,0,1,2.857,1,NA
"6188",45,317,2,0,1,1,1,1.047,1,NA
"6189",45,416,2,1,1,1,0,0.986,1,NA
"6190",45,421,2,2,1,1,0,3.522,1,NA
"6191",45,312,2,1,1,1,1,0.564,1,NA
"6192",45,321,2,1,1,1,1,0.566,1,NA
"6193",45,307,2,1,1,0,1,0.796,1,NA
"6194",45,413,2,0,1,1,0,0.523,1,NA
"6195",45,311,2,2,1,1,1,1.166,1,NA
"6196",45,411,2,0,1,0,0,1.882,1,NA
"6197",45,419,2,2,1,0,0,1.411,1,NA
"6198",45,328,2,2,1,1,1,0.384,1,NA
"6199",45,430,2,1,1,1,0,1.025,1,NA
"6200",45,302,2,1,1,1,1,0.583,1,NA
"6201",45,305,2,0,1,1,1,0.907,1,NA
"6202",45,422,2,1,1,1,0,3.227,1,NA
"6203",45,303,2,2,1,1,1,0.49,1,NA
"6204",45,415,2,0,1,1,0,1.197,1,NA
"6205",45,319,2,0,1,1,1,1.499,1,NA
"6206",45,404,2,2,1,1,0,0.589,1,NA
"6207",45,423,2,0,1,0,0,0.586,1,NA
"6208",45,414,2,0,1,1,0,0.877,1,NA
"6209",45,309,2,2,1,1,1,1.021,1,NA
"6210",45,424,2,2,1,1,0,1.303,1,NA
"6211",45,306,2,1,1,0,1,1.227,1,NA
"6212",45,326,2,0,1,1,1,0.401,1,NA
"6213",45,318,2,0,1,0,1,0.655,1,NA
"6214",45,418,2,2,1,0,0,0.855,1,NA
"6215",45,420,2,1,1,1,0,3.715,1,NA
"6216",45,320,2,0,1,1,1,0.755,1,NA
"6217",45,403,2,0,1,0,0,4.192,6,NA
"6218",45,316,2,2,1,0,1,0.682,1,NA
"6219",45,402,2,1,1,0,0,1.243,1,NA
"6220",45,428,2,0,1,1,0,0.345,1,NA
"6221",45,313,2,2,1,1,1,3.008,1,NA
"6222",45,310,2,2,1,1,1,1.469,1,NA
"6223",45,412,2,0,1,1,0,0.582,3,NA
"6224",45,325,2,0,1,1,1,0.789,3,NA
"6225",45,315,2,1,1,1,1,0.36,1,NA
"6226",45,308,2,1,1,0,1,1.454,1,NA
"6227",45,330,2,0,1,0,1,0.929,1,NA
"6228",45,417,2,2,1,0,0,1.194,1,NA
"6229",45,401,2,2,1,0,0,1.44,1,NA
"6230",45,427,2,2,1,1,0,1.136,1,NA
"6231",45,429,2,0,1,0,0,1.804,1,NA
"6232",45,327,2,2,1,0,1,0.84,3,NA
"6233",45,405,2,0,1,1,0,0.965,1,NA
"6234",45,323,2,2,1,0,1,0.871,4,NA
"6235",45,410,2,1,1,1,0,1.093,1,NA
"6236",45,406,2,1,1,0,0,0.347,1,NA
"6237",45,426,2,2,1,0,0,0.769,1,NA
"6238",45,304,2,1,1,1,1,2.187,2,NA
"6239",45,301,2,1,1,1,1,0.428,1,NA
"6240",45,408,2,1,1,1,0,1.215,3,NA
"6241",46,215,1,0,1,1,1,1.06,1,NA
"6242",46,413,1,2,1,1,0,0.715,3,NA
"6243",46,206,1,0,1,1,1,0.673,1,NA
"6244",46,201,1,1,1,1,1,1.668,6,NA
"6245",46,429,1,2,1,0,0,0.942,3,NA
"6246",46,203,1,2,1,0,1,0.765,5,NA
"6247",46,403,1,1,1,0,0,3.874,3,NA
"6248",46,425,1,0,1,1,0,0.445,4,NA
"6249",46,202,1,2,1,1,1,0.35,6,NA
"6250",46,406,1,0,1,0,0,2.565,2,NA
"6251",46,416,1,1,1,0,0,2.074,2,NA
"6252",46,208,1,1,1,1,1,0.408,5,NA
"6253",46,218,1,1,1,1,1,0.341,6,NA
"6254",46,421,1,0,1,1,0,1.787,2,NA
"6255",46,210,1,1,1,1,1,0.46,6,NA
"6256",46,428,1,1,1,0,0,1.702,1,NA
"6257",46,414,1,1,1,0,0,0.357,2,NA
"6258",46,212,1,2,1,0,1,1.436,5,NA
"6259",46,226,1,1,1,1,1,0.49,4,NA
"6260",46,424,1,1,1,1,0,0.567,3,NA
"6261",46,418,1,2,1,1,0,1.826,4,NA
"6262",46,220,1,2,1,1,1,0.361,6,NA
"6263",46,219,1,2,1,1,1,0.321,6,NA
"6264",46,404,1,0,1,1,0,0.342,4,NA
"6265",46,423,1,2,1,1,0,1.423,5,NA
"6266",46,225,1,0,1,1,1,0.548,6,NA
"6267",46,217,1,0,1,0,1,0.44,5,NA
"6268",46,405,1,0,1,1,0,0.436,4,NA
"6269",46,229,1,0,1,1,1,0.495,4,NA
"6270",46,412,1,2,1,0,0,5.262,2,NA
"6271",46,408,1,2,1,1,0,0.394,4,NA
"6272",46,230,1,0,1,1,1,0.592,4,NA
"6273",46,205,1,0,1,1,1,0.456,4,NA
"6274",46,224,1,2,1,1,1,0.755,6,NA
"6275",46,214,1,1,1,1,1,0.532,6,NA
"6276",46,422,1,0,1,1,0,0.602,2,NA
"6277",46,204,1,1,1,1,1,0.395,6,NA
"6278",46,211,1,1,1,1,1,0.282,5,NA
"6279",46,216,1,2,1,0,1,0.44,5,NA
"6280",46,426,1,2,1,1,0,1.111,2,NA
"6281",46,401,1,0,1,1,0,2.896,1,NA
"6282",46,221,1,0,1,1,1,0.42,6,NA
"6283",46,209,1,2,1,1,1,0.348,6,NA
"6284",46,420,1,0,1,1,0,2.051,4,NA
"6285",46,427,1,1,1,0,0,0.485,1,NA
"6286",46,407,1,2,1,0,0,0.489,2,NA
"6287",46,207,1,1,1,1,1,0.366,6,NA
"6288",46,411,1,1,1,1,0,1.026,3,NA
"6289",46,223,1,2,1,1,1,0.494,6,NA
"6290",46,222,1,1,1,0,1,0.37,4,NA
"6291",46,417,1,2,1,1,0,2.514,2,NA
"6292",46,227,1,2,1,1,1,1.64,2,NA
"6293",46,213,1,0,1,1,1,0.48,6,NA
"6294",46,419,1,1,1,1,0,0.921,2,NA
"6295",46,415,1,0,1,0,0,0.385,4,NA
"6296",46,409,1,0,1,0,0,0.588,3,NA
"6297",46,430,1,1,1,0,0,4.01,2,NA
"6298",46,410,1,1,1,1,0,0.375,3,NA
"6299",46,402,1,2,1,1,0,0.511,2,NA
"6300",46,228,1,0,1,1,1,0.311,5,NA
"6301",46,108,2,1,1,0,0,1.122,4,NA
"6302",46,324,2,2,1,0,1,0.79,3,NA
"6303",46,303,2,0,1,1,1,0.357,4,NA
"6304",46,124,2,1,1,0,0,0.803,5,NA
"6305",46,327,2,2,1,1,1,0.972,3,NA
"6306",46,123,2,0,1,1,0,0.555,4,NA
"6307",46,130,2,0,1,1,0,1.571,3,NA
"6308",46,322,2,2,1,1,1,0.405,6,NA
"6309",46,121,2,0,1,1,0,0.902,4,NA
"6310",46,103,2,1,1,0,0,0.71,6,NA
"6311",46,302,2,1,1,1,1,0.511,4,NA
"6312",46,330,2,1,1,1,1,0.399,4,NA
"6313",46,328,2,1,1,1,1,0.493,6,NA
"6314",46,304,2,2,1,1,1,0.325,6,NA
"6315",46,317,2,0,1,1,1,0.283,4,NA
"6316",46,315,2,1,1,1,1,0.329,6,NA
"6317",46,120,2,0,1,1,0,0.411,4,NA
"6318",46,101,2,2,1,0,0,2.266,3,NA
"6319",46,323,2,0,1,0,1,3.84,2,NA
"6320",46,117,2,1,1,0,0,0.776,5,NA
"6321",46,107,2,2,1,1,0,1.122,3,NA
"6322",46,115,2,2,1,1,0,0.536,4,NA
"6323",46,118,2,2,1,0,0,0.566,3,NA
"6324",46,308,2,0,1,1,1,0.829,4,NA
"6325",46,116,2,0,1,1,0,0.36,4,NA
"6326",46,320,2,1,1,1,1,0.817,2,NA
"6327",46,105,2,2,1,1,0,0.542,4,NA
"6328",46,106,2,1,1,1,0,0.953,5,NA
"6329",46,321,2,0,1,1,1,0.419,5,NA
"6330",46,313,2,2,1,1,1,2.145,4,NA
"6331",46,311,2,1,1,0,1,0.528,4,NA
"6332",46,102,2,2,1,1,0,5.049,3,NA
"6333",46,325,2,0,1,1,1,0.432,4,NA
"6334",46,126,2,1,1,1,0,0.476,4,NA
"6335",46,329,2,2,1,1,1,0.292,6,NA
"6336",46,316,2,0,1,1,1,0.344,4,NA
"6337",46,109,2,2,1,1,0,0.345,3,NA
"6338",46,128,2,0,1,1,0,0.411,4,NA
"6339",46,125,2,1,1,1,0,0.531,4,NA
"6340",46,110,2,1,1,1,0,0.329,4,NA
"6341",46,310,2,1,1,0,1,0.434,3,NA
"6342",46,112,2,1,1,1,0,0.29,4,NA
"6343",46,301,2,0,1,0,1,0.428,5,NA
"6344",46,122,2,2,1,0,0,1.473,5,NA
"6345",46,318,2,2,1,1,1,0.596,3,NA
"6346",46,127,2,2,1,0,0,1.179,2,NA
"6347",46,326,2,2,1,0,1,0.533,5,NA
"6348",46,129,2,0,1,1,0,3.141,2,NA
"6349",46,113,2,1,1,1,0,3.339,3,NA
"6350",46,111,2,0,1,1,0,1.066,4,NA
"6351",46,119,2,0,1,1,0,0.445,4,NA
"6352",46,312,2,0,1,1,1,1.611,6,NA
"6353",46,314,2,2,1,1,1,0.66,5,NA
"6354",46,307,2,1,1,1,1,0.574,5,NA
"6355",46,306,2,1,1,1,1,0.911,3,NA
"6356",46,319,2,1,1,1,1,0.429,6,NA
"6357",46,309,2,2,1,0,1,0.363,5,NA
"6358",46,114,2,2,1,1,0,1.146,3,NA
"6359",46,104,2,0,1,1,0,0.61,3,NA
"6360",46,305,2,0,1,1,1,0.529,4,NA
"6361",47,127,1,1,1,0,0,0.681,4,NA
"6362",47,310,1,2,1,1,1,0.38,3,NA
"6363",47,120,1,2,1,1,0,3.323,3,NA
"6364",47,302,1,1,1,0,1,6.22,4,NA
"6365",47,324,1,1,1,0,1,1.885,3,NA
"6366",47,328,1,0,1,0,1,1.102,5,NA
"6367",47,308,1,0,1,0,1,2.274,4,NA
"6368",47,309,1,2,1,1,1,0.976,3,NA
"6369",47,111,1,0,1,0,0,1.139,6,NA
"6370",47,124,1,2,1,1,0,1.446,3,NA
"6371",47,315,1,0,1,1,1,5.994,3,NA
"6372",47,304,1,1,1,1,1,0.692,4,NA
"6373",47,123,1,2,1,1,0,0.66,4,NA
"6374",47,303,1,2,1,1,1,0.757,4,NA
"6375",47,319,1,2,1,0,1,3.59,3,NA
"6376",47,115,1,1,1,0,0,2.86,4,NA
"6377",47,322,1,0,1,0,1,0.439,4,NA
"6378",47,128,1,1,1,0,0,2.33,4,NA
"6379",47,323,1,2,1,0,1,0.667,6,NA
"6380",47,119,1,2,1,0,0,1.999,5,NA
"6381",47,106,1,0,1,0,0,3.911,4,NA
"6382",47,105,1,0,1,0,0,2.424,4,NA
"6383",47,316,1,1,1,0,1,0.65,4,NA
"6384",47,321,1,1,1,1,1,0.65,6,NA
"6385",47,107,1,0,1,0,0,1.285,6,NA
"6386",47,126,1,0,1,0,0,0.906,3,NA
"6387",47,104,1,2,1,0,0,3.798,3,NA
"6388",47,117,1,1,1,0,0,0.847,4,NA
"6389",47,307,1,0,1,0,1,0.705,3,NA
"6390",47,122,1,1,1,1,0,3.801,3,NA
"6391",47,130,1,0,1,0,0,2.19,4,NA
"6392",47,311,1,0,1,0,1,1.284,5,NA
"6393",47,118,1,2,1,0,0,1.828,4,NA
"6394",47,112,1,0,1,0,0,0.794,4,NA
"6395",47,125,1,2,1,0,0,0.794,5,NA
"6396",47,129,1,1,1,0,0,1.966,6,NA
"6397",47,313,1,2,1,1,1,5.14,3,NA
"6398",47,102,1,0,1,1,0,1.752,3,NA
"6399",47,326,1,0,1,0,1,0.768,3,NA
"6400",47,101,1,2,1,0,0,2.469,6,NA
"6401",47,312,1,1,1,1,1,1.144,3,NA
"6402",47,329,1,1,1,0,1,0.983,6,NA
"6403",47,306,1,1,1,1,1,2.814,3,NA
"6404",47,110,1,2,1,1,0,0.641,6,NA
"6405",47,325,1,2,1,1,1,0.572,6,NA
"6406",47,108,1,1,1,1,0,4.356,3,NA
"6407",47,327,1,0,1,1,1,1.741,3,NA
"6408",47,314,1,1,1,0,1,2.309,5,NA
"6409",47,301,1,2,1,1,1,1.381,6,NA
"6410",47,305,1,1,1,1,1,2.161,3,NA
"6411",47,121,1,1,1,1,0,1.266,3,NA
"6412",47,320,1,0,1,1,1,0.52,4,NA
"6413",47,318,1,2,1,0,1,0.951,5,NA
"6414",47,113,1,0,1,1,0,0.372,6,NA
"6415",47,317,1,0,1,0,1,0.883,3,NA
"6416",47,103,1,1,1,1,0,2.145,6,NA
"6417",47,109,1,2,1,0,0,1.314,3,NA
"6418",47,114,1,1,1,0,0,0.943,2,NA
"6419",47,330,1,2,1,1,1,3.436,2,NA
"6420",47,116,1,0,1,0,0,1.036,3,NA
"6421",47,221,2,0,1,1,1,0.582,4,NA
"6422",47,218,2,1,1,0,1,0.756,2,NA
"6423",47,410,2,2,1,0,0,0.135,4,NA
"6424",47,217,2,1,1,1,1,0.066,3,NA
"6425",47,214,2,1,1,1,1,0.506,2,NA
"6426",47,428,2,0,1,0,0,0.403,2,NA
"6427",47,204,2,2,1,1,1,0.247,6,NA
"6428",47,430,2,0,1,1,0,0.881,2,NA
"6429",47,422,2,1,1,0,0,1.294,4,NA
"6430",47,208,2,2,1,0,1,0.279,4,NA
"6431",47,406,2,1,1,1,0,0.738,3,NA
"6432",47,206,2,0,1,0,1,0.354,6,NA
"6433",47,223,2,1,1,1,1,1.436,5,NA
"6434",47,411,2,0,1,1,0,1.07,2,NA
"6435",47,420,2,0,1,0,0,2.374,3,NA
"6436",47,429,2,1,1,0,0,0.516,6,NA
"6437",47,402,2,1,1,1,0,0.308,2,NA
"6438",47,423,2,2,1,1,0,0.281,3,NA
"6439",47,414,2,2,1,0,0,0.231,2,NA
"6440",47,222,2,2,1,0,1,0.466,3,NA
"6441",47,426,2,2,1,0,0,0.422,4,NA
"6442",47,226,2,1,1,1,1,0.505,2,NA
"6443",47,220,2,0,1,0,1,0.508,4,NA
"6444",47,424,2,2,1,1,0,0.299,3,NA
"6445",47,230,2,2,1,1,1,0.691,3,NA
"6446",47,417,2,0,1,0,0,1.265,4,NA
"6447",47,210,2,0,1,0,1,0.57,2,NA
"6448",47,409,2,1,1,1,0,0.29,4,NA
"6449",47,212,2,0,1,1,1,0.427,4,NA
"6450",47,202,2,2,1,0,1,1.012,2,NA
"6451",47,421,2,0,1,1,0,1.596,3,NA
"6452",47,408,2,2,1,1,0,0.515,4,NA
"6453",47,213,2,1,1,0,1,0.609,3,NA
"6454",47,415,2,2,1,1,0,0.52,4,NA
"6455",47,416,2,0,1,0,0,0.516,6,NA
"6456",47,405,2,0,1,1,0,0.49,5,NA
"6457",47,418,2,1,1,0,0,1.002,2,NA
"6458",47,412,2,2,1,0,0,0.551,2,NA
"6459",47,219,2,1,1,1,1,1.33,4,NA
"6460",47,227,2,0,1,0,1,0.415,4,NA
"6461",47,203,2,1,1,1,1,0.482,4,NA
"6462",47,225,2,0,1,0,1,0.368,6,NA
"6463",47,209,2,0,1,0,1,1.393,3,NA
"6464",47,413,2,1,1,1,0,0.394,6,NA
"6465",47,419,2,1,1,0,0,0.599,3,NA
"6466",47,207,2,0,1,0,1,0.748,5,NA
"6467",47,215,2,0,1,1,1,0.482,4,NA
"6468",47,427,2,1,1,0,0,0.432,4,NA
"6469",47,229,2,2,1,0,1,0.651,4,NA
"6470",47,216,2,2,1,0,1,0.456,5,NA
"6471",47,404,2,1,1,1,0,1.004,3,NA
"6472",47,425,2,0,1,1,0,0.49,3,NA
"6473",47,401,2,2,1,1,0,1.373,1,NA
"6474",47,403,2,2,1,0,0,0.606,6,NA
"6475",47,201,2,2,1,0,1,2.237,4,NA
"6476",47,228,2,1,1,1,1,0.633,4,NA
"6477",47,224,2,2,1,0,1,0.49,4,NA
"6478",47,407,2,0,1,0,0,0.384,6,NA
"6479",47,211,2,2,1,1,1,0.566,3,NA
"6480",47,205,2,1,1,1,1,0.261,6,NA
"6481",48,307,1,0,1,1,1,0.288,3,NA
"6482",48,412,1,0,1,1,0,3.282,2,NA
"6483",48,430,1,2,1,1,0,0.315,3,NA
"6484",48,322,1,0,1,1,1,0.67,4,NA
"6485",48,409,1,1,1,0,0,0.484,4,NA
"6486",48,329,1,2,1,1,1,0.43,5,NA
"6487",48,419,1,2,1,1,0,0.368,1,NA
"6488",48,328,1,2,1,1,1,0.702,2,NA
"6489",48,304,1,2,1,1,1,0.104,5,NA
"6490",48,320,1,1,1,1,1,0.085,1,NA
"6491",48,423,1,0,1,1,0,0.243,4,NA
"6492",48,401,1,2,1,0,0,1.562,2,NA
"6493",48,321,1,0,1,1,1,0.543,5,NA
"6494",48,403,1,2,1,1,0,0.773,4,NA
"6495",48,417,1,1,1,0,0,0.556,4,NA
"6496",48,410,1,0,1,1,0,1.307,3,NA
"6497",48,306,1,1,1,1,1,0.35,5,NA
"6498",48,308,1,1,1,0,1,1.377,2,NA
"6499",48,303,1,2,1,1,1,0.186,1,NA
"6500",48,310,1,2,1,1,1,0.391,2,NA
"6501",48,416,1,1,1,1,0,0.569,4,NA
"6502",48,324,1,0,1,0,1,1.526,1,NA
"6503",48,312,1,0,1,0,1,0.32,1,NA
"6504",48,408,1,1,1,1,0,0.077,5,NA
"6505",48,415,1,0,1,1,0,0.55,5,NA
"6506",48,426,1,1,1,1,0,1.267,2,NA
"6507",48,319,1,1,1,1,1,1.788,3,NA
"6508",48,413,1,0,1,0,0,0.724,2,NA
"6509",48,428,1,2,1,1,0,0.967,3,NA
"6510",48,317,1,1,1,1,1,0.985,5,NA
"6511",48,411,1,2,1,0,0,1.835,1,NA
"6512",48,406,1,1,1,1,0,0.764,6,NA
"6513",48,318,1,1,1,1,1,0.67,5,NA
"6514",48,302,1,0,1,1,1,0.291,2,NA
"6515",48,429,1,1,1,0,0,0.624,6,NA
"6516",48,405,1,0,1,1,0,1.778,5,NA
"6517",48,402,1,1,1,1,0,0.198,5,NA
"6518",48,315,1,1,1,1,1,0.959,3,NA
"6519",48,422,1,2,1,0,0,0.357,3,NA
"6520",48,313,1,0,1,0,1,0.979,4,NA
"6521",48,326,1,1,1,1,1,0.315,2,NA
"6522",48,421,1,2,1,1,0,0.303,2,NA
"6523",48,301,1,1,1,1,1,0.967,6,NA
"6524",48,425,1,0,1,0,0,0.642,2,NA
"6525",48,325,1,0,1,1,1,0.952,4,NA
"6526",48,427,1,0,1,1,0,0.428,3,NA
"6527",48,414,1,2,1,0,0,0.243,2,NA
"6528",48,418,1,0,1,1,0,0.41,4,NA
"6529",48,424,1,0,1,1,0,0.309,5,NA
"6530",48,309,1,0,1,1,1,0.42,4,NA
"6531",48,311,1,2,1,1,1,1.998,1,NA
"6532",48,314,1,2,1,1,1,2.038,3,NA
"6533",48,316,1,2,1,0,1,0.991,3,NA
"6534",48,305,1,0,1,0,1,0.575,1,NA
"6535",48,407,1,1,1,1,0,0.772,4,NA
"6536",48,420,1,2,1,1,0,0.789,3,NA
"6537",48,323,1,1,1,1,1,0.174,4,NA
"6538",48,330,1,2,1,1,1,0.35,6,NA
"6539",48,404,1,1,1,1,0,0.798,1,NA
"6540",48,327,1,2,1,0,1,0.551,1,NA
"6541",48,221,2,0,1,1,1,0.762,4,NA
"6542",48,216,2,0,1,1,1,0.951,2,NA
"6543",48,206,2,1,1,1,1,1.131,4,NA
"6544",48,120,2,0,1,0,0,0.41,1,NA
"6545",48,119,2,0,1,0,0,2.562,6,NA
"6546",48,118,2,1,1,0,0,2.096,2,NA
"6547",48,102,2,2,1,0,0,2.453,2,NA
"6548",48,117,2,2,1,0,0,1.96,5,NA
"6549",48,201,2,0,1,1,1,0.817,3,NA
"6550",48,113,2,2,1,1,0,0.261,6,NA
"6551",48,130,2,1,1,1,0,0.51,3,NA
"6552",48,209,2,2,1,1,1,1.556,2,NA
"6553",48,217,2,1,1,0,1,1.3,2,NA
"6554",48,103,2,1,1,0,0,0.646,4,NA
"6555",48,126,2,0,1,1,0,0.77,1,NA
"6556",48,226,2,1,1,1,1,0.822,3,NA
"6557",48,112,2,0,1,1,0,0.295,4,NA
"6558",48,122,2,2,1,0,0,2.383,1,NA
"6559",48,223,2,2,1,1,1,1.29,4,NA
"6560",48,212,2,1,1,1,1,0.356,4,NA
"6561",48,207,2,2,1,0,1,0.337,6,NA
"6562",48,109,2,2,1,1,0,0.305,4,NA
"6563",48,222,2,2,1,0,1,0.329,2,NA
"6564",48,205,2,0,1,0,1,0.253,1,NA
"6565",48,218,2,2,1,1,1,1.026,2,NA
"6566",48,128,2,1,1,0,0,0.471,6,NA
"6567",48,123,2,0,1,1,0,0.27,4,NA
"6568",48,220,2,1,1,1,1,0.417,1,NA
"6569",48,114,2,1,1,1,0,0.6,1,NA
"6570",48,203,2,0,1,0,1,1.343,2,NA
"6571",48,106,2,1,1,0,0,1.808,1,NA
"6572",48,121,2,2,1,0,0,0.872,6,NA
"6573",48,116,2,0,1,0,0,1.723,1,NA
"6574",48,224,2,1,1,1,1,0.464,1,NA
"6575",48,213,2,1,1,1,1,0.764,4,NA
"6576",48,219,2,2,1,1,1,0.974,4,NA
"6577",48,125,2,0,1,0,0,0.939,6,NA
"6578",48,215,2,2,1,0,1,0.339,4,NA
"6579",48,110,2,0,1,1,0,0.801,5,NA
"6580",48,108,2,0,1,1,0,0.459,4,NA
"6581",48,227,2,2,1,0,1,0.209,1,NA
"6582",48,127,2,1,1,1,0,2.515,1,NA
"6583",48,214,2,1,1,1,1,0.317,4,NA
"6584",48,111,2,2,1,0,0,0.057,1,NA
"6585",48,204,2,0,1,1,1,0.03,6,NA
"6586",48,107,2,2,1,0,0,0.238,1,NA
"6587",48,225,2,1,1,0,1,0.642,1,NA
"6588",48,129,2,1,1,0,0,1.004,5,NA
"6589",48,230,2,2,1,0,1,0.451,2,NA
"6590",48,105,2,2,1,1,0,0.203,6,NA
"6591",48,208,2,0,1,0,1,0.177,1,NA
"6592",48,202,2,0,1,1,1,0.517,1,NA
"6593",48,104,2,0,1,0,0,0.101,3,NA
"6594",48,228,2,1,1,1,1,0.776,5,NA
"6595",48,211,2,2,1,1,1,0.057,5,NA
"6596",48,229,2,0,1,1,1,0.634,2,NA
"6597",48,210,2,0,1,0,1,0.281,4,NA
"6598",48,124,2,2,1,1,0,0.217,3,NA
"6599",48,101,2,1,1,0,0,0.831,6,NA
"6600",48,115,2,1,1,0,0,1.435,1,NA
"6601",49,126,1,0,1,1,1,0.059,3,NA
"6602",49,106,1,0,1,1,1,1.225,1,NA
"6603",49,323,1,2,1,0,0,0.227,3,NA
"6604",49,313,1,1,1,0,0,1.743,3,NA
"6605",49,123,1,1,1,1,1,0.523,6,NA
"6606",49,107,1,1,1,1,1,0.5,5,NA
"6607",49,118,1,0,1,1,1,0.563,5,NA
"6608",49,310,1,0,1,0,0,0.916,2,NA
"6609",49,322,1,1,1,1,0,0.615,4,NA
"6610",49,302,1,2,1,0,0,0.374,3,NA
"6611",49,111,1,2,1,1,1,0.684,3,NA
"6612",49,124,1,2,1,0,1,0.449,2,NA
"6613",49,121,1,2,1,0,1,0.447,4,NA
"6614",49,315,1,0,1,0,0,0.495,4,NA
"6615",49,115,1,1,1,1,1,0.309,6,NA
"6616",49,307,1,0,1,0,0,0.976,4,NA
"6617",49,301,1,1,1,1,0,0.412,4,NA
"6618",49,113,1,0,1,1,1,0.745,3,NA
"6619",49,110,1,1,1,1,1,0.346,6,NA
"6620",49,325,1,0,1,1,0,0.41,5,NA
"6621",49,328,1,2,1,0,0,0.806,3,NA
"6622",49,102,1,0,1,0,1,0.678,3,NA
"6623",49,104,1,1,1,1,1,0.381,4,NA
"6624",49,311,1,2,1,0,0,0.596,3,NA
"6625",49,128,1,2,1,1,1,0.376,4,NA
"6626",49,305,1,2,1,1,0,0.312,3,NA
"6627",49,319,1,1,1,1,0,7.875,3,NA
"6628",49,314,1,0,1,1,0,0.65,4,NA
"6629",49,109,1,2,1,1,1,0.426,4,NA
"6630",49,330,1,1,1,0,0,0.45,3,NA
"6631",49,122,1,1,1,1,1,0.551,2,NA
"6632",49,304,1,0,1,1,0,0.816,2,NA
"6633",49,320,1,2,1,0,0,0.497,3,NA
"6634",49,326,1,1,1,0,0,0.545,2,NA
"6635",49,117,1,0,1,1,1,0.378,4,NA
"6636",49,327,1,2,1,1,0,0.768,2,NA
"6637",49,324,1,1,1,1,0,0.691,3,NA
"6638",49,329,1,2,1,0,0,2.69,4,NA
"6639",49,114,1,2,1,1,1,0.509,4,NA
"6640",49,125,1,0,1,0,1,0.401,6,NA
"6641",49,116,1,1,1,1,1,0.912,3,NA
"6642",49,308,1,0,1,1,0,1.354,4,NA
"6643",49,306,1,0,1,0,0,1.097,2,NA
"6644",49,108,1,2,1,1,1,0.609,4,NA
"6645",49,119,1,0,1,1,1,0.317,5,NA
"6646",49,312,1,1,1,1,0,0.334,5,NA
"6647",49,129,1,0,1,1,1,0.323,5,NA
"6648",49,316,1,1,1,0,0,2.128,3,NA
"6649",49,101,1,2,1,1,1,0.3,4,NA
"6650",49,321,1,0,1,1,0,0.924,1,NA
"6651",49,130,1,2,1,1,1,0.413,5,NA
"6652",49,112,1,1,1,1,1,0.374,5,NA
"6653",49,309,1,2,1,1,0,2.068,4,NA
"6654",49,120,1,2,1,1,1,0.445,4,NA
"6655",49,318,1,2,1,1,0,0.314,3,NA
"6656",49,303,1,0,1,0,0,0.449,2,NA
"6657",49,127,1,1,1,1,1,2.113,3,NA
"6658",49,103,1,1,1,0,1,0.469,2,NA
"6659",49,317,1,1,1,0,0,0.385,2,NA
"6660",49,105,1,0,1,1,1,0.725,5,NA
"6661",49,411,2,0,1,1,0,0.507,4,NA
"6662",49,220,2,0,1,0,1,0.998,3,NA
"6663",49,217,2,0,1,0,1,0.465,5,NA
"6664",49,410,2,1,1,0,0,1.601,3,NA
"6665",49,416,2,0,1,0,0,0.443,3,NA
"6666",49,222,2,0,1,1,1,0.51,5,NA
"6667",49,203,2,1,1,1,1,0.42,4,NA
"6668",49,426,2,0,1,1,0,1.503,3,NA
"6669",49,428,2,1,1,1,0,0.477,2,NA
"6670",49,214,2,1,1,0,1,0.431,3,NA
"6671",49,417,2,2,1,0,0,1.958,3,NA
"6672",49,221,2,2,1,1,1,0.475,6,NA
"6673",49,412,2,1,1,1,0,1.499,4,NA
"6674",49,206,2,0,1,0,1,0.683,5,NA
"6675",49,216,2,0,1,1,1,2.313,4,NA
"6676",49,204,2,1,1,0,1,0.918,3,NA
"6677",49,404,2,0,1,1,0,1.648,3,NA
"6678",49,401,2,1,1,1,0,0.708,2,NA
"6679",49,215,2,1,1,1,1,0.387,4,NA
"6680",49,409,2,2,1,1,0,0.718,3,NA
"6681",49,223,2,2,1,1,1,1.59,4,NA
"6682",49,407,2,0,1,1,0,0.319,4,NA
"6683",49,212,2,2,1,1,1,0.374,3,NA
"6684",49,420,2,1,1,1,0,0.315,3,NA
"6685",49,424,2,2,1,0,0,0.705,2,NA
"6686",49,422,2,2,1,0,0,0.929,2,NA
"6687",49,207,2,1,1,1,1,1.762,4,NA
"6688",49,211,2,2,1,1,1,1.154,3,NA
"6689",49,414,2,2,1,1,0,0.326,2,NA
"6690",49,230,2,2,1,0,1,1.065,3,NA
"6691",49,413,2,1,1,1,0,0.292,2,NA
"6692",49,423,2,0,1,0,0,0.683,2,NA
"6693",49,419,2,1,1,1,0,0.142,3,NA
"6694",49,213,2,2,1,1,1,0.545,3,NA
"6695",49,205,2,2,1,1,1,1.157,3,NA
"6696",49,224,2,0,1,0,1,1.202,1,NA
"6697",49,430,2,2,1,1,0,0.04,4,NA
"6698",49,427,2,1,1,1,0,0.45,2,NA
"6699",49,408,2,0,1,1,0,1.26,2,NA
"6700",49,227,2,1,1,1,1,0.656,4,NA
"6701",49,218,2,1,1,1,1,0.995,5,NA
"6702",49,201,2,0,1,1,1,0.764,4,NA
"6703",49,415,2,1,1,1,0,0.434,3,NA
"6704",49,402,2,0,1,1,0,0.601,2,NA
"6705",49,210,2,2,1,1,1,1.453,2,NA
"6706",49,429,2,0,1,0,0,0.407,4,NA
"6707",49,418,2,2,1,1,0,1.402,2,NA
"6708",49,406,2,2,1,0,0,0.374,2,NA
"6709",49,208,2,1,1,0,1,0.322,1,NA
"6710",49,219,2,2,1,1,1,0.315,4,NA
"6711",49,405,2,0,1,1,0,0.303,3,NA
"6712",49,225,2,1,1,0,1,0.804,1,NA
"6713",49,229,2,1,1,1,1,0.333,5,NA
"6714",49,403,2,1,1,1,0,0.43,3,NA
"6715",49,228,2,0,1,0,1,1.77,3,NA
"6716",49,202,2,2,1,1,1,0.699,2,NA
"6717",49,226,2,0,1,1,1,0.307,3,NA
"6718",49,421,2,2,1,0,0,1.148,2,NA
"6719",49,425,2,2,1,1,0,0.09,4,NA
"6720",49,209,2,0,1,1,1,0.475,4,NA
"6721",5,308,1,1,1,1,1,0.35,4,NA
"6722",5,313,1,0,1,1,1,0.544,6,NA
"6723",5,318,1,2,1,0,1,1.142,2,NA
"6724",5,117,1,2,1,0,0,2.594,3,NA
"6725",5,128,1,0,1,1,0,0.256,4,NA
"6726",5,304,1,0,1,1,1,0.426,6,NA
"6727",5,111,1,1,1,0,0,0.779,2,NA
"6728",5,115,1,1,1,1,0,2.082,1,NA
"6729",5,130,1,1,1,0,0,0.967,5,NA
"6730",5,104,1,2,1,0,0,1.837,4,NA
"6731",5,116,1,0,1,0,0,1.099,3,NA
"6732",5,314,1,2,1,1,1,0.616,5,NA
"6733",5,306,1,0,1,1,1,0.561,5,NA
"6734",5,323,1,1,1,1,1,0.812,6,NA
"6735",5,103,1,0,1,0,0,1.737,3,NA
"6736",5,126,1,2,1,1,0,0.437,1,NA
"6737",5,317,1,1,1,1,1,0.434,5,NA
"6738",5,302,1,0,1,1,1,0.273,6,NA
"6739",5,123,1,1,1,0,0,3.334,1,NA
"6740",5,120,1,0,1,1,0,1.225,1,NA
"6741",5,320,1,1,1,1,1,0.409,6,NA
"6742",5,106,1,2,1,1,0,0.767,1,NA
"6743",5,109,1,1,1,1,0,0.717,2,NA
"6744",5,316,1,0,1,0,1,2.913,1,NA
"6745",5,311,1,2,1,1,1,0.644,4,NA
"6746",5,322,1,1,1,1,1,0.439,6,NA
"6747",5,321,1,2,1,1,1,3.782,2,NA
"6748",5,102,1,0,1,1,0,1.291,3,NA
"6749",5,121,1,2,1,1,0,0.79,1,NA
"6750",5,330,1,2,1,1,1,0.795,5,NA
"6751",5,122,1,0,1,1,0,2.788,1,NA
"6752",5,319,1,1,1,1,1,0.379,6,NA
"6753",5,315,1,0,1,1,1,0.648,3,NA
"6754",5,327,1,0,1,1,1,1.615,5,NA
"6755",5,326,1,0,1,0,1,1.427,1,NA
"6756",5,312,1,2,1,1,1,0.326,6,NA
"6757",5,113,1,0,1,0,0,0.733,6,NA
"6758",5,324,1,0,1,1,1,0.752,6,NA
"6759",5,328,1,1,1,1,1,0.76,4,NA
"6760",5,114,1,1,1,1,0,0.685,2,NA
"6761",5,325,1,2,1,1,1,0.715,4,NA
"6762",5,303,1,1,1,0,1,1.708,1,NA
"6763",5,110,1,0,1,1,0,1.021,1,NA
"6764",5,329,1,0,1,0,1,0.783,1,NA
"6765",5,310,1,1,1,1,1,0.246,6,NA
"6766",5,124,1,0,1,0,0,1.119,3,NA
"6767",5,119,1,1,1,1,0,0.561,1,NA
"6768",5,305,1,2,1,1,1,0.374,6,NA
"6769",5,105,1,1,1,0,0,1.044,1,NA
"6770",5,101,1,1,1,0,0,0.614,2,NA
"6771",5,309,1,1,1,0,1,2.189,4,NA
"6772",5,127,1,2,1,1,0,0.518,1,NA
"6773",5,112,1,0,1,0,0,1.654,1,NA
"6774",5,129,1,2,1,0,0,5.286,2,NA
"6775",5,107,1,1,1,0,0,0.525,1,NA
"6776",5,307,1,2,1,1,1,0.412,6,NA
"6777",5,118,1,2,1,0,0,0.579,1,NA
"6778",5,108,1,2,1,0,0,1.376,1,NA
"6779",5,125,1,2,1,0,0,1.443,1,NA
"6780",5,301,1,2,1,1,1,0.42,1,NA
"6781",5,404,2,0,1,0,1,0.664,1,NA
"6782",5,214,2,2,1,0,0,1.029,2,NA
"6783",5,427,2,2,1,0,1,2.197,1,NA
"6784",5,227,2,2,1,1,0,1.205,1,NA
"6785",5,405,2,1,1,1,1,0.563,3,NA
"6786",5,408,2,2,1,1,1,0.853,2,NA
"6787",5,217,2,1,1,0,0,1.428,1,NA
"6788",5,204,2,0,1,1,0,0.979,2,NA
"6789",5,424,2,1,1,0,1,1.944,1,NA
"6790",5,218,2,0,1,1,0,2.214,1,NA
"6791",5,225,2,1,1,0,0,2.327,2,NA
"6792",5,415,2,1,1,1,1,1.154,3,NA
"6793",5,202,2,0,1,0,0,3.226,1,NA
"6794",5,206,2,2,1,0,0,4.177,1,NA
"6795",5,223,2,2,1,0,0,1.31,5,NA
"6796",5,411,2,2,1,0,1,0.444,1,NA
"6797",5,416,2,0,1,0,1,2.412,5,NA
"6798",5,410,2,1,1,1,1,3.427,1,NA
"6799",5,406,2,2,1,1,1,1.185,1,NA
"6800",5,401,2,1,1,1,1,0.796,4,NA
"6801",5,430,2,0,1,1,1,0.603,5,NA
"6802",5,213,2,1,1,1,0,2.191,1,NA
"6803",5,219,2,2,1,1,0,2.469,1,NA
"6804",5,417,2,0,1,1,1,2.449,1,NA
"6805",5,421,2,2,1,0,1,2.945,1,NA
"6806",5,220,2,0,1,1,0,1.2,1,NA
"6807",5,222,2,1,1,1,0,3.298,1,NA
"6808",5,224,2,1,1,1,0,1.27,5,NA
"6809",5,208,2,0,1,0,0,2.252,1,NA
"6810",5,425,2,0,1,1,1,3.988,1,NA
"6811",5,428,2,2,1,1,1,1.229,2,NA
"6812",5,426,2,1,1,0,1,3.99,1,NA
"6813",5,229,2,0,1,1,0,0.495,2,NA
"6814",5,403,2,0,1,0,1,0.841,5,NA
"6815",5,203,2,0,1,1,0,2.464,2,NA
"6816",5,205,2,2,1,0,0,0.556,5,NA
"6817",5,402,2,2,1,0,1,1.106,2,NA
"6818",5,221,2,1,1,1,0,1.121,1,NA
"6819",5,226,2,0,1,0,0,2.568,1,NA
"6820",5,413,2,0,1,1,1,0.615,3,NA
"6821",5,419,2,1,1,1,1,1.002,3,NA
"6822",5,211,2,1,1,0,0,4.767,1,NA
"6823",5,216,2,1,1,1,0,2.757,1,NA
"6824",5,212,2,2,1,1,0,0.91,1,NA
"6825",5,215,2,1,1,0,0,1.158,4,NA
"6826",5,420,2,2,1,1,1,3.65,1,NA
"6827",5,230,2,1,1,0,0,3.649,2,NA
"6828",5,207,2,0,1,0,0,1.273,4,NA
"6829",5,409,2,0,1,1,1,3.324,1,NA
"6830",5,422,2,2,1,1,1,1.935,1,NA
"6831",5,418,2,1,1,0,1,3.984,1,NA
"6832",5,201,2,2,1,0,0,0.593,4,NA
"6833",5,228,2,2,1,1,0,1.387,2,NA
"6834",5,209,2,2,1,0,0,4.215,1,NA
"6835",5,407,2,0,1,1,1,1.16,2,NA
"6836",5,210,2,0,1,0,0,3.939,1,NA
"6837",5,423,2,2,1,1,1,0.456,1,NA
"6838",5,414,2,1,1,0,1,2.273,1,NA
"6839",5,429,2,0,1,0,1,1.706,6,NA
"6840",5,412,2,1,1,0,1,2.731,2,NA
"6841",52,205,1,2,1,1,1,4.097,4,NA
"6842",52,215,1,2,1,0,1,1.956,5,NA
"6843",52,230,1,0,1,1,1,3.818,2,NA
"6844",52,428,1,2,1,0,0,1.608,4,NA
"6845",52,212,1,1,1,1,1,2.417,3,NA
"6846",52,415,1,1,1,1,0,1.89,3,NA
"6847",52,223,1,1,1,1,1,1.537,5,NA
"6848",52,201,1,0,1,1,1,2.668,2,NA
"6849",52,414,1,0,1,1,0,2.224,1,NA
"6850",52,423,1,0,1,0,0,1.62,2,NA
"6851",52,425,1,0,1,1,0,3.003,3,NA
"6852",52,424,1,1,1,1,0,1.408,5,NA
"6853",52,411,1,2,1,1,0,2.2,2,NA
"6854",52,206,1,0,1,0,1,1.335,3,NA
"6855",52,404,1,1,1,1,0,3.017,2,NA
"6856",52,416,1,1,1,0,0,6.621,2,NA
"6857",52,405,1,1,1,0,0,1.424,3,NA
"6858",52,403,1,0,1,0,0,3.426,1,NA
"6859",52,406,1,2,1,1,0,3.02,2,NA
"6860",52,203,1,2,1,1,1,1.279,3,NA
"6861",52,401,1,2,1,1,0,2.065,2,NA
"6862",52,222,1,0,1,1,1,2.14,2,NA
"6863",52,211,1,1,1,1,1,0.828,4,NA
"6864",52,229,1,2,1,1,1,1.366,3,NA
"6865",52,213,1,0,1,1,1,0.127,4,NA
"6866",52,228,1,2,1,0,1,2.166,2,NA
"6867",52,204,1,1,1,0,1,1.951,2,NA
"6868",52,427,1,0,1,1,0,0.514,4,NA
"6869",52,418,1,2,1,1,0,3.454,1,NA
"6870",52,220,1,1,1,1,1,2.691,2,NA
"6871",52,219,1,1,1,0,1,2.037,4,NA
"6872",52,408,1,0,1,0,0,2.78,2,NA
"6873",52,421,1,0,1,0,0,2.664,2,NA
"6874",52,214,1,0,1,1,1,0.428,3,NA
"6875",52,407,1,1,1,0,0,0.696,3,NA
"6876",52,413,1,0,1,0,0,7.782,5,NA
"6877",52,412,1,2,1,0,0,3.334,2,NA
"6878",52,216,1,0,1,1,1,1.29,3,NA
"6879",52,221,1,2,1,1,1,0.868,2,NA
"6880",52,207,1,1,1,0,1,1.926,1,NA
"6881",52,202,1,0,1,1,1,1.929,3,NA
"6882",52,422,1,2,1,0,0,1.741,2,NA
"6883",52,417,1,1,1,1,0,2.895,3,NA
"6884",52,226,1,2,1,0,1,1.592,2,NA
"6885",52,420,1,1,1,1,0,2.386,3,NA
"6886",52,430,1,2,1,1,0,2.635,2,NA
"6887",52,426,1,2,1,0,0,0.796,2,NA
"6888",52,227,1,2,1,1,1,1.064,3,NA
"6889",52,429,1,2,1,1,0,1.002,3,NA
"6890",52,218,1,0,1,1,1,1.534,5,NA
"6891",52,410,1,1,1,0,0,1.201,2,NA
"6892",52,402,1,0,1,1,0,1.483,2,NA
"6893",52,409,1,1,1,0,0,1.624,3,NA
"6894",52,217,1,2,1,1,1,3.351,2,NA
"6895",52,419,1,0,1,1,0,1.929,2,NA
"6896",52,225,1,1,1,0,1,0.577,5,NA
"6897",52,224,1,0,1,1,1,0.553,4,NA
"6898",52,210,1,2,1,0,1,1.041,3,NA
"6899",52,209,1,1,1,1,1,1.188,3,NA
"6900",52,208,1,1,1,0,1,0.996,3,NA
"6901",52,328,2,2,1,1,0,3.802,2,NA
"6902",52,316,2,1,1,0,0,1.613,3,NA
"6903",52,112,2,0,1,1,1,1.221,3,NA
"6904",52,118,2,1,1,1,1,1.307,5,NA
"6905",52,117,2,1,1,0,1,4.438,2,NA
"6906",52,116,2,1,1,0,1,2.053,4,NA
"6907",52,315,2,1,1,0,0,0.421,2,NA
"6908",52,330,2,2,1,1,0,1.661,2,NA
"6909",52,103,2,0,1,1,1,1.623,5,NA
"6910",52,318,2,0,1,1,0,1.427,3,NA
"6911",52,326,2,0,1,0,0,2.642,5,NA
"6912",52,123,2,2,1,0,1,3.421,1,NA
"6913",52,128,2,0,1,1,1,4.189,6,NA
"6914",52,104,2,2,1,0,1,1.047,4,NA
"6915",52,303,2,1,1,1,0,1.237,3,NA
"6916",52,314,2,1,1,0,0,7.858,3,NA
"6917",52,106,2,0,1,0,1,1.838,3,NA
"6918",52,319,2,2,1,0,0,0.89,2,NA
"6919",52,122,2,2,1,0,1,1.783,3,NA
"6920",52,309,2,0,1,1,0,4.683,2,NA
"6921",52,120,2,2,1,1,1,1.598,2,NA
"6922",52,110,2,1,1,1,1,0.541,3,NA
"6923",52,108,2,0,1,0,1,1.002,4,NA
"6924",52,105,2,2,1,1,1,2.35,2,NA
"6925",52,107,2,1,1,0,1,3.856,2,NA
"6926",52,310,2,1,1,1,0,2.576,2,NA
"6927",52,313,2,2,1,1,0,6.896,3,NA
"6928",52,324,2,0,1,0,0,1.089,4,NA
"6929",52,325,2,0,1,1,0,1.271,2,NA
"6930",52,301,2,2,1,1,0,2.271,3,NA
"6931",52,308,2,1,1,0,0,0.99,2,NA
"6932",52,130,2,1,1,0,1,5.569,3,NA
"6933",52,125,2,0,1,0,1,1.397,3,NA
"6934",52,302,2,2,1,1,0,1.101,2,NA
"6935",52,114,2,0,1,0,1,1.02,4,NA
"6936",52,322,2,2,1,1,0,1.767,2,NA
"6937",52,304,2,2,1,0,0,3.086,2,NA
"6938",52,111,2,0,1,1,1,0.724,3,NA
"6939",52,115,2,2,1,1,1,1.27,3,NA
"6940",52,329,2,2,1,0,0,4.807,2,NA
"6941",52,312,2,1,1,0,0,1.377,3,NA
"6942",52,320,2,2,1,1,0,1.04,2,NA
"6943",52,311,2,1,1,0,0,0.996,3,NA
"6944",52,323,2,0,1,1,0,1.93,2,NA
"6945",52,317,2,0,1,1,0,1.027,2,NA
"6946",52,109,2,2,1,1,1,1.297,2,NA
"6947",52,321,2,0,1,0,0,2.267,3,NA
"6948",52,127,2,2,1,0,1,1.548,2,NA
"6949",52,119,2,1,1,1,1,2.123,3,NA
"6950",52,306,2,0,1,0,0,2.243,3,NA
"6951",52,124,2,2,1,1,1,1.908,2,NA
"6952",52,121,2,0,1,0,1,2.448,3,NA
"6953",52,101,2,2,1,0,1,0.557,2,NA
"6954",52,129,2,1,1,0,1,0.601,3,NA
"6955",52,113,2,1,1,1,1,0.945,6,NA
"6956",52,305,2,1,1,0,0,5.327,4,NA
"6957",52,307,2,0,1,0,0,2.3,2,NA
"6958",52,102,2,0,1,1,1,3.885,3,NA
"6959",52,126,2,1,1,1,1,1.27,4,NA
"6960",52,327,2,1,1,1,0,2.792,3,NA
"6961",53,316,1,2,1,1,1,0.429,4,NA
"6962",53,330,1,0,1,1,1,0.591,5,NA
"6963",53,112,1,0,1,0,0,0.439,4,NA
"6964",53,308,1,2,1,1,1,0.424,5,NA
"6965",53,101,1,0,1,0,0,0.504,4,NA
"6966",53,322,1,2,1,1,1,0.479,5,NA
"6967",53,102,1,0,1,0,0,0.765,3,NA
"6968",53,306,1,1,1,1,1,0.748,4,NA
"6969",53,312,1,2,1,1,1,0.416,5,NA
"6970",53,317,1,1,1,1,1,0.647,5,NA
"6971",53,120,1,2,1,0,0,0.778,3,NA
"6972",53,125,1,1,1,0,0,0.237,3,NA
"6973",53,109,1,1,1,1,0,0.204,4,NA
"6974",53,307,1,0,1,1,1,0.003,6,NA
"6975",53,314,1,2,1,1,1,0.541,6,NA
"6976",53,130,1,2,1,1,0,0.383,5,NA
"6977",53,108,1,2,1,0,0,0.306,3,NA
"6978",53,128,1,1,1,1,0,0.243,3,NA
"6979",53,114,1,2,1,0,0,3.515,2,NA
"6980",53,117,1,1,1,1,0,0.808,4,NA
"6981",53,119,1,1,1,1,0,0.617,4,NA
"6982",53,124,1,0,1,0,0,0.372,4,NA
"6983",53,302,1,1,1,1,1,0.328,6,NA
"6984",53,323,1,0,1,1,1,0.697,4,NA
"6985",53,324,1,0,1,1,1,0.307,5,NA
"6986",53,315,1,0,1,0,1,0.895,3,NA
"6987",53,311,1,1,1,1,1,0.299,6,NA
"6988",53,122,1,2,1,0,0,0.291,4,NA
"6989",53,321,1,1,1,1,1,0.481,5,NA
"6990",53,123,1,0,1,1,0,0.709,2,NA
"6991",53,327,1,0,1,0,1,0.561,4,NA
"6992",53,113,1,0,1,0,0,0.495,5,NA
"6993",53,318,1,1,1,1,1,0.34,4,NA
"6994",53,104,1,2,1,0,0,0.353,3,NA
"6995",53,320,1,1,1,1,1,0.296,5,NA
"6996",53,319,1,2,1,0,1,0.37,4,NA
"6997",53,328,1,0,1,1,1,0.403,6,NA
"6998",53,325,1,1,1,1,1,0.741,6,NA
"6999",53,118,1,2,1,0,0,0.599,4,NA
"7000",53,301,1,1,1,1,1,0.623,5,NA
"7001",53,110,1,1,1,1,0,0.626,5,NA
"7002",53,116,1,1,1,0,0,0.472,3,NA
"7003",53,304,1,0,1,1,1,1.412,6,NA
"7004",53,129,1,0,1,0,0,0.411,4,NA
"7005",53,111,1,0,1,0,0,0.421,1,NA
"7006",53,105,1,0,1,0,0,0.318,2,NA
"7007",53,107,1,1,1,0,0,0.311,3,NA
"7008",53,103,1,2,1,0,0,1.25,3,NA
"7009",53,313,1,2,1,0,1,0.453,2,NA
"7010",53,115,1,2,1,0,0,0.642,3,NA
"7011",53,126,1,2,1,1,0,0.307,4,NA
"7012",53,310,1,0,1,1,1,0.35,5,NA
"7013",53,305,1,0,1,1,1,0.34,6,NA
"7014",53,106,1,1,1,1,0,0.565,4,NA
"7015",53,326,1,2,1,0,1,0.326,4,NA
"7016",53,121,1,1,1,0,0,0.345,3,NA
"7017",53,329,1,2,1,1,1,0.756,5,NA
"7018",53,303,1,1,1,1,1,0.354,5,NA
"7019",53,127,1,0,1,1,0,0.52,5,NA
"7020",53,309,1,2,1,0,1,0.472,3,NA
"7021",53,419,2,0,1,0,1,0.966,4,NA
"7022",53,401,2,1,1,0,1,0.834,3,NA
"7023",53,421,2,2,1,1,1,0.748,4,NA
"7024",53,220,2,2,1,0,0,1.736,3,NA
"7025",53,212,2,1,1,0,0,0.955,5,NA
"7026",53,229,2,1,1,1,0,0.56,4,NA
"7027",53,202,2,0,1,0,0,1.11,2,NA
"7028",53,417,2,0,1,0,1,0.427,4,NA
"7029",53,427,2,2,1,1,1,0.47,4,NA
"7030",53,204,2,0,1,0,0,1.116,2,NA
"7031",53,218,2,1,1,0,0,0.697,2,NA
"7032",53,403,2,1,1,1,1,0.74,3,NA
"7033",53,405,2,0,1,0,1,0.324,4,NA
"7034",53,221,2,1,1,1,0,0.495,4,NA
"7035",53,416,2,0,1,0,1,0.282,3,NA
"7036",53,412,2,2,1,0,1,0.329,4,NA
"7037",53,428,2,2,1,1,1,0.376,3,NA
"7038",53,415,2,1,1,0,1,2.242,3,NA
"7039",53,430,2,1,1,1,1,0.282,4,NA
"7040",53,228,2,0,1,1,0,0.328,5,NA
"7041",53,230,2,0,1,1,0,0.863,2,NA
"7042",53,224,2,1,1,1,0,1.399,4,NA
"7043",53,222,2,2,1,1,0,1.044,4,NA
"7044",53,208,2,2,1,0,0,0.079,2,NA
"7045",53,407,2,0,1,1,1,0.34,4,NA
"7046",53,423,2,1,1,1,1,0.27,4,NA
"7047",53,409,2,2,1,0,1,0.299,4,NA
"7048",53,226,2,2,1,1,0,0.372,5,NA
"7049",53,214,2,0,1,0,0,1.232,3,NA
"7050",53,205,2,2,1,1,0,0.295,5,NA
"7051",53,201,2,1,1,1,0,0.413,3,NA
"7052",53,227,2,1,1,0,0,0.287,4,NA
"7053",53,429,2,0,1,0,1,0.337,5,NA
"7054",53,209,2,0,1,0,0,0.29,3,NA
"7055",53,213,2,0,1,0,0,1.21,2,NA
"7056",53,216,2,0,1,1,0,0.321,2,NA
"7057",53,404,2,0,1,0,1,2.202,3,NA
"7058",53,206,2,1,1,1,0,0.651,4,NA
"7059",53,413,2,0,1,1,1,0.331,3,NA
"7060",53,408,2,1,1,1,1,0.285,4,NA
"7061",53,223,2,2,1,0,0,0.353,2,NA
"7062",53,219,2,2,1,1,0,0.332,4,NA
"7063",53,414,2,0,1,0,1,0.645,3,NA
"7064",53,410,2,2,1,1,1,0.433,5,NA
"7065",53,211,2,1,1,1,0,0.252,4,NA
"7066",53,225,2,2,1,1,0,0.261,4,NA
"7067",53,207,2,2,1,0,0,1.082,3,NA
"7068",53,406,2,2,1,1,1,1.055,1,NA
"7069",53,426,2,1,1,1,1,0.792,2,NA
"7070",53,422,2,2,1,1,1,0.232,5,NA
"7071",53,402,2,2,1,0,1,0.271,2,NA
"7072",53,215,2,0,1,0,0,0.343,3,NA
"7073",53,210,2,1,1,1,0,2.517,3,NA
"7074",53,418,2,1,1,1,1,0.029,4,NA
"7075",53,424,2,2,1,1,1,0.31,4,NA
"7076",53,217,2,0,1,0,0,0.265,3,NA
"7077",53,203,2,2,1,1,0,1.511,4,NA
"7078",53,411,2,1,1,1,1,0.096,4,NA
"7079",53,425,2,0,1,1,1,0.297,4,NA
"7080",53,420,2,1,1,1,1,0.264,5,NA
"7081",54,330,1,1,1,0,1,1.037,3,NA
"7082",54,307,1,1,1,1,1,0.322,5,NA
"7083",54,329,1,1,1,1,1,0.301,4,NA
"7084",54,318,1,2,1,1,1,0.313,5,NA
"7085",54,324,1,0,1,1,1,0.464,6,NA
"7086",54,219,1,1,1,0,0,0.457,3,NA
"7087",54,328,1,1,1,1,1,0.502,4,NA
"7088",54,323,1,2,1,1,1,0.549,5,NA
"7089",54,327,1,2,1,1,1,0.37,5,NA
"7090",54,218,1,2,1,0,0,0.449,3,NA
"7091",54,305,1,0,1,1,1,0.439,6,NA
"7092",54,202,1,0,1,0,0,0.479,2,NA
"7093",54,223,1,1,1,1,0,0.622,2,NA
"7094",54,230,1,2,1,0,0,0.643,3,NA
"7095",54,311,1,0,1,1,1,0.423,6,NA
"7096",54,306,1,0,1,1,1,0.578,3,NA
"7097",54,216,1,0,1,0,0,0.627,2,NA
"7098",54,224,1,1,1,0,0,0.597,2,NA
"7099",54,215,1,2,1,0,0,0.478,2,NA
"7100",54,201,1,0,1,0,0,0.65,2,NA
"7101",54,210,1,0,1,0,0,0.565,4,NA
"7102",54,320,1,2,1,1,1,0.334,6,NA
"7103",54,316,1,1,1,0,1,0.528,4,NA
"7104",54,325,1,2,1,1,1,0.353,5,NA
"7105",54,314,1,0,1,1,1,0.305,6,NA
"7106",54,209,1,0,1,0,0,1.731,2,NA
"7107",54,221,1,1,1,0,0,0.393,2,NA
"7108",54,227,1,1,1,0,0,0.469,2,NA
"7109",54,220,1,2,1,1,0,0.518,2,NA
"7110",54,205,1,2,1,0,0,0.454,2,NA
"7111",54,301,1,2,1,1,1,0.4,5,NA
"7112",54,304,1,0,1,1,1,0.317,6,NA
"7113",54,211,1,1,1,0,0,0.694,4,NA
"7114",54,326,1,2,1,1,1,0.303,5,NA
"7115",54,207,1,1,1,1,0,0.517,4,NA
"7116",54,319,1,2,1,1,1,0.284,4,NA
"7117",54,313,1,1,1,1,1,0.55,6,NA
"7118",54,206,1,0,1,1,0,0.522,2,NA
"7119",54,212,1,2,1,1,0,0.63,4,NA
"7120",54,225,1,2,1,0,0,0.476,2,NA
"7121",54,309,1,2,1,1,1,0.29,4,NA
"7122",54,203,1,1,1,1,0,0.424,2,NA
"7123",54,226,1,0,1,1,0,0.592,2,NA
"7124",54,302,1,0,1,1,1,0.37,6,NA
"7125",54,312,1,0,1,1,1,0.604,6,NA
"7126",54,204,1,0,1,0,0,0.408,2,NA
"7127",54,315,1,0,1,1,1,0.523,5,NA
"7128",54,317,1,1,1,1,1,0.293,4,NA
"7129",54,303,1,2,1,1,1,0.461,3,NA
"7130",54,213,1,1,1,0,0,0.611,2,NA
"7131",54,222,1,2,1,0,0,0.528,2,NA
"7132",54,228,1,1,1,1,0,0.421,3,NA
"7133",54,322,1,0,1,1,1,0.344,6,NA
"7134",54,208,1,2,1,0,0,0.545,2,NA
"7135",54,308,1,1,1,1,1,0.293,6,NA
"7136",54,321,1,1,1,1,1,0.305,5,NA
"7137",54,229,1,0,1,0,0,0.653,3,NA
"7138",54,214,1,0,1,0,0,0.614,3,NA
"7139",54,310,1,1,1,0,1,0.771,3,NA
"7140",54,217,1,2,1,1,0,0.523,2,NA
"7141",54,410,2,1,1,0,1,0.343,2,NA
"7142",54,125,2,0,1,0,0,0.315,6,NA
"7143",54,426,2,0,1,1,1,0.372,2,NA
"7144",54,118,2,2,1,0,0,0.29,2,NA
"7145",54,405,2,2,1,0,1,0.38,2,NA
"7146",54,423,2,2,1,1,1,0.247,2,NA
"7147",54,127,2,1,1,1,0,0.443,2,NA
"7148",54,429,2,2,1,1,1,0.245,3,NA
"7149",54,128,2,2,1,1,0,0.224,4,NA
"7150",54,421,2,2,1,1,1,0.46,2,NA
"7151",54,109,2,0,1,1,0,0.241,3,NA
"7152",54,104,2,1,1,1,0,0.241,2,NA
"7153",54,404,2,1,1,1,1,0.561,2,NA
"7154",54,114,2,0,1,0,0,0.257,2,NA
"7155",54,120,2,2,1,1,0,0.228,3,NA
"7156",54,425,2,1,1,0,1,0.212,4,NA
"7157",54,101,2,2,1,0,0,0.352,3,NA
"7158",54,110,2,1,1,1,0,0.298,2,NA
"7159",54,417,2,2,1,0,1,0.301,3,NA
"7160",54,115,2,2,1,1,0,0.48,2,NA
"7161",54,116,2,0,1,0,0,0.411,3,NA
"7162",54,123,2,1,1,0,0,0.273,3,NA
"7163",54,416,2,1,1,1,1,0.286,4,NA
"7164",54,413,2,0,1,1,1,0.343,3,NA
"7165",54,427,2,0,1,1,1,0.258,3,NA
"7166",54,422,2,1,1,1,1,0.266,4,NA
"7167",54,420,2,0,1,1,1,0.265,3,NA
"7168",54,124,2,1,1,1,0,0.365,2,NA
"7169",54,424,2,0,1,1,1,0.289,6,NA
"7170",54,111,2,0,1,1,0,0.727,2,NA
"7171",54,418,2,1,1,1,1,0.371,6,NA
"7172",54,107,2,2,1,0,0,0.385,2,NA
"7173",54,102,2,2,1,1,0,0.765,3,NA
"7174",54,403,2,1,1,0,1,0.501,3,NA
"7175",54,108,2,2,1,0,0,0.458,2,NA
"7176",54,113,2,1,1,0,0,0.212,2,NA
"7177",54,419,2,2,1,1,1,0.506,2,NA
"7178",54,112,2,1,1,0,0,0.64,2,NA
"7179",54,119,2,1,1,1,0,0.429,4,NA
"7180",54,401,2,2,1,1,1,0.379,2,NA
"7181",54,414,2,1,1,0,1,0.292,2,NA
"7182",54,415,2,2,1,1,1,0.411,4,NA
"7183",54,130,2,2,1,1,0,0.363,4,NA
"7184",54,106,2,1,1,0,0,0.487,2,NA
"7185",54,126,2,2,1,1,0,0.301,2,NA
"7186",54,129,2,0,1,1,0,0.31,4,NA
"7187",54,411,2,0,1,0,1,0.733,2,NA
"7188",54,117,2,0,1,0,0,0.58,4,NA
"7189",54,428,2,1,1,1,1,0.256,5,NA
"7190",54,407,2,0,1,1,1,0.264,4,NA
"7191",54,103,2,0,1,1,0,0.505,3,NA
"7192",54,406,2,2,1,0,1,0.492,2,NA
"7193",54,121,2,1,1,1,0,0.342,2,NA
"7194",54,122,2,0,1,1,0,0.31,3,NA
"7195",54,412,2,2,1,1,1,0.281,5,NA
"7196",54,430,2,1,1,1,1,0.258,4,NA
"7197",54,105,2,0,1,0,0,0.29,2,NA
"7198",54,408,2,0,1,1,1,0.665,5,NA
"7199",54,409,2,0,1,1,1,0.241,6,NA
"7200",54,402,2,0,1,1,1,0.269,6,NA
"7201",55,105,1,1,1,0,0,0.45,6,NA
"7202",55,424,1,0,1,1,1,0.779,5,NA
"7203",55,127,1,0,1,1,0,1.14,4,NA
"7204",55,417,1,0,1,1,1,1.401,3,NA
"7205",55,410,1,0,1,1,1,0.5,5,NA
"7206",55,406,1,2,1,1,1,0.813,5,NA
"7207",55,123,1,1,1,1,0,0.476,4,NA
"7208",55,415,1,2,1,1,1,0.317,4,NA
"7209",55,106,1,2,1,1,0,0.44,4,NA
"7210",55,416,1,0,1,1,1,0.34,5,NA
"7211",55,122,1,2,1,1,0,0.34,4,NA
"7212",55,109,1,1,1,1,0,0.742,4,NA
"7213",55,126,1,2,1,0,0,0.341,4,NA
"7214",55,103,1,0,1,0,0,0.267,4,NA
"7215",55,426,1,1,1,1,1,0.381,3,NA
"7216",55,429,1,1,1,1,1,0.316,4,NA
"7217",55,420,1,1,1,1,1,0.328,5,NA
"7218",55,101,1,0,1,0,0,0.731,4,NA
"7219",55,403,1,2,1,1,1,0.335,5,NA
"7220",55,128,1,2,1,1,0,0.23,5,NA
"7221",55,110,1,1,1,1,0,0.31,4,NA
"7222",55,408,1,1,1,1,1,0.148,5,NA
"7223",55,121,1,0,1,0,0,0.285,4,NA
"7224",55,402,1,0,1,0,1,0.605,3,NA
"7225",55,116,1,1,1,0,0,0.201,4,NA
"7226",55,108,1,0,1,0,0,0.302,3,NA
"7227",55,421,1,2,1,1,1,0.281,4,NA
"7228",55,102,1,2,1,0,0,0.311,4,NA
"7229",55,419,1,1,1,1,1,0.385,5,NA
"7230",55,425,1,2,1,1,1,0.285,4,NA
"7231",55,124,1,0,1,0,0,0.296,4,NA
"7232",55,405,1,1,1,0,1,0.3,4,NA
"7233",55,422,1,1,1,0,1,0.901,4,NA
"7234",55,418,1,0,1,0,1,0.339,4,NA
"7235",55,119,1,1,1,1,0,0.225,4,NA
"7236",55,111,1,0,1,0,0,0.216,4,NA
"7237",55,404,1,0,1,1,1,0.324,3,NA
"7238",55,413,1,1,1,0,1,0.358,4,NA
"7239",55,401,1,2,1,1,1,0.538,4,NA
"7240",55,428,1,2,1,1,1,0.329,6,NA
"7241",55,118,1,0,1,0,0,0.121,5,NA
"7242",55,423,1,0,1,1,1,0.274,4,NA
"7243",55,409,1,1,1,1,1,0.288,6,NA
"7244",55,130,1,2,1,1,0,0.273,5,NA
"7245",55,113,1,1,1,0,0,0.282,4,NA
"7246",55,112,1,1,1,0,0,0.283,4,NA
"7247",55,414,1,2,1,0,1,0.303,4,NA
"7248",55,104,1,2,1,0,0,0.186,5,NA
"7249",55,129,1,1,1,0,0,0.264,3,NA
"7250",55,107,1,2,1,0,0,0.255,4,NA
"7251",55,115,1,0,1,1,0,0.282,5,NA
"7252",55,412,1,2,1,1,1,0.302,5,NA
"7253",55,430,1,2,1,1,1,0.28,4,NA
"7254",55,411,1,0,1,0,1,0.372,4,NA
"7255",55,114,1,1,1,1,0,0.26,4,NA
"7256",55,427,1,1,1,1,1,0.386,5,NA
"7257",55,125,1,2,1,1,0,0.518,4,NA
"7258",55,120,1,2,1,1,0,0.25,4,NA
"7259",55,407,1,0,1,1,1,0.323,6,NA
"7260",55,117,1,0,1,1,0,0.685,5,NA
"7261",55,321,2,1,1,0,1,4.746,1,NA
"7262",55,211,2,0,1,1,0,0.497,3,NA
"7263",55,217,2,0,1,0,0,0.631,2,NA
"7264",55,301,2,0,1,1,1,0.44,4,NA
"7265",55,222,2,0,1,0,0,0.317,2,NA
"7266",55,205,2,1,1,0,0,0.338,3,NA
"7267",55,212,2,2,1,0,0,0.636,4,NA
"7268",55,302,2,1,1,1,1,0.328,3,NA
"7269",55,203,2,1,1,1,0,0.335,3,NA
"7270",55,210,2,2,1,0,0,1.749,3,NA
"7271",55,213,2,2,1,1,0,0.309,3,NA
"7272",55,310,2,0,1,0,1,0.327,3,NA
"7273",55,318,2,2,1,1,1,0.404,3,NA
"7274",55,230,2,1,1,1,0,0.886,3,NA
"7275",55,219,2,1,1,0,0,0.273,3,NA
"7276",55,303,2,1,1,1,1,0.289,3,NA
"7277",55,311,2,2,1,1,1,0.196,3,NA
"7278",55,316,2,0,1,1,1,0.468,3,NA
"7279",55,313,2,0,1,1,1,0.389,4,NA
"7280",55,304,2,1,1,1,1,0.285,3,NA
"7281",55,322,2,2,1,1,1,0.678,4,NA
"7282",55,305,2,0,1,1,1,0.726,3,NA
"7283",55,201,2,2,1,1,0,0.316,3,NA
"7284",55,221,2,2,1,0,0,0.311,3,NA
"7285",55,218,2,0,1,0,0,1.013,3,NA
"7286",55,209,2,0,1,0,0,0.838,3,NA
"7287",55,225,2,1,1,1,0,0.359,4,NA
"7288",55,307,2,2,1,1,1,0.35,5,NA
"7289",55,308,2,1,1,0,1,0.254,3,NA
"7290",55,323,2,2,1,0,1,1.417,4,NA
"7291",55,228,2,2,1,1,0,0.661,4,NA
"7292",55,326,2,2,1,1,1,0.473,4,NA
"7293",55,223,2,1,1,0,0,0.235,4,NA
"7294",55,309,2,2,1,0,1,0.382,3,NA
"7295",55,229,2,2,1,1,0,1.273,3,NA
"7296",55,325,2,0,1,1,1,0.867,3,NA
"7297",55,328,2,2,1,0,1,0.383,4,NA
"7298",55,226,2,0,1,1,0,0.623,3,NA
"7299",55,324,2,0,1,1,1,0.695,4,NA
"7300",55,315,2,1,1,1,1,0.327,4,NA
"7301",55,206,2,0,1,0,0,0.42,4,NA
"7302",55,314,2,2,1,1,1,0.498,4,NA
"7303",55,224,2,1,1,1,0,0.772,3,NA
"7304",55,320,2,1,1,1,1,0.265,4,NA
"7305",55,306,2,0,1,0,1,0.334,3,NA
"7306",55,216,2,0,1,1,0,0.55,3,NA
"7307",55,208,2,1,1,1,0,0.432,3,NA
"7308",55,227,2,1,1,1,0,0.277,3,NA
"7309",55,220,2,2,1,1,0,0.317,3,NA
"7310",55,215,2,1,1,0,0,0.238,3,NA
"7311",55,329,2,1,1,0,1,0.363,3,NA
"7312",55,207,2,2,1,1,0,0.742,3,NA
"7313",55,317,2,0,1,1,1,0.064,3,NA
"7314",55,327,2,1,1,0,1,0.216,3,NA
"7315",55,330,2,1,1,1,1,0.048,4,NA
"7316",55,312,2,2,1,0,1,0.598,4,NA
"7317",55,204,2,0,1,0,0,0.253,3,NA
"7318",55,202,2,0,1,0,0,0.274,3,NA
"7319",55,214,2,2,1,0,0,0.331,3,NA
"7320",55,319,2,0,1,1,1,0.283,3,NA
"7321",58,428,1,0,1,0,0,1.716,6,NA
"7322",58,110,1,2,1,1,1,2.122,6,NA
"7323",58,115,1,0,1,0,1,1.691,4,NA
"7324",58,429,1,1,1,0,0,1.274,6,NA
"7325",58,408,1,1,1,0,0,8.688,5,NA
"7326",58,102,1,0,1,1,1,0.679,5,NA
"7327",58,418,1,2,1,0,0,1.507,3,NA
"7328",58,409,1,0,1,1,0,1.906,4,NA
"7329",58,422,1,2,1,0,0,5.556,5,NA
"7330",58,404,1,1,1,1,0,1.275,2,NA
"7331",58,421,1,1,1,1,0,1.935,4,NA
"7332",58,402,1,1,1,0,0,0.495,5,NA
"7333",58,104,1,2,1,0,1,1.538,1,NA
"7334",58,129,1,1,1,0,1,0.893,2,NA
"7335",58,401,1,2,1,0,0,1.012,2,NA
"7336",58,113,1,0,1,1,1,0.364,5,NA
"7337",58,126,1,2,1,1,1,0.733,6,NA
"7338",58,403,1,2,1,0,0,1.806,6,NA
"7339",58,106,1,0,1,1,1,1.662,4,NA
"7340",58,127,1,2,1,1,1,0.857,5,NA
"7341",58,118,1,1,1,1,1,0.362,6,NA
"7342",58,410,1,0,1,0,0,0.806,4,NA
"7343",58,419,1,0,1,1,0,0.502,3,NA
"7344",58,417,1,0,1,1,0,1.03,5,NA
"7345",58,128,1,1,1,1,1,0.496,6,NA
"7346",58,123,1,2,1,1,1,0.679,6,NA
"7347",58,122,1,1,1,1,1,0.586,5,NA
"7348",58,112,1,0,1,1,1,0.515,6,NA
"7349",58,109,1,1,1,1,1,0.304,6,NA
"7350",58,420,1,2,1,0,0,2.49,3,NA
"7351",58,103,1,0,1,1,1,1.078,2,NA
"7352",58,108,1,0,1,1,1,0.256,6,NA
"7353",58,413,1,2,1,1,0,0.794,6,NA
"7354",58,119,1,1,1,1,1,0.366,6,NA
"7355",58,121,1,2,1,1,1,0.544,6,NA
"7356",58,416,1,2,1,1,0,0.803,1,NA
"7357",58,415,1,2,1,1,0,1.081,3,NA
"7358",58,130,1,0,1,1,1,0.805,3,NA
"7359",58,111,1,1,1,1,1,0.476,6,NA
"7360",58,427,1,2,1,0,0,0.77,2,NA
"7361",58,114,1,1,1,1,1,0.314,6,NA
"7362",58,105,1,2,1,0,1,0.763,2,NA
"7363",58,107,1,2,1,1,1,0.578,5,NA
"7364",58,101,1,2,1,0,1,2.802,4,NA
"7365",58,116,1,2,1,1,1,0.248,6,NA
"7366",58,125,1,0,1,1,1,0.407,6,NA
"7367",58,407,1,0,1,0,0,0.792,5,NA
"7368",58,423,1,0,1,1,0,0.748,5,NA
"7369",58,412,1,1,1,0,0,0.562,6,NA
"7370",58,124,1,1,1,1,1,1.064,2,NA
"7371",58,120,1,0,1,1,1,1.45,4,NA
"7372",58,411,1,1,1,0,0,0.507,2,NA
"7373",58,117,1,1,1,1,1,0.259,6,NA
"7374",58,405,1,0,1,1,0,0.598,4,NA
"7375",58,425,1,1,1,0,0,0.494,5,NA
"7376",58,426,1,0,1,1,0,0.989,6,NA
"7377",58,414,1,1,1,0,0,0.97,3,NA
"7378",58,430,1,1,1,1,0,0.623,5,NA
"7379",58,406,1,0,1,1,0,0.71,5,NA
"7380",58,424,1,2,1,1,0,0.369,6,NA
"7381",58,320,2,2,1,1,1,4.621,6,NA
"7382",58,316,2,0,1,1,1,0.709,3,NA
"7383",58,208,2,1,1,1,0,0.651,2,NA
"7384",58,206,2,1,1,0,0,0.941,5,NA
"7385",58,319,2,1,1,1,1,0.317,3,NA
"7386",58,326,2,0,1,1,1,0.855,5,NA
"7387",58,230,2,1,1,0,0,0.511,4,NA
"7388",58,310,2,1,1,0,1,0.759,1,NA
"7389",58,329,2,1,1,1,1,0.437,2,NA
"7390",58,328,2,2,1,1,1,0.298,6,NA
"7391",58,218,2,2,1,0,0,0.693,1,NA
"7392",58,201,2,0,1,1,0,0.487,6,NA
"7393",58,330,2,0,1,0,1,0.647,5,NA
"7394",58,226,2,0,1,0,0,0.604,4,NA
"7395",58,211,2,0,1,0,0,0.601,6,NA
"7396",58,314,2,1,1,1,1,0.295,5,NA
"7397",58,223,2,0,1,0,0,1.449,4,NA
"7398",58,222,2,0,1,0,0,1.126,2,NA
"7399",58,312,2,2,1,1,1,0.432,4,NA
"7400",58,325,2,2,1,1,1,0.328,6,NA
"7401",58,221,2,2,1,1,0,0.358,4,NA
"7402",58,203,2,1,1,1,0,0.452,5,NA
"7403",58,224,2,2,1,1,0,0.659,3,NA
"7404",58,321,2,2,1,1,1,0.423,6,NA
"7405",58,315,2,0,1,1,1,0.295,6,NA
"7406",58,301,2,1,1,0,1,0.673,2,NA
"7407",58,214,2,2,1,1,0,0.357,3,NA
"7408",58,327,2,0,1,0,1,0.637,1,NA
"7409",58,229,2,1,1,1,0,0.261,4,NA
"7410",58,227,2,2,1,1,0,0.332,5,NA
"7411",58,306,2,1,1,1,1,0.316,5,NA
"7412",58,322,2,1,1,1,1,0.258,4,NA
"7413",58,324,2,2,1,1,1,0.37,6,NA
"7414",58,313,2,0,1,0,1,1.314,4,NA
"7415",58,304,2,2,1,1,1,0.489,5,NA
"7416",58,307,2,1,1,0,1,0.438,6,NA
"7417",58,323,2,1,1,0,1,0.42,6,NA
"7418",58,213,2,0,1,0,0,0.385,6,NA
"7419",58,205,2,0,1,1,0,0.241,6,NA
"7420",58,305,2,0,1,1,1,0.29,6,NA
"7421",58,204,2,2,1,0,0,0.307,2,NA
"7422",58,228,2,2,1,1,0,0.83,2,NA
"7423",58,308,2,2,1,1,1,0.416,5,NA
"7424",58,302,2,0,1,0,1,0.516,5,NA
"7425",58,209,2,0,1,1,0,0.332,4,NA
"7426",58,311,2,0,1,0,1,1.954,4,NA
"7427",58,212,2,1,1,1,0,0.279,6,NA
"7428",58,207,2,2,1,0,0,0.974,4,NA
"7429",58,317,2,0,1,1,1,0.897,6,NA
"7430",58,217,2,2,1,0,0,0.509,2,NA
"7431",58,215,2,2,1,1,0,0.253,1,NA
"7432",58,219,2,1,1,0,0,0.805,6,NA
"7433",58,210,2,1,1,1,0,0.29,6,NA
"7434",58,318,2,2,1,1,1,0.365,4,NA
"7435",58,220,2,0,1,0,0,0.975,4,NA
"7436",58,309,2,1,1,1,1,0.303,6,NA
"7437",58,216,2,0,1,0,0,0.745,2,NA
"7438",58,225,2,1,1,1,0,0.29,4,NA
"7439",58,202,2,1,1,0,0,1.114,2,NA
"7440",58,303,2,2,1,1,1,0.39,5,NA
"7441",60,328,1,2,1,0,1,1.365,1,NA
"7442",60,307,1,0,1,1,1,1.219,4,NA
"7443",60,414,1,0,1,0,0,2.812,3,NA
"7444",60,415,1,1,1,0,0,0.584,2,NA
"7445",60,327,1,1,1,0,1,0.548,2,NA
"7446",60,424,1,0,1,0,0,0.611,2,NA
"7447",60,413,1,2,1,1,0,0.531,5,NA
"7448",60,309,1,0,1,1,1,2.783,6,NA
"7449",60,329,1,2,1,1,1,1.816,2,NA
"7450",60,419,1,2,1,1,0,0.463,3,NA
"7451",60,425,1,1,1,0,0,1.115,2,NA
"7452",60,326,1,1,1,1,1,0.089,5,NA
"7453",60,404,1,1,1,0,0,3.691,3,NA
"7454",60,427,1,1,1,1,0,0.944,3,NA
"7455",60,416,1,0,1,1,0,0.646,2,NA
"7456",60,422,1,2,1,1,0,0.815,4,NA
"7457",60,421,1,0,1,0,0,0.818,4,NA
"7458",60,303,1,1,1,1,1,0.195,5,NA
"7459",60,317,1,0,1,1,1,0.571,3,NA
"7460",60,410,1,2,1,0,0,0.152,4,NA
"7461",60,412,1,1,1,1,0,2.413,3,NA
"7462",60,305,1,2,1,0,1,0.809,2,NA
"7463",60,310,1,0,1,1,1,0.596,6,NA
"7464",60,322,1,2,1,1,1,1.636,3,NA
"7465",60,423,1,0,1,1,0,0.439,3,NA
"7466",60,418,1,2,1,1,0,0.749,2,NA
"7467",60,315,1,2,1,1,1,0.371,6,NA
"7468",60,316,1,1,1,0,1,0.265,3,NA
"7469",60,311,1,0,1,0,1,0.887,3,NA
"7470",60,320,1,1,1,0,1,1.566,6,NA
"7471",60,401,1,0,1,1,0,0.393,2,NA
"7472",60,408,1,0,1,1,0,0.653,4,NA
"7473",60,312,1,1,1,1,1,0.097,6,NA
"7474",60,420,1,0,1,1,0,0.539,2,NA
"7475",60,313,1,0,1,1,1,0.783,4,NA
"7476",60,321,1,2,1,1,1,0.465,4,NA
"7477",60,319,1,1,1,1,1,0.15,6,NA
"7478",60,406,1,1,1,1,0,2.316,2,NA
"7479",60,417,1,0,1,1,0,0.635,4,NA
"7480",60,429,1,1,1,0,0,0.324,6,NA
"7481",60,403,1,2,1,0,0,0.309,3,NA
"7482",60,325,1,2,1,1,1,1.253,3,NA
"7483",60,314,1,2,1,0,1,1.151,2,NA
"7484",60,308,1,1,1,1,1,1.266,4,NA
"7485",60,426,1,2,1,0,0,0.531,2,NA
"7486",60,324,1,0,1,1,1,0.109,3,NA
"7487",60,306,1,0,1,1,1,0.35,5,NA
"7488",60,402,1,1,1,1,0,0.498,3,NA
"7489",60,430,1,1,1,1,0,0.366,4,NA
"7490",60,301,1,0,1,1,1,0.206,6,NA
"7491",60,428,1,2,1,1,0,0.367,1,NA
"7492",60,409,1,0,1,0,0,0.177,3,NA
"7493",60,318,1,1,1,1,1,0.819,3,NA
"7494",60,411,1,2,1,1,0,0.258,2,NA
"7495",60,330,1,1,1,1,1,0.438,2,NA
"7496",60,323,1,2,1,1,1,0.31,5,NA
"7497",60,407,1,2,1,1,0,0.496,2,NA
"7498",60,302,1,0,1,0,1,1.562,2,NA
"7499",60,405,1,1,1,1,0,2.556,3,NA
"7500",60,304,1,2,1,1,1,0.432,4,NA
"7501",60,219,2,2,1,1,0,0.405,4,NA
"7502",60,213,2,1,1,0,0,1.641,5,NA
"7503",60,216,2,2,1,1,0,0.252,3,NA
"7504",60,204,2,1,1,1,0,0.267,2,NA
"7505",60,223,2,2,1,1,0,0.519,5,NA
"7506",60,110,2,1,1,1,1,0.799,5,NA
"7507",60,112,2,0,1,1,1,0.321,2,NA
"7508",60,229,2,0,1,1,0,0.461,2,NA
"7509",60,224,2,1,1,0,0,0.713,5,NA
"7510",60,101,2,2,1,1,1,0.329,3,NA
"7511",60,220,2,2,1,1,0,0.28,3,NA
"7512",60,201,2,0,1,0,0,0.577,5,NA
"7513",60,127,2,1,1,0,1,1.686,4,NA
"7514",60,106,2,2,1,0,1,1.217,3,NA
"7515",60,217,2,0,1,1,0,0.195,3,NA
"7516",60,114,2,0,1,0,1,1.665,2,NA
"7517",60,226,2,2,1,1,0,0.893,4,NA
"7518",60,105,2,1,1,1,1,0.299,2,NA
"7519",60,116,2,1,1,1,1,0.25,3,NA
"7520",60,128,2,2,1,0,1,3.512,2,NA
"7521",60,208,2,1,1,0,0,0.968,3,NA
"7522",60,122,2,0,1,1,1,0.246,4,NA
"7523",60,129,2,0,1,1,1,1.038,3,NA
"7524",60,117,2,1,1,1,1,0.268,3,NA
"7525",60,228,2,1,1,0,0,2.496,2,NA
"7526",60,218,2,0,1,1,0,0.301,4,NA
"7527",60,109,2,0,1,1,1,0.279,4,NA
"7528",60,115,2,2,1,1,1,0.379,2,NA
"7529",60,225,2,0,1,1,0,0.481,3,NA
"7530",60,118,2,2,1,0,1,0.347,2,NA
"7531",60,103,2,0,1,0,1,0.276,5,NA
"7532",60,125,2,1,1,0,1,0.228,6,NA
"7533",60,209,2,2,1,1,0,0.316,2,NA
"7534",60,111,2,2,1,0,1,0.18,3,NA
"7535",60,108,2,2,1,1,1,0.467,4,NA
"7536",60,210,2,0,1,0,0,0.325,5,NA
"7537",60,215,2,0,1,0,0,0.528,3,NA
"7538",60,104,2,2,1,1,1,0.292,4,NA
"7539",60,203,2,2,1,1,0,0.272,5,NA
"7540",60,230,2,0,1,1,0,2.951,5,NA
"7541",60,130,2,2,1,0,1,0.397,4,NA
"7542",60,113,2,2,1,1,1,0.734,5,NA
"7543",60,121,2,1,1,1,1,0.228,5,NA
"7544",60,214,2,1,1,1,0,0.365,4,NA
"7545",60,120,2,1,1,1,1,0.383,4,NA
"7546",60,206,2,1,1,1,0,0.288,4,NA
"7547",60,126,2,0,1,0,1,0.147,3,NA
"7548",60,102,2,0,1,0,1,0.401,4,NA
"7549",60,227,2,2,1,1,0,0.239,4,NA
"7550",60,202,2,1,1,1,0,1.21,4,NA
"7551",60,211,2,0,1,0,0,1.221,5,NA
"7552",60,123,2,0,1,0,1,0.305,4,NA
"7553",60,107,2,1,1,1,1,0.284,3,NA
"7554",60,205,2,2,1,0,0,0.278,3,NA
"7555",60,222,2,1,1,0,0,0.334,5,NA
"7556",60,212,2,2,1,1,0,0.311,6,NA
"7557",60,221,2,0,1,1,0,0.361,2,NA
"7558",60,124,2,1,1,0,1,0.213,2,NA
"7559",60,119,2,0,1,1,1,0.121,4,NA
"7560",60,207,2,1,1,0,0,1.816,4,NA
"7561",61,223,1,2,1,1,1,1.274,5,NA
"7562",61,106,1,2,1,1,0,3.593,1,NA
"7563",61,126,1,1,1,1,0,1.929,2,NA
"7564",61,207,1,0,1,1,1,1.453,5,NA
"7565",61,110,1,0,1,0,0,1.627,5,NA
"7566",61,112,1,1,1,1,0,1.092,5,NA
"7567",61,107,1,1,1,0,0,1.216,6,NA
"7568",61,205,1,0,1,1,1,1.026,6,NA
"7569",61,129,1,2,1,1,0,0.99,6,NA
"7570",61,113,1,0,1,1,0,1.051,4,NA
"7571",61,103,1,1,1,0,0,3.551,4,NA
"7572",61,212,1,0,1,1,1,2.259,5,NA
"7573",61,118,1,2,1,0,0,2.058,3,NA
"7574",61,214,1,1,1,1,1,1.269,5,NA
"7575",61,201,1,2,1,1,1,1.269,5,NA
"7576",61,222,1,0,1,0,1,1.007,3,NA
"7577",61,127,1,0,1,1,0,0.817,6,NA
"7578",61,221,1,1,1,1,1,1.094,4,NA
"7579",61,225,1,2,1,1,1,1.961,3,NA
"7580",61,130,1,1,1,1,0,1.321,6,NA
"7581",61,215,1,2,1,1,1,1.14,6,NA
"7582",61,114,1,0,1,1,0,2.763,3,NA
"7583",61,203,1,2,1,1,1,0.787,6,NA
"7584",61,123,1,2,1,0,0,4.271,4,NA
"7585",61,119,1,2,1,1,0,1.051,3,NA
"7586",61,218,1,0,1,1,1,0.438,6,NA
"7587",61,230,1,1,1,1,1,0.563,3,NA
"7588",61,124,1,0,1,1,0,1.231,4,NA
"7589",61,217,1,1,1,1,1,0.912,6,NA
"7590",61,202,1,1,1,1,1,0.895,5,NA
"7591",61,117,1,1,1,0,0,1.297,4,NA
"7592",61,105,1,0,1,0,0,1.314,4,NA
"7593",61,116,1,2,1,0,0,3.538,4,NA
"7594",61,104,1,1,1,0,0,0.863,4,NA
"7595",61,219,1,0,1,1,1,0.938,6,NA
"7596",61,206,1,1,1,1,1,1.102,6,NA
"7597",61,220,1,1,1,1,1,1.514,4,NA
"7598",61,120,1,2,1,1,0,1.318,4,NA
"7599",61,101,1,0,1,0,0,2.091,5,NA
"7600",61,208,1,0,1,1,1,1.334,6,NA
"7601",61,122,1,2,1,0,0,1.336,4,NA
"7602",61,228,1,0,1,1,1,0.906,6,NA
"7603",61,121,1,0,1,1,0,0.992,5,NA
"7604",61,108,1,2,1,0,0,2.451,4,NA
"7605",61,102,1,1,1,0,0,0.901,3,NA
"7606",61,213,1,1,1,1,1,0.83,6,NA
"7607",61,224,1,2,1,1,1,0.68,6,NA
"7608",61,211,1,2,1,1,1,1.133,6,NA
"7609",61,125,1,1,1,1,0,5.13,5,NA
"7610",61,227,1,2,1,0,1,1.283,5,NA
"7611",61,128,1,1,1,1,0,0.596,5,NA
"7612",61,111,1,2,1,0,0,3.337,3,NA
"7613",61,109,1,0,1,1,0,1.737,4,NA
"7614",61,115,1,0,1,1,0,1.029,5,NA
"7615",61,229,1,0,1,0,1,4.088,4,NA
"7616",61,216,1,0,1,1,1,1.01,5,NA
"7617",61,226,1,2,1,1,1,1.116,5,NA
"7618",61,209,1,2,1,1,1,0.765,5,NA
"7619",61,210,1,1,1,1,1,0.831,5,NA
"7620",61,204,1,1,1,1,1,0.942,6,NA
"7621",61,407,2,1,1,0,1,4.353,4,NA
"7622",61,308,2,1,1,1,0,0.936,5,NA
"7623",61,327,2,1,1,0,0,1.021,3,NA
"7624",61,429,2,0,1,1,1,1.302,4,NA
"7625",61,318,2,2,1,1,0,0.858,5,NA
"7626",61,423,2,2,1,1,1,0.919,5,NA
"7627",61,426,2,1,1,1,1,2.533,3,NA
"7628",61,324,2,2,1,1,0,1.837,5,NA
"7629",61,301,2,0,1,0,0,1.883,4,NA
"7630",61,420,2,2,1,1,1,0.76,6,NA
"7631",61,415,2,1,1,1,1,0.836,6,NA
"7632",61,302,2,1,1,0,0,1.018,5,NA
"7633",61,430,2,2,1,1,1,0.931,5,NA
"7634",61,325,2,1,1,1,0,0.895,6,NA
"7635",61,315,2,2,1,1,0,1.887,4,NA
"7636",61,406,2,0,1,1,1,0.73,6,NA
"7637",61,323,2,1,1,0,0,1.226,5,NA
"7638",61,418,2,0,1,1,1,1.005,4,NA
"7639",61,424,2,0,1,0,1,0.96,6,NA
"7640",61,329,2,0,1,0,0,1.646,4,NA
"7641",61,304,2,0,1,0,0,3.338,4,NA
"7642",61,405,2,0,1,1,1,1.512,4,NA
"7643",61,326,2,2,1,1,0,0.954,5,NA
"7644",61,404,2,1,1,1,1,0.785,6,NA
"7645",61,413,2,2,1,1,1,0.932,6,NA
"7646",61,319,2,0,1,1,0,0.736,4,NA
"7647",61,402,2,2,1,1,1,0.943,4,NA
"7648",61,419,2,1,1,1,1,1.41,4,NA
"7649",61,311,2,0,1,0,0,1.188,5,NA
"7650",61,312,2,2,1,1,0,0.743,6,NA
"7651",61,416,2,1,1,1,1,0.782,6,NA
"7652",61,422,2,2,1,1,1,0.796,5,NA
"7653",61,320,2,2,1,0,0,1.898,4,NA
"7654",61,411,2,0,1,1,1,1.437,4,NA
"7655",61,303,2,0,1,0,0,1.141,3,NA
"7656",61,322,2,1,1,1,0,0.961,5,NA
"7657",61,428,2,2,1,1,1,0.977,5,NA
"7658",61,412,2,0,1,0,1,1.199,4,NA
"7659",61,307,2,1,1,1,0,2.254,4,NA
"7660",61,309,2,0,1,1,0,1.403,6,NA
"7661",61,421,2,1,1,1,1,1.652,5,NA
"7662",61,317,2,1,1,1,0,0.759,3,NA
"7663",61,305,2,1,1,1,0,1.132,5,NA
"7664",61,310,2,2,1,1,0,0.954,4,NA
"7665",61,306,2,2,1,1,0,1.055,6,NA
"7666",61,316,2,0,1,1,0,0.87,2,NA
"7667",61,425,2,1,1,0,1,1.712,2,NA
"7668",61,321,2,0,1,1,0,1.017,3,NA
"7669",61,328,2,1,1,1,0,0.957,3,NA
"7670",61,401,2,0,1,1,1,0.401,6,NA
"7671",61,409,2,2,1,0,1,1.037,5,NA
"7672",61,330,2,2,1,0,0,0.721,2,NA
"7673",61,403,2,2,1,0,1,3.223,4,NA
"7674",61,408,2,0,1,1,1,1.744,3,NA
"7675",61,417,2,0,1,1,1,1.023,5,NA
"7676",61,414,2,1,1,1,1,1.118,5,NA
"7677",61,427,2,1,1,1,1,0.951,4,NA
"7678",61,410,2,2,1,0,1,0.846,6,NA
"7679",61,313,2,0,1,1,0,2.258,4,NA
"7680",61,314,2,2,1,1,0,4.118,3,NA
"7681",62,307,1,0,1,0,0,2.895,5,NA
"7682",62,223,1,0,1,1,1,0.277,2,NA
"7683",62,310,1,0,1,0,0,0.228,5,NA
"7684",62,213,1,0,1,1,1,0.454,3,NA
"7685",62,317,1,0,1,0,0,0.237,5,NA
"7686",62,318,1,2,1,1,0,1.27,4,NA
"7687",62,309,1,2,1,0,0,0.819,4,NA
"7688",62,226,1,1,1,1,1,0.777,3,NA
"7689",62,206,1,1,1,1,1,0.45,6,NA
"7690",62,305,1,2,1,0,0,0.473,5,NA
"7691",62,319,1,0,1,1,0,1.471,5,NA
"7692",62,225,1,1,1,1,1,0.313,4,NA
"7693",62,216,1,2,1,1,1,0.051,6,NA
"7694",62,222,1,2,1,1,1,0.048,5,NA
"7695",62,220,1,2,1,0,1,0.401,4,NA
"7696",62,207,1,2,1,1,1,0.404,6,NA
"7697",62,227,1,1,1,0,1,1.111,3,NA
"7698",62,320,1,1,1,1,0,0.003,4,NA
"7699",62,322,1,0,1,0,0,1.071,5,NA
"7700",62,208,1,0,1,1,1,0.278,5,NA
"7701",62,217,1,0,1,0,1,0.539,2,NA
"7702",62,316,1,2,1,1,0,0.76,2,NA
"7703",62,330,1,1,1,0,0,0.32,4,NA
"7704",62,328,1,2,1,1,0,0.45,4,NA
"7705",62,214,1,1,1,1,1,0.254,5,NA
"7706",62,311,1,1,1,0,0,1.588,3,NA
"7707",62,202,1,2,1,1,1,0.397,3,NA
"7708",62,224,1,0,1,1,1,0.273,3,NA
"7709",62,303,1,1,1,0,0,0.877,2,NA
"7710",62,329,1,1,1,0,0,0.356,4,NA
"7711",62,312,1,1,1,1,0,1.13,4,NA
"7712",62,219,1,2,1,1,1,0.313,3,NA
"7713",62,203,1,2,1,1,1,0.382,3,NA
"7714",62,211,1,0,1,1,1,0.348,4,NA
"7715",62,314,1,0,1,1,0,1.848,3,NA
"7716",62,212,1,1,1,1,1,1.31,5,NA
"7717",62,221,1,1,1,1,1,0.252,6,NA
"7718",62,325,1,0,1,1,0,0.344,5,NA
"7719",62,302,1,2,1,0,0,0.265,2,NA
"7720",62,301,1,1,1,0,0,0.41,3,NA
"7721",62,315,1,2,1,0,0,1.353,4,NA
"7722",62,324,1,2,1,1,0,0.694,2,NA
"7723",62,228,1,0,1,1,1,0.383,5,NA
"7724",62,210,1,0,1,0,1,0.3,1,NA
"7725",62,304,1,0,1,0,0,0.357,4,NA
"7726",62,313,1,0,1,1,0,1.419,1,NA
"7727",62,218,1,2,1,1,1,0.535,4,NA
"7728",62,321,1,0,1,1,0,0.431,3,NA
"7729",62,308,1,2,1,0,0,0.361,2,NA
"7730",62,229,1,0,1,1,1,0.353,2,NA
"7731",62,215,1,1,1,0,1,0.335,4,NA
"7732",62,201,1,2,1,1,1,0.331,5,NA
"7733",62,204,1,2,1,1,1,0.258,3,NA
"7734",62,205,1,1,1,1,1,0.714,3,NA
"7735",62,326,1,1,1,1,0,0.259,5,NA
"7736",62,327,1,2,1,0,0,1.403,1,NA
"7737",62,230,1,1,1,1,1,0.689,2,NA
"7738",62,306,1,1,1,1,0,0.44,2,NA
"7739",62,209,1,0,1,1,1,0.244,4,NA
"7740",62,323,1,1,1,1,0,0.3,5,NA
"7741",62,112,2,2,1,1,0,0.395,5,NA
"7742",62,424,2,0,1,0,1,0.7,4,NA
"7743",62,425,2,2,1,1,1,0.483,2,NA
"7744",62,107,2,2,1,0,0,0.452,3,NA
"7745",62,401,2,0,1,1,1,0.55,4,NA
"7746",62,430,2,1,1,1,1,0.589,4,NA
"7747",62,108,2,0,1,0,0,0.36,3,NA
"7748",62,409,2,2,1,1,1,0.385,5,NA
"7749",62,410,2,2,1,0,1,0.439,3,NA
"7750",62,115,2,2,1,0,0,0.365,2,NA
"7751",62,114,2,0,1,0,0,0.527,3,NA
"7752",62,104,2,0,1,1,0,0.283,1,NA
"7753",62,124,2,1,1,1,0,1.264,4,NA
"7754",62,427,2,0,1,0,1,0.296,3,NA
"7755",62,129,2,2,1,1,0,0.657,2,NA
"7756",62,404,2,2,1,1,1,0.242,5,NA
"7757",62,128,2,1,1,1,0,0.215,4,NA
"7758",62,429,2,1,1,0,1,0.3,3,NA
"7759",62,422,2,1,1,1,1,0.269,4,NA
"7760",62,110,2,1,1,0,0,0.43,1,NA
"7761",62,103,2,2,1,0,0,0.985,3,NA
"7762",62,109,2,0,1,1,0,0.681,3,NA
"7763",62,411,2,0,1,0,1,0.279,2,NA
"7764",62,127,2,1,1,1,0,0.306,4,NA
"7765",62,413,2,2,1,1,1,0.462,5,NA
"7766",62,101,2,1,1,0,0,2.065,2,NA
"7767",62,405,2,1,1,0,1,0.443,3,NA
"7768",62,407,2,0,1,0,1,0.474,1,NA
"7769",62,402,2,1,1,0,1,0.584,2,NA
"7770",62,126,2,0,1,1,0,0.4,4,NA
"7771",62,414,2,2,1,1,1,0.23,4,NA
"7772",62,120,2,0,1,0,0,0.377,3,NA
"7773",62,421,2,1,1,1,1,0.381,3,NA
"7774",62,118,2,2,1,0,0,0.47,5,NA
"7775",62,106,2,0,1,1,0,1.206,3,NA
"7776",62,102,2,1,1,0,0,1.546,2,NA
"7777",62,111,2,0,1,0,0,0.457,3,NA
"7778",62,403,2,2,1,1,1,1.05,2,NA
"7779",62,426,2,2,1,1,1,0.335,1,NA
"7780",62,125,2,2,1,0,0,0.465,3,NA
"7781",62,423,2,1,1,1,1,0.385,4,NA
"7782",62,416,2,0,1,0,1,0.809,3,NA
"7783",62,113,2,0,1,0,0,0.42,2,NA
"7784",62,116,2,1,1,1,0,0.227,1,NA
"7785",62,420,2,0,1,1,1,0.313,6,NA
"7786",62,428,2,1,1,0,1,0.276,2,NA
"7787",62,417,2,2,1,0,1,0.388,3,NA
"7788",62,105,2,1,1,1,0,0.336,2,NA
"7789",62,122,2,2,1,1,0,0.242,3,NA
"7790",62,406,2,2,1,1,1,0.572,1,NA
"7791",62,121,2,1,1,0,0,0.653,1,NA
"7792",62,130,2,2,1,1,0,0.823,1,NA
"7793",62,419,2,0,1,0,1,0.37,2,NA
"7794",62,412,2,0,1,1,1,0.234,4,NA
"7795",62,418,2,0,1,1,1,0.254,4,NA
"7796",62,117,2,0,1,0,0,2.757,1,NA
"7797",62,119,2,1,1,1,0,0.709,4,NA
"7798",62,408,2,1,1,1,1,0.352,5,NA
"7799",62,415,2,1,1,0,1,0.31,3,NA
"7800",62,123,2,2,1,1,0,0.28,3,NA
"7801",64,416,1,0,1,0,1,2.373,1,NA
"7802",64,414,1,1,1,1,1,0.074,4,NA
"7803",64,302,1,1,1,1,0,0.582,5,NA
"7804",64,410,1,0,1,1,1,2.732,6,NA
"7805",64,301,1,2,1,1,0,0.764,3,NA
"7806",64,429,1,1,1,0,1,0.675,6,NA
"7807",64,318,1,0,1,1,0,1.456,2,NA
"7808",64,408,1,2,1,1,1,0.261,5,NA
"7809",64,316,1,0,1,0,0,0.393,6,NA
"7810",64,322,1,0,1,1,0,0.457,5,NA
"7811",64,425,1,1,1,1,1,0.56,5,NA
"7812",64,305,1,0,1,1,0,0.577,6,NA
"7813",64,314,1,1,1,1,0,0.823,5,NA
"7814",64,430,1,0,1,0,1,1.217,6,NA
"7815",64,324,1,1,1,0,0,1.273,5,NA
"7816",64,323,1,2,1,0,0,0.714,5,NA
"7817",64,427,1,1,1,1,1,0.444,6,NA
"7818",64,313,1,2,1,0,0,0.747,6,NA
"7819",64,326,1,1,1,1,0,0.461,5,NA
"7820",64,401,1,2,1,1,1,0.367,5,NA
"7821",64,428,1,0,1,1,1,0.382,3,NA
"7822",64,423,1,2,1,1,1,0.297,6,NA
"7823",64,330,1,2,1,1,0,0.344,6,NA
"7824",64,419,1,2,1,1,1,0.523,5,NA
"7825",64,404,1,2,1,1,1,0.306,4,NA
"7826",64,317,1,0,1,0,0,0.661,3,NA
"7827",64,312,1,2,1,0,0,0.433,6,NA
"7828",64,417,1,0,1,1,1,0.243,5,NA
"7829",64,307,1,1,1,1,0,1.72,5,NA
"7830",64,420,1,1,1,1,1,2.072,6,NA
"7831",64,418,1,0,1,0,1,0.891,3,NA
"7832",64,325,1,2,1,1,0,0.308,6,NA
"7833",64,407,1,1,1,0,1,1.489,6,NA
"7834",64,402,1,1,1,1,1,1.323,2,NA
"7835",64,406,1,0,1,1,1,0.273,5,NA
"7836",64,320,1,1,1,0,0,0.524,5,NA
"7837",64,308,1,2,1,0,0,1.124,6,NA
"7838",64,319,1,1,1,1,0,0.746,4,NA
"7839",64,321,1,2,1,1,0,0.301,5,NA
"7840",64,426,1,1,1,0,1,0.333,6,NA
"7841",64,303,1,0,1,1,0,3.853,1,NA
"7842",64,412,1,2,1,0,1,0.344,4,NA
"7843",64,309,1,1,1,1,0,0.515,6,NA
"7844",64,327,1,1,1,1,0,0.328,5,NA
"7845",64,409,1,2,1,0,1,2.809,6,NA
"7846",64,415,1,0,1,1,1,0.8,6,NA
"7847",64,306,1,1,1,0,0,0.608,2,NA
"7848",64,421,1,1,1,1,1,0.565,4,NA
"7849",64,411,1,2,1,1,1,0.211,4,NA
"7850",64,310,1,0,1,1,0,0.263,5,NA
"7851",64,311,1,0,1,1,0,0.29,6,NA
"7852",64,413,1,0,1,1,1,0.328,6,NA
"7853",64,405,1,1,1,1,1,0.405,6,NA
"7854",64,304,1,2,1,0,0,0.822,5,NA
"7855",64,403,1,2,1,0,1,3.451,6,NA
"7856",64,329,1,0,1,1,0,0.379,3,NA
"7857",64,424,1,0,1,0,1,0.948,6,NA
"7858",64,422,1,2,1,1,1,0.595,5,NA
"7859",64,328,1,2,1,1,0,2.083,4,NA
"7860",64,315,1,0,1,0,0,0.664,5,NA
"7861",64,209,2,0,1,1,1,0.435,5,NA
"7862",64,203,2,1,1,1,1,0.253,6,NA
"7863",64,123,2,2,1,1,0,0.398,5,NA
"7864",64,102,2,0,1,0,0,0.572,5,NA
"7865",64,216,2,2,1,0,1,0.486,5,NA
"7866",64,226,2,1,1,0,1,0.454,5,NA
"7867",64,128,2,0,1,1,0,0.347,5,NA
"7868",64,218,2,1,1,0,1,0.333,3,NA
"7869",64,213,2,2,1,0,1,0.302,5,NA
"7870",64,116,2,1,1,0,0,0.761,5,NA
"7871",64,221,2,0,1,1,1,0.329,3,NA
"7872",64,130,2,0,1,1,0,0.331,4,NA
"7873",64,229,2,0,1,0,1,0.545,3,NA
"7874",64,115,2,1,1,0,0,0.361,5,NA
"7875",64,119,2,1,1,1,0,0.238,6,NA
"7876",64,125,2,0,1,0,0,0.605,5,NA
"7877",64,205,2,1,1,1,1,0.41,5,NA
"7878",64,227,2,1,1,0,1,0.273,6,NA
"7879",64,222,2,0,1,1,1,1.197,4,NA
"7880",64,106,2,1,1,0,0,0.57,5,NA
"7881",64,114,2,2,1,1,0,0.32,1,NA
"7882",64,112,2,2,1,0,0,0.295,6,NA
"7883",64,201,2,2,1,1,1,0.804,4,NA
"7884",64,111,2,0,1,0,0,0.258,5,NA
"7885",64,105,2,1,1,1,0,0.242,6,NA
"7886",64,215,2,2,1,1,1,0.279,5,NA
"7887",64,202,2,2,1,1,1,0.333,5,NA
"7888",64,212,2,0,1,1,1,0.301,5,NA
"7889",64,124,2,2,1,0,0,0.316,4,NA
"7890",64,108,2,2,1,1,0,0.42,5,NA
"7891",64,117,2,1,1,0,0,0.327,5,NA
"7892",64,101,2,2,1,1,0,3.037,1,NA
"7893",64,129,2,2,1,1,0,0.411,4,NA
"7894",64,225,2,0,1,1,1,0.34,2,NA
"7895",64,230,2,0,1,1,1,0.327,3,NA
"7896",64,219,2,0,1,0,1,0.412,3,NA
"7897",64,107,2,2,1,0,0,2.836,6,NA
"7898",64,204,2,0,1,1,1,0.354,4,NA
"7899",64,207,2,1,1,0,1,0.408,4,NA
"7900",64,217,2,1,1,0,1,0.286,5,NA
"7901",64,223,2,2,1,1,1,0.278,6,NA
"7902",64,121,2,0,1,0,0,2.211,1,NA
"7903",64,206,2,1,1,1,1,0.505,4,NA
"7904",64,104,2,0,1,0,0,1.165,3,NA
"7905",64,120,2,0,1,1,0,0.345,4,NA
"7906",64,122,2,2,1,0,0,0.311,6,NA
"7907",64,224,2,2,1,0,1,0.437,5,NA
"7908",64,208,2,1,1,1,1,0.725,1,NA
"7909",64,210,2,0,1,0,1,1.578,5,NA
"7910",64,127,2,1,1,1,0,0.791,3,NA
"7911",64,214,2,2,1,0,1,0.415,4,NA
"7912",64,113,2,1,1,0,0,0.437,5,NA
"7913",64,126,2,1,1,1,0,0.261,5,NA
"7914",64,220,2,2,1,0,1,0.826,5,NA
"7915",64,118,2,0,1,0,0,0.27,6,NA
"7916",64,109,2,2,1,1,0,0.844,6,NA
"7917",64,103,2,1,1,0,0,0.431,6,NA
"7918",64,110,2,0,1,1,0,0.995,3,NA
"7919",64,211,2,2,1,1,1,0.201,5,NA
"7920",64,228,2,1,1,1,1,0.409,5,NA
"7921",65,124,1,0,1,1,1,2.087,6,NA
"7922",65,213,1,2,1,0,0,0.646,6,NA
"7923",65,114,1,2,1,0,1,1.459,2,NA
"7924",65,116,1,0,1,1,1,0.769,5,NA
"7925",65,112,1,2,1,1,1,1.113,6,NA
"7926",65,222,1,1,1,1,0,1.364,2,NA
"7927",65,117,1,1,1,1,1,0.731,6,NA
"7928",65,121,1,2,1,1,1,2.73,3,NA
"7929",65,120,1,1,1,1,1,1.657,3,NA
"7930",65,215,1,1,1,0,0,0.423,6,NA
"7931",65,111,1,0,1,1,1,0.392,6,NA
"7932",65,123,1,2,1,1,1,0.625,6,NA
"7933",65,219,1,1,1,0,0,0.386,6,NA
"7934",65,103,1,1,1,1,1,0.875,5,NA
"7935",65,110,1,1,1,1,1,0.675,6,NA
"7936",65,220,1,2,1,0,0,0.542,6,NA
"7937",65,212,1,2,1,0,0,0.928,2,NA
"7938",65,210,1,0,1,0,0,1.291,4,NA
"7939",65,230,1,2,1,0,0,1.385,5,NA
"7940",65,204,1,0,1,1,0,1.052,4,NA
"7941",65,227,1,0,1,1,0,0.606,4,NA
"7942",65,216,1,1,1,1,0,0.486,3,NA
"7943",65,217,1,0,1,0,0,0.596,1,NA
"7944",65,119,1,0,1,1,1,0.58,5,NA
"7945",65,214,1,0,1,0,0,0.674,4,NA
"7946",65,203,1,1,1,1,0,0.614,3,NA
"7947",65,126,1,2,1,1,1,0.248,6,NA
"7948",65,115,1,1,1,1,1,0.526,6,NA
"7949",65,108,1,0,1,1,1,0.666,6,NA
"7950",65,207,1,2,1,0,0,0.577,1,NA
"7951",65,101,1,1,1,1,1,0.786,6,NA
"7952",65,209,1,2,1,0,0,0.491,3,NA
"7953",65,226,1,0,1,1,0,0.817,4,NA
"7954",65,211,1,2,1,0,0,0.471,5,NA
"7955",65,218,1,0,1,0,0,1.049,6,NA
"7956",65,221,1,1,1,0,0,0.254,3,NA
"7957",65,224,1,2,1,1,0,1.767,3,NA
"7958",65,122,1,0,1,0,1,0.644,1,NA
"7959",65,201,1,2,1,0,0,1.007,1,NA
"7960",65,225,1,2,1,1,0,0.845,1,NA
"7961",65,223,1,1,1,0,0,0.15,3,NA
"7962",65,229,1,0,1,1,0,0.623,2,NA
"7963",65,104,1,2,1,0,1,0.279,2,NA
"7964",65,106,1,1,1,1,1,0.591,6,NA
"7965",65,128,1,1,1,1,1,1.058,6,NA
"7966",65,127,1,2,1,1,1,0.308,6,NA
"7967",65,113,1,0,1,0,1,1.227,2,NA
"7968",65,118,1,2,1,1,1,0.22,3,NA
"7969",65,109,1,0,1,1,1,1.002,6,NA
"7970",65,206,1,1,1,0,0,1.455,3,NA
"7971",65,129,1,0,1,1,1,0.497,6,NA
"7972",65,102,1,2,1,1,1,0.426,4,NA
"7973",65,107,1,2,1,1,1,0.111,6,NA
"7974",65,130,1,1,1,1,1,0.376,6,NA
"7975",65,208,1,1,1,0,0,0.418,3,NA
"7976",65,105,1,0,1,0,1,0.502,4,NA
"7977",65,125,1,1,1,1,1,0.571,1,NA
"7978",65,202,1,1,1,0,0,1.225,2,NA
"7979",65,205,1,0,1,0,0,0.798,3,NA
"7980",65,228,1,0,1,1,0,0.604,3,NA
"7981",65,408,2,1,1,1,1,0.297,3,NA
"7982",65,402,2,1,1,0,1,0.938,2,NA
"7983",65,325,2,2,1,0,0,0.865,5,NA
"7984",65,406,2,2,1,1,1,1.025,3,NA
"7985",65,422,2,1,1,0,1,1.17,2,NA
"7986",65,424,2,2,1,0,1,0.546,4,NA
"7987",65,425,2,0,1,0,1,1.017,3,NA
"7988",65,306,2,1,1,1,0,0.555,2,NA
"7989",65,329,2,0,1,1,0,1.248,2,NA
"7990",65,423,2,0,1,0,1,1.332,4,NA
"7991",65,311,2,1,1,0,0,2.161,4,NA
"7992",65,404,2,2,1,1,1,0.811,3,NA
"7993",65,412,2,0,1,1,1,1.217,4,NA
"7994",65,320,2,2,1,1,0,0.472,3,NA
"7995",65,321,2,1,1,1,0,0.92,3,NA
"7996",65,307,2,0,1,0,0,0.916,4,NA
"7997",65,319,2,0,1,1,0,1.092,2,NA
"7998",65,304,2,2,1,1,0,1.192,2,NA
"7999",65,429,2,2,1,0,1,0.772,6,NA
"8000",65,324,2,2,1,0,0,1.032,1,NA
"8001",65,421,2,0,1,0,1,1.375,3,NA
"8002",65,405,2,0,1,1,1,0.864,2,NA
"8003",65,419,2,1,1,1,1,0.449,3,NA
"8004",65,305,2,0,1,0,0,1.645,3,NA
"8005",65,418,2,2,1,1,1,1.503,2,NA
"8006",65,314,2,1,1,0,0,1.547,3,NA
"8007",65,330,2,2,1,0,0,0.579,4,NA
"8008",65,317,2,1,1,0,0,0.59,2,NA
"8009",65,415,2,1,1,1,1,0.379,2,NA
"8010",65,327,2,0,1,1,0,1.003,3,NA
"8011",65,409,2,2,1,1,1,0.888,3,NA
"8012",65,410,2,2,1,0,1,0.653,2,NA
"8013",65,430,2,0,1,0,1,0.789,2,NA
"8014",65,323,2,1,1,1,0,0.399,4,NA
"8015",65,420,2,0,1,1,1,0.882,3,NA
"8016",65,313,2,1,1,0,0,0.637,4,NA
"8017",65,326,2,2,1,1,0,0.738,2,NA
"8018",65,309,2,2,1,0,0,2.151,4,NA
"8019",65,322,2,1,1,1,0,0.529,4,NA
"8020",65,303,2,1,1,1,0,0.714,3,NA
"8021",65,308,2,2,1,1,0,1.005,2,NA
"8022",65,328,2,1,1,1,0,1.638,3,NA
"8023",65,312,2,0,1,1,0,0.88,4,NA
"8024",65,413,2,1,1,1,1,0.476,6,NA
"8025",65,316,2,0,1,0,0,0.585,1,NA
"8026",65,301,2,0,1,0,0,0.545,1,NA
"8027",65,417,2,0,1,1,1,0.748,1,NA
"8028",65,428,2,1,1,1,1,0.87,1,NA
"8029",65,302,2,2,1,1,0,0.575,2,NA
"8030",65,414,2,1,1,1,1,0.518,2,NA
"8031",65,407,2,2,1,1,1,0.375,4,NA
"8032",65,403,2,0,1,0,1,0.546,2,NA
"8033",65,310,2,0,1,1,0,1.23,1,NA
"8034",65,426,2,1,1,0,1,1.249,1,NA
"8035",65,416,2,2,1,1,1,1.2,2,NA
"8036",65,411,2,1,1,1,1,0.545,2,NA
"8037",65,401,2,0,1,1,1,0.556,2,NA
"8038",65,315,2,0,1,0,0,0.757,1,NA
"8039",65,427,2,2,1,0,1,0.496,1,NA
"8040",65,318,2,2,1,1,0,0.559,2,NA
"8041",67,421,1,1,1,1,1,0.317,1,NA
"8042",67,408,1,0,1,1,1,0.847,5,NA
"8043",67,405,1,2,1,1,1,0.283,3,NA
"8044",67,428,1,0,1,1,1,0.842,6,NA
"8045",67,220,1,1,1,0,0,0.967,3,NA
"8046",67,216,1,0,1,0,0,0.912,1,NA
"8047",67,227,1,1,1,0,0,0.867,1,NA
"8048",67,201,1,0,1,0,0,1.472,1,NA
"8049",67,418,1,2,1,1,1,1.113,6,NA
"8050",67,412,1,1,1,1,1,1.264,5,NA
"8051",67,413,1,0,1,1,1,0.365,5,NA
"8052",67,425,1,2,1,1,1,0.5,3,NA
"8053",67,401,1,2,1,1,1,0.81,5,NA
"8054",67,215,1,2,1,0,0,3.008,3,NA
"8055",67,203,1,2,1,1,0,0.891,1,NA
"8056",67,210,1,0,1,0,0,0.948,1,NA
"8057",67,225,1,1,1,1,0,1.405,1,NA
"8058",67,414,1,1,1,1,1,1.775,1,NA
"8059",67,403,1,2,1,1,1,0.544,1,NA
"8060",67,415,1,1,1,1,1,0.852,1,NA
"8061",67,206,1,2,1,0,0,1.732,1,NA
"8062",67,205,1,1,1,0,0,0.571,1,NA
"8063",67,219,1,0,1,0,0,1.018,1,NA
"8064",67,223,1,0,1,1,0,0.66,3,NA
"8065",67,430,1,1,1,1,1,0.461,1,NA
"8066",67,214,1,1,1,0,0,0.685,1,NA
"8067",67,209,1,2,1,1,0,0.943,1,NA
"8068",67,409,1,0,1,0,1,0.656,1,NA
"8069",67,402,1,0,1,1,1,0.733,1,NA
"8070",67,217,1,2,1,0,0,0.745,1,NA
"8071",67,426,1,2,1,1,1,0.867,1,NA
"8072",67,208,1,2,1,0,0,0.839,1,NA
"8073",67,404,1,1,1,1,1,0.595,1,NA
"8074",67,424,1,0,1,1,1,1.199,3,NA
"8075",67,411,1,1,1,0,1,0.434,1,NA
"8076",67,222,1,0,1,1,0,0.766,1,NA
"8077",67,202,1,0,1,0,0,2.214,1,NA
"8078",67,422,1,2,1,1,1,0.865,1,NA
"8079",67,228,1,2,1,1,0,0.605,1,NA
"8080",67,211,1,0,1,1,0,0.6,1,NA
"8081",67,410,1,1,1,1,1,0.424,1,NA
"8082",67,221,1,1,1,1,0,0.578,1,NA
"8083",67,204,1,2,1,1,0,0.868,1,NA
"8084",67,427,1,2,1,1,1,2.049,1,NA
"8085",67,207,1,2,1,0,0,1.032,1,NA
"8086",67,213,1,0,1,1,0,2.412,1,NA
"8087",67,407,1,1,1,1,1,0.289,1,NA
"8088",67,218,1,2,1,0,0,1.013,1,NA
"8089",67,212,1,1,1,1,0,0.631,1,NA
"8090",67,226,1,1,1,0,0,1.736,1,NA
"8091",67,224,1,1,1,0,0,2.195,1,NA
"8092",67,229,1,0,1,1,0,0.78,1,NA
"8093",67,420,1,2,1,1,1,1.174,6,NA
"8094",67,429,1,0,1,1,1,0.883,4,NA
"8095",67,406,1,0,1,1,1,1.016,1,NA
"8096",67,416,1,2,1,1,1,0.584,1,NA
"8097",67,419,1,0,1,1,1,1.446,1,NA
"8098",67,417,1,0,1,0,1,1.616,1,NA
"8099",67,230,1,1,1,0,0,2.175,1,NA
"8100",67,423,1,1,1,1,1,1.224,1,NA
"8101",67,124,2,1,1,1,1,1.348,1,NA
"8102",67,318,2,1,1,1,0,0.894,3,NA
"8103",67,129,2,2,1,1,1,1.886,1,NA
"8104",67,305,2,2,1,1,0,0.905,4,NA
"8105",67,312,2,0,1,1,0,0.55,3,NA
"8106",67,320,2,2,1,1,0,0.566,1,NA
"8107",67,122,2,1,1,1,1,1.73,2,NA
"8108",67,120,2,2,1,0,1,0.678,1,NA
"8109",67,104,2,1,1,0,1,0.817,1,NA
"8110",67,128,2,2,1,1,1,0.916,1,NA
"8111",67,303,2,0,1,1,0,1.082,1,NA
"8112",67,309,2,1,1,1,0,0.729,2,NA
"8113",67,324,2,2,1,0,0,0.624,1,NA
"8114",67,117,2,2,1,1,1,1.306,1,NA
"8115",67,107,2,0,1,1,1,1.469,1,NA
"8116",67,316,2,1,1,0,0,0.559,1,NA
"8117",67,319,2,2,1,1,0,1.029,1,NA
"8118",67,108,2,1,1,0,1,0.795,1,NA
"8119",67,106,2,2,1,1,1,0.303,2,NA
"8120",67,123,2,1,1,1,1,0.646,3,NA
"8121",67,121,2,0,1,1,1,1.506,3,NA
"8122",67,130,2,0,1,1,1,1.232,1,NA
"8123",67,314,2,0,1,0,0,1.006,1,NA
"8124",67,315,2,0,1,1,0,1.216,1,NA
"8125",67,111,2,0,1,1,1,1.039,1,NA
"8126",67,306,2,1,1,0,0,0.918,1,NA
"8127",67,115,2,0,1,1,1,0.614,1,NA
"8128",67,310,2,2,1,0,0,1.584,1,NA
"8129",67,313,2,1,1,0,0,0.657,1,NA
"8130",67,323,2,0,1,1,0,1.411,1,NA
"8131",67,112,2,1,1,0,1,0.478,1,NA
"8132",67,330,2,1,1,1,0,0.823,1,NA
"8133",67,325,2,0,1,0,0,1.228,1,NA
"8134",67,307,2,2,1,1,0,1.835,1,NA
"8135",67,103,2,0,1,0,1,0.869,1,NA
"8136",67,116,2,1,1,1,1,0.356,1,NA
"8137",67,302,2,2,1,1,0,1.964,1,NA
"8138",67,105,2,1,1,1,1,0.744,1,NA
"8139",67,126,2,2,1,1,1,0.442,1,NA
"8140",67,322,2,0,1,1,0,0.405,1,NA
"8141",67,119,2,2,1,1,1,0.461,1,NA
"8142",67,327,2,0,1,1,0,0.861,1,NA
"8143",67,110,2,2,1,1,1,0.227,1,NA
"8144",67,311,2,2,1,0,0,0.777,1,NA
"8145",67,125,2,0,1,0,1,1.263,1,NA
"8146",67,118,2,2,1,1,1,0.738,1,NA
"8147",67,328,2,1,1,1,0,1.148,1,NA
"8148",67,113,2,1,1,1,1,0.549,6,NA
"8149",67,102,2,0,1,1,1,0.562,1,NA
"8150",67,317,2,1,1,0,0,1.36,1,NA
"8151",67,321,2,0,1,1,0,0.961,1,NA
"8152",67,326,2,0,1,0,0,0.502,1,NA
"8153",67,127,2,1,1,1,1,1.645,1,NA
"8154",67,114,2,0,1,0,1,0.568,1,NA
"8155",67,301,2,1,1,1,0,0.648,1,NA
"8156",67,304,2,1,1,0,0,0.984,1,NA
"8157",67,329,2,2,1,0,0,2.709,1,NA
"8158",67,101,2,0,1,0,1,1.563,1,NA
"8159",67,109,2,2,1,1,1,1.36,1,NA
"8160",67,308,2,2,1,0,0,1.093,2,NA
"8161",69,103,1,0,1,0,0,0.387,4,NA
"8162",69,121,1,2,1,0,0,2.337,2,NA
"8163",69,222,1,2,1,1,1,0.426,2,NA
"8164",69,223,1,2,1,0,1,2.055,4,NA
"8165",69,224,1,0,1,1,1,0.427,2,NA
"8166",69,227,1,1,1,0,1,0.288,1,NA
"8167",69,129,1,1,1,0,0,0.419,4,NA
"8168",69,208,1,0,1,0,1,0.156,2,NA
"8169",69,105,1,1,1,1,0,0.358,2,NA
"8170",69,125,1,2,1,0,0,0.246,2,NA
"8171",69,205,1,0,1,1,1,1.841,2,NA
"8172",69,117,1,1,1,0,0,0.519,2,NA
"8173",69,217,1,1,1,1,1,0.204,3,NA
"8174",69,209,1,1,1,0,1,0.199,2,NA
"8175",69,211,1,1,1,0,1,0.322,4,NA
"8176",69,109,1,0,1,1,0,0.656,2,NA
"8177",69,207,1,1,1,1,1,0.49,3,NA
"8178",69,225,1,0,1,0,1,0.088,2,NA
"8179",69,106,1,2,1,0,0,1.518,2,NA
"8180",69,128,1,1,1,0,0,0.339,2,NA
"8181",69,115,1,2,1,0,0,0.305,2,NA
"8182",69,120,1,1,1,0,0,0.273,2,NA
"8183",69,107,1,0,1,1,0,0.233,1,NA
"8184",69,213,1,2,1,1,1,0.181,3,NA
"8185",69,215,1,2,1,0,1,0.458,4,NA
"8186",69,116,1,0,1,0,0,1.295,4,NA
"8187",69,216,1,2,1,1,1,1.864,3,NA
"8188",69,102,1,0,1,0,0,0.012,2,NA
"8189",69,108,1,2,1,1,0,0.89,2,NA
"8190",69,204,1,0,1,1,1,2.129,2,NA
"8191",69,127,1,0,1,0,0,0.431,4,NA
"8192",69,230,1,0,1,1,1,0.367,2,NA
"8193",69,112,1,1,1,0,0,0.583,2,NA
"8194",69,212,1,1,1,1,1,0.37,2,NA
"8195",69,214,1,0,1,1,1,1.304,3,NA
"8196",69,126,1,0,1,0,0,0.402,2,NA
"8197",69,201,1,2,1,0,1,0.772,3,NA
"8198",69,101,1,0,1,0,0,0.438,3,NA
"8199",69,110,1,0,1,0,0,0.295,4,NA
"8200",69,210,1,0,1,0,1,0.3,3,NA
"8201",69,203,1,1,1,1,1,0.716,3,NA
"8202",69,123,1,2,1,0,0,0.364,2,NA
"8203",69,221,1,2,1,1,1,0.682,3,NA
"8204",69,113,1,2,1,1,0,0.477,3,NA
"8205",69,114,1,0,1,1,0,0.975,2,NA
"8206",69,226,1,2,1,0,1,0.328,2,NA
"8207",69,219,1,1,1,0,1,0.883,2,NA
"8208",69,229,1,0,1,0,1,0.853,3,NA
"8209",69,122,1,1,1,0,0,0.366,1,NA
"8210",69,202,1,2,1,1,1,0.425,1,NA
"8211",69,111,1,2,1,0,0,1.093,2,NA
"8212",69,220,1,2,1,0,1,0.28,6,NA
"8213",69,118,1,1,1,1,0,0.285,2,NA
"8214",69,104,1,2,1,0,0,0.451,3,NA
"8215",69,206,1,1,1,0,1,2.459,1,NA
"8216",69,228,1,0,1,1,1,0.257,2,NA
"8217",69,218,1,1,1,0,1,0.447,1,NA
"8218",69,119,1,1,1,1,0,0.907,2,NA
"8219",69,130,1,2,1,1,0,0.283,2,NA
"8220",69,124,1,1,1,0,0,0.344,1,NA
"8221",69,429,2,0,1,1,0,0.115,1,NA
"8222",69,314,2,2,1,0,1,0.478,1,NA
"8223",69,428,2,2,1,1,0,0.215,2,NA
"8224",69,422,2,0,1,1,0,1.086,1,NA
"8225",69,313,2,1,1,0,1,0.294,3,NA
"8226",69,420,2,0,1,1,0,1.742,2,NA
"8227",69,328,2,1,1,1,1,0.272,3,NA
"8228",69,310,2,1,1,0,1,0.152,2,NA
"8229",69,424,2,1,1,1,0,0.266,2,NA
"8230",69,321,2,1,1,0,1,0.371,2,NA
"8231",69,326,2,2,1,0,1,0.099,2,NA
"8232",69,411,2,2,1,0,0,0.239,2,NA
"8233",69,401,2,1,1,1,0,1.231,1,NA
"8234",69,327,2,2,1,1,1,0.278,1,NA
"8235",69,312,2,2,1,0,1,0.303,3,NA
"8236",69,412,2,2,1,0,0,0.182,2,NA
"8237",69,322,2,2,1,0,1,0.304,2,NA
"8238",69,309,2,0,1,1,1,0.308,1,NA
"8239",69,419,2,0,1,0,0,0.23,1,NA
"8240",69,430,2,0,1,0,0,0.372,1,NA
"8241",69,423,2,1,1,0,0,0.212,1,NA
"8242",69,325,2,0,1,1,1,0.253,1,NA
"8243",69,319,2,0,1,0,1,0.267,3,NA
"8244",69,402,2,1,1,1,0,0.164,2,NA
"8245",69,324,2,0,1,0,1,0.223,1,NA
"8246",69,425,2,2,1,0,0,0.256,2,NA
"8247",69,404,2,1,1,0,0,0.038,2,NA
"8248",69,418,2,2,1,1,0,0.156,3,NA
"8249",69,311,2,0,1,0,1,0.254,1,NA
"8250",69,305,2,1,1,1,1,0.257,2,NA
"8251",69,408,2,2,1,1,0,0.559,2,NA
"8252",69,407,2,1,1,0,0,0.959,1,NA
"8253",69,409,2,1,1,1,0,0.417,1,NA
"8254",69,427,2,1,1,1,0,0.464,1,NA
"8255",69,403,2,2,1,0,0,0.238,1,NA
"8256",69,330,2,2,1,1,1,0.322,2,NA
"8257",69,323,2,0,1,0,1,0.214,1,NA
"8258",69,415,2,2,1,1,0,0.436,1,NA
"8259",69,303,2,1,1,1,1,0.272,1,NA
"8260",69,306,2,2,1,0,1,0.314,1,NA
"8261",69,406,2,0,1,0,0,0.303,1,NA
"8262",69,320,2,1,1,1,1,0.309,1,NA
"8263",69,413,2,2,1,0,0,0.775,1,NA
"8264",69,416,2,2,1,0,0,1.479,3,NA
"8265",69,301,2,0,1,0,1,0.298,1,NA
"8266",69,317,2,0,1,1,1,0.617,1,NA
"8267",69,405,2,0,1,0,0,0.414,1,NA
"8268",69,410,2,0,1,1,0,0.375,1,NA
"8269",69,307,2,2,1,1,1,0.23,1,NA
"8270",69,304,2,0,1,1,1,0.273,1,NA
"8271",69,302,2,1,1,0,1,0.22,2,NA
"8272",69,417,2,0,1,0,0,0.245,1,NA
"8273",69,308,2,1,1,0,1,0.305,2,NA
"8274",69,318,2,1,1,1,1,0.448,1,NA
"8275",69,426,2,1,1,0,0,0.271,1,NA
"8276",69,421,2,1,1,1,0,0.843,1,NA
"8277",69,329,2,2,1,1,1,0.281,1,NA
"8278",69,315,2,0,1,0,1,0.496,1,NA
"8279",69,414,2,0,1,1,0,0.25,1,NA
"8280",69,316,2,2,1,0,1,0.283,1,NA
"8281",7,420,1,1,1,0,1,1.933,1,NA
"8282",7,126,1,0,1,1,0,0.409,5,NA
"8283",7,127,1,2,1,0,0,2.842,1,NA
"8284",7,412,1,1,1,0,1,2.582,3,NA
"8285",7,107,1,2,1,0,0,2.286,2,NA
"8286",7,422,1,1,1,0,1,0.855,4,NA
"8287",7,408,1,0,1,1,1,1.105,3,NA
"8288",7,404,1,0,1,0,1,3.586,2,NA
"8289",7,116,1,0,1,1,0,1.62,3,NA
"8290",7,423,1,2,1,0,1,0.709,5,NA
"8291",7,122,1,0,1,0,0,0.558,4,NA
"8292",7,108,1,1,1,1,0,3.127,3,NA
"8293",7,413,1,2,1,1,1,0.851,2,NA
"8294",7,115,1,1,1,0,0,2.598,3,NA
"8295",7,406,1,0,1,1,1,2.562,2,NA
"8296",7,121,1,1,1,1,0,4.256,2,NA
"8297",7,103,1,1,1,0,0,1.241,2,NA
"8298",7,421,1,2,1,0,1,5.592,4,NA
"8299",7,403,1,0,1,1,1,1.427,2,NA
"8300",7,102,1,0,1,0,0,2.81,1,NA
"8301",7,417,1,1,1,0,1,1.368,3,NA
"8302",7,105,1,2,1,1,0,1.154,1,NA
"8303",7,416,1,2,1,1,1,2.33,1,NA
"8304",7,428,1,2,1,0,1,0.795,3,NA
"8305",7,109,1,2,1,1,0,0.461,1,NA
"8306",7,429,1,0,1,1,1,0.508,1,NA
"8307",7,125,1,1,1,1,0,3.835,2,NA
"8308",7,110,1,2,1,0,0,3.321,3,NA
"8309",7,415,1,1,1,1,1,0.354,3,NA
"8310",7,101,1,0,1,0,0,2.36,4,NA
"8311",7,411,1,2,1,1,1,0.572,1,NA
"8312",7,118,1,1,1,0,0,1.054,1,NA
"8313",7,410,1,1,1,0,1,1.302,2,NA
"8314",7,430,1,2,1,1,1,0.794,2,NA
"8315",7,114,1,1,1,1,0,1.116,1,NA
"8316",7,424,1,1,1,1,1,1.173,5,NA
"8317",7,401,1,0,1,0,1,1.994,1,NA
"8318",7,414,1,0,1,1,1,2.446,1,NA
"8319",7,123,1,0,1,0,0,0.839,2,NA
"8320",7,129,1,1,1,1,0,1.108,2,NA
"8321",7,425,1,2,1,1,1,0.642,3,NA
"8322",7,407,1,2,1,0,1,0.649,2,NA
"8323",7,405,1,1,1,0,1,1.548,4,NA
"8324",7,112,1,0,1,0,0,1.616,1,NA
"8325",7,120,1,2,1,1,0,1.17,1,NA
"8326",7,106,1,0,1,0,0,1.055,1,NA
"8327",7,419,1,0,1,1,1,1.723,1,NA
"8328",7,426,1,0,1,0,1,2.683,1,NA
"8329",7,409,1,0,1,1,1,0.511,4,NA
"8330",7,402,1,1,1,0,1,0.723,2,NA
"8331",7,111,1,1,1,1,0,1.262,1,NA
"8332",7,124,1,0,1,1,0,0.412,1,NA
"8333",7,117,1,2,1,1,0,0.623,3,NA
"8334",7,128,1,1,1,1,0,0.558,1,NA
"8335",7,418,1,1,1,0,1,0.412,4,NA
"8336",7,113,1,0,1,0,0,1.241,4,NA
"8337",7,104,1,2,1,0,0,1.297,6,NA
"8338",7,119,1,2,1,0,0,0.857,3,NA
"8339",7,130,1,2,1,0,0,0.518,6,NA
"8340",7,427,1,2,1,1,1,0.48,1,NA
"8341",7,229,2,2,1,1,0,7.186,1,NA
"8342",7,202,2,2,1,1,0,0.92,3,NA
"8343",7,228,2,1,1,0,0,0.889,4,NA
"8344",7,329,2,0,1,0,1,0.681,4,NA
"8345",7,203,2,0,1,1,0,0.709,1,NA
"8346",7,222,2,2,1,0,0,2.404,1,NA
"8347",7,319,2,0,1,1,1,0.368,3,NA
"8348",7,209,2,1,1,1,0,1.194,1,NA
"8349",7,207,2,2,1,0,0,3.116,4,NA
"8350",7,321,2,1,1,1,1,6.09,2,NA
"8351",7,227,2,0,1,0,0,5.953,1,NA
"8352",7,308,2,0,1,0,1,2.848,2,NA
"8353",7,302,2,2,1,1,1,0.762,2,NA
"8354",7,204,2,1,1,1,0,2.493,3,NA
"8355",7,213,2,0,1,1,0,1.952,3,NA
"8356",7,318,2,1,1,1,1,2.009,1,NA
"8357",7,315,2,2,1,0,1,2.006,1,NA
"8358",7,309,2,2,1,0,1,2.329,4,NA
"8359",7,221,2,2,1,1,0,2.004,1,NA
"8360",7,206,2,0,1,0,0,1.044,4,NA
"8361",7,314,2,1,1,0,1,1.797,2,NA
"8362",7,305,2,2,1,0,1,3.044,2,NA
"8363",7,218,2,1,1,1,0,2.223,2,NA
"8364",7,320,2,2,1,1,1,0.955,1,NA
"8365",7,306,2,0,1,0,1,0.924,1,NA
"8366",7,212,2,1,1,0,0,1.268,3,NA
"8367",7,330,2,1,1,1,1,1.419,1,NA
"8368",7,312,2,0,1,1,1,0.309,4,NA
"8369",7,307,2,1,1,1,1,0.674,2,NA
"8370",7,224,2,0,1,1,0,0.993,4,NA
"8371",7,205,2,2,1,0,0,0.706,3,NA
"8372",7,326,2,0,1,1,1,0.346,3,NA
"8373",7,208,2,1,1,0,0,0.636,1,NA
"8374",7,210,2,2,1,0,0,1.152,2,NA
"8375",7,317,2,2,1,1,1,3.755,1,NA
"8376",7,313,2,1,1,0,1,0.919,4,NA
"8377",7,214,2,2,1,1,0,1.06,2,NA
"8378",7,219,2,0,1,0,0,1.233,1,NA
"8379",7,216,2,0,1,1,0,0.958,1,NA
"8380",7,327,2,1,1,1,1,3.293,1,NA
"8381",7,217,2,0,1,1,0,0.37,2,NA
"8382",7,316,2,1,1,0,1,2.241,1,NA
"8383",7,325,2,2,1,0,1,0.435,3,NA
"8384",7,301,2,2,1,1,1,0.686,1,NA
"8385",7,201,2,2,1,1,0,1.255,1,NA
"8386",7,226,2,1,1,1,0,0.753,1,NA
"8387",7,323,2,2,1,1,1,0.77,3,NA
"8388",7,324,2,0,1,0,1,1.429,1,NA
"8389",7,304,2,1,1,0,1,1.952,1,NA
"8390",7,211,2,2,1,0,0,0.459,1,NA
"8391",7,230,2,0,1,1,0,2.305,1,NA
"8392",7,328,2,2,1,1,1,0.333,1,NA
"8393",7,215,2,1,1,0,0,0.471,3,NA
"8394",7,310,2,0,1,0,1,0.692,2,NA
"8395",7,311,2,0,1,1,1,1.983,2,NA
"8396",7,220,2,1,1,0,0,0.674,2,NA
"8397",7,303,2,1,1,1,1,0.641,3,NA
"8398",7,223,2,0,1,0,0,0.668,3,NA
"8399",7,322,2,0,1,1,1,0.538,3,NA
"8400",7,225,2,1,1,0,0,1.197,1,NA
"8401",71,302,1,1,1,0,1,4.912,3,NA
"8402",71,315,1,1,1,1,1,2.087,6,NA
"8403",71,319,1,2,1,1,1,0.798,5,NA
"8404",71,307,1,0,1,0,1,1.499,4,NA
"8405",71,110,1,1,1,1,0,0.525,2,NA
"8406",71,114,1,0,1,0,0,0.513,5,NA
"8407",71,130,1,2,1,1,0,0.793,3,NA
"8408",71,310,1,0,1,1,1,0.462,2,NA
"8409",71,314,1,1,1,1,1,0.442,6,NA
"8410",71,105,1,0,1,1,0,1.274,1,NA
"8411",71,103,1,0,1,1,0,0.5,3,NA
"8412",71,301,1,0,1,0,1,0.567,3,NA
"8413",71,328,1,2,1,1,1,0.159,3,NA
"8414",71,109,1,1,1,0,0,0.025,3,NA
"8415",71,129,1,1,1,1,0,0.451,3,NA
"8416",71,306,1,1,1,1,1,0.311,4,NA
"8417",71,128,1,2,1,0,0,0.435,6,NA
"8418",71,326,1,2,1,1,1,0.589,5,NA
"8419",71,111,1,1,1,0,0,0.115,5,NA
"8420",71,126,1,0,1,1,0,0.033,4,NA
"8421",71,303,1,0,1,1,1,0.461,3,NA
"8422",71,317,1,2,1,0,1,1.405,3,NA
"8423",71,107,1,1,1,0,0,0.665,4,NA
"8424",71,124,1,2,1,1,0,0.33,6,NA
"8425",71,106,1,0,1,1,0,0.068,5,NA
"8426",71,312,1,0,1,1,1,0.821,6,NA
"8427",71,102,1,2,1,1,0,2.311,3,NA
"8428",71,308,1,2,1,0,1,0.164,3,NA
"8429",71,125,1,2,1,0,0,0.793,6,NA
"8430",71,305,1,1,1,0,1,2.146,5,NA
"8431",71,115,1,1,1,1,0,0.881,3,NA
"8432",71,311,1,1,1,1,1,0.023,5,NA
"8433",71,309,1,2,1,1,1,0.571,6,NA
"8434",71,318,1,0,1,0,1,0.703,4,NA
"8435",71,108,1,1,1,1,0,0.942,3,NA
"8436",71,121,1,2,1,1,0,2.833,3,NA
"8437",71,113,1,1,1,1,0,1.156,3,NA
"8438",71,323,1,0,1,1,1,2.344,2,NA
"8439",71,116,1,0,1,1,0,0.487,3,NA
"8440",71,322,1,0,1,0,1,0.403,4,NA
"8441",71,325,1,1,1,1,1,0.705,3,NA
"8442",71,101,1,2,1,0,0,2.751,6,NA
"8443",71,119,1,0,1,1,0,0.635,6,NA
"8444",71,117,1,1,1,1,0,0.539,4,NA
"8445",71,320,1,2,1,1,1,0.485,6,NA
"8446",71,316,1,1,1,1,1,0.508,2,NA
"8447",71,127,1,2,1,1,0,0.457,5,NA
"8448",71,118,1,0,1,0,0,0.656,3,NA
"8449",71,313,1,2,1,1,1,0.404,5,NA
"8450",71,122,1,2,1,1,0,2.662,3,NA
"8451",71,120,1,0,1,0,0,0.435,4,NA
"8452",71,104,1,0,1,1,0,2.392,4,NA
"8453",71,304,1,2,1,1,1,1.542,6,NA
"8454",71,330,1,1,1,1,1,0.001,2,NA
"8455",71,321,1,0,1,1,1,1.042,4,NA
"8456",71,112,1,1,1,1,0,0.712,6,NA
"8457",71,327,1,1,1,1,1,1.281,3,NA
"8458",71,123,1,2,1,0,0,1.184,5,NA
"8459",71,324,1,2,1,1,1,0.827,5,NA
"8460",71,329,1,0,1,1,1,0.438,5,NA
"8461",71,228,2,0,1,1,1,1.98,6,NA
"8462",71,212,2,1,1,1,1,0.293,3,NA
"8463",71,404,2,0,1,1,0,0.789,4,NA
"8464",71,423,2,2,1,0,0,1.536,3,NA
"8465",71,407,2,0,1,0,0,0.472,4,NA
"8466",71,426,2,1,1,1,0,0.303,4,NA
"8467",71,410,2,0,1,1,0,0.757,5,NA
"8468",71,205,2,1,1,0,1,0.392,6,NA
"8469",71,413,2,1,1,1,0,0.625,2,NA
"8470",71,201,2,0,1,0,1,0.325,4,NA
"8471",71,421,2,1,1,1,0,2.129,6,NA
"8472",71,425,2,2,1,1,0,0.351,4,NA
"8473",71,418,2,1,1,1,0,0.516,3,NA
"8474",71,419,2,0,1,1,0,0.42,5,NA
"8475",71,225,2,1,1,1,1,0.405,3,NA
"8476",71,214,2,2,1,1,1,0.38,5,NA
"8477",71,429,2,0,1,1,0,0.352,4,NA
"8478",71,411,2,2,1,0,0,0.504,3,NA
"8479",71,414,2,2,1,1,0,0.791,2,NA
"8480",71,224,2,2,1,1,1,0.543,6,NA
"8481",71,209,2,0,1,1,1,0.504,3,NA
"8482",71,422,2,1,1,0,0,0.51,3,NA
"8483",71,217,2,1,1,0,1,0.423,3,NA
"8484",71,220,2,2,1,1,1,0.444,5,NA
"8485",71,204,2,1,1,1,1,0.57,3,NA
"8486",71,213,2,0,1,1,1,0.29,3,NA
"8487",71,207,2,2,1,1,1,0.68,5,NA
"8488",71,405,2,2,1,1,0,0.431,2,NA
"8489",71,219,2,0,1,0,1,0.697,4,NA
"8490",71,222,2,2,1,1,1,0.393,4,NA
"8491",71,403,2,1,1,1,0,0.699,4,NA
"8492",71,211,2,1,1,1,1,0.529,3,NA
"8493",71,401,2,2,1,0,0,0.865,3,NA
"8494",71,221,2,2,1,1,1,0.464,3,NA
"8495",71,227,2,0,1,0,1,0.828,3,NA
"8496",71,417,2,1,1,1,0,0.427,4,NA
"8497",71,409,2,2,1,1,0,2.837,4,NA
"8498",71,215,2,2,1,0,1,0.354,6,NA
"8499",71,428,2,2,1,1,0,1.336,2,NA
"8500",71,412,2,2,1,1,0,0.291,2,NA
"8501",71,210,2,2,1,1,1,0.458,4,NA
"8502",71,218,2,0,1,1,1,0.984,5,NA
"8503",71,216,2,1,1,0,1,0.378,3,NA
"8504",71,402,2,0,1,1,0,0.403,4,NA
"8505",71,415,2,1,1,0,0,0.758,3,NA
"8506",71,416,2,1,1,1,0,0.381,3,NA
"8507",71,206,2,0,1,1,1,0.42,2,NA
"8508",71,408,2,0,1,1,0,0.6,5,NA
"8509",71,203,2,0,1,1,1,0.398,4,NA
"8510",71,230,2,1,1,1,1,0.385,6,NA
"8511",71,226,2,0,1,0,1,0.283,5,NA
"8512",71,430,2,1,1,1,0,1.683,2,NA
"8513",71,424,2,0,1,0,0,0.382,2,NA
"8514",71,427,2,0,1,1,0,0.353,3,NA
"8515",71,420,2,0,1,1,0,0.593,5,NA
"8516",71,202,2,2,1,1,1,0.28,6,NA
"8517",71,208,2,1,1,1,1,0.672,1,NA
"8518",71,229,2,1,1,1,1,0.388,6,NA
"8519",71,406,2,2,1,0,0,0.338,6,NA
"8520",71,223,2,2,1,1,1,0.423,4,NA
"8521",72,305,1,2,1,1,1,0.853,6,NA
"8522",72,405,1,2,1,0,0,1.307,1,NA
"8523",72,408,1,1,1,0,0,2.283,1,NA
"8524",72,307,1,0,1,1,1,0.593,6,NA
"8525",72,410,1,2,1,1,0,2.848,2,NA
"8526",72,306,1,1,1,1,1,0.313,6,NA
"8527",72,409,1,2,1,0,0,0.879,6,NA
"8528",72,320,1,2,1,1,1,0.374,6,NA
"8529",72,322,1,1,1,1,1,0.542,6,NA
"8530",72,317,1,0,1,1,1,0.599,6,NA
"8531",72,402,1,0,1,0,0,0.571,1,NA
"8532",72,311,1,1,1,1,1,0.583,6,NA
"8533",72,319,1,2,1,1,1,0.421,6,NA
"8534",72,314,1,0,1,1,1,0.837,6,NA
"8535",72,310,1,1,1,1,1,0.65,6,NA
"8536",72,325,1,2,1,1,1,0.528,6,NA
"8537",72,308,1,1,1,1,1,0.8,6,NA
"8538",72,422,1,2,1,0,0,0.699,1,NA
"8539",72,416,1,1,1,0,0,0.794,1,NA
"8540",72,430,1,0,1,1,0,0.38,4,NA
"8541",72,428,1,2,1,0,0,1.882,2,NA
"8542",72,401,1,1,1,0,0,0.398,2,NA
"8543",72,412,1,0,1,1,0,1.516,1,NA
"8544",72,419,1,0,1,1,0,0.335,3,NA
"8545",72,421,1,1,1,1,0,0.308,2,NA
"8546",72,328,1,0,1,1,1,0.293,5,NA
"8547",72,403,1,1,1,1,0,1.059,4,NA
"8548",72,404,1,0,1,0,0,2.175,2,NA
"8549",72,301,1,2,1,1,1,0.358,6,NA
"8550",72,313,1,0,1,1,1,0.381,6,NA
"8551",72,414,1,2,1,1,0,0.555,1,NA
"8552",72,304,1,1,1,1,1,0.333,5,NA
"8553",72,302,1,0,1,0,1,1.167,4,NA
"8554",72,429,1,1,1,0,0,0.623,6,NA
"8555",72,330,1,2,1,1,1,0.254,5,NA
"8556",72,329,1,0,1,1,1,0.575,6,NA
"8557",72,309,1,2,1,1,1,0.331,6,NA
"8558",72,427,1,0,1,0,0,3.412,1,NA
"8559",72,315,1,1,1,1,1,0.302,5,NA
"8560",72,327,1,1,1,1,1,0.287,6,NA
"8561",72,326,1,2,1,1,1,0.301,6,NA
"8562",72,426,1,2,1,0,0,1.555,6,NA
"8563",72,411,1,0,1,1,0,0.396,4,NA
"8564",72,420,1,2,1,1,0,0.552,3,NA
"8565",72,323,1,2,1,1,1,0.357,6,NA
"8566",72,303,1,2,1,1,1,0.37,6,NA
"8567",72,407,1,0,1,1,0,0.502,4,NA
"8568",72,406,1,1,1,0,0,1.781,2,NA
"8569",72,324,1,0,1,1,1,0.715,6,NA
"8570",72,423,1,0,1,0,0,1.584,3,NA
"8571",72,425,1,1,1,0,0,0.291,1,NA
"8572",72,413,1,1,1,1,0,5.079,1,NA
"8573",72,316,1,0,1,1,1,0.27,6,NA
"8574",72,418,1,0,1,0,0,1.367,3,NA
"8575",72,312,1,1,1,1,1,0.347,6,NA
"8576",72,424,1,1,1,0,0,1.281,2,NA
"8577",72,417,1,2,1,1,0,0.338,3,NA
"8578",72,321,1,0,1,1,1,0.263,6,NA
"8579",72,318,1,1,1,1,1,0.244,6,NA
"8580",72,415,1,2,1,1,0,0.418,3,NA
"8581",72,127,2,2,1,1,0,0.643,1,NA
"8582",72,217,2,2,1,1,1,0.338,3,NA
"8583",72,206,2,2,1,0,1,0.502,4,NA
"8584",72,114,2,0,1,0,0,0.593,4,NA
"8585",72,202,2,1,1,1,1,0.306,3,NA
"8586",72,215,2,0,1,0,1,0.251,4,NA
"8587",72,105,2,0,1,0,0,0.263,2,NA
"8588",72,101,2,2,1,0,0,0.729,3,NA
"8589",72,230,2,0,1,1,1,1.413,2,NA
"8590",72,109,2,0,1,1,0,0.952,1,NA
"8591",72,203,2,1,1,1,1,0.309,4,NA
"8592",72,212,2,0,1,1,1,0.275,1,NA
"8593",72,208,2,1,1,0,1,0.304,3,NA
"8594",72,118,2,0,1,0,0,0.321,5,NA
"8595",72,117,2,0,1,1,0,0.23,4,NA
"8596",72,102,2,2,1,0,0,0.303,5,NA
"8597",72,115,2,1,1,1,0,1.747,3,NA
"8598",72,219,2,0,1,0,1,0.325,3,NA
"8599",72,121,2,1,1,1,0,0.253,4,NA
"8600",72,218,2,1,1,1,1,0.361,5,NA
"8601",72,113,2,1,1,0,0,2.348,2,NA
"8602",72,228,2,2,1,1,1,1.406,1,NA
"8603",72,216,2,0,1,0,1,0.432,2,NA
"8604",72,128,2,1,1,1,0,0.816,5,NA
"8605",72,107,2,2,1,1,0,1.087,3,NA
"8606",72,130,2,1,1,1,0,0.29,3,NA
"8607",72,209,2,2,1,0,1,1.179,1,NA
"8608",72,122,2,2,1,1,0,0.712,2,NA
"8609",72,204,2,2,1,1,1,0.681,3,NA
"8610",72,226,2,1,1,0,1,0.419,2,NA
"8611",72,205,2,2,1,1,1,0.283,4,NA
"8612",72,119,2,2,1,1,0,0.609,3,NA
"8613",72,229,2,0,1,1,1,0.276,4,NA
"8614",72,224,2,1,1,1,1,1.036,4,NA
"8615",72,126,2,1,1,0,0,0.658,1,NA
"8616",72,129,2,1,1,1,0,0.304,2,NA
"8617",72,123,2,0,1,1,0,0.316,5,NA
"8618",72,110,2,0,1,1,0,2.725,3,NA
"8619",72,111,2,2,1,1,0,0.579,1,NA
"8620",72,225,2,2,1,0,1,0.961,2,NA
"8621",72,207,2,2,1,1,1,0.037,4,NA
"8622",72,125,2,0,1,1,0,2.121,4,NA
"8623",72,124,2,2,1,1,0,0.314,3,NA
"8624",72,120,2,0,1,0,0,0.31,2,NA
"8625",72,214,2,2,1,1,1,0.282,5,NA
"8626",72,103,2,0,1,0,0,0.274,5,NA
"8627",72,213,2,0,1,1,1,0.349,5,NA
"8628",72,211,2,0,1,1,1,1.199,3,NA
"8629",72,227,2,1,1,1,1,1.529,1,NA
"8630",72,201,2,2,1,1,1,0.429,5,NA
"8631",72,116,2,2,1,0,0,1.506,2,NA
"8632",72,112,2,2,1,1,0,0.236,6,NA
"8633",72,108,2,1,1,0,0,0.306,3,NA
"8634",72,220,2,0,1,0,1,2.01,1,NA
"8635",72,221,2,1,1,1,1,0.558,2,NA
"8636",72,210,2,0,1,1,1,0.348,2,NA
"8637",72,106,2,1,1,1,0,1.752,1,NA
"8638",72,104,2,1,1,1,0,0.743,2,NA
"8639",72,222,2,1,1,1,1,0.519,4,NA
"8640",72,223,2,1,1,1,1,0.508,5,NA
"8641",73,118,1,0,1,0,1,0.281,2,NA
"8642",73,117,1,0,1,0,1,0.788,5,NA
"8643",73,313,1,1,1,1,0,0.767,3,NA
"8644",73,302,1,2,1,0,0,0.813,2,NA
"8645",73,129,1,1,1,0,1,0.671,2,NA
"8646",73,308,1,0,1,0,0,0.506,2,NA
"8647",73,110,1,1,1,1,1,0.533,5,NA
"8648",73,317,1,2,1,1,0,0.832,4,NA
"8649",73,122,1,2,1,1,1,0.665,3,NA
"8650",73,311,1,1,1,1,0,0.755,2,NA
"8651",73,324,1,2,1,1,0,1.276,2,NA
"8652",73,301,1,0,1,1,0,0.493,5,NA
"8653",73,309,1,2,1,0,0,0.731,5,NA
"8654",73,116,1,0,1,1,1,1.186,4,NA
"8655",73,318,1,1,1,0,0,0.543,5,NA
"8656",73,120,1,1,1,1,1,0.764,1,NA
"8657",73,304,1,0,1,0,0,0.628,2,NA
"8658",73,105,1,2,1,1,1,0.634,5,NA
"8659",73,322,1,0,1,1,0,0.659,4,NA
"8660",73,111,1,1,1,1,1,0.435,4,NA
"8661",73,104,1,0,1,1,1,0.693,3,NA
"8662",73,312,1,1,1,0,0,0.733,3,NA
"8663",73,119,1,1,1,1,1,0.598,4,NA
"8664",73,124,1,0,1,1,1,0.558,3,NA
"8665",73,102,1,2,1,1,1,0.622,4,NA
"8666",73,106,1,2,1,1,1,0.661,5,NA
"8667",73,329,1,2,1,0,0,0.54,3,NA
"8668",73,101,1,2,1,0,1,1.27,3,NA
"8669",73,327,1,0,1,1,0,0.63,2,NA
"8670",73,310,1,1,1,1,0,0.602,4,NA
"8671",73,123,1,1,1,1,1,0.549,4,NA
"8672",73,321,1,0,1,1,0,2.304,4,NA
"8673",73,323,1,2,1,0,0,0.569,6,NA
"8674",73,325,1,1,1,0,0,0.541,3,NA
"8675",73,130,1,1,1,1,1,0.603,3,NA
"8676",73,127,1,0,1,0,1,0.533,5,NA
"8677",73,319,1,1,1,1,0,0.599,4,NA
"8678",73,330,1,0,1,1,0,0.594,2,NA
"8679",73,115,1,1,1,1,1,0.365,5,NA
"8680",73,307,1,2,1,0,0,0.448,3,NA
"8681",73,306,1,2,1,1,0,0.555,4,NA
"8682",73,126,1,1,1,1,1,0.342,1,NA
"8683",73,315,1,1,1,0,0,0.52,5,NA
"8684",73,113,1,2,1,1,1,0.332,5,NA
"8685",73,303,1,0,1,1,0,0.324,2,NA
"8686",73,108,1,2,1,1,1,0.401,5,NA
"8687",73,121,1,0,1,1,1,3.589,4,NA
"8688",73,125,1,0,1,0,1,0.578,6,NA
"8689",73,314,1,1,1,1,0,1.155,4,NA
"8690",73,114,1,2,1,1,1,0.437,5,NA
"8691",73,128,1,1,1,0,1,0.545,6,NA
"8692",73,103,1,2,1,0,1,0.528,6,NA
"8693",73,328,1,0,1,1,0,0.563,2,NA
"8694",73,107,1,2,1,1,1,0.334,2,NA
"8695",73,112,1,0,1,1,1,0.619,2,NA
"8696",73,320,1,2,1,1,0,0.36,3,NA
"8697",73,109,1,0,1,1,1,0.454,2,NA
"8698",73,305,1,0,1,1,0,0.501,2,NA
"8699",73,326,1,1,1,0,0,0.537,2,NA
"8700",73,316,1,2,1,1,0,0.376,1,NA
"8701",73,405,2,1,1,0,0,0.478,3,NA
"8702",73,214,2,0,1,1,1,0.092,4,NA
"8703",73,207,2,2,1,0,1,0.601,3,NA
"8704",73,205,2,0,1,0,1,0.523,4,NA
"8705",73,419,2,2,1,1,0,0.62,3,NA
"8706",73,224,2,1,1,1,1,0.499,5,NA
"8707",73,404,2,0,1,1,0,0.695,3,NA
"8708",73,411,2,0,1,1,0,0.597,3,NA
"8709",73,222,2,2,1,0,1,0.405,2,NA
"8710",73,206,2,1,1,1,1,0.583,2,NA
"8711",73,426,2,2,1,0,0,1.347,2,NA
"8712",73,228,2,2,1,1,1,0.457,4,NA
"8713",73,203,2,0,1,1,1,0.424,3,NA
"8714",73,427,2,2,1,1,0,0.278,3,NA
"8715",73,211,2,0,1,0,1,0.452,2,NA
"8716",73,413,2,1,1,1,0,0.486,4,NA
"8717",73,423,2,1,1,1,0,0.473,4,NA
"8718",73,221,2,1,1,1,1,0.636,5,NA
"8719",73,421,2,1,1,0,0,0.556,3,NA
"8720",73,215,2,2,1,0,1,0.621,3,NA
"8721",73,417,2,2,1,1,0,0.503,4,NA
"8722",73,204,2,1,1,1,1,0.439,6,NA
"8723",73,410,2,0,1,1,0,0.499,3,NA
"8724",73,409,2,0,1,0,0,0.806,4,NA
"8725",73,408,2,0,1,1,0,0.487,4,NA
"8726",73,218,2,0,1,1,1,0.397,3,NA
"8727",73,416,2,1,1,1,0,0.509,3,NA
"8728",73,220,2,2,1,1,1,0.588,3,NA
"8729",73,422,2,2,1,1,0,0.441,3,NA
"8730",73,208,2,1,1,1,1,0.333,4,NA
"8731",73,230,2,2,1,1,1,0.488,2,NA
"8732",73,412,2,1,1,1,0,0.454,3,NA
"8733",73,227,2,0,1,1,1,0.488,4,NA
"8734",73,406,2,1,1,1,0,0.415,2,NA
"8735",73,226,2,0,1,1,1,0.896,4,NA
"8736",73,217,2,2,1,1,1,0.71,5,NA
"8737",73,420,2,2,1,0,0,0.462,1,NA
"8738",73,229,2,2,1,1,1,0.499,5,NA
"8739",73,212,2,1,1,1,1,0.467,5,NA
"8740",73,414,2,0,1,0,0,0.442,2,NA
"8741",73,429,2,2,1,0,0,0.578,4,NA
"8742",73,407,2,0,1,1,0,0.398,4,NA
"8743",73,430,2,1,1,1,0,0.507,3,NA
"8744",73,402,2,2,1,1,0,0.398,3,NA
"8745",73,216,2,1,1,0,1,0.585,4,NA
"8746",73,209,2,0,1,1,1,0.508,2,NA
"8747",73,403,2,2,1,1,0,0.5,2,NA
"8748",73,210,2,0,1,1,1,0.345,4,NA
"8749",73,401,2,1,1,1,0,0.389,2,NA
"8750",73,223,2,2,1,1,1,0.402,4,NA
"8751",73,424,2,2,1,1,0,0.362,3,NA
"8752",73,219,2,2,1,1,1,0.462,2,NA
"8753",73,201,2,1,1,1,1,0.488,5,NA
"8754",73,213,2,1,1,1,1,0.397,4,NA
"8755",73,418,2,0,1,0,0,0.573,3,NA
"8756",73,202,2,1,1,1,1,0.297,3,NA
"8757",73,425,2,0,1,1,0,0.386,2,NA
"8758",73,225,2,0,1,0,1,0.387,5,NA
"8759",73,428,2,1,1,1,0,0.347,4,NA
"8760",73,415,2,0,1,1,0,0.319,3,NA
"8761",74,123,1,2,1,1,1,0.503,5,NA
"8762",74,415,1,1,1,1,0,0.982,3,NA
"8763",74,426,1,1,1,1,0,0.961,3,NA
"8764",74,125,1,2,1,1,1,0.951,5,NA
"8765",74,114,1,1,1,0,1,1.233,2,NA
"8766",74,405,1,0,1,1,0,4.363,2,NA
"8767",74,106,1,0,1,1,1,0.365,6,NA
"8768",74,105,1,2,1,0,1,0.283,2,NA
"8769",74,407,1,1,1,0,0,0.352,2,NA
"8770",74,417,1,0,1,0,0,0.489,2,NA
"8771",74,425,1,2,1,1,0,2.248,3,NA
"8772",74,115,1,0,1,1,1,1.047,3,NA
"8773",74,427,1,0,1,1,0,2.009,2,NA
"8774",74,428,1,0,1,0,0,2.423,2,NA
"8775",74,129,1,1,1,1,1,0.916,5,NA
"8776",74,101,1,2,1,1,1,0.256,6,NA
"8777",74,130,1,0,1,1,1,0.451,5,NA
"8778",74,429,1,1,1,1,0,1.087,3,NA
"8779",74,418,1,2,1,1,0,1.426,3,NA
"8780",74,122,1,1,1,1,1,0.773,6,NA
"8781",74,414,1,2,1,0,0,1.297,3,NA
"8782",74,102,1,0,1,1,1,1.715,3,NA
"8783",74,103,1,1,1,1,1,1.363,6,NA
"8784",74,104,1,0,1,1,1,1.509,2,NA
"8785",74,112,1,1,1,0,1,1.099,2,NA
"8786",74,402,1,2,1,0,0,2.744,2,NA
"8787",74,420,1,2,1,1,0,3.207,1,NA
"8788",74,116,1,2,1,1,1,2.423,1,NA
"8789",74,422,1,1,1,1,0,1.232,2,NA
"8790",74,404,1,0,1,1,0,1.653,3,NA
"8791",74,121,1,1,1,1,1,0.651,4,NA
"8792",74,403,1,0,1,1,0,1.081,3,NA
"8793",74,408,1,0,1,1,0,1.404,4,NA
"8794",74,126,1,1,1,0,1,1.22,2,NA
"8795",74,430,1,2,1,1,0,3.195,3,NA
"8796",74,401,1,1,1,0,0,2.275,3,NA
"8797",74,421,1,1,1,1,0,2.332,3,NA
"8798",74,423,1,2,1,1,0,5.38,2,NA
"8799",74,424,1,0,1,0,0,1.904,1,NA
"8800",74,111,1,0,1,1,1,4.012,5,NA
"8801",74,119,1,2,1,1,1,2.717,5,NA
"8802",74,110,1,0,1,1,1,5.92,4,NA
"8803",74,128,1,1,1,1,1,3.236,4,NA
"8804",74,413,1,0,1,1,0,0.964,5,NA
"8805",74,410,1,2,1,1,0,0.77,5,NA
"8806",74,113,1,1,1,1,1,3.388,3,NA
"8807",74,412,1,1,1,0,0,1.511,3,NA
"8808",74,411,1,1,1,0,0,1.836,1,NA
"8809",74,108,1,1,1,1,1,1.154,4,NA
"8810",74,419,1,1,1,1,0,4.294,2,NA
"8811",74,118,1,2,1,0,1,2.734,1,NA
"8812",74,109,1,0,1,0,1,7.246,2,NA
"8813",74,409,1,0,1,0,0,1.382,2,NA
"8814",74,107,1,0,1,1,1,2.561,3,NA
"8815",74,406,1,2,1,0,0,1.866,2,NA
"8816",74,416,1,2,1,0,0,3.443,1,NA
"8817",74,127,1,2,1,1,1,1.844,4,NA
"8818",74,124,1,0,1,0,1,3.152,2,NA
"8819",74,117,1,2,1,1,1,1.079,3,NA
"8820",74,120,1,2,1,0,1,2.679,3,NA
"8821",74,209,2,0,1,1,1,0.395,2,NA
"8822",74,321,2,2,1,1,0,1.494,2,NA
"8823",74,214,2,0,1,1,1,0.632,3,NA
"8824",74,222,2,1,1,0,1,0.991,2,NA
"8825",74,230,2,1,1,0,1,1.042,1,NA
"8826",74,218,2,0,1,1,1,0.95,3,NA
"8827",74,309,2,0,1,0,0,0.43,2,NA
"8828",74,327,2,0,1,0,0,0.794,1,NA
"8829",74,324,2,2,1,0,0,0.947,2,NA
"8830",74,318,2,0,1,1,0,0.873,3,NA
"8831",74,325,2,2,1,1,0,0.916,5,NA
"8832",74,223,2,1,1,0,1,1.063,2,NA
"8833",74,212,2,2,1,1,1,1.311,2,NA
"8834",74,208,2,0,1,0,1,0.846,1,NA
"8835",74,210,2,2,1,0,1,0.543,3,NA
"8836",74,316,2,1,1,0,0,0.603,1,NA
"8837",74,320,2,1,1,0,0,0.99,2,NA
"8838",74,303,2,1,1,1,0,0.967,1,NA
"8839",74,225,2,2,1,1,1,0.92,2,NA
"8840",74,311,2,1,1,0,0,0.535,1,NA
"8841",74,203,2,0,1,1,1,0.668,1,NA
"8842",74,315,2,2,1,0,0,1.508,2,NA
"8843",74,202,2,1,1,1,1,0.895,4,NA
"8844",74,330,2,0,1,0,0,0.529,1,NA
"8845",74,206,2,2,1,0,1,0.459,2,NA
"8846",74,219,2,2,1,0,1,1.31,1,NA
"8847",74,323,2,1,1,1,0,3.505,2,NA
"8848",74,307,2,0,1,0,0,0.605,2,NA
"8849",74,312,2,2,1,1,0,1.259,4,NA
"8850",74,224,2,1,1,1,1,0.26,2,NA
"8851",74,201,2,0,1,0,1,1.087,1,NA
"8852",74,302,2,0,1,0,0,0.127,1,NA
"8853",74,229,2,1,1,1,1,0.907,4,NA
"8854",74,221,2,0,1,0,1,0.744,1,NA
"8855",74,228,2,2,1,1,1,0.83,5,NA
"8856",74,213,2,0,1,1,1,0.858,4,NA
"8857",74,310,2,1,1,1,0,0.622,1,NA
"8858",74,322,2,1,1,1,0,1.826,3,NA
"8859",74,306,2,2,1,0,0,0.561,1,NA
"8860",74,317,2,1,1,1,0,0.568,2,NA
"8861",74,313,2,2,1,0,0,3.239,6,NA
"8862",74,305,2,2,1,0,0,2.187,2,NA
"8863",74,301,2,0,1,1,0,0.482,2,NA
"8864",74,207,2,2,1,0,1,3.927,2,NA
"8865",74,328,2,2,1,1,0,0.57,2,NA
"8866",74,226,2,1,1,1,1,0.908,1,NA
"8867",74,329,2,0,1,0,0,0.809,1,NA
"8868",74,211,2,1,1,1,1,1.098,3,NA
"8869",74,216,2,0,1,1,1,2.604,2,NA
"8870",74,215,2,2,1,0,1,0.592,3,NA
"8871",74,220,2,0,1,0,1,6.299,2,NA
"8872",74,304,2,2,1,1,0,0.985,2,NA
"8873",74,217,2,1,1,1,1,0.37,1,NA
"8874",74,204,2,2,1,0,1,0.472,2,NA
"8875",74,319,2,0,1,0,0,1.124,1,NA
"8876",74,227,2,1,1,1,1,2.088,2,NA
"8877",74,314,2,0,1,1,0,1.696,3,NA
"8878",74,326,2,1,1,1,0,0.532,2,NA
"8879",74,205,2,2,1,0,1,0.346,1,NA
"8880",74,308,2,1,1,1,0,3.513,1,NA
"8881",75,223,1,0,1,0,1,1.39,3,NA
"8882",75,324,1,1,1,0,0,2.502,1,NA
"8883",75,208,1,1,1,1,1,0.664,1,NA
"8884",75,218,1,2,1,1,1,1.928,1,NA
"8885",75,205,1,2,1,1,1,1.035,3,NA
"8886",75,215,1,1,1,0,1,1.116,1,NA
"8887",75,329,1,2,1,0,0,0.294,1,NA
"8888",75,301,1,2,1,0,0,1.282,1,NA
"8889",75,318,1,2,1,1,0,0.686,5,NA
"8890",75,323,1,1,1,1,0,0.727,3,NA
"8891",75,327,1,0,1,1,0,1.324,5,NA
"8892",75,307,1,1,1,1,0,0.856,1,NA
"8893",75,302,1,1,1,1,0,0.892,1,NA
"8894",75,228,1,0,1,1,1,1.194,2,NA
"8895",75,312,1,2,1,0,0,1.338,3,NA
"8896",75,214,1,1,1,0,1,0.989,2,NA
"8897",75,216,1,0,1,1,1,0.546,3,NA
"8898",75,306,1,0,1,0,0,4.809,1,NA
"8899",75,317,1,0,1,0,0,0.375,1,NA
"8900",75,209,1,2,1,1,1,0.346,5,NA
"8901",75,304,1,0,1,0,0,3.674,6,NA
"8902",75,207,1,1,1,1,1,1.057,6,NA
"8903",75,219,1,0,1,0,1,4.574,1,NA
"8904",75,226,1,2,1,1,1,0.481,1,NA
"8905",75,308,1,0,1,1,0,0.77,3,NA
"8906",75,204,1,0,1,1,1,0.934,3,NA
"8907",75,310,1,1,1,1,0,0.429,1,NA
"8908",75,309,1,2,1,1,0,1.907,5,NA
"8909",75,213,1,2,1,0,1,0.609,1,NA
"8910",75,211,1,1,1,0,1,1.574,1,NA
"8911",75,229,1,2,1,1,1,0.803,1,NA
"8912",75,210,1,0,1,0,1,1.837,1,NA
"8913",75,212,1,1,1,1,1,0.365,5,NA
"8914",75,316,1,2,1,1,0,1.37,1,NA
"8915",75,201,1,1,1,0,1,0.984,5,NA
"8916",75,224,1,1,1,0,1,1.696,1,NA
"8917",75,222,1,2,1,0,1,0.395,1,NA
"8918",75,203,1,0,1,1,1,0.962,1,NA
"8919",75,225,1,2,1,0,1,0.836,1,NA
"8920",75,319,1,0,1,0,0,0.384,1,NA
"8921",75,330,1,2,1,1,0,0.61,1,NA
"8922",75,325,1,2,1,1,0,0.368,1,NA
"8923",75,313,1,0,1,1,0,2.089,1,NA
"8924",75,220,1,1,1,1,1,1.283,1,NA
"8925",75,221,1,2,1,1,1,0.32,1,NA
"8926",75,322,1,1,1,1,0,0.562,4,NA
"8927",75,202,1,0,1,1,1,0.446,5,NA
"8928",75,314,1,0,1,0,0,0.721,3,NA
"8929",75,217,1,1,1,1,1,0.426,2,NA
"8930",75,305,1,0,1,0,0,0.6,5,NA
"8931",75,321,1,1,1,0,0,0.831,6,NA
"8932",75,311,1,2,1,1,0,2.19,5,NA
"8933",75,328,1,1,1,1,0,0.449,2,NA
"8934",75,315,1,0,1,1,0,0.577,1,NA
"8935",75,303,1,1,1,1,0,0.505,2,NA
"8936",75,320,1,2,1,1,0,0.319,2,NA
"8937",75,227,1,0,1,0,1,1.561,1,NA
"8938",75,230,1,0,1,1,1,1.883,4,NA
"8939",75,326,1,1,1,0,0,1.981,1,NA
"8940",75,206,1,2,1,1,1,0.673,1,NA
"8941",75,103,2,1,1,1,1,0.739,2,NA
"8942",75,424,2,2,1,1,0,0.693,6,NA
"8943",75,420,2,1,1,1,0,1.997,1,NA
"8944",75,428,2,0,1,0,0,2.34,1,NA
"8945",75,422,2,2,1,1,0,0.507,1,NA
"8946",75,113,2,0,1,0,1,1.053,3,NA
"8947",75,128,2,1,1,0,1,1.973,6,NA
"8948",75,401,2,0,1,1,0,4.314,1,NA
"8949",75,129,2,2,1,0,1,1.564,1,NA
"8950",75,116,2,0,1,1,1,4.641,1,NA
"8951",75,408,2,0,1,1,0,1.011,3,NA
"8952",75,417,2,1,1,0,0,4.808,1,NA
"8953",75,117,2,0,1,1,1,0.86,1,NA
"8954",75,406,2,1,1,0,0,1.586,1,NA
"8955",75,101,2,1,1,0,1,0.615,3,NA
"8956",75,124,2,1,1,1,1,0.807,1,NA
"8957",75,414,2,0,1,0,0,3.047,1,NA
"8958",75,127,2,2,1,1,1,1.375,1,NA
"8959",75,402,2,2,1,1,0,0.396,1,NA
"8960",75,118,2,0,1,1,1,4.721,1,NA
"8961",75,425,2,0,1,0,0,0.484,1,NA
"8962",75,119,2,1,1,0,1,0.489,1,NA
"8963",75,412,2,1,1,1,0,0.341,1,NA
"8964",75,426,2,2,1,1,0,5.829,2,NA
"8965",75,404,2,2,1,1,0,1.831,1,NA
"8966",75,111,2,2,1,1,1,0.338,1,NA
"8967",75,120,2,2,1,0,1,0.516,1,NA
"8968",75,423,2,1,1,1,0,0.926,1,NA
"8969",75,126,2,2,1,0,1,0.442,1,NA
"8970",75,115,2,0,1,1,1,0.504,3,NA
"8971",75,411,2,2,1,1,0,0.381,1,NA
"8972",75,123,2,1,1,0,1,1.555,5,NA
"8973",75,121,2,2,1,1,1,0.516,1,NA
"8974",75,430,2,1,1,1,0,0.6,2,NA
"8975",75,105,2,2,1,1,1,1.127,1,NA
"8976",75,407,2,1,1,0,0,3.967,1,NA
"8977",75,409,2,0,1,0,0,0.61,1,NA
"8978",75,421,2,2,1,1,0,0.882,2,NA
"8979",75,102,2,1,1,1,1,1.255,1,NA
"8980",75,405,2,1,1,1,0,1.358,1,NA
"8981",75,403,2,0,1,0,0,0.896,4,NA
"8982",75,418,2,2,1,0,0,1.557,1,NA
"8983",75,112,2,0,1,1,1,0.534,1,NA
"8984",75,110,2,1,1,1,1,0.601,2,NA
"8985",75,106,2,2,1,0,1,0.928,1,NA
"8986",75,416,2,0,1,0,0,4.056,1,NA
"8987",75,122,2,0,1,1,1,0.279,1,NA
"8988",75,410,2,2,1,0,0,0.578,1,NA
"8989",75,109,2,2,1,1,1,0.325,1,NA
"8990",75,429,2,0,1,0,0,0.748,1,NA
"8991",75,114,2,0,1,1,1,0.516,1,NA
"8992",75,108,2,0,1,1,1,0.371,1,NA
"8993",75,104,2,1,1,0,1,1.05,1,NA
"8994",75,413,2,1,1,1,0,1.415,1,NA
"8995",75,125,2,2,1,0,1,2.349,1,NA
"8996",75,419,2,0,1,0,0,0.402,1,NA
"8997",75,427,2,2,1,0,0,0.318,1,NA
"8998",75,130,2,0,1,1,1,0.589,3,NA
"8999",75,415,2,1,1,0,0,2.309,1,NA
"9000",75,107,2,1,1,0,1,2.082,1,NA
"9001",76,211,1,1,1,1,1,1.548,4,NA
"9002",76,212,1,0,1,1,1,0.577,5,NA
"9003",76,208,1,1,1,0,1,1.929,2,NA
"9004",76,213,1,0,1,1,1,0.472,4,NA
"9005",76,215,1,2,1,1,1,0.513,5,NA
"9006",76,422,1,0,1,0,0,0.54,3,NA
"9007",76,226,1,2,1,1,1,0.449,5,NA
"9008",76,412,1,2,1,0,0,0.729,4,NA
"9009",76,423,1,2,1,0,0,0.686,3,NA
"9010",76,222,1,2,1,1,1,0.781,5,NA
"9011",76,218,1,1,1,1,1,0.878,4,NA
"9012",76,406,1,0,1,0,0,0.545,3,NA
"9013",76,424,1,0,1,0,0,0.606,3,NA
"9014",76,408,1,2,1,0,0,0.711,2,NA
"9015",76,201,1,1,1,1,1,0.875,6,NA
"9016",76,401,1,2,1,0,0,0.55,3,NA
"9017",76,403,1,1,1,0,0,1.58,2,NA
"9018",76,206,1,0,1,1,1,0.368,5,NA
"9019",76,428,1,1,1,0,0,0.479,1,NA
"9020",76,416,1,0,1,0,0,1.189,2,NA
"9021",76,230,1,2,1,1,1,0.695,3,NA
"9022",76,207,1,0,1,1,1,0.532,6,NA
"9023",76,409,1,1,1,0,0,0.381,1,NA
"9024",76,210,1,0,1,1,1,0.57,2,NA
"9025",76,411,1,1,1,0,0,0.325,1,NA
"9026",76,420,1,2,1,1,0,0.745,1,NA
"9027",76,224,1,2,1,0,1,0.572,1,NA
"9028",76,427,1,1,1,0,0,0.446,1,NA
"9029",76,221,1,1,1,1,1,0.427,5,NA
"9030",76,402,1,0,1,1,0,0.532,4,NA
"9031",76,204,1,2,1,1,1,0.384,6,NA
"9032",76,421,1,0,1,1,0,0.382,1,NA
"9033",76,425,1,1,1,1,0,0.369,1,NA
"9034",76,209,1,2,1,1,1,0.482,1,NA
"9035",76,426,1,0,1,1,0,2.058,1,NA
"9036",76,404,1,1,1,1,0,0.525,1,NA
"9037",76,418,1,2,1,0,0,0.488,6,NA
"9038",76,414,1,1,1,0,0,0.563,1,NA
"9039",76,430,1,2,1,0,0,0.925,1,NA
"9040",76,429,1,0,1,0,0,0.555,1,NA
"9041",76,228,1,0,1,1,1,0.607,3,NA
"9042",76,419,1,2,1,1,0,0.688,2,NA
"9043",76,217,1,0,1,1,1,0.429,2,NA
"9044",76,214,1,1,1,1,1,0.373,5,NA
"9045",76,225,1,1,1,1,1,0.944,5,NA
"9046",76,413,1,1,1,0,0,0.96,2,NA
"9047",76,227,1,2,1,1,1,0.506,3,NA
"9048",76,202,1,0,1,1,1,0.667,5,NA
"9049",76,205,1,2,1,1,1,0.665,5,NA
"9050",76,223,1,1,1,1,1,0.505,5,NA
"9051",76,415,1,2,1,1,0,0.419,3,NA
"9052",76,410,1,1,1,1,0,0.411,2,NA
"9053",76,229,1,1,1,1,1,0.547,6,NA
"9054",76,216,1,0,1,1,1,0.442,4,NA
"9055",76,417,1,0,1,1,0,1.786,3,NA
"9056",76,405,1,2,1,1,0,0.374,1,NA
"9057",76,407,1,0,1,1,0,1.634,1,NA
"9058",76,220,1,1,1,0,1,0.38,1,NA
"9059",76,219,1,0,1,1,1,0.444,5,NA
"9060",76,203,1,2,1,1,1,0.536,5,NA
"9061",76,104,2,1,1,0,1,1.645,1,NA
"9062",76,313,2,1,1,0,0,1.028,1,NA
"9063",76,121,2,2,1,1,1,0.406,4,NA
"9064",76,312,2,1,1,1,0,0.5,2,NA
"9065",76,103,2,2,1,1,1,0.741,2,NA
"9066",76,113,2,0,1,1,1,0.433,5,NA
"9067",76,122,2,2,1,1,1,0.323,2,NA
"9068",76,106,2,1,1,1,1,0.435,2,NA
"9069",76,326,2,2,1,0,0,0.463,1,NA
"9070",76,125,2,1,1,1,1,0.449,1,NA
"9071",76,310,2,0,1,0,0,0.405,1,NA
"9072",76,329,2,0,1,0,0,0.474,4,NA
"9073",76,101,2,2,1,1,1,0.443,5,NA
"9074",76,330,2,0,1,0,0,0.481,2,NA
"9075",76,328,2,0,1,1,0,0.436,3,NA
"9076",76,322,2,1,1,1,0,0.671,2,NA
"9077",76,307,2,1,1,1,0,0.398,1,NA
"9078",76,320,2,2,1,1,0,0.42,1,NA
"9079",76,317,2,2,1,1,0,1.516,1,NA
"9080",76,318,2,2,1,1,0,1.68,1,NA
"9081",76,119,2,2,1,1,1,0.511,5,NA
"9082",76,324,2,0,1,1,0,0.298,3,NA
"9083",76,321,2,2,1,1,0,0.397,2,NA
"9084",76,107,2,0,1,1,1,0.44,4,NA
"9085",76,306,2,1,1,0,0,0.454,1,NA
"9086",76,123,2,0,1,1,1,0.352,3,NA
"9087",76,124,2,0,1,1,1,0.387,1,NA
"9088",76,126,2,1,1,1,1,0.429,2,NA
"9089",76,115,2,1,1,1,1,0.603,4,NA
"9090",76,114,2,0,1,0,1,0.62,2,NA
"9091",76,325,2,2,1,1,0,0.447,3,NA
"9092",76,301,2,1,1,1,0,0.516,4,NA
"9093",76,109,2,1,1,1,1,0.536,3,NA
"9094",76,120,2,2,1,0,1,0.42,4,NA
"9095",76,305,2,0,1,1,0,0.572,1,NA
"9096",76,130,2,1,1,0,1,0.478,3,NA
"9097",76,129,2,1,1,0,1,0.395,1,NA
"9098",76,309,2,0,1,0,0,0.609,1,NA
"9099",76,118,2,0,1,1,1,0.414,3,NA
"9100",76,316,2,0,1,1,0,0.402,2,NA
"9101",76,110,2,2,1,1,1,0.324,5,NA
"9102",76,102,2,1,1,1,1,0.51,4,NA
"9103",76,111,2,2,1,1,1,0.398,3,NA
"9104",76,327,2,0,1,1,0,0.358,1,NA
"9105",76,308,2,1,1,0,0,0.922,1,NA
"9106",76,127,2,2,1,1,1,0.987,1,NA
"9107",76,112,2,0,1,1,1,0.772,4,NA
"9108",76,315,2,1,1,0,0,0.462,1,NA
"9109",76,304,2,2,1,1,0,1.301,1,NA
"9110",76,319,2,2,1,1,0,0.397,1,NA
"9111",76,314,2,1,1,0,0,0.626,4,NA
"9112",76,128,2,0,1,1,1,0.493,2,NA
"9113",76,303,2,2,1,0,0,0.338,2,NA
"9114",76,323,2,0,1,1,0,0.287,1,NA
"9115",76,108,2,0,1,1,1,0.509,4,NA
"9116",76,302,2,2,1,0,0,0.561,2,NA
"9117",76,116,2,2,1,1,1,0.475,2,NA
"9118",76,117,2,0,1,1,1,0.309,5,NA
"9119",76,311,2,1,1,1,0,0.479,4,NA
"9120",76,105,2,1,1,1,1,0.318,3,NA
"9121",77,302,1,1,1,0,1,2.559,3,NA
"9122",77,117,1,1,1,0,0,2.201,5,NA
"9123",77,330,1,2,1,0,1,2.499,3,NA
"9124",77,112,1,2,1,0,0,3.921,3,NA
"9125",77,321,1,1,1,1,1,1.624,5,NA
"9126",77,119,1,0,1,1,0,1.178,4,NA
"9127",77,325,1,1,1,1,1,0.42,6,NA
"9128",77,124,1,1,1,0,0,2.362,2,NA
"9129",77,116,1,1,1,0,0,0.435,4,NA
"9130",77,125,1,0,1,0,0,0.991,3,NA
"9131",77,311,1,0,1,1,1,1.44,5,NA
"9132",77,312,1,2,1,1,1,1.037,3,NA
"9133",77,102,1,2,1,1,0,2.602,2,NA
"9134",77,118,1,2,1,0,0,0.431,3,NA
"9135",77,106,1,1,1,0,0,0.466,2,NA
"9136",77,121,1,0,1,0,0,0.932,6,NA
"9137",77,305,1,0,1,1,1,0.286,6,NA
"9138",77,111,1,1,1,0,0,0.549,5,NA
"9139",77,328,1,0,1,1,1,0.886,6,NA
"9140",77,113,1,0,1,0,0,1.856,2,NA
"9141",77,101,1,2,1,0,0,0.431,5,NA
"9142",77,306,1,0,1,0,1,1.098,6,NA
"9143",77,320,1,2,1,1,1,0.464,5,NA
"9144",77,115,1,2,1,0,0,4.302,1,NA
"9145",77,319,1,2,1,0,1,0.365,2,NA
"9146",77,316,1,2,1,1,1,0.335,2,NA
"9147",77,317,1,0,1,1,1,1.568,4,NA
"9148",77,310,1,1,1,1,1,1.638,5,NA
"9149",77,103,1,0,1,0,0,0.54,1,NA
"9150",77,304,1,1,1,1,1,0.387,6,NA
"9151",77,108,1,1,1,1,0,3.533,3,NA
"9152",77,326,1,1,1,1,1,0.658,6,NA
"9153",77,313,1,0,1,1,1,0.45,5,NA
"9154",77,314,1,1,1,1,1,0.633,5,NA
"9155",77,127,1,1,1,0,0,1.922,1,NA
"9156",77,122,1,0,1,0,0,1.439,4,NA
"9157",77,329,1,2,1,1,1,0.585,3,NA
"9158",77,309,1,2,1,1,1,0.744,6,NA
"9159",77,308,1,0,1,1,1,0.921,5,NA
"9160",77,315,1,0,1,1,1,0.549,5,NA
"9161",77,322,1,1,1,1,1,0.524,3,NA
"9162",77,110,1,1,1,0,0,0.651,2,NA
"9163",77,323,1,2,1,1,1,0.752,5,NA
"9164",77,109,1,0,1,0,0,1.223,3,NA
"9165",77,114,1,2,1,0,0,4.644,3,NA
"9166",77,104,1,2,1,1,0,1.215,3,NA
"9167",77,307,1,0,1,1,1,0.496,5,NA
"9168",77,318,1,1,1,1,1,1.045,3,NA
"9169",77,128,1,0,1,0,0,1.575,5,NA
"9170",77,301,1,1,1,1,1,0.719,3,NA
"9171",77,126,1,1,1,1,0,0.675,3,NA
"9172",77,107,1,0,1,0,0,0.931,2,NA
"9173",77,120,1,2,1,1,0,3.964,3,NA
"9174",77,105,1,2,1,1,0,11.809,2,NA
"9175",77,327,1,2,1,1,1,0.409,2,NA
"9176",77,324,1,0,1,1,1,0.481,6,NA
"9177",77,129,1,1,1,1,0,0.834,2,NA
"9178",77,123,1,2,1,1,0,1.922,2,NA
"9179",77,303,1,2,1,0,1,1.437,4,NA
"9180",77,130,1,0,1,1,0,1.528,4,NA
"9181",77,227,2,1,1,0,0,4.991,6,NA
"9182",77,225,2,1,1,0,0,6.003,1,NA
"9183",77,410,2,1,1,1,1,1.704,5,NA
"9184",77,206,2,0,1,0,0,0.496,5,NA
"9185",77,420,2,0,1,0,1,1.719,4,NA
"9186",77,224,2,1,1,0,0,0.76,3,NA
"9187",77,403,2,1,1,0,1,1.792,5,NA
"9188",77,204,2,1,1,1,0,0.332,1,NA
"9189",77,210,2,0,1,0,0,0.74,4,NA
"9190",77,408,2,0,1,1,1,0.715,2,NA
"9191",77,201,2,2,1,0,0,1.447,1,NA
"9192",77,212,2,2,1,0,0,0.625,5,NA
"9193",77,416,2,1,1,1,1,0.508,2,NA
"9194",77,427,2,2,1,0,1,0.966,3,NA
"9195",77,417,2,2,1,0,1,0.359,2,NA
"9196",77,426,2,2,1,0,1,0.566,5,NA
"9197",77,421,2,0,1,0,1,3.033,5,NA
"9198",77,405,2,1,1,1,1,0.421,3,NA
"9199",77,414,2,0,1,1,1,1.356,5,NA
"9200",77,424,2,2,1,1,1,3.194,4,NA
"9201",77,207,2,0,1,0,0,1.273,5,NA
"9202",77,429,2,2,1,1,1,0.844,4,NA
"9203",77,214,2,1,1,0,0,0.264,2,NA
"9204",77,220,2,0,1,0,0,0.532,2,NA
"9205",77,217,2,2,1,0,0,1.147,1,NA
"9206",77,230,2,0,1,0,0,1.02,2,NA
"9207",77,428,2,0,1,0,1,1.978,2,NA
"9208",77,208,2,2,1,0,0,0.86,2,NA
"9209",77,205,2,2,1,0,0,0.658,5,NA
"9210",77,412,2,1,1,0,1,1.382,4,NA
"9211",77,411,2,0,1,1,1,0.307,2,NA
"9212",77,226,2,0,1,1,0,2.448,4,NA
"9213",77,413,2,2,1,1,1,0.435,6,NA
"9214",77,404,2,2,1,0,1,0.497,4,NA
"9215",77,401,2,2,1,0,1,0.39,2,NA
"9216",77,415,2,0,1,0,1,0.906,4,NA
"9217",77,402,2,1,1,1,1,1.05,3,NA
"9218",77,218,2,1,1,0,0,0.902,4,NA
"9219",77,215,2,0,1,0,0,0.631,2,NA
"9220",77,430,2,1,1,1,1,2.016,5,NA
"9221",77,229,2,2,1,0,0,0.949,4,NA
"9222",77,422,2,0,1,0,1,3.331,3,NA
"9223",77,425,2,1,1,0,1,0.627,3,NA
"9224",77,419,2,0,1,0,1,0.451,4,NA
"9225",77,409,2,2,1,1,1,0.684,4,NA
"9226",77,203,2,2,1,0,0,4.455,5,NA
"9227",77,219,2,0,1,0,0,0.496,4,NA
"9228",77,418,2,2,1,1,1,1.64,4,NA
"9229",77,228,2,1,1,0,0,2.104,6,NA
"9230",77,407,2,0,1,0,1,2.113,4,NA
"9231",77,406,2,1,1,0,1,0.584,4,NA
"9232",77,209,2,1,1,0,0,2.316,5,NA
"9233",77,221,2,0,1,1,0,0.42,2,NA
"9234",77,222,2,2,1,0,0,2.489,3,NA
"9235",77,216,2,1,1,1,0,1.449,5,NA
"9236",77,213,2,2,1,1,0,1.906,3,NA
"9237",77,202,2,0,1,1,0,1.246,5,NA
"9238",77,423,2,1,1,1,1,0.625,3,NA
"9239",77,223,2,2,1,0,0,1.855,5,NA
"9240",77,211,2,1,1,0,0,0.622,3,NA
"9241",78,224,1,2,1,1,0,1.886,5,NA
"9242",78,302,1,2,1,1,1,0.507,3,NA
"9243",78,304,1,1,1,1,1,0.358,3,NA
"9244",78,314,1,0,1,0,1,3.105,3,NA
"9245",78,330,1,0,1,1,1,1.784,5,NA
"9246",78,320,1,1,1,1,1,1.4,6,NA
"9247",78,213,1,2,1,1,0,0.325,6,NA
"9248",78,222,1,1,1,0,0,2.969,3,NA
"9249",78,214,1,2,1,1,0,4.101,5,NA
"9250",78,215,1,0,1,1,0,0.86,6,NA
"9251",78,225,1,0,1,0,0,0.669,6,NA
"9252",78,306,1,1,1,0,1,0.168,4,NA
"9253",78,216,1,0,1,0,0,1.26,5,NA
"9254",78,210,1,1,1,0,0,0.477,6,NA
"9255",78,319,1,0,1,1,1,0.377,6,NA
"9256",78,220,1,2,1,0,0,0.48,5,NA
"9257",78,315,1,2,1,1,1,1.21,5,NA
"9258",78,202,1,0,1,1,0,1.245,5,NA
"9259",78,313,1,0,1,1,1,0.855,5,NA
"9260",78,321,1,1,1,0,1,1.086,6,NA
"9261",78,307,1,2,1,1,1,0.457,6,NA
"9262",78,228,1,0,1,1,0,1.096,6,NA
"9263",78,323,1,2,1,1,1,0.723,6,NA
"9264",78,207,1,1,1,0,0,0.501,6,NA
"9265",78,201,1,1,1,1,0,0.618,6,NA
"9266",78,309,1,2,1,0,1,0.587,6,NA
"9267",78,211,1,1,1,1,0,0.671,4,NA
"9268",78,324,1,1,1,1,1,0.48,5,NA
"9269",78,310,1,0,1,1,1,0.791,6,NA
"9270",78,206,1,2,1,0,0,0.405,6,NA
"9271",78,328,1,0,1,1,1,1.535,6,NA
"9272",78,325,1,2,1,1,1,0.884,6,NA
"9273",78,212,1,0,1,0,0,0.483,6,NA
"9274",78,326,1,2,1,1,1,0.456,6,NA
"9275",78,208,1,1,1,1,0,0.561,4,NA
"9276",78,308,1,2,1,1,1,6.308,5,NA
"9277",78,230,1,0,1,1,0,1.802,6,NA
"9278",78,221,1,1,1,1,0,0.546,6,NA
"9279",78,209,1,1,1,0,0,0.479,6,NA
"9280",78,322,1,1,1,1,1,0.306,6,NA
"9281",78,204,1,1,1,0,0,0.718,6,NA
"9282",78,329,1,0,1,1,1,0.732,4,NA
"9283",78,229,1,2,1,0,0,2.805,6,NA
"9284",78,217,1,2,1,0,0,0.433,6,NA
"9285",78,218,1,2,1,1,0,0.854,6,NA
"9286",78,301,1,0,1,1,1,0.405,5,NA
"9287",78,327,1,0,1,1,1,0.806,5,NA
"9288",78,318,1,1,1,1,1,0.87,6,NA
"9289",78,316,1,1,1,0,1,0.397,6,NA
"9290",78,303,1,2,1,1,1,0.42,6,NA
"9291",78,311,1,2,1,1,1,0.689,6,NA
"9292",78,312,1,1,1,1,1,1.427,6,NA
"9293",78,305,1,1,1,0,1,1.309,6,NA
"9294",78,317,1,0,1,1,1,0.319,6,NA
"9295",78,203,1,0,1,1,0,0.542,6,NA
"9296",78,226,1,0,1,1,0,0.337,5,NA
"9297",78,227,1,1,1,0,0,0.753,3,NA
"9298",78,205,1,0,1,0,0,0.559,3,NA
"9299",78,223,1,2,1,0,0,0.459,4,NA
"9300",78,219,1,2,1,1,0,0.48,4,NA
"9301",78,105,2,1,1,0,0,3.449,6,NA
"9302",78,410,2,0,1,0,1,2.244,4,NA
"9303",78,424,2,0,1,0,1,0.739,6,NA
"9304",78,106,2,1,1,0,0,1.432,4,NA
"9305",78,130,2,2,1,0,0,1.785,5,NA
"9306",78,428,2,1,1,1,1,0.993,6,NA
"9307",78,120,2,2,1,1,0,1.597,6,NA
"9308",78,421,2,2,1,0,1,0.37,5,NA
"9309",78,401,2,1,1,0,1,0.606,4,NA
"9310",78,416,2,0,1,1,1,0.555,6,NA
"9311",78,109,2,0,1,1,0,1.504,4,NA
"9312",78,102,2,0,1,1,0,0.542,6,NA
"9313",78,402,2,0,1,1,1,0.985,4,NA
"9314",78,115,2,1,1,1,0,0.77,5,NA
"9315",78,404,2,1,1,1,1,1.375,3,NA
"9316",78,118,2,2,1,1,0,0.555,4,NA
"9317",78,128,2,0,1,1,0,0.484,5,NA
"9318",78,122,2,0,1,0,0,0.772,5,NA
"9319",78,417,2,1,1,1,1,0.628,5,NA
"9320",78,107,2,0,1,0,0,0.872,4,NA
"9321",78,110,2,1,1,1,0,0.8,6,NA
"9322",78,418,2,2,1,0,1,1.53,3,NA
"9323",78,423,2,2,1,1,1,0.59,5,NA
"9324",78,104,2,1,1,1,0,1.017,3,NA
"9325",78,129,2,2,1,1,0,0.376,6,NA
"9326",78,123,2,2,1,1,0,0.52,6,NA
"9327",78,426,2,2,1,1,1,0.589,4,NA
"9328",78,425,2,1,1,1,1,0.688,5,NA
"9329",78,408,2,2,1,1,1,0.379,6,NA
"9330",78,407,2,0,1,0,1,0.43,4,NA
"9331",78,108,2,2,1,1,0,0.496,6,NA
"9332",78,413,2,0,1,1,1,0.728,6,NA
"9333",78,414,2,1,1,0,1,0.316,4,NA
"9334",78,113,2,1,1,0,0,0.67,6,NA
"9335",78,127,2,0,1,1,0,0.444,3,NA
"9336",78,126,2,1,1,0,0,0.649,2,NA
"9337",78,121,2,0,1,1,0,0.411,3,NA
"9338",78,422,2,0,1,1,1,0.618,6,NA
"9339",78,405,2,2,1,0,1,0.645,5,NA
"9340",78,427,2,1,1,1,1,0.397,6,NA
"9341",78,409,2,2,1,0,1,0.477,5,NA
"9342",78,117,2,0,1,1,0,0.378,3,NA
"9343",78,112,2,1,1,1,0,1.07,5,NA
"9344",78,406,2,1,1,0,1,1.365,5,NA
"9345",78,114,2,2,1,1,0,0.553,4,NA
"9346",78,415,2,2,1,1,1,1.456,5,NA
"9347",78,116,2,0,1,1,0,0.525,4,NA
"9348",78,403,2,2,1,1,1,0.853,6,NA
"9349",78,101,2,2,1,0,0,0.636,5,NA
"9350",78,430,2,2,1,1,1,0.538,6,NA
"9351",78,411,2,0,1,1,1,0.691,6,NA
"9352",78,103,2,1,1,0,0,0.613,6,NA
"9353",78,124,2,2,1,0,0,0.432,6,NA
"9354",78,125,2,2,1,1,0,0.341,5,NA
"9355",78,420,2,0,1,1,1,0.339,3,NA
"9356",78,429,2,0,1,1,1,0.131,5,NA
"9357",78,119,2,0,1,1,0,0.449,6,NA
"9358",78,111,2,1,1,1,0,0.736,6,NA
"9359",78,412,2,1,1,0,1,0.334,5,NA
"9360",78,419,2,1,1,0,1,0.444,3,NA
"9361",79,406,1,1,1,0,1,0.754,3,NA
"9362",79,414,1,2,1,0,1,1.541,3,NA
"9363",79,411,1,0,1,0,1,1.213,4,NA
"9364",79,409,1,1,1,1,1,0.538,4,NA
"9365",79,124,1,2,1,1,0,0.604,5,NA
"9366",79,115,1,2,1,0,0,0.305,6,NA
"9367",79,107,1,0,1,0,0,0.367,3,NA
"9368",79,423,1,2,1,0,1,2.11,4,NA
"9369",79,430,1,0,1,1,1,0.572,5,NA
"9370",79,125,1,1,1,0,0,0.754,4,NA
"9371",79,111,1,1,1,0,0,0.449,4,NA
"9372",79,420,1,0,1,1,1,0.563,5,NA
"9373",79,402,1,0,1,1,1,0.628,4,NA
"9374",79,425,1,1,1,1,1,0.768,3,NA
"9375",79,404,1,0,1,1,1,0.343,6,NA
"9376",79,120,1,2,1,1,0,0.639,4,NA
"9377",79,105,1,0,1,0,0,0.228,4,NA
"9378",79,403,1,1,1,0,1,0.658,5,NA
"9379",79,103,1,1,1,0,0,0.151,5,NA
"9380",79,118,1,1,1,0,0,0.102,6,NA
"9381",79,127,1,2,1,1,0,1.475,3,NA
"9382",79,128,1,1,1,0,0,2.926,4,NA
"9383",79,113,1,2,1,1,0,0.434,3,NA
"9384",79,112,1,0,1,0,0,0.214,5,NA
"9385",79,419,1,1,1,1,1,0.434,5,NA
"9386",79,416,1,2,1,0,1,0.302,4,NA
"9387",79,422,1,2,1,0,1,0.31,4,NA
"9388",79,410,1,2,1,1,1,0.461,5,NA
"9389",79,129,1,0,1,1,0,0.353,4,NA
"9390",79,114,1,0,1,1,0,0.503,4,NA
"9391",79,415,1,2,1,1,1,0.343,3,NA
"9392",79,130,1,0,1,0,0,0.882,4,NA
"9393",79,121,1,0,1,1,0,0.225,4,NA
"9394",79,123,1,1,1,1,0,0.722,4,NA
"9395",79,109,1,1,1,1,0,1.841,4,NA
"9396",79,117,1,1,1,0,0,0.372,4,NA
"9397",79,407,1,2,1,0,1,0.245,4,NA
"9398",79,427,1,1,1,0,1,0.015,3,NA
"9399",79,108,1,2,1,1,0,1.087,4,NA
"9400",79,421,1,0,1,0,1,0.853,4,NA
"9401",79,413,1,1,1,1,1,0.219,5,NA
"9402",79,122,1,2,1,0,0,0.708,4,NA
"9403",79,106,1,2,1,0,0,0.404,4,NA
"9404",79,126,1,0,1,1,0,0.063,4,NA
"9405",79,426,1,0,1,1,1,0.189,4,NA
"9406",79,401,1,0,1,0,1,0.358,5,NA
"9407",79,408,1,1,1,1,1,1.555,5,NA
"9408",79,428,1,2,1,0,1,0.071,4,NA
"9409",79,412,1,1,1,1,1,0.654,4,NA
"9410",79,101,1,2,1,0,0,0.439,4,NA
"9411",79,104,1,1,1,0,0,0.359,4,NA
"9412",79,116,1,1,1,0,0,0.382,3,NA
"9413",79,429,1,2,1,1,1,0.403,4,NA
"9414",79,418,1,1,1,0,1,0.448,4,NA
"9415",79,110,1,0,1,1,0,0.692,3,NA
"9416",79,424,1,2,1,0,1,0.663,4,NA
"9417",79,102,1,2,1,1,0,1.227,4,NA
"9418",79,417,1,0,1,0,1,0.458,3,NA
"9419",79,405,1,0,1,1,1,0.302,5,NA
"9420",79,119,1,0,1,1,0,0.332,5,NA
"9421",79,321,2,0,1,0,1,0.984,3,NA
"9422",79,308,2,0,1,1,1,0.393,4,NA
"9423",79,328,2,1,1,1,1,0.478,4,NA
"9424",79,202,2,1,1,0,0,0.212,4,NA
"9425",79,227,2,2,1,1,0,0.266,3,NA
"9426",79,229,2,1,1,1,0,0.139,3,NA
"9427",79,206,2,1,1,1,0,0.009,3,NA
"9428",79,226,2,1,1,0,0,0.289,4,NA
"9429",79,324,2,2,1,0,1,0.538,2,NA
"9430",79,330,2,1,1,1,1,0.331,3,NA
"9431",79,225,2,2,1,1,0,0.277,3,NA
"9432",79,315,2,0,1,0,1,0.479,2,NA
"9433",79,201,2,2,1,1,0,0.615,4,NA
"9434",79,303,2,0,1,1,1,0.257,3,NA
"9435",79,213,2,0,1,0,0,0.301,3,NA
"9436",79,220,2,0,1,1,0,0.273,4,NA
"9437",79,207,2,0,1,0,0,0.484,4,NA
"9438",79,210,2,1,1,1,0,1.05,3,NA
"9439",79,205,2,0,1,0,0,0.346,2,NA
"9440",79,322,2,2,1,0,1,0.305,4,NA
"9441",79,312,2,0,1,1,1,0.29,3,NA
"9442",79,211,2,0,1,0,0,0.45,4,NA
"9443",79,314,2,2,1,0,1,0.524,6,NA
"9444",79,327,2,2,1,0,1,0.788,4,NA
"9445",79,320,2,2,1,0,1,0.27,4,NA
"9446",79,304,2,1,1,1,1,0.272,6,NA
"9447",79,317,2,1,1,0,1,0.302,4,NA
"9448",79,318,2,1,1,1,1,0.12,5,NA
"9449",79,208,2,2,1,1,0,0.518,2,NA
"9450",79,219,2,2,1,0,0,0.566,3,NA
"9451",79,309,2,1,1,0,1,0.305,6,NA
"9452",79,223,2,2,1,1,0,0.19,6,NA
"9453",79,230,2,0,1,0,0,0.262,4,NA
"9454",79,319,2,1,1,0,1,0.264,3,NA
"9455",79,305,2,1,1,0,1,0.404,3,NA
"9456",79,310,2,2,1,0,1,0.151,3,NA
"9457",79,221,2,1,1,0,0,0.369,5,NA
"9458",79,302,2,2,1,1,1,0.706,6,NA
"9459",79,307,2,2,1,1,1,1.061,6,NA
"9460",79,209,2,2,1,0,0,0.3,3,NA
"9461",79,326,2,1,1,1,1,0.19,5,NA
"9462",79,323,2,2,1,0,1,0.382,5,NA
"9463",79,204,2,0,1,0,0,0.214,4,NA
"9464",79,329,2,0,1,1,1,0.411,3,NA
"9465",79,203,2,2,1,1,0,0.828,3,NA
"9466",79,313,2,2,1,0,1,1.584,5,NA
"9467",79,301,2,0,1,0,1,0.342,3,NA
"9468",79,212,2,1,1,1,0,0.087,4,NA
"9469",79,216,2,2,1,0,0,0.337,3,NA
"9470",79,214,2,2,1,0,0,0.299,4,NA
"9471",79,218,2,1,1,1,0,1.155,2,NA
"9472",79,316,2,0,1,1,1,0.255,4,NA
"9473",79,311,2,1,1,0,1,0.266,5,NA
"9474",79,217,2,1,1,0,0,0.32,3,NA
"9475",79,224,2,0,1,0,0,0.882,3,NA
"9476",79,325,2,0,1,1,1,0.084,6,NA
"9477",79,215,2,0,1,1,0,0.188,4,NA
"9478",79,306,2,0,1,0,1,1.076,3,NA
"9479",79,222,2,0,1,0,0,0.202,3,NA
"9480",79,228,2,1,1,1,0,0.305,4,NA
"9481",8,215,1,0,1,0,0,1.373,1,NA
"9482",8,205,1,1,1,0,0,1.681,1,NA
"9483",8,427,1,2,1,1,1,0.443,1,NA
"9484",8,401,1,1,1,1,1,0.858,1,NA
"9485",8,213,1,1,1,1,0,0.949,2,NA
"9486",8,402,1,0,1,1,1,0.937,1,NA
"9487",8,423,1,2,1,0,1,0.482,4,NA
"9488",8,419,1,0,1,1,1,2.039,1,NA
"9489",8,203,1,1,1,1,0,0.484,3,NA
"9490",8,410,1,2,1,1,1,0.472,2,NA
"9491",8,212,1,0,1,1,0,0.601,3,NA
"9492",8,405,1,0,1,1,1,1.431,1,NA
"9493",8,415,1,1,1,1,1,0.642,4,NA
"9494",8,223,1,2,1,1,0,0.629,4,NA
"9495",8,226,1,2,1,0,0,0.485,3,NA
"9496",8,420,1,1,1,1,1,0.435,1,NA
"9497",8,408,1,2,1,1,1,0.429,3,NA
"9498",8,209,1,2,1,1,0,0.634,1,NA
"9499",8,409,1,1,1,1,1,0.355,1,NA
"9500",8,210,1,2,1,0,0,1.069,1,NA
"9501",8,204,1,0,1,0,0,0.466,1,NA
"9502",8,406,1,0,1,1,1,0.434,1,NA
"9503",8,418,1,1,1,1,1,0.383,4,NA
"9504",8,224,1,1,1,1,0,0.477,4,NA
"9505",8,411,1,0,1,1,1,0.559,1,NA
"9506",8,219,1,2,1,0,0,0.804,1,NA
"9507",8,428,1,2,1,1,1,0.661,1,NA
"9508",8,229,1,0,1,1,0,0.337,2,NA
"9509",8,225,1,1,1,1,0,0.396,1,NA
"9510",8,208,1,0,1,0,0,0.886,1,NA
"9511",8,216,1,0,1,1,0,1.201,1,NA
"9512",8,228,1,2,1,0,0,0.637,1,NA
"9513",8,207,1,2,1,1,0,0.47,2,NA
"9514",8,403,1,2,1,0,1,0.774,6,NA
"9515",8,421,1,0,1,0,1,0.849,2,NA
"9516",8,218,1,1,1,0,0,2.067,1,NA
"9517",8,211,1,1,1,0,0,1.003,1,NA
"9518",8,230,1,1,1,1,0,0.641,2,NA
"9519",8,426,1,1,1,1,1,1.899,1,NA
"9520",8,201,1,2,1,0,0,1.626,2,NA
"9521",8,416,1,0,1,1,1,0.981,1,NA
"9522",8,407,1,1,1,0,1,1.953,2,NA
"9523",8,412,1,1,1,1,1,1.701,2,NA
"9524",8,404,1,0,1,1,1,0.417,1,NA
"9525",8,425,1,1,1,0,1,0.881,1,NA
"9526",8,422,1,0,1,1,1,0.796,3,NA
"9527",8,424,1,0,1,1,1,0.791,4,NA
"9528",8,206,1,2,1,1,0,0.702,1,NA
"9529",8,220,1,1,1,0,0,0.9,5,NA
"9530",8,414,1,1,1,0,1,1.744,1,NA
"9531",8,221,1,2,1,1,0,0.495,1,NA
"9532",8,217,1,0,1,0,0,2.043,1,NA
"9533",8,430,1,2,1,1,1,1.072,2,NA
"9534",8,413,1,2,1,1,1,3.877,2,NA
"9535",8,417,1,2,1,1,1,2.178,1,NA
"9536",8,227,1,0,1,0,0,3.624,1,NA
"9537",8,429,1,2,1,1,1,1.047,1,NA
"9538",8,202,1,0,1,1,0,0.486,1,NA
"9539",8,222,1,0,1,0,0,0.39,1,NA
"9540",8,214,1,1,1,1,0,0.526,1,NA
"9541",8,121,2,1,1,1,0,2.107,3,NA
"9542",8,119,2,0,1,1,0,1.377,3,NA
"9543",8,312,2,1,1,1,1,1.982,2,NA
"9544",8,106,2,0,1,1,0,1.061,2,NA
"9545",8,321,2,2,1,1,1,2.774,4,NA
"9546",8,314,2,1,1,1,1,0.839,2,NA
"9547",8,115,2,0,1,0,0,1.569,1,NA
"9548",8,107,2,2,1,0,0,1.605,1,NA
"9549",8,311,2,0,1,1,1,1.052,1,NA
"9550",8,108,2,0,1,1,0,1.617,1,NA
"9551",8,327,2,1,1,0,1,1.065,1,NA
"9552",8,307,2,2,1,1,1,0.487,4,NA
"9553",8,310,2,0,1,1,1,1.176,2,NA
"9554",8,320,2,1,1,1,1,0.381,3,NA
"9555",8,325,2,2,1,0,1,0.568,2,NA
"9556",8,129,2,2,1,1,0,0.479,2,NA
"9557",8,316,2,1,1,0,1,0.566,1,NA
"9558",8,130,2,2,1,1,0,3.824,1,NA
"9559",8,124,2,1,1,0,0,0.767,1,NA
"9560",8,323,2,0,1,0,1,0.436,1,NA
"9561",8,128,2,1,1,1,0,1.02,4,NA
"9562",8,302,2,2,1,0,1,0.517,5,NA
"9563",8,118,2,0,1,0,0,0.613,5,NA
"9564",8,104,2,2,1,0,0,1.62,2,NA
"9565",8,103,2,1,1,0,0,0.865,3,NA
"9566",8,301,2,2,1,0,1,2.229,1,NA
"9567",8,305,2,0,1,0,1,0.601,6,NA
"9568",8,125,2,2,1,0,0,1.728,6,NA
"9569",8,317,2,0,1,1,1,1.699,1,NA
"9570",8,110,2,1,1,1,0,1.142,1,NA
"9571",8,116,2,0,1,1,0,6.001,2,NA
"9572",8,122,2,0,1,0,0,1.208,5,NA
"9573",8,112,2,2,1,0,0,0.571,3,NA
"9574",8,318,2,2,1,1,1,1.086,2,NA
"9575",8,111,2,0,1,1,0,2.142,3,NA
"9576",8,313,2,1,1,1,1,0.403,3,NA
"9577",8,105,2,0,1,1,0,1.381,3,NA
"9578",8,109,2,2,1,1,0,1.545,1,NA
"9579",8,326,2,2,1,1,1,1.024,1,NA
"9580",8,308,2,1,1,1,1,0.888,2,NA
"9581",8,127,2,2,1,0,0,1.19,3,NA
"9582",8,324,2,0,1,0,1,0.431,1,NA
"9583",8,315,2,0,1,1,1,0.713,1,NA
"9584",8,322,2,0,1,0,1,0.534,3,NA
"9585",8,306,2,2,1,1,1,0.659,1,NA
"9586",8,303,2,1,1,1,1,1.045,1,NA
"9587",8,117,2,1,1,1,0,2.13,5,NA
"9588",8,330,2,1,1,0,1,0.886,1,NA
"9589",8,101,2,2,1,0,0,0.832,1,NA
"9590",8,309,2,2,1,0,1,1.256,1,NA
"9591",8,102,2,1,1,1,0,1.312,1,NA
"9592",8,319,2,0,1,1,1,0.795,1,NA
"9593",8,114,2,1,1,0,0,0.911,1,NA
"9594",8,113,2,0,1,1,0,0.679,2,NA
"9595",8,304,2,1,1,0,1,0.403,3,NA
"9596",8,120,2,1,1,1,0,1.38,3,NA
"9597",8,328,2,2,1,1,1,1.67,1,NA
"9598",8,123,2,2,1,1,0,1.136,1,NA
"9599",8,329,2,0,1,0,1,0.516,1,NA
"9600",8,126,2,1,1,0,0,1.024,1,NA
"9601",80,413,1,2,1,1,1,0.662,4,NA
"9602",80,210,1,0,1,0,0,0.746,6,NA
"9603",80,411,1,2,1,1,1,0.408,4,NA
"9604",80,407,1,0,1,0,1,0.417,5,NA
"9605",80,202,1,0,1,0,0,0.43,4,NA
"9606",80,204,1,2,1,1,0,1.264,2,NA
"9607",80,404,1,0,1,0,1,0.95,1,NA
"9608",80,403,1,2,1,0,1,0.845,3,NA
"9609",80,408,1,2,1,1,1,0.344,3,NA
"9610",80,423,1,0,1,0,1,0.327,4,NA
"9611",80,226,1,0,1,0,0,0.323,4,NA
"9612",80,203,1,1,1,1,0,0.465,3,NA
"9613",80,221,1,0,1,0,0,0.361,2,NA
"9614",80,219,1,1,1,0,0,0.617,6,NA
"9615",80,225,1,2,1,0,0,0.302,1,NA
"9616",80,211,1,1,1,1,0,0.667,3,NA
"9617",80,410,1,1,1,1,1,0.55,4,NA
"9618",80,214,1,2,1,1,0,0.476,2,NA
"9619",80,422,1,0,1,0,1,0.583,4,NA
"9620",80,425,1,1,1,0,1,0.39,1,NA
"9621",80,419,1,1,1,0,1,0.451,2,NA
"9622",80,212,1,0,1,1,0,0.504,2,NA
"9623",80,414,1,1,1,0,1,0.289,2,NA
"9624",80,224,1,1,1,0,0,2.385,2,NA
"9625",80,229,1,2,1,1,0,0.332,5,NA
"9626",80,430,1,2,1,1,1,0.335,4,NA
"9627",80,215,1,2,1,0,0,0.386,6,NA
"9628",80,208,1,1,1,1,0,0.249,1,NA
"9629",80,402,1,1,1,0,1,0.552,1,NA
"9630",80,415,1,0,1,1,1,1.457,1,NA
"9631",80,230,1,1,1,0,0,0.877,2,NA
"9632",80,417,1,0,1,0,1,0.919,3,NA
"9633",80,429,1,0,1,0,1,0.381,6,NA
"9634",80,222,1,1,1,1,0,0.433,3,NA
"9635",80,405,1,0,1,1,1,0.58,3,NA
"9636",80,424,1,1,1,0,1,0.296,6,NA
"9637",80,412,1,0,1,1,1,2.35,2,NA
"9638",80,207,1,2,1,0,0,0.885,3,NA
"9639",80,406,1,0,1,1,1,0.525,4,NA
"9640",80,427,1,2,1,0,1,1.014,2,NA
"9641",80,416,1,1,1,1,1,1.203,1,NA
"9642",80,216,1,2,1,0,0,0.879,1,NA
"9643",80,426,1,1,1,0,1,0.612,1,NA
"9644",80,228,1,2,1,0,0,1.268,3,NA
"9645",80,401,1,1,1,1,1,0.366,4,NA
"9646",80,428,1,2,1,1,1,0.996,1,NA
"9647",80,223,1,1,1,0,0,0.628,3,NA
"9648",80,227,1,0,1,0,0,0.981,3,NA
"9649",80,213,1,0,1,0,0,0.608,4,NA
"9650",80,206,1,0,1,0,0,0.356,5,NA
"9651",80,418,1,2,1,0,1,0.585,3,NA
"9652",80,205,1,2,1,0,0,0.314,3,NA
"9653",80,218,1,0,1,1,0,1.156,2,NA
"9654",80,209,1,0,1,0,0,0.51,2,NA
"9655",80,421,1,2,1,0,1,1.092,2,NA
"9656",80,220,1,1,1,1,0,0.905,3,NA
"9657",80,420,1,1,1,1,1,0.329,4,NA
"9658",80,217,1,2,1,1,0,0.574,1,NA
"9659",80,201,1,1,1,0,0,1.928,2,NA
"9660",80,409,1,2,1,0,1,0.319,2,NA
"9661",80,313,2,2,1,1,1,0.648,4,NA
"9662",80,324,2,2,1,0,1,0.862,2,NA
"9663",80,129,2,2,1,0,0,0.259,5,NA
"9664",80,316,2,1,1,1,1,0.299,2,NA
"9665",80,318,2,1,1,0,1,0.331,2,NA
"9666",80,113,2,0,1,0,0,0.672,4,NA
"9667",80,314,2,1,1,0,1,0.239,6,NA
"9668",80,124,2,0,1,1,0,0.323,4,NA
"9669",80,328,2,1,1,1,1,0.45,3,NA
"9670",80,120,2,2,1,0,0,1.284,1,NA
"9671",80,107,2,2,1,1,0,0.494,1,NA
"9672",80,110,2,2,1,0,0,0.244,5,NA
"9673",80,122,2,1,1,1,0,0.306,3,NA
"9674",80,103,2,1,1,0,0,0.552,4,NA
"9675",80,329,2,0,1,0,1,0.495,4,NA
"9676",80,330,2,0,1,1,1,0.602,1,NA
"9677",80,130,2,1,1,1,0,1.425,3,NA
"9678",80,116,2,2,1,0,0,0.551,2,NA
"9679",80,315,2,2,1,0,1,0.213,1,NA
"9680",80,311,2,1,1,1,1,0.172,4,NA
"9681",80,109,2,0,1,1,0,0.313,3,NA
"9682",80,302,2,0,1,0,1,0.876,2,NA
"9683",80,325,2,0,1,1,1,0.35,4,NA
"9684",80,125,2,0,1,0,0,0.018,6,NA
"9685",80,123,2,1,1,0,0,0.24,4,NA
"9686",80,119,2,0,1,1,0,0.318,4,NA
"9687",80,310,2,2,1,0,1,0.502,3,NA
"9688",80,321,2,2,1,0,1,0.33,4,NA
"9689",80,106,2,1,1,0,0,0.49,4,NA
"9690",80,320,2,0,1,0,1,0.255,3,NA
"9691",80,303,2,2,1,1,1,0.298,2,NA
"9692",80,101,2,1,1,0,0,0.317,6,NA
"9693",80,112,2,1,1,1,0,0.382,2,NA
"9694",80,319,2,1,1,0,1,0.542,2,NA
"9695",80,323,2,0,1,0,1,2.091,1,NA
"9696",80,117,2,0,1,0,0,0.564,1,NA
"9697",80,304,2,1,1,1,1,0.45,2,NA
"9698",80,327,2,2,1,1,1,0.346,1,NA
"9699",80,111,2,1,1,0,0,0.151,2,NA
"9700",80,126,2,0,1,1,0,0.883,1,NA
"9701",80,312,2,2,1,1,1,0.816,3,NA
"9702",80,305,2,1,1,1,1,0.69,4,NA
"9703",80,301,2,2,1,1,1,0.9,5,NA
"9704",80,326,2,2,1,1,1,0.328,3,NA
"9705",80,114,2,1,1,0,0,0.301,4,NA
"9706",80,102,2,0,1,1,0,0.59,2,NA
"9707",80,115,2,1,1,0,0,0.688,3,NA
"9708",80,118,2,2,1,0,0,0.553,4,NA
"9709",80,309,2,1,1,1,1,0.286,3,NA
"9710",80,306,2,0,1,1,1,0.411,2,NA
"9711",80,127,2,2,1,0,0,0.279,2,NA
"9712",80,105,2,2,1,0,0,0.267,2,NA
"9713",80,121,2,2,1,1,0,0.283,3,NA
"9714",80,128,2,0,1,1,0,0.224,4,NA
"9715",80,108,2,2,1,0,0,3.792,4,NA
"9716",80,307,2,0,1,0,1,0.321,2,NA
"9717",80,104,2,0,1,0,0,1.983,2,NA
"9718",80,317,2,0,1,1,1,0.316,1,NA
"9719",80,322,2,0,1,0,1,0.607,2,NA
"9720",80,308,2,1,1,0,1,0.383,2,NA
"9721",81,222,1,0,1,1,0,0.752,2,NA
"9722",81,224,1,0,1,0,0,0.89,2,NA
"9723",81,113,1,0,1,1,1,0.585,5,NA
"9724",81,114,1,1,1,1,1,0.141,3,NA
"9725",81,109,1,0,1,1,1,0.308,5,NA
"9726",81,210,1,0,1,0,0,0.342,4,NA
"9727",81,225,1,0,1,1,0,0.337,3,NA
"9728",81,205,1,1,1,0,0,0.776,2,NA
"9729",81,116,1,1,1,1,1,0.539,2,NA
"9730",81,212,1,2,1,0,0,0.744,5,NA
"9731",81,215,1,0,1,0,0,0.385,6,NA
"9732",81,230,1,1,1,1,0,1.062,3,NA
"9733",81,130,1,2,1,1,1,0.271,6,NA
"9734",81,213,1,1,1,0,0,0.544,5,NA
"9735",81,214,1,1,1,0,0,0.585,2,NA
"9736",81,207,1,2,1,0,0,2.836,5,NA
"9737",81,101,1,2,1,1,1,1.027,4,NA
"9738",81,202,1,2,1,1,0,0.972,3,NA
"9739",81,121,1,0,1,0,1,0.345,3,NA
"9740",81,110,1,1,1,1,1,0.966,4,NA
"9741",81,229,1,2,1,1,0,1.529,6,NA
"9742",81,208,1,2,1,0,0,0.767,1,NA
"9743",81,120,1,2,1,1,1,1.361,3,NA
"9744",81,220,1,1,1,1,0,0.539,5,NA
"9745",81,103,1,2,1,0,1,0.442,5,NA
"9746",81,118,1,1,1,0,1,0.415,6,NA
"9747",81,111,1,2,1,1,1,0.331,6,NA
"9748",81,125,1,0,1,0,1,0.492,4,NA
"9749",81,107,1,0,1,0,1,0.377,4,NA
"9750",81,112,1,1,1,1,1,0.551,6,NA
"9751",81,117,1,1,1,1,1,0.629,6,NA
"9752",81,226,1,0,1,0,0,0.577,6,NA
"9753",81,221,1,2,1,1,0,0.882,5,NA
"9754",81,204,1,1,1,0,0,0.406,6,NA
"9755",81,108,1,1,1,1,1,1.972,6,NA
"9756",81,218,1,1,1,1,0,1.149,3,NA
"9757",81,126,1,0,1,0,1,0.489,3,NA
"9758",81,106,1,0,1,0,1,1.855,2,NA
"9759",81,128,1,2,1,1,1,0.409,6,NA
"9760",81,203,1,1,1,1,0,0.308,5,NA
"9761",81,209,1,1,1,1,0,0.98,4,NA
"9762",81,217,1,2,1,1,0,0.582,5,NA
"9763",81,119,1,2,1,1,1,0.965,3,NA
"9764",81,216,1,0,1,1,0,1.16,3,NA
"9765",81,105,1,2,1,1,1,1.561,2,NA
"9766",81,228,1,2,1,1,0,0.323,4,NA
"9767",81,219,1,1,1,0,0,0.69,3,NA
"9768",81,127,1,1,1,0,1,1.025,4,NA
"9769",81,211,1,0,1,1,0,0.621,6,NA
"9770",81,201,1,2,1,1,0,1.506,3,NA
"9771",81,122,1,2,1,0,1,1.989,3,NA
"9772",81,102,1,1,1,0,1,0.407,4,NA
"9773",81,206,1,0,1,0,0,0.477,6,NA
"9774",81,129,1,2,1,0,1,1.195,4,NA
"9775",81,227,1,0,1,1,0,1.475,4,NA
"9776",81,115,1,0,1,1,1,0.665,5,NA
"9777",81,123,1,0,1,0,1,0.927,2,NA
"9778",81,104,1,1,1,1,1,0.71,2,NA
"9779",81,124,1,0,1,1,1,0.521,5,NA
"9780",81,223,1,2,1,1,0,0.275,6,NA
"9781",81,407,2,1,1,0,0,0.425,2,NA
"9782",81,328,2,1,1,0,1,0.894,3,NA
"9783",81,429,2,2,1,0,0,0.382,6,NA
"9784",81,420,2,0,1,1,0,1.038,3,NA
"9785",81,320,2,2,1,1,1,0.314,6,NA
"9786",81,313,2,2,1,0,1,1.501,4,NA
"9787",81,327,2,0,1,1,1,0.369,3,NA
"9788",81,307,2,1,1,1,1,0.865,3,NA
"9789",81,323,2,0,1,1,1,0.609,4,NA
"9790",81,403,2,2,1,0,0,1.465,2,NA
"9791",81,402,2,2,1,0,0,0.772,4,NA
"9792",81,319,2,1,1,1,1,0.142,4,NA
"9793",81,317,2,0,1,1,1,0.344,5,NA
"9794",81,306,2,1,1,0,1,1.122,1,NA
"9795",81,424,2,0,1,1,0,0.412,5,NA
"9796",81,426,2,2,1,1,0,0.417,3,NA
"9797",81,330,2,0,1,0,1,0.368,2,NA
"9798",81,303,2,1,1,1,1,0.287,4,NA
"9799",81,428,2,0,1,1,0,1.683,1,NA
"9800",81,430,2,2,1,1,0,0.32,5,NA
"9801",81,417,2,0,1,1,0,0.844,4,NA
"9802",81,411,2,1,1,1,0,0.315,3,NA
"9803",81,329,2,2,1,0,1,1.924,2,NA
"9804",81,324,2,0,1,1,1,0.839,5,NA
"9805",81,414,2,1,1,0,0,0.596,6,NA
"9806",81,423,2,1,1,0,0,0.593,5,NA
"9807",81,412,2,0,1,0,0,0.51,6,NA
"9808",81,405,2,1,1,1,0,0.454,5,NA
"9809",81,326,2,2,1,1,1,0.304,3,NA
"9810",81,321,2,2,1,1,1,0.691,3,NA
"9811",81,419,2,2,1,1,0,0.485,4,NA
"9812",81,404,2,0,1,1,0,1.015,4,NA
"9813",81,401,2,0,1,0,0,0.779,2,NA
"9814",81,315,2,0,1,1,1,0.414,1,NA
"9815",81,415,2,1,1,1,0,0.572,5,NA
"9816",81,425,2,1,1,0,0,0.661,2,NA
"9817",81,314,2,2,1,1,1,0.878,3,NA
"9818",81,318,2,0,1,1,1,0.704,4,NA
"9819",81,421,2,1,1,0,0,0.674,4,NA
"9820",81,409,2,2,1,1,0,0.301,5,NA
"9821",81,310,2,2,1,1,1,0.514,4,NA
"9822",81,308,2,2,1,1,1,0.382,3,NA
"9823",81,410,2,0,1,1,0,0.9,3,NA
"9824",81,305,2,0,1,1,1,0.852,5,NA
"9825",81,302,2,2,1,0,1,0.435,3,NA
"9826",81,413,2,2,1,1,0,2.437,3,NA
"9827",81,322,2,1,1,1,1,0.353,3,NA
"9828",81,418,2,0,1,0,0,1.85,2,NA
"9829",81,309,2,0,1,0,1,0.442,1,NA
"9830",81,316,2,1,1,1,1,0.521,2,NA
"9831",81,408,2,0,1,1,0,1.439,4,NA
"9832",81,304,2,1,1,1,1,0.352,3,NA
"9833",81,312,2,2,1,1,1,0.403,4,NA
"9834",81,301,2,0,1,1,1,0.483,5,NA
"9835",81,427,2,2,1,1,0,0.398,2,NA
"9836",81,406,2,1,1,0,0,0.72,1,NA
"9837",81,422,2,1,1,1,0,1.356,2,NA
"9838",81,325,2,1,1,1,1,0.31,4,NA
"9839",81,416,2,2,1,1,0,1.184,3,NA
"9840",81,311,2,1,1,1,1,0.605,4,NA
"9841",82,411,1,2,1,0,0,2.113,1,NA
"9842",82,124,1,2,1,1,1,1.068,5,NA
"9843",82,429,1,1,1,1,0,2.486,4,NA
"9844",82,101,1,2,1,1,1,1.21,6,NA
"9845",82,418,1,1,1,1,0,0.849,4,NA
"9846",82,114,1,1,1,1,1,0.638,5,NA
"9847",82,105,1,1,1,1,1,0.845,4,NA
"9848",82,423,1,0,1,0,0,1.046,2,NA
"9849",82,110,1,0,1,1,1,0.492,4,NA
"9850",82,117,1,0,1,1,1,0.441,4,NA
"9851",82,430,1,1,1,0,0,0.471,2,NA
"9852",82,116,1,2,1,1,1,1.294,4,NA
"9853",82,113,1,1,1,1,1,0.955,3,NA
"9854",82,118,1,1,1,1,1,0.321,3,NA
"9855",82,402,1,0,1,1,0,2.512,1,NA
"9856",82,407,1,1,1,1,0,1.036,2,NA
"9857",82,122,1,0,1,1,1,1.981,3,NA
"9858",82,416,1,1,1,0,0,1.988,1,NA
"9859",82,120,1,1,1,1,1,1.235,5,NA
"9860",82,427,1,0,1,1,0,0.623,5,NA
"9861",82,405,1,2,1,1,0,0.412,2,NA
"9862",82,409,1,2,1,0,0,1.64,2,NA
"9863",82,421,1,0,1,1,0,1.308,2,NA
"9864",82,127,1,2,1,1,1,0.607,5,NA
"9865",82,406,1,2,1,1,0,0.405,1,NA
"9866",82,410,1,0,1,0,0,1.941,1,NA
"9867",82,119,1,0,1,1,1,0.756,5,NA
"9868",82,102,1,2,1,1,1,0.314,5,NA
"9869",82,424,1,2,1,1,0,0.291,6,NA
"9870",82,109,1,0,1,1,1,0.344,2,NA
"9871",82,417,1,0,1,1,0,0.702,4,NA
"9872",82,426,1,2,1,1,0,1.016,1,NA
"9873",82,408,1,0,1,1,0,0.774,4,NA
"9874",82,414,1,2,1,0,0,0.317,1,NA
"9875",82,103,1,2,1,1,1,0.849,3,NA
"9876",82,107,1,1,1,1,1,0.26,5,NA
"9877",82,112,1,0,1,1,1,0.637,4,NA
"9878",82,106,1,2,1,1,1,0.39,5,NA
"9879",82,401,1,2,1,1,0,0.516,2,NA
"9880",82,104,1,1,1,1,1,0.329,4,NA
"9881",82,115,1,0,1,1,1,0.267,5,NA
"9882",82,403,1,2,1,1,0,0.408,6,NA
"9883",82,123,1,2,1,1,1,0.313,5,NA
"9884",82,108,1,1,1,1,1,0.285,5,NA
"9885",82,428,1,1,1,1,0,0.376,3,NA
"9886",82,404,1,0,1,1,0,0.012,3,NA
"9887",82,415,1,1,1,1,0,0.488,2,NA
"9888",82,111,1,1,1,1,1,0.589,5,NA
"9889",82,419,1,2,1,1,0,1.015,3,NA
"9890",82,129,1,2,1,1,1,0.325,1,NA
"9891",82,128,1,0,1,1,1,0.361,6,NA
"9892",82,413,1,1,1,1,0,0.353,4,NA
"9893",82,121,1,2,1,1,1,1.609,4,NA
"9894",82,420,1,0,1,0,0,2.208,1,NA
"9895",82,125,1,1,1,0,1,0.835,6,NA
"9896",82,422,1,1,1,1,0,0.408,2,NA
"9897",82,425,1,0,1,0,0,1.608,2,NA
"9898",82,126,1,0,1,1,1,0.564,4,NA
"9899",82,130,1,0,1,1,1,0.483,4,NA
"9900",82,412,1,1,1,0,0,0.698,5,NA
"9901",82,310,2,2,1,1,1,6.018,2,NA
"9902",82,217,2,2,1,1,0,3.463,2,NA
"9903",82,218,2,2,1,1,0,1.039,3,NA
"9904",82,315,2,0,1,0,1,3.782,4,NA
"9905",82,201,2,0,1,1,0,1.782,3,NA
"9906",82,221,2,1,1,1,0,0.363,6,NA
"9907",82,303,2,1,1,1,1,0.311,2,NA
"9908",82,311,2,1,1,1,1,0.255,2,NA
"9909",82,213,2,2,1,0,0,0.445,4,NA
"9910",82,322,2,2,1,1,1,0.236,3,NA
"9911",82,215,2,1,1,0,0,0.925,5,NA
"9912",82,306,2,1,1,1,1,0.249,4,NA
"9913",82,220,2,2,1,0,0,2.526,4,NA
"9914",82,320,2,2,1,1,1,1.605,2,NA
"9915",82,317,2,1,1,1,1,0.274,4,NA
"9916",82,226,2,1,1,1,0,0.43,4,NA
"9917",82,206,2,0,1,0,0,1.765,3,NA
"9918",82,212,2,0,1,1,0,0.278,4,NA
"9919",82,228,2,0,1,1,0,2.362,6,NA
"9920",82,203,2,1,1,1,0,4.179,3,NA
"9921",82,321,2,1,1,1,1,0.345,3,NA
"9922",82,313,2,2,1,1,1,0.79,5,NA
"9923",82,312,2,0,1,1,1,0.273,6,NA
"9924",82,301,2,0,1,0,1,0.267,2,NA
"9925",82,225,2,0,1,1,0,0.204,5,NA
"9926",82,314,2,2,1,0,1,1.335,6,NA
"9927",82,324,2,0,1,0,1,0.722,3,NA
"9928",82,211,2,2,1,0,0,4.968,3,NA
"9929",82,326,2,0,1,0,1,1.655,2,NA
"9930",82,223,2,1,1,0,0,0.587,4,NA
"9931",82,309,2,0,1,1,1,0.236,3,NA
"9932",82,204,2,1,1,1,0,0.493,4,NA
"9933",82,230,2,0,1,1,0,0.605,4,NA
"9934",82,328,2,2,1,1,1,0.828,6,NA
"9935",82,323,2,0,1,1,1,0.301,6,NA
"9936",82,308,2,2,1,0,1,0.287,3,NA
"9937",82,319,2,0,1,1,1,0.271,5,NA
"9938",82,327,2,1,1,0,1,0.407,2,NA
"9939",82,208,2,1,1,0,0,0.38,5,NA
"9940",82,224,2,0,1,1,0,1.808,5,NA
"9941",82,330,2,2,1,0,1,1.65,1,NA
"9942",82,202,2,2,1,0,0,0.393,1,NA
"9943",82,304,2,1,1,0,1,0.309,5,NA
"9944",82,210,2,2,1,0,0,0.637,6,NA
"9945",82,318,2,1,1,1,1,0.502,3,NA
"9946",82,207,2,2,1,1,0,1.992,5,NA
"9947",82,325,2,2,1,0,1,2.285,6,NA
"9948",82,229,2,1,1,1,0,1.227,4,NA
"9949",82,305,2,1,1,0,1,2.027,4,NA
"9950",82,216,2,2,1,0,0,1.894,2,NA
"9951",82,205,2,1,1,0,0,0.509,2,NA
"9952",82,302,2,2,1,1,1,0.317,4,NA
"9953",82,209,2,1,1,0,0,0.297,1,NA
"9954",82,316,2,0,1,0,1,1.025,3,NA
"9955",82,214,2,0,1,0,0,3.1,3,NA
"9956",82,222,2,0,1,0,0,1.048,2,NA
"9957",82,219,2,2,1,1,0,0.299,3,NA
"9958",82,329,2,0,1,0,1,0.321,2,NA
"9959",82,227,2,0,1,0,0,0.442,4,NA
"9960",82,307,2,1,1,1,1,0.281,5,NA
"9961",83,230,1,1,1,1,0,2.843,3,NA
"9962",83,327,1,1,1,0,1,0.702,3,NA
"9963",83,330,1,1,1,1,1,1.198,6,NA
"9964",83,328,1,0,1,1,1,0.535,3,NA
"9965",83,206,1,1,1,0,0,3.528,3,NA
"9966",83,203,1,2,1,1,0,0.903,3,NA
"9967",83,317,1,0,1,1,1,0.513,6,NA
"9968",83,229,1,2,1,1,0,0.471,4,NA
"9969",83,217,1,0,1,1,0,0.542,3,NA
"9970",83,303,1,2,1,1,1,0.356,6,NA
"9971",83,312,1,1,1,1,1,0.57,5,NA
"9972",83,318,1,1,1,1,1,0.634,4,NA
"9973",83,325,1,1,1,1,1,0.383,5,NA
"9974",83,201,1,1,1,1,0,0.39,5,NA
"9975",83,309,1,2,1,1,1,0.588,4,NA
"9976",83,324,1,0,1,0,1,0.367,4,NA
"9977",83,211,1,0,1,1,0,0.357,4,NA
"9978",83,223,1,1,1,1,0,0.324,6,NA
"9979",83,308,1,2,1,1,1,0.45,4,NA
"9980",83,205,1,0,1,1,0,0.346,4,NA
"9981",83,323,1,0,1,1,1,0.319,3,NA
"9982",83,304,1,2,1,1,1,0.325,4,NA
"9983",83,214,1,2,1,1,0,0.316,3,NA
"9984",83,313,1,2,1,1,1,0.58,3,NA
"9985",83,221,1,2,1,1,0,0.927,3,NA
"9986",83,220,1,0,1,1,0,1.063,3,NA
"9987",83,310,1,0,1,1,1,0.494,3,NA
"9988",83,209,1,0,1,1,0,0.519,3,NA
"9989",83,222,1,2,1,1,0,0.809,3,NA
"9990",83,226,1,1,1,1,0,0.553,3,NA
"9991",83,315,1,1,1,1,1,1.429,4,NA
"9992",83,207,1,1,1,1,0,0.456,5,NA
"9993",83,219,1,0,1,1,0,0.253,5,NA
"9994",83,227,1,0,1,1,0,0.801,5,NA
"9995",83,216,1,2,1,1,0,0.8,5,NA
"9996",83,210,1,1,1,1,0,0.45,3,NA
"9997",83,301,1,0,1,1,1,0.376,5,NA
"9998",83,306,1,0,1,1,1,0.324,6,NA
"9999",83,307,1,1,1,1,1,0.594,5,NA
"10000",83,316,1,2,1,1,1,0.321,4,NA
"10001",83,224,1,0,1,1,0,0.353,4,NA
"10002",83,202,1,1,1,1,0,0.317,4,NA
"10003",83,311,1,2,1,1,1,0.329,5,NA
"10004",83,213,1,0,1,1,0,0.392,4,NA
"10005",83,215,1,1,1,1,0,0.297,4,NA
"10006",83,319,1,1,1,1,1,0.348,3,NA
"10007",83,212,1,2,1,1,0,0.254,3,NA
"10008",83,314,1,1,1,0,1,0.508,3,NA
"10009",83,225,1,1,1,1,0,0.335,3,NA
"10010",83,228,1,0,1,1,0,0.31,3,NA
"10011",83,321,1,2,1,1,1,0.308,3,NA
"10012",83,305,1,2,1,0,1,0.809,4,NA
"10013",83,322,1,1,1,0,1,0.283,3,NA
"10014",83,218,1,2,1,1,0,0.317,3,NA
"10015",83,204,1,2,1,1,0,0.497,3,NA
"10016",83,329,1,0,1,1,1,0.63,3,NA
"10017",83,208,1,2,1,0,0,0.352,3,NA
"10018",83,302,1,0,1,1,1,0.272,3,NA
"10019",83,320,1,2,1,1,1,0.329,5,NA
"10020",83,326,1,0,1,0,1,0.307,3,NA
"10021",83,425,2,2,1,1,0,0.603,3,NA
"10022",83,408,2,0,1,1,0,0.182,5,NA
"10023",83,113,2,0,1,0,1,0.711,1,NA
"10024",83,111,2,2,1,1,1,0.445,2,NA
"10025",83,426,2,2,1,1,0,0.428,2,NA
"10026",83,405,2,1,1,1,0,0.41,2,NA
"10027",83,105,2,2,1,1,1,0.795,5,NA
"10028",83,117,2,1,1,1,1,1.448,2,NA
"10029",83,107,2,0,1,1,1,0.466,2,NA
"10030",83,104,2,1,1,1,1,0.766,1,NA
"10031",83,411,2,1,1,1,0,0.202,1,NA
"10032",83,422,2,2,1,0,0,0.3,1,NA
"10033",83,415,2,1,1,1,0,0.475,4,NA
"10034",83,402,2,2,1,1,0,0.473,3,NA
"10035",83,115,2,0,1,1,1,0.333,2,NA
"10036",83,118,2,1,1,0,1,0.342,2,NA
"10037",83,130,2,0,1,0,1,1.451,2,NA
"10038",83,429,2,1,1,0,0,0.607,2,NA
"10039",83,417,2,0,1,1,0,2.151,2,NA
"10040",83,430,2,0,1,1,0,0.57,4,NA
"10041",83,123,2,2,1,1,1,0.64,2,NA
"10042",83,414,2,0,1,1,0,0.381,3,NA
"10043",83,427,2,0,1,1,0,0.444,2,NA
"10044",83,424,2,1,1,1,0,0.341,4,NA
"10045",83,119,2,0,1,1,1,0.597,2,NA
"10046",83,401,2,2,1,1,0,0.32,3,NA
"10047",83,124,2,2,1,1,1,0.644,3,NA
"10048",83,112,2,1,1,1,1,0.651,2,NA
"10049",83,126,2,2,1,1,1,0.348,2,NA
"10050",83,109,2,1,1,1,1,0.445,4,NA
"10051",83,128,2,2,1,1,1,0.733,5,NA
"10052",83,406,2,2,1,1,0,0.494,3,NA
"10053",83,409,2,0,1,0,0,0.492,2,NA
"10054",83,116,2,2,1,1,1,1.955,2,NA
"10055",83,106,2,0,1,1,1,0.608,2,NA
"10056",83,416,2,2,1,1,0,0.671,2,NA
"10057",83,418,2,1,1,1,0,0.406,2,NA
"10058",83,407,2,0,1,1,0,0.716,6,NA
"10059",83,412,2,0,1,1,0,0.351,2,NA
"10060",83,122,2,0,1,1,1,1.962,2,NA
"10061",83,110,2,2,1,1,1,0.434,4,NA
"10062",83,101,2,0,1,1,1,0.414,2,NA
"10063",83,421,2,1,1,0,0,0.465,2,NA
"10064",83,129,2,2,1,0,1,0.536,4,NA
"10065",83,420,2,0,1,1,0,0.534,6,NA
"10066",83,108,2,1,1,1,1,0.417,4,NA
"10067",83,404,2,0,1,1,0,0.489,4,NA
"10068",83,403,2,1,1,0,0,0.524,2,NA
"10069",83,102,2,1,1,1,1,0.538,2,NA
"10070",83,120,2,2,1,0,1,0.65,2,NA
"10071",83,114,2,0,1,1,1,0.452,2,NA
"10072",83,410,2,2,1,1,0,0.771,2,NA
"10073",83,428,2,1,1,1,0,0.407,2,NA
"10074",83,125,2,1,1,0,1,0.419,6,NA
"10075",83,419,2,1,1,1,0,0.309,2,NA
"10076",83,423,2,2,1,1,0,0.744,3,NA
"10077",83,127,2,1,1,1,1,0.384,3,NA
"10078",83,121,2,0,1,1,1,0.493,2,NA
"10079",83,103,2,1,1,1,1,0.319,2,NA
"10080",83,413,2,2,1,1,0,0.514,2,NA
"10081",84,425,1,0,1,0,0,2.244,1,NA
"10082",84,422,1,1,1,0,0,2.111,3,NA
"10083",84,418,1,1,1,1,0,1.664,3,NA
"10084",84,303,1,1,1,1,1,1.496,4,NA
"10085",84,416,1,2,1,1,0,0.276,4,NA
"10086",84,306,1,0,1,0,1,2.098,2,NA
"10087",84,322,1,0,1,1,1,1.543,5,NA
"10088",84,401,1,0,1,1,0,1.617,3,NA
"10089",84,330,1,0,1,1,1,1.802,2,NA
"10090",84,314,1,0,1,0,1,2.55,5,NA
"10091",84,411,1,0,1,1,0,1.643,3,NA
"10092",84,328,1,1,1,1,1,1.124,2,NA
"10093",84,420,1,2,1,0,0,0.869,2,NA
"10094",84,405,1,1,1,1,0,1.761,3,NA
"10095",84,308,1,2,1,1,1,0.397,4,NA
"10096",84,309,1,2,1,1,1,0.473,4,NA
"10097",84,319,1,0,1,1,1,0.796,3,NA
"10098",84,430,1,2,1,1,0,0.564,4,NA
"10099",84,311,1,2,1,0,1,3.885,3,NA
"10100",84,429,1,1,1,0,0,0.969,6,NA
"10101",84,316,1,1,1,1,1,0.732,2,NA
"10102",84,318,1,1,1,0,1,3.136,5,NA
"10103",84,428,1,2,1,1,0,0.837,3,NA
"10104",84,404,1,2,1,1,0,1.56,2,NA
"10105",84,421,1,1,1,1,0,1.153,3,NA
"10106",84,415,1,0,1,1,0,0.795,5,NA
"10107",84,305,1,2,1,1,1,1.457,4,NA
"10108",84,329,1,2,1,1,1,0.788,1,NA
"10109",84,317,1,1,1,0,1,1.236,4,NA
"10110",84,410,1,0,1,0,0,2.975,2,NA
"10111",84,407,1,0,1,1,0,0.493,4,NA
"10112",84,413,1,2,1,1,0,0.798,5,NA
"10113",84,427,1,0,1,0,0,1.885,2,NA
"10114",84,403,1,0,1,1,0,1.72,2,NA
"10115",84,408,1,2,1,0,0,3.219,5,NA
"10116",84,307,1,0,1,1,1,1.523,5,NA
"10117",84,424,1,2,1,0,0,1.746,4,NA
"10118",84,409,1,1,1,0,0,2.78,2,NA
"10119",84,304,1,2,1,0,1,1.33,3,NA
"10120",84,313,1,0,1,0,1,4.509,5,NA
"10121",84,423,1,1,1,0,0,0.959,1,NA
"10122",84,402,1,0,1,1,0,1.667,1,NA
"10123",84,326,1,1,1,1,1,1.78,2,NA
"10124",84,419,1,2,1,0,0,2.078,3,NA
"10125",84,301,1,2,1,1,1,1.861,2,NA
"10126",84,327,1,1,1,0,1,1.719,3,NA
"10127",84,315,1,0,1,1,1,2.087,1,NA
"10128",84,312,1,0,1,0,1,1.958,3,NA
"10129",84,412,1,0,1,0,0,1.916,5,NA
"10130",84,406,1,1,1,1,0,1.957,1,NA
"10131",84,417,1,2,1,1,0,0.927,2,NA
"10132",84,426,1,1,1,1,0,2.046,4,NA
"10133",84,302,1,2,1,1,1,3.502,2,NA
"10134",84,324,1,2,1,0,1,0.62,4,NA
"10135",84,321,1,1,1,1,1,1.737,2,NA
"10136",84,414,1,1,1,1,0,3.872,1,NA
"10137",84,320,1,2,1,1,1,2.499,5,NA
"10138",84,323,1,1,1,0,1,2.208,5,NA
"10139",84,310,1,1,1,1,1,1.217,1,NA
"10140",84,325,1,0,1,1,1,1.744,4,NA
"10141",84,223,2,1,1,1,0,1.803,3,NA
"10142",84,226,2,2,1,0,0,2.222,5,NA
"10143",84,218,2,1,1,1,0,2.071,2,NA
"10144",84,219,2,1,1,1,0,1.324,2,NA
"10145",84,209,2,2,1,1,0,1.337,3,NA
"10146",84,104,2,1,1,0,1,1.14,1,NA
"10147",84,123,2,0,1,0,1,1.388,2,NA
"10148",84,108,2,2,1,0,1,2.574,5,NA
"10149",84,114,2,0,1,0,1,1.08,1,NA
"10150",84,212,2,1,1,0,0,1.171,5,NA
"10151",84,202,2,0,1,1,0,1.219,2,NA
"10152",84,124,2,2,1,1,1,1.282,1,NA
"10153",84,205,2,2,1,0,0,1.858,5,NA
"10154",84,101,2,1,1,0,1,1.606,2,NA
"10155",84,116,2,1,1,0,1,2.551,5,NA
"10156",84,222,2,0,1,0,0,1.583,2,NA
"10157",84,121,2,2,1,1,1,0.999,2,NA
"10158",84,103,2,1,1,1,1,2.031,4,NA
"10159",84,107,2,0,1,0,1,1.141,5,NA
"10160",84,115,2,2,1,0,1,1.299,3,NA
"10161",84,228,2,2,1,1,0,1.705,3,NA
"10162",84,102,2,2,1,0,1,1.944,5,NA
"10163",84,213,2,0,1,0,0,1.035,5,NA
"10164",84,203,2,2,1,1,0,1.514,3,NA
"10165",84,120,2,0,1,0,1,0.996,3,NA
"10166",84,214,2,0,1,1,0,1.087,2,NA
"10167",84,224,2,1,1,0,0,2.752,2,NA
"10168",84,122,2,0,1,0,1,5.669,4,NA
"10169",84,210,2,0,1,0,0,0.857,5,NA
"10170",84,129,2,1,1,0,1,2.24,2,NA
"10171",84,225,2,0,1,0,0,1.413,2,NA
"10172",84,204,2,2,1,1,0,1.316,2,NA
"10173",84,208,2,1,1,1,0,1.688,3,NA
"10174",84,126,2,0,1,1,1,0.235,3,NA
"10175",84,201,2,1,1,1,0,1.467,4,NA
"10176",84,112,2,2,1,0,1,0.486,3,NA
"10177",84,118,2,0,1,0,1,0.466,4,NA
"10178",84,105,2,2,1,0,1,1.096,6,NA
"10179",84,215,2,1,1,0,0,1.429,6,NA
"10180",84,206,2,1,1,1,0,0.858,2,NA
"10181",84,117,2,1,1,1,1,2.063,2,NA
"10182",84,109,2,0,1,0,1,1.779,3,NA
"10183",84,211,2,0,1,1,0,1.201,4,NA
"10184",84,207,2,0,1,0,0,1.176,6,NA
"10185",84,229,2,2,1,1,0,1.482,3,NA
"10186",84,111,2,1,1,0,1,1.046,2,NA
"10187",84,221,2,2,1,1,0,1.007,2,NA
"10188",84,127,2,1,1,0,1,2.967,4,NA
"10189",84,125,2,1,1,0,1,0.28,6,NA
"10190",84,216,2,2,1,1,0,1.946,3,NA
"10191",84,128,2,0,1,0,1,0.347,4,NA
"10192",84,227,2,0,1,0,0,1.083,5,NA
"10193",84,220,2,1,1,0,0,1.583,5,NA
"10194",84,110,2,0,1,0,1,0.537,5,NA
"10195",84,113,2,2,1,1,1,0.601,3,NA
"10196",84,217,2,2,1,1,0,0.629,2,NA
"10197",84,130,2,1,1,1,1,1.545,6,NA
"10198",84,119,2,2,1,0,1,0.619,6,NA
"10199",84,106,2,2,1,0,1,1.306,3,NA
"10200",84,230,2,0,1,1,0,0.831,5,NA
"10201",86,209,1,0,1,1,1,0.299,3,NA
"10202",86,207,1,2,1,0,1,0.209,4,NA
"10203",86,309,1,0,1,1,0,0.357,4,NA
"10204",86,319,1,2,1,0,0,0.48,2,NA
"10205",86,321,1,1,1,0,0,0.338,4,NA
"10206",86,203,1,1,1,1,1,0.514,2,NA
"10207",86,214,1,0,1,0,1,0.318,3,NA
"10208",86,216,1,2,1,1,1,0.353,3,NA
"10209",86,226,1,1,1,0,1,1.101,2,NA
"10210",86,206,1,1,1,0,1,0.555,6,NA
"10211",86,302,1,0,1,0,0,0.244,3,NA
"10212",86,316,1,1,1,0,0,0.303,5,NA
"10213",86,201,1,2,1,1,1,0.408,5,NA
"10214",86,325,1,0,1,1,0,0.4,3,NA
"10215",86,312,1,1,1,0,0,0.25,4,NA
"10216",86,212,1,1,1,0,1,0.152,3,NA
"10217",86,314,1,2,1,0,0,0.503,2,NA
"10218",86,317,1,1,1,1,0,0.474,2,NA
"10219",86,211,1,2,1,1,1,0.336,5,NA
"10220",86,225,1,2,1,0,1,0.362,5,NA
"10221",86,323,1,2,1,0,0,0.315,2,NA
"10222",86,306,1,2,1,0,0,0.312,3,NA
"10223",86,311,1,0,1,0,0,0.531,2,NA
"10224",86,308,1,1,1,1,0,0.432,4,NA
"10225",86,222,1,1,1,0,1,0.28,3,NA
"10226",86,303,1,2,1,1,0,0.335,2,NA
"10227",86,223,1,0,1,1,1,0.51,4,NA
"10228",86,205,1,0,1,1,1,0.554,3,NA
"10229",86,307,1,0,1,0,0,0.488,2,NA
"10230",86,204,1,0,1,1,1,0.46,3,NA
"10231",86,215,1,1,1,1,1,0.418,5,NA
"10232",86,208,1,1,1,1,1,0.471,1,NA
"10233",86,326,1,1,1,1,0,0.341,4,NA
"10234",86,301,1,0,1,1,0,0.454,5,NA
"10235",86,227,1,1,1,0,1,0.421,2,NA
"10236",86,220,1,2,1,0,1,0.384,1,NA
"10237",86,221,1,0,1,0,1,0.468,6,NA
"10238",86,202,1,2,1,1,1,0.466,5,NA
"10239",86,330,1,1,1,1,0,0.303,2,NA
"10240",86,310,1,2,1,1,0,0.498,2,NA
"10241",86,324,1,1,1,0,0,0.513,2,NA
"10242",86,315,1,0,1,0,0,0.501,5,NA
"10243",86,230,1,0,1,0,1,0.585,4,NA
"10244",86,327,1,0,1,0,0,0.433,6,NA
"10245",86,228,1,2,1,1,1,0.397,4,NA
"10246",86,210,1,2,1,0,1,0.374,5,NA
"10247",86,229,1,0,1,1,1,0.274,4,NA
"10248",86,213,1,1,1,1,1,0.314,2,NA
"10249",86,313,1,2,1,0,0,0.44,4,NA
"10250",86,217,1,0,1,1,1,0.338,2,NA
"10251",86,322,1,1,1,1,0,0.301,5,NA
"10252",86,218,1,1,1,1,1,0.347,1,NA
"10253",86,318,1,2,1,1,0,0.282,5,NA
"10254",86,328,1,2,1,1,0,0.413,3,NA
"10255",86,305,1,0,1,0,0,0.344,4,NA
"10256",86,219,1,2,1,0,1,0.38,1,NA
"10257",86,329,1,1,1,1,0,0.341,3,NA
"10258",86,224,1,0,1,0,1,0.42,6,NA
"10259",86,304,1,2,1,0,0,0.445,2,NA
"10260",86,320,1,0,1,1,0,0.379,5,NA
"10261",86,424,2,1,1,1,1,0.458,5,NA
"10262",86,104,2,2,1,1,0,0.514,2,NA
"10263",86,129,2,2,1,0,0,0.594,3,NA
"10264",86,421,2,0,1,0,1,0.353,2,NA
"10265",86,125,2,2,1,0,0,0.268,5,NA
"10266",86,418,2,0,1,1,1,0.265,5,NA
"10267",86,415,2,1,1,1,1,0.277,5,NA
"10268",86,103,2,1,1,1,0,0.498,4,NA
"10269",86,130,2,1,1,0,0,0.389,4,NA
"10270",86,423,2,1,1,0,1,0.529,2,NA
"10271",86,107,2,0,1,1,0,0.546,1,NA
"10272",86,406,2,1,1,0,1,0.303,3,NA
"10273",86,409,2,2,1,0,1,0.506,4,NA
"10274",86,120,2,1,1,0,0,0.495,1,NA
"10275",86,422,2,2,1,1,1,0.283,4,NA
"10276",86,428,2,0,1,0,1,0.325,1,NA
"10277",86,412,2,0,1,0,1,0.513,4,NA
"10278",86,416,2,2,1,1,1,0.386,4,NA
"10279",86,102,2,2,1,1,0,0.444,4,NA
"10280",86,108,2,0,1,1,0,0.362,6,NA
"10281",86,414,2,1,1,1,1,0.389,4,NA
"10282",86,404,2,2,1,0,1,0.315,3,NA
"10283",86,114,2,1,1,0,0,0.112,6,NA
"10284",86,111,2,0,1,1,0,0.231,2,NA
"10285",86,403,2,2,1,0,1,0.21,5,NA
"10286",86,124,2,2,1,0,0,0.348,5,NA
"10287",86,119,2,0,1,0,0,0.223,3,NA
"10288",86,127,2,0,1,1,0,0.369,4,NA
"10289",86,116,2,1,1,0,0,0.356,2,NA
"10290",86,430,2,0,1,1,1,0.334,4,NA
"10291",86,101,2,1,1,0,0,0.777,6,NA
"10292",86,408,2,2,1,1,1,0.332,3,NA
"10293",86,426,2,1,1,0,1,0.464,2,NA
"10294",86,105,2,0,1,1,0,0.281,2,NA
"10295",86,112,2,2,1,1,0,0.316,5,NA
"10296",86,405,2,0,1,1,1,0.253,1,NA
"10297",86,420,2,0,1,0,1,0.333,1,NA
"10298",86,413,2,0,1,0,1,0.48,6,NA
"10299",86,113,2,0,1,1,0,0.54,2,NA
"10300",86,123,2,0,1,1,0,0.477,4,NA
"10301",86,429,2,2,1,0,1,0.313,6,NA
"10302",86,410,2,2,1,1,1,0.321,1,NA
"10303",86,117,2,2,1,0,0,0.525,3,NA
"10304",86,110,2,1,1,1,0,0.345,5,NA
"10305",86,417,2,0,1,1,1,0.304,4,NA
"10306",86,411,2,1,1,1,1,0.322,5,NA
"10307",86,401,2,1,1,1,1,0.522,1,NA
"10308",86,115,2,0,1,1,0,0.546,4,NA
"10309",86,407,2,2,1,1,1,0.402,4,NA
"10310",86,109,2,1,1,1,0,0.507,5,NA
"10311",86,425,2,2,1,0,1,0.331,1,NA
"10312",86,128,2,1,1,0,0,0.334,3,NA
"10313",86,106,2,1,1,1,0,0.286,2,NA
"10314",86,427,2,1,1,1,1,0.264,2,NA
"10315",86,118,2,2,1,0,0,0.27,5,NA
"10316",86,126,2,2,1,0,0,0.274,5,NA
"10317",86,402,2,0,1,1,1,0.345,4,NA
"10318",86,121,2,2,1,1,0,0.425,5,NA
"10319",86,122,2,0,1,0,0,0.307,5,NA
"10320",86,419,2,1,1,0,1,0.308,2,NA
"10321",87,415,1,0,1,1,1,0.645,2,NA
"10322",87,117,1,2,1,1,0,1.48,3,NA
"10323",87,407,1,2,1,1,1,2.922,2,NA
"10324",87,121,1,1,1,0,0,1.821,2,NA
"10325",87,413,1,2,1,1,1,0.618,6,NA
"10326",87,408,1,1,1,1,1,1.217,3,NA
"10327",87,423,1,0,1,0,1,2.708,2,NA
"10328",87,405,1,0,1,1,1,0.639,2,NA
"10329",87,422,1,0,1,1,1,1.49,2,NA
"10330",87,128,1,2,1,0,0,0.624,5,NA
"10331",87,416,1,2,1,1,1,0.984,2,NA
"10332",87,115,1,0,1,1,0,0.742,4,NA
"10333",87,122,1,1,1,1,0,2.636,4,NA
"10334",87,404,1,1,1,1,1,0.631,3,NA
"10335",87,119,1,2,1,1,0,0.672,2,NA
"10336",87,403,1,2,1,1,1,0.365,3,NA
"10337",87,406,1,1,1,1,1,0.643,2,NA
"10338",87,402,1,0,1,1,1,0.558,3,NA
"10339",87,101,1,0,1,0,0,0.746,3,NA
"10340",87,107,1,0,1,0,0,3.334,2,NA
"10341",87,108,1,1,1,1,0,1.615,1,NA
"10342",87,111,1,1,1,0,0,0.438,1,NA
"10343",87,104,1,2,1,1,0,0.944,5,NA
"10344",87,426,1,2,1,0,1,4.075,1,NA
"10345",87,102,1,0,1,1,0,0.721,1,NA
"10346",87,420,1,1,1,1,1,0.537,5,NA
"10347",87,125,1,0,1,0,0,3.463,4,NA
"10348",87,109,1,2,1,1,0,0.917,3,NA
"10349",87,106,1,1,1,1,0,3.599,1,NA
"10350",87,411,1,1,1,0,1,3.594,1,NA
"10351",87,428,1,2,1,1,1,0.966,3,NA
"10352",87,429,1,1,1,0,1,0.994,5,NA
"10353",87,414,1,2,1,1,1,6.184,1,NA
"10354",87,419,1,0,1,1,1,3.074,1,NA
"10355",87,409,1,2,1,0,1,0.369,2,NA
"10356",87,123,1,0,1,1,0,3.667,3,NA
"10357",87,127,1,1,1,1,0,2.121,2,NA
"10358",87,103,1,1,1,1,0,0.563,2,NA
"10359",87,427,1,1,1,0,1,1.456,1,NA
"10360",87,110,1,2,1,1,0,0.618,3,NA
"10361",87,412,1,2,1,1,1,0.877,3,NA
"10362",87,120,1,1,1,1,0,0.478,2,NA
"10363",87,114,1,0,1,1,0,0.939,2,NA
"10364",87,418,1,1,1,1,1,0.001,1,NA
"10365",87,430,1,2,1,1,1,2.341,1,NA
"10366",87,129,1,2,1,0,0,0.299,2,NA
"10367",87,424,1,0,1,0,1,0.495,1,NA
"10368",87,112,1,0,1,1,0,0.751,4,NA
"10369",87,118,1,2,1,0,0,2.408,1,NA
"10370",87,124,1,1,1,1,0,0.526,1,NA
"10371",87,130,1,0,1,1,0,0.54,2,NA
"10372",87,401,1,0,1,1,1,0.58,1,NA
"10373",87,421,1,0,1,1,1,0.433,2,NA
"10374",87,410,1,0,1,0,1,1.249,1,NA
"10375",87,417,1,1,1,0,1,0.397,1,NA
"10376",87,116,1,1,1,0,0,2.31,1,NA
"10377",87,425,1,1,1,0,1,1.432,1,NA
"10378",87,126,1,2,1,0,0,0.847,1,NA
"10379",87,113,1,0,1,1,0,0.617,4,NA
"10380",87,105,1,2,1,1,0,0.022,2,NA
"10381",87,314,2,2,1,0,0,0.511,1,NA
"10382",87,230,2,0,1,1,1,0.509,1,NA
"10383",87,203,2,1,1,1,1,0.963,1,NA
"10384",87,307,2,1,1,0,0,1.286,1,NA
"10385",87,316,2,2,1,0,0,0.307,6,NA
"10386",87,326,2,1,1,1,0,0.603,2,NA
"10387",87,212,2,0,1,1,1,1.105,2,NA
"10388",87,302,2,1,1,0,0,2.383,1,NA
"10389",87,228,2,2,1,1,1,0.65,1,NA
"10390",87,309,2,2,1,1,0,2.892,1,NA
"10391",87,303,2,1,1,0,0,0.525,1,NA
"10392",87,205,2,2,1,1,1,0.408,1,NA
"10393",87,330,2,2,1,1,0,0.441,1,NA
"10394",87,222,2,2,1,0,1,2.355,1,NA
"10395",87,215,2,0,1,1,1,0.648,1,NA
"10396",87,301,2,2,1,1,0,0.186,3,NA
"10397",87,313,2,1,1,1,0,0.564,2,NA
"10398",87,210,2,0,1,0,1,0.91,1,NA
"10399",87,323,2,0,1,0,0,0.669,1,NA
"10400",87,324,2,0,1,0,0,0.417,1,NA
"10401",87,223,2,2,1,1,1,1.884,2,NA
"10402",87,315,2,0,1,0,0,4.457,1,NA
"10403",87,201,2,2,1,1,1,0.79,4,NA
"10404",87,204,2,1,1,0,1,0.383,1,NA
"10405",87,202,2,1,1,1,1,1.68,4,NA
"10406",87,221,2,0,1,1,1,2.493,1,NA
"10407",87,211,2,1,1,0,1,0.909,1,NA
"10408",87,220,2,1,1,1,1,1.823,1,NA
"10409",87,327,2,0,1,1,0,0.599,1,NA
"10410",87,311,2,0,1,0,0,2.821,1,NA
"10411",87,325,2,1,1,1,0,1.011,2,NA
"10412",87,328,2,2,1,0,0,0.98,1,NA
"10413",87,217,2,1,1,1,1,0.447,1,NA
"10414",87,227,2,2,1,0,1,4.035,1,NA
"10415",87,305,2,0,1,0,0,3.449,2,NA
"10416",87,209,2,1,1,1,1,0.495,2,NA
"10417",87,310,2,0,1,1,0,0.989,1,NA
"10418",87,206,2,2,1,0,1,1.629,1,NA
"10419",87,207,2,0,1,1,1,4.413,1,NA
"10420",87,317,2,1,1,1,0,0.348,1,NA
"10421",87,319,2,2,1,1,0,0.496,1,NA
"10422",87,321,2,1,1,1,0,0.489,1,NA
"10423",87,226,2,0,1,0,1,0.533,1,NA
"10424",87,216,2,0,1,1,1,0.534,1,NA
"10425",87,208,2,2,1,0,1,0.408,1,NA
"10426",87,213,2,1,1,0,1,0.108,1,NA
"10427",87,312,2,0,1,0,0,0.555,1,NA
"10428",87,224,2,0,1,1,1,0.761,5,NA
"10429",87,304,2,2,1,1,0,2.334,2,NA
"10430",87,322,2,1,1,0,0,0.45,1,NA
"10431",87,218,2,1,1,0,1,0.628,1,NA
"10432",87,306,2,0,1,0,0,3.995,1,NA
"10433",87,219,2,0,1,1,1,0.506,1,NA
"10434",87,329,2,0,1,0,0,0.692,1,NA
"10435",87,318,2,2,1,0,0,3.051,1,NA
"10436",87,320,2,2,1,0,0,0.62,1,NA
"10437",87,229,2,2,1,1,1,0.741,1,NA
"10438",87,308,2,1,1,0,0,0.594,1,NA
"10439",87,214,2,1,1,0,1,0.446,1,NA
"10440",87,225,2,2,1,0,1,0.626,1,NA
"10441",88,307,1,2,1,0,0,2.919,3,NA
"10442",88,324,1,2,1,0,0,5.575,2,NA
"10443",88,409,1,2,1,1,1,0.735,6,NA
"10444",88,426,1,2,1,1,1,0.675,6,NA
"10445",88,414,1,2,1,1,1,0.818,6,NA
"10446",88,421,1,2,1,1,1,1.081,6,NA
"10447",88,304,1,0,1,0,0,4.107,2,NA
"10448",88,327,1,0,1,1,0,6.756,1,NA
"10449",88,406,1,0,1,1,1,0.727,6,NA
"10450",88,423,1,0,1,1,1,1.512,5,NA
"10451",88,412,1,0,1,0,1,0.414,4,NA
"10452",88,411,1,1,1,1,1,1.405,6,NA
"10453",88,428,1,1,1,1,1,0.634,6,NA
"10454",88,326,1,2,1,0,0,1.666,3,NA
"10455",88,402,1,1,1,1,1,1.151,6,NA
"10456",88,328,1,0,1,0,0,4.084,3,NA
"10457",88,305,1,1,1,0,0,4.859,4,NA
"10458",88,420,1,2,1,1,1,0.498,6,NA
"10459",88,309,1,1,1,1,0,0.707,4,NA
"10460",88,310,1,2,1,0,0,1.213,4,NA
"10461",88,415,1,0,1,1,1,0.547,5,NA
"10462",88,316,1,0,1,1,0,3.249,3,NA
"10463",88,429,1,1,1,1,1,0.964,4,NA
"10464",88,306,1,2,1,1,0,1.139,3,NA
"10465",88,330,1,1,1,1,0,3.373,2,NA
"10466",88,318,1,1,1,1,0,3.735,4,NA
"10467",88,322,1,1,1,0,0,1.086,2,NA
"10468",88,410,1,1,1,1,1,0.415,6,NA
"10469",88,430,1,0,1,1,1,0.624,6,NA
"10470",88,301,1,0,1,1,0,1.536,2,NA
"10471",88,403,1,2,1,0,1,4.901,1,NA
"10472",88,418,1,2,1,1,1,0.416,6,NA
"10473",88,416,1,0,1,1,1,0.386,6,NA
"10474",88,311,1,2,1,0,0,5.366,1,NA
"10475",88,323,1,1,1,1,0,2.176,3,NA
"10476",88,325,1,2,1,1,0,2.391,2,NA
"10477",88,302,1,0,1,1,0,0.982,1,NA
"10478",88,319,1,0,1,1,0,0.545,3,NA
"10479",88,314,1,1,1,0,0,1.913,4,NA
"10480",88,427,1,0,1,1,1,0.537,6,NA
"10481",88,405,1,2,1,1,1,0.447,6,NA
"10482",88,315,1,1,1,1,0,0.811,2,NA
"10483",88,321,1,2,1,1,0,0.835,4,NA
"10484",88,320,1,0,1,1,0,0.986,2,NA
"10485",88,313,1,1,1,1,0,0.95,3,NA
"10486",88,329,1,2,1,0,0,5.825,1,NA
"10487",88,408,1,0,1,1,1,0.845,3,NA
"10488",88,413,1,1,1,1,1,2.203,6,NA
"10489",88,312,1,1,1,1,0,6.352,3,NA
"10490",88,422,1,1,1,1,1,0.952,4,NA
"10491",88,303,1,0,1,1,0,0.34,2,NA
"10492",88,425,1,0,1,0,1,3.127,1,NA
"10493",88,407,1,2,1,1,1,2.153,6,NA
"10494",88,401,1,1,1,1,1,1.058,6,NA
"10495",88,317,1,0,1,1,0,0.675,3,NA
"10496",88,424,1,1,1,1,1,0.377,6,NA
"10497",88,419,1,0,1,1,1,0.321,6,NA
"10498",88,404,1,2,1,1,1,0.431,4,NA
"10499",88,308,1,2,1,1,0,0.454,2,NA
"10500",88,417,1,1,1,1,1,6,1,NA
"10501",88,227,2,0,1,0,1,4.218,3,NA
"10502",88,224,2,0,1,1,1,1.256,6,NA
"10503",88,110,2,2,1,0,0,1.706,2,NA
"10504",88,102,2,2,1,0,0,1.561,3,NA
"10505",88,215,2,1,1,1,1,6.633,4,NA
"10506",88,128,2,1,1,1,0,2.643,1,NA
"10507",88,115,2,1,1,0,0,3.988,1,NA
"10508",88,101,2,0,1,0,0,2.309,2,NA
"10509",88,208,2,2,1,0,1,2.671,1,NA
"10510",88,113,2,1,1,1,0,1.301,5,NA
"10511",88,225,2,2,1,1,1,1.303,2,NA
"10512",88,120,2,1,1,1,0,1.028,4,NA
"10513",88,118,2,0,1,0,0,4.462,2,NA
"10514",88,201,2,2,1,0,1,3.664,2,NA
"10515",88,105,2,2,1,1,0,6.639,1,NA
"10516",88,211,2,1,1,1,1,0.89,3,NA
"10517",88,204,2,2,1,1,1,1.068,6,NA
"10518",88,127,2,2,1,1,0,0.992,1,NA
"10519",88,107,2,0,1,1,0,1.418,2,NA
"10520",88,217,2,0,1,1,1,0.683,2,NA
"10521",88,226,2,0,1,1,1,3.818,1,NA
"10522",88,106,2,2,1,1,0,1.174,3,NA
"10523",88,117,2,0,1,0,0,8.756,1,NA
"10524",88,207,2,2,1,1,1,13.885,2,NA
"10525",88,202,2,1,1,1,1,1.472,4,NA
"10526",88,114,2,1,1,1,0,5.66,1,NA
"10527",88,228,2,0,1,0,1,3.328,1,NA
"10528",88,212,2,1,1,1,1,0.95,6,NA
"10529",88,124,2,0,1,1,0,1.405,2,NA
"10530",88,220,2,1,1,1,1,0.984,6,NA
"10531",88,205,2,0,1,1,1,0.991,2,NA
"10532",88,216,2,0,1,1,1,1.271,3,NA
"10533",88,222,2,2,1,1,1,0.459,5,NA
"10534",88,103,2,2,1,1,0,1.459,5,NA
"10535",88,123,2,1,1,1,0,1.154,2,NA
"10536",88,203,2,0,1,1,1,1.804,3,NA
"10537",88,223,2,1,1,1,1,1.124,3,NA
"10538",88,109,2,0,1,1,0,2.614,2,NA
"10539",88,116,2,2,1,1,0,1.425,2,NA
"10540",88,229,2,2,1,1,1,5.119,2,NA
"10541",88,218,2,2,1,1,1,1.822,6,NA
"10542",88,206,2,1,1,0,1,5.983,4,NA
"10543",88,108,2,0,1,0,0,2.563,4,NA
"10544",88,209,2,2,1,1,1,1.079,1,NA
"10545",88,219,2,2,1,1,1,0.865,5,NA
"10546",88,104,2,2,1,1,0,1.759,2,NA
"10547",88,121,2,2,1,1,0,0.878,1,NA
"10548",88,111,2,2,1,1,0,2.892,1,NA
"10549",88,119,2,0,1,1,0,0.45,3,NA
"10550",88,112,2,0,1,1,0,1.019,4,NA
"10551",88,230,2,0,1,1,1,3.228,2,NA
"10552",88,125,2,1,1,0,0,2.809,2,NA
"10553",88,210,2,1,1,1,1,1.442,2,NA
"10554",88,213,2,0,1,1,1,1.125,3,NA
"10555",88,214,2,1,1,1,1,1.408,3,NA
"10556",88,221,2,1,1,1,1,2.632,2,NA
"10557",88,126,2,1,1,1,0,0.763,1,NA
"10558",88,122,2,1,1,0,0,5.783,2,NA
"10559",88,130,2,0,1,1,0,1.124,3,NA
"10560",88,129,2,1,1,1,0,0.979,2,NA
"10561",9,221,1,1,1,1,0,0.19,2,NA
"10562",9,223,1,1,1,1,0,0.734,4,NA
"10563",9,228,1,0,1,1,0,0.31,6,NA
"10564",9,115,1,0,1,1,1,0.583,3,NA
"10565",9,206,1,2,1,0,0,0.963,2,NA
"10566",9,126,1,2,1,1,1,0.392,5,NA
"10567",9,108,1,0,1,0,1,0.282,5,NA
"10568",9,226,1,0,1,1,0,0.101,2,NA
"10569",9,111,1,1,1,0,1,0.517,4,NA
"10570",9,211,1,0,1,1,0,2.741,5,NA
"10571",9,227,1,1,1,1,0,0.819,6,NA
"10572",9,116,1,0,1,0,1,0.566,2,NA
"10573",9,213,1,2,1,1,0,0.39,5,NA
"10574",9,207,1,2,1,0,0,0.382,5,NA
"10575",9,218,1,1,1,1,0,1.864,5,NA
"10576",9,129,1,1,1,1,1,0.65,6,NA
"10577",9,114,1,2,1,1,1,1.558,4,NA
"10578",9,230,1,0,1,1,0,0.279,5,NA
"10579",9,204,1,1,1,1,0,0.289,4,NA
"10580",9,101,1,1,1,0,1,1.001,5,NA
"10581",9,124,1,0,1,1,1,0.665,3,NA
"10582",9,104,1,2,1,1,1,0.748,5,NA
"10583",9,109,1,1,1,0,1,2.072,1,NA
"10584",9,212,1,2,1,0,0,0.706,2,NA
"10585",9,203,1,2,1,1,0,0.414,4,NA
"10586",9,208,1,0,1,1,0,1.014,2,NA
"10587",9,110,1,0,1,1,1,0.647,6,NA
"10588",9,128,1,2,1,1,1,0.762,1,NA
"10589",9,121,1,2,1,1,1,1.219,5,NA
"10590",9,120,1,1,1,1,1,0.816,1,NA
"10591",9,224,1,0,1,0,0,0.34,2,NA
"10592",9,112,1,2,1,0,1,0.352,2,NA
"10593",9,103,1,2,1,0,1,0.399,5,NA
"10594",9,219,1,0,1,0,0,2.608,2,NA
"10595",9,205,1,2,1,0,0,0.371,1,NA
"10596",9,113,1,2,1,1,1,0.257,3,NA
"10597",9,209,1,0,1,1,0,1.213,3,NA
"10598",9,118,1,0,1,0,1,0.569,4,NA
"10599",9,102,1,1,1,0,1,0.83,5,NA
"10600",9,106,1,2,1,1,1,0.448,4,NA
"10601",9,130,1,0,1,1,1,0.351,6,NA
"10602",9,220,1,2,1,0,0,1.255,2,NA
"10603",9,217,1,0,1,0,0,0.439,2,NA
"10604",9,210,1,1,1,1,0,1.046,2,NA
"10605",9,127,1,0,1,1,1,0.796,1,NA
"10606",9,107,1,1,1,0,1,1.102,1,NA
"10607",9,229,1,2,1,1,0,0.382,5,NA
"10608",9,222,1,1,1,0,0,1.15,2,NA
"10609",9,119,1,0,1,1,1,1.86,3,NA
"10610",9,123,1,2,1,1,1,0.892,5,NA
"10611",9,215,1,1,1,0,0,1.039,2,NA
"10612",9,225,1,2,1,0,0,1.521,2,NA
"10613",9,216,1,0,1,1,0,0.472,4,NA
"10614",9,202,1,2,1,1,0,0.444,5,NA
"10615",9,122,1,1,1,1,1,0.42,5,NA
"10616",9,214,1,1,1,1,0,0.441,5,NA
"10617",9,125,1,1,1,0,1,0.711,2,NA
"10618",9,117,1,1,1,1,1,0.534,2,NA
"10619",9,105,1,0,1,1,1,0.385,3,NA
"10620",9,201,1,1,1,1,0,1.402,5,NA
"10621",9,307,2,1,1,0,1,0.585,4,NA
"10622",9,429,2,0,1,1,0,0.376,1,NA
"10623",9,316,2,2,1,1,1,1.261,2,NA
"10624",9,413,2,1,1,1,0,0.449,4,NA
"10625",9,321,2,1,1,1,1,0.445,5,NA
"10626",9,311,2,1,1,0,1,0.708,1,NA
"10627",9,424,2,1,1,1,0,0.731,5,NA
"10628",9,416,2,2,1,1,0,0.599,2,NA
"10629",9,320,2,0,1,1,1,0.326,5,NA
"10630",9,330,2,2,1,0,1,0.354,1,NA
"10631",9,411,2,2,1,0,0,0.458,1,NA
"10632",9,410,2,0,1,1,0,0.715,2,NA
"10633",9,309,2,2,1,0,1,0.395,5,NA
"10634",9,419,2,1,1,0,0,1.444,1,NA
"10635",9,406,2,1,1,1,0,0.592,2,NA
"10636",9,313,2,0,1,1,1,0.504,6,NA
"10637",9,428,2,2,1,0,0,0.539,2,NA
"10638",9,319,2,0,1,1,1,0.7,4,NA
"10639",9,412,2,0,1,0,0,0.785,1,NA
"10640",9,404,2,2,1,1,0,1.735,3,NA
"10641",9,315,2,0,1,1,1,1.125,2,NA
"10642",9,408,2,0,1,1,0,1.703,3,NA
"10643",9,328,2,1,1,1,1,0.584,4,NA
"10644",9,308,2,2,1,1,1,1.09,5,NA
"10645",9,318,2,2,1,0,1,2.614,1,NA
"10646",9,314,2,1,1,1,1,0.931,2,NA
"10647",9,427,2,0,1,1,0,0.872,3,NA
"10648",9,425,2,1,1,1,0,0.584,2,NA
"10649",9,415,2,2,1,1,0,0.419,3,NA
"10650",9,305,2,0,1,1,1,3.66,4,NA
"10651",9,302,2,1,1,0,1,1.86,2,NA
"10652",9,329,2,2,1,0,1,0.492,2,NA
"10653",9,312,2,0,1,1,1,0.535,5,NA
"10654",9,426,2,2,1,0,0,3.749,2,NA
"10655",9,423,2,0,1,0,0,0.511,1,NA
"10656",9,407,2,2,1,1,0,0.703,6,NA
"10657",9,430,2,0,1,0,0,2.146,1,NA
"10658",9,306,2,1,1,0,1,2.505,2,NA
"10659",9,403,2,0,1,0,0,2.536,1,NA
"10660",9,317,2,1,1,1,1,2.56,3,NA
"10661",9,327,2,0,1,0,1,2.979,3,NA
"10662",9,322,2,2,1,0,1,0.92,2,NA
"10663",9,421,2,1,1,0,0,0.687,6,NA
"10664",9,401,2,2,1,0,0,3.317,2,NA
"10665",9,405,2,2,1,1,0,1.136,2,NA
"10666",9,303,2,2,1,1,1,0.51,4,NA
"10667",9,414,2,0,1,0,0,2.447,3,NA
"10668",9,417,2,1,1,1,0,1.719,2,NA
"10669",9,304,2,1,1,0,1,0.521,3,NA
"10670",9,409,2,2,1,0,0,0.501,5,NA
"10671",9,324,2,0,1,1,1,1.177,4,NA
"10672",9,402,2,1,1,0,0,0.508,4,NA
"10673",9,301,2,0,1,0,1,1.9,2,NA
"10674",9,325,2,0,1,1,1,0.951,3,NA
"10675",9,310,2,2,1,0,1,1.624,2,NA
"10676",9,422,2,1,1,0,0,1.68,1,NA
"10677",9,418,2,1,1,1,0,2.228,3,NA
"10678",9,323,2,1,1,1,1,0.875,5,NA
"10679",9,420,2,0,1,1,0,0.854,5,NA
"10680",9,326,2,2,1,1,1,0.462,2,NA
"10681",90,317,1,0,1,1,0,3.749,3,NA
"10682",90,118,1,1,1,0,1,1.633,2,NA
"10683",90,312,1,2,1,1,0,1.086,5,NA
"10684",90,315,1,0,1,1,0,2.595,2,NA
"10685",90,101,1,1,1,1,1,1.266,5,NA
"10686",90,309,1,0,1,1,0,1.903,4,NA
"10687",90,304,1,2,1,1,0,0.764,1,NA
"10688",90,323,1,0,1,0,0,3.636,1,NA
"10689",90,327,1,1,1,1,0,1.979,1,NA
"10690",90,112,1,2,1,1,1,2.277,1,NA
"10691",90,125,1,2,1,1,1,0.539,2,NA
"10692",90,129,1,0,1,1,1,9.677,4,NA
"10693",90,316,1,1,1,1,0,0.688,4,NA
"10694",90,319,1,2,1,1,0,0.274,1,NA
"10695",90,130,1,1,1,0,1,1.084,5,NA
"10696",90,102,1,2,1,0,1,0.573,1,NA
"10697",90,115,1,1,1,1,1,1.206,2,NA
"10698",90,303,1,1,1,1,0,0.341,3,NA
"10699",90,105,1,2,1,1,1,0.778,1,NA
"10700",90,107,1,0,1,0,1,0.876,1,NA
"10701",90,325,1,1,1,0,0,2.415,4,NA
"10702",90,322,1,0,1,1,0,0.462,3,NA
"10703",90,128,1,2,1,1,1,1.211,4,NA
"10704",90,311,1,2,1,1,0,1.376,1,NA
"10705",90,124,1,1,1,1,1,0.758,5,NA
"10706",90,113,1,0,1,1,1,0.933,6,NA
"10707",90,320,1,1,1,0,0,2.361,2,NA
"10708",90,302,1,2,1,1,0,2.269,1,NA
"10709",90,123,1,0,1,1,1,0.612,3,NA
"10710",90,121,1,0,1,1,1,0.346,1,NA
"10711",90,108,1,2,1,1,1,0.445,4,NA
"10712",90,321,1,0,1,1,0,0.95,4,NA
"10713",90,119,1,2,1,1,1,1.175,3,NA
"10714",90,326,1,2,1,1,0,0.62,1,NA
"10715",90,313,1,1,1,1,0,1.396,3,NA
"10716",90,109,1,0,1,0,1,0.501,1,NA
"10717",90,328,1,2,1,1,0,0.145,1,NA
"10718",90,110,1,1,1,0,1,0.899,4,NA
"10719",90,126,1,0,1,1,1,0.94,2,NA
"10720",90,308,1,1,1,0,0,2.056,1,NA
"10721",90,122,1,2,1,1,1,1.072,2,NA
"10722",90,310,1,0,1,0,0,0.449,1,NA
"10723",90,305,1,1,1,0,0,0.912,1,NA
"10724",90,330,1,2,1,1,0,0.867,1,NA
"10725",90,306,1,0,1,1,0,0.665,3,NA
"10726",90,104,1,2,1,0,1,0.718,1,NA
"10727",90,117,1,1,1,1,1,0.626,2,NA
"10728",90,329,1,2,1,0,0,0.34,1,NA
"10729",90,324,1,0,1,1,0,2.614,1,NA
"10730",90,307,1,1,1,0,0,0.434,2,NA
"10731",90,314,1,0,1,0,0,1.463,2,NA
"10732",90,318,1,1,1,1,0,2.677,2,NA
"10733",90,114,1,0,1,1,1,0.447,1,NA
"10734",90,301,1,2,1,1,0,1.139,1,NA
"10735",90,106,1,0,1,1,1,1.132,2,NA
"10736",90,120,1,0,1,0,1,0.552,1,NA
"10737",90,127,1,1,1,1,1,0.864,3,NA
"10738",90,116,1,2,1,0,1,1.128,1,NA
"10739",90,103,1,1,1,0,1,8.035,4,NA
"10740",90,111,1,1,1,0,1,0.586,3,NA
"10741",90,418,2,1,1,1,1,0.744,4,NA
"10742",90,205,2,1,1,0,0,0.918,3,NA
"10743",90,421,2,1,1,0,1,2.302,2,NA
"10744",90,208,2,1,1,0,0,0.418,1,NA
"10745",90,221,2,1,1,1,0,0.658,2,NA
"10746",90,420,2,2,1,1,1,0.441,3,NA
"10747",90,422,2,1,1,1,1,2.992,2,NA
"10748",90,213,2,2,1,1,0,2.128,3,NA
"10749",90,215,2,0,1,1,0,1.482,4,NA
"10750",90,412,2,2,1,1,1,0.453,5,NA
"10751",90,209,2,1,1,1,0,1.007,1,NA
"10752",90,230,2,0,1,0,0,1.225,2,NA
"10753",90,415,2,2,1,1,1,1.638,2,NA
"10754",90,212,2,2,1,1,0,0.33,1,NA
"10755",90,203,2,2,1,1,0,0.697,2,NA
"10756",90,202,2,0,1,1,0,0.55,5,NA
"10757",90,224,2,2,1,1,0,0.88,2,NA
"10758",90,425,2,0,1,0,1,0.354,1,NA
"10759",90,427,2,0,1,1,1,0.297,1,NA
"10760",90,218,2,0,1,1,0,0.913,2,NA
"10761",90,411,2,0,1,1,1,0.199,1,NA
"10762",90,404,2,2,1,1,1,0.394,3,NA
"10763",90,402,2,2,1,1,1,0.653,1,NA
"10764",90,222,2,2,1,1,0,0.313,3,NA
"10765",90,409,2,1,1,0,1,0.617,6,NA
"10766",90,424,2,1,1,0,1,0.789,2,NA
"10767",90,217,2,1,1,1,0,2.957,1,NA
"10768",90,407,2,0,1,1,1,0.617,3,NA
"10769",90,207,2,0,1,0,0,0.975,4,NA
"10770",90,403,2,0,1,0,1,0.868,6,NA
"10771",90,426,2,2,1,0,1,1.728,1,NA
"10772",90,210,2,2,1,0,0,2.777,1,NA
"10773",90,228,2,0,1,1,0,0.357,2,NA
"10774",90,206,2,2,1,0,0,0.679,5,NA
"10775",90,430,2,2,1,1,1,0.324,3,NA
"10776",90,201,2,2,1,1,0,2.483,1,NA
"10777",90,405,2,2,1,1,1,1.176,3,NA
"10778",90,414,2,0,1,0,1,1.444,1,NA
"10779",90,416,2,1,1,1,1,0.91,2,NA
"10780",90,226,2,0,1,0,0,1.177,1,NA
"10781",90,229,2,1,1,1,0,0.395,2,NA
"10782",90,204,2,1,1,0,0,0.741,1,NA
"10783",90,401,2,1,1,1,1,0.863,1,NA
"10784",90,216,2,0,1,0,0,1.022,1,NA
"10785",90,223,2,0,1,1,0,0.424,4,NA
"10786",90,211,2,2,1,1,0,0.461,2,NA
"10787",90,423,2,0,1,1,1,1.023,3,NA
"10788",90,413,2,2,1,1,1,0.413,5,NA
"10789",90,227,2,1,1,1,0,1.907,2,NA
"10790",90,220,2,1,1,1,0,1.107,2,NA
"10791",90,417,2,1,1,1,1,0.746,4,NA
"10792",90,219,2,1,1,1,0,0.622,6,NA
"10793",90,410,2,1,1,0,1,0.83,3,NA
"10794",90,429,2,1,1,0,1,0.602,4,NA
"10795",90,419,2,0,1,1,1,0.289,1,NA
"10796",90,225,2,2,1,1,0,0.779,3,NA
"10797",90,214,2,0,1,0,0,0.602,2,NA
"10798",90,428,2,0,1,0,1,0.379,1,NA
"10799",90,408,2,2,1,1,1,0.931,2,NA
"10800",90,406,2,0,1,1,1,0.835,5,NA
"10801",91,429,1,2,1,1,1,8.548,2,NA
"10802",91,202,1,2,1,0,0,0.88,3,NA
"10803",91,201,1,2,1,0,0,2.057,4,NA
"10804",91,211,1,1,1,1,0,0.784,3,NA
"10805",91,406,1,0,1,1,1,0.798,3,NA
"10806",91,426,1,1,1,0,1,0.856,5,NA
"10807",91,213,1,0,1,1,0,2.092,2,NA
"10808",91,428,1,0,1,0,1,0.306,3,NA
"10809",91,425,1,1,1,1,1,1.714,2,NA
"10810",91,203,1,1,1,1,0,0.276,3,NA
"10811",91,212,1,0,1,1,0,0.868,5,NA
"10812",91,414,1,2,1,0,1,1.215,2,NA
"10813",91,206,1,0,1,1,0,1.201,2,NA
"10814",91,224,1,1,1,1,0,1.575,3,NA
"10815",91,221,1,0,1,1,0,0.345,2,NA
"10816",91,423,1,2,1,0,1,0.356,5,NA
"10817",91,410,1,2,1,0,1,0.854,4,NA
"10818",91,219,1,1,1,0,0,0.544,2,NA
"10819",91,222,1,0,1,1,0,0.894,1,NA
"10820",91,427,1,0,1,1,1,0.782,2,NA
"10821",91,424,1,0,1,1,1,1.1,1,NA
"10822",91,419,1,1,1,1,1,0.59,3,NA
"10823",91,223,1,2,1,0,0,0.773,2,NA
"10824",91,422,1,1,1,0,1,1.319,2,NA
"10825",91,204,1,2,1,1,0,1.787,5,NA
"10826",91,218,1,2,1,0,0,1.497,1,NA
"10827",91,403,1,0,1,0,1,1.554,5,NA
"10828",91,220,1,1,1,1,0,0.928,1,NA
"10829",91,412,1,2,1,0,1,0.939,1,NA
"10830",91,402,1,1,1,1,1,0.71,3,NA
"10831",91,415,1,1,1,1,1,0.95,3,NA
"10832",91,404,1,0,1,1,1,0.846,2,NA
"10833",91,208,1,2,1,0,0,0.323,1,NA
"10834",91,407,1,1,1,0,1,0.697,4,NA
"10835",91,214,1,0,1,0,0,0.251,2,NA
"10836",91,215,1,1,1,0,0,1.091,5,NA
"10837",91,418,1,2,1,0,1,0.309,2,NA
"10838",91,421,1,2,1,1,1,0.739,3,NA
"10839",91,227,1,0,1,0,0,0.994,1,NA
"10840",91,430,1,1,1,1,1,0.846,2,NA
"10841",91,229,1,1,1,0,0,0.761,5,NA
"10842",91,207,1,2,1,0,0,0.494,5,NA
"10843",91,216,1,2,1,0,0,0.629,2,NA
"10844",91,226,1,2,1,0,0,0.403,1,NA
"10845",91,217,1,1,1,1,0,0.867,5,NA
"10846",91,230,1,0,1,0,0,1.085,2,NA
"10847",91,209,1,1,1,1,0,1.171,1,NA
"10848",91,408,1,0,1,1,1,0.966,3,NA
"10849",91,401,1,0,1,1,1,0.69,1,NA
"10850",91,405,1,1,1,0,1,0.857,2,NA
"10851",91,416,1,0,1,1,1,0.777,2,NA
"10852",91,417,1,2,1,0,1,0.48,1,NA
"10853",91,409,1,0,1,0,1,1.141,3,NA
"10854",91,228,1,2,1,1,0,1.129,2,NA
"10855",91,413,1,2,1,1,1,0.941,6,NA
"10856",91,420,1,2,1,1,1,0.921,2,NA
"10857",91,205,1,0,1,0,0,0.46,6,NA
"10858",91,210,1,1,1,0,0,1.393,5,NA
"10859",91,411,1,1,1,1,1,0.258,4,NA
"10860",91,225,1,0,1,0,0,0.85,6,NA
"10861",91,326,2,0,1,1,0,0.825,2,NA
"10862",91,109,2,1,1,1,1,0.33,3,NA
"10863",91,301,2,0,1,1,0,0.449,2,NA
"10864",91,111,2,0,1,1,1,0.447,4,NA
"10865",91,311,2,2,1,0,0,0.367,1,NA
"10866",91,321,2,1,1,1,0,0.369,1,NA
"10867",91,123,2,1,1,1,1,0.305,5,NA
"10868",91,117,2,1,1,0,1,0.34,2,NA
"10869",91,314,2,2,1,0,0,0.856,5,NA
"10870",91,113,2,1,1,0,1,0.767,2,NA
"10871",91,309,2,0,1,0,0,0.291,4,NA
"10872",91,310,2,0,1,0,0,0.507,2,NA
"10873",91,108,2,2,1,0,1,0.392,1,NA
"10874",91,322,2,1,1,0,0,0.348,5,NA
"10875",91,306,2,1,1,1,0,0.388,2,NA
"10876",91,308,2,2,1,0,0,0.731,6,NA
"10877",91,112,2,2,1,0,1,0.555,5,NA
"10878",91,128,2,1,1,1,1,0.419,2,NA
"10879",91,324,2,1,1,0,0,0.792,4,NA
"10880",91,120,2,0,1,1,1,0.329,2,NA
"10881",91,302,2,1,1,1,0,0.375,2,NA
"10882",91,325,2,0,1,1,0,0.433,2,NA
"10883",91,116,2,0,1,1,1,0.299,3,NA
"10884",91,320,2,2,1,1,0,0.322,4,NA
"10885",91,103,2,2,1,0,1,0.607,3,NA
"10886",91,101,2,2,1,0,1,0.713,2,NA
"10887",91,106,2,0,1,0,1,0.437,1,NA
"10888",91,330,2,2,1,0,0,0.484,2,NA
"10889",91,124,2,0,1,1,1,0.63,1,NA
"10890",91,121,2,2,1,1,1,0.8,1,NA
"10891",91,316,2,0,1,0,0,0.457,1,NA
"10892",91,323,2,0,1,1,0,0.363,1,NA
"10893",91,118,2,0,1,0,1,0.391,2,NA
"10894",91,303,2,2,1,1,0,0.357,2,NA
"10895",91,115,2,1,1,0,1,0.566,1,NA
"10896",91,305,2,0,1,0,0,0.675,4,NA
"10897",91,304,2,2,1,1,0,0.725,1,NA
"10898",91,318,2,1,1,0,0,0.643,3,NA
"10899",91,329,2,2,1,0,0,0.415,3,NA
"10900",91,105,2,2,1,1,1,0.721,3,NA
"10901",91,127,2,0,1,1,1,0.202,2,NA
"10902",91,107,2,0,1,0,1,0.363,2,NA
"10903",91,125,2,1,1,0,1,0.423,6,NA
"10904",91,110,2,2,1,1,1,0.655,4,NA
"10905",91,104,2,0,1,0,1,0.216,1,NA
"10906",91,328,2,2,1,0,0,0.01,2,NA
"10907",91,317,2,1,1,1,0,0.412,3,NA
"10908",91,126,2,2,1,0,1,0.42,1,NA
"10909",91,319,2,0,1,1,0,2.516,2,NA
"10910",91,327,2,1,1,0,0,0.33,2,NA
"10911",91,312,2,0,1,1,0,0.453,4,NA
"10912",91,129,2,1,1,1,1,0.4,4,NA
"10913",91,119,2,1,1,0,1,0.29,3,NA
"10914",91,315,2,1,1,0,0,0.355,3,NA
"10915",91,307,2,1,1,0,0,0.365,4,NA
"10916",91,114,2,0,1,1,1,0.277,2,NA
"10917",91,102,2,2,1,0,1,0.533,2,NA
"10918",91,122,2,1,1,1,1,0.234,6,NA
"10919",91,313,2,2,1,0,0,0.351,6,NA
"10920",91,130,2,2,1,1,1,0.419,3,NA
"10921",93,212,1,0,1,0,1,0.254,2,NA
"10922",93,215,1,0,1,1,1,0.013,4,NA
"10923",93,124,1,0,1,0,0,0.111,1,NA
"10924",93,217,1,1,1,1,1,1.221,3,NA
"10925",93,208,1,1,1,1,1,0.86,1,NA
"10926",93,225,1,1,1,1,1,0.533,2,NA
"10927",93,115,1,0,1,1,0,0.103,1,NA
"10928",93,205,1,2,1,1,1,0.38,1,NA
"10929",93,216,1,1,1,1,1,0.601,1,NA
"10930",93,223,1,2,1,1,1,0.118,3,NA
"10931",93,127,1,2,1,0,0,0.209,2,NA
"10932",93,224,1,0,1,1,1,0.479,1,NA
"10933",93,202,1,2,1,0,1,0.226,1,NA
"10934",93,116,1,0,1,1,0,2.04,1,NA
"10935",93,128,1,2,1,0,0,0.578,6,NA
"10936",93,103,1,1,1,0,0,0.063,4,NA
"10937",93,110,1,2,1,1,0,0.129,1,NA
"10938",93,109,1,1,1,1,0,0.582,2,NA
"10939",93,211,1,2,1,1,1,0.328,3,NA
"10940",93,226,1,1,1,1,1,0.227,2,NA
"10941",93,120,1,0,1,1,0,0.792,1,NA
"10942",93,203,1,0,1,1,1,0.243,2,NA
"10943",93,122,1,1,1,0,0,0.232,2,NA
"10944",93,221,1,0,1,1,1,0.222,1,NA
"10945",93,113,1,0,1,1,0,1.24,1,NA
"10946",93,112,1,1,1,1,0,0.174,2,NA
"10947",93,114,1,1,1,1,0,0.957,1,NA
"10948",93,104,1,2,1,0,0,0.404,1,NA
"10949",93,121,1,2,1,1,0,0.256,1,NA
"10950",93,207,1,2,1,1,1,0.534,3,NA
"10951",93,214,1,1,1,1,1,0.716,2,NA
"10952",93,117,1,1,1,1,0,0.749,2,NA
"10953",93,125,1,0,1,1,0,0.55,1,NA
"10954",93,201,1,2,1,1,1,0.408,2,NA
"10955",93,101,1,1,1,0,0,0.444,1,NA
"10956",93,102,1,2,1,0,0,0.233,1,NA
"10957",93,227,1,2,1,1,1,0.361,1,NA
"10958",93,108,1,2,1,0,0,0.283,1,NA
"10959",93,230,1,2,1,1,1,0.433,1,NA
"10960",93,130,1,2,1,1,0,0.242,3,NA
"10961",93,210,1,1,1,0,1,0.468,2,NA
"10962",93,123,1,1,1,1,0,0.261,2,NA
"10963",93,220,1,2,1,1,1,0.458,2,NA
"10964",93,107,1,0,1,1,0,0.661,1,NA
"10965",93,105,1,2,1,0,0,2.798,1,NA
"10966",93,213,1,0,1,1,1,2.349,1,NA
"10967",93,222,1,0,1,0,1,0.845,1,NA
"10968",93,126,1,1,1,1,0,0.306,2,NA
"10969",93,206,1,0,1,1,1,0.952,1,NA
"10970",93,119,1,0,1,1,0,0.251,1,NA
"10971",93,229,1,1,1,1,1,0.286,1,NA
"10972",93,209,1,0,1,1,1,0.257,1,NA
"10973",93,129,1,0,1,0,0,2.73,2,NA
"10974",93,219,1,1,1,0,1,0.838,1,NA
"10975",93,204,1,2,1,1,1,0.243,1,NA
"10976",93,118,1,0,1,1,0,2.264,1,NA
"10977",93,228,1,1,1,1,1,0.274,1,NA
"10978",93,106,1,1,1,1,0,0.438,1,NA
"10979",93,111,1,2,1,1,0,0.371,1,NA
"10980",93,218,1,0,1,1,1,0.671,1,NA
"10981",93,305,2,1,1,1,1,1.597,2,NA
"10982",93,418,2,2,1,1,0,0.236,2,NA
"10983",93,430,2,1,1,1,0,0.376,2,NA
"10984",93,422,2,2,1,0,0,0.213,1,NA
"10985",93,329,2,2,1,1,1,0.216,1,NA
"10986",93,420,2,2,1,1,0,0.17,2,NA
"10987",93,405,2,1,1,1,0,0.219,2,NA
"10988",93,417,2,1,1,0,0,0.291,2,NA
"10989",93,401,2,1,1,1,0,0.233,1,NA
"10990",93,419,2,0,1,1,0,0.271,1,NA
"10991",93,415,2,2,1,1,0,0.179,2,NA
"10992",93,327,2,0,1,0,1,0.305,2,NA
"10993",93,428,2,1,1,1,0,0.218,2,NA
"10994",93,416,2,2,1,1,0,0.199,2,NA
"10995",93,324,2,0,1,1,1,0.069,2,NA
"10996",93,306,2,1,1,1,1,0.291,2,NA
"10997",93,408,2,0,1,1,0,0.217,1,NA
"10998",93,314,2,1,1,1,1,0.485,3,NA
"10999",93,307,2,0,1,1,1,0.165,2,NA
"11000",93,317,2,0,1,1,1,0.071,1,NA
"11001",93,318,2,2,1,1,1,0.209,1,NA
"11002",93,404,2,0,1,1,0,0.224,1,NA
"11003",93,328,2,0,1,1,1,0.094,1,NA
"11004",93,411,2,0,1,1,0,0.974,1,NA
"11005",93,302,2,1,1,0,1,0.212,1,NA
"11006",93,311,2,1,1,1,1,0.603,2,NA
"11007",93,429,2,0,1,1,0,0.173,2,NA
"11008",93,320,2,2,1,0,1,0.314,2,NA
"11009",93,308,2,2,1,0,1,0.218,2,NA
"11010",93,325,2,2,1,1,1,0.542,2,NA
"11011",93,409,2,0,1,0,0,0.18,2,NA
"11012",93,304,2,0,1,1,1,0.176,2,NA
"11013",93,316,2,0,1,1,1,0.291,2,NA
"11014",93,421,2,2,1,0,0,0.303,3,NA
"11015",93,309,2,2,1,1,1,0.215,4,NA
"11016",93,412,2,1,1,0,0,0.246,2,NA
"11017",93,424,2,1,1,1,0,0.346,1,NA
"11018",93,425,2,0,1,0,0,0.309,2,NA
"11019",93,423,2,1,1,1,0,0.332,1,NA
"11020",93,313,2,0,1,1,1,0.335,3,NA
"11021",93,312,2,2,1,1,1,0.208,3,NA
"11022",93,330,2,2,1,0,1,0.208,2,NA
"11023",93,310,2,2,1,1,1,0.308,1,NA
"11024",93,414,2,2,1,1,0,0.192,1,NA
"11025",93,323,2,2,1,1,1,0.197,1,NA
"11026",93,315,2,1,1,1,1,0.323,1,NA
"11027",93,326,2,1,1,1,1,0.219,1,NA
"11028",93,413,2,2,1,1,0,0.844,1,NA
"11029",93,406,2,2,1,1,0,0.277,1,NA
"11030",93,303,2,1,1,1,1,0.276,1,NA
"11031",93,321,2,0,1,0,1,0.234,1,NA
"11032",93,410,2,1,1,1,0,0.227,1,NA
"11033",93,322,2,1,1,0,1,0.526,1,NA
"11034",93,301,2,1,1,1,1,0.268,1,NA
"11035",93,319,2,0,1,1,1,0.013,1,NA
"11036",93,402,2,0,1,1,0,0.159,4,NA
"11037",93,426,2,0,1,1,0,0.263,1,NA
"11038",93,403,2,1,1,0,0,0.637,1,NA
"11039",93,427,2,2,1,1,0,0.294,1,NA
"11040",93,407,2,0,1,0,0,0.228,1,NA
"11041",94,430,1,0,1,1,0,4.589,1,NA
"11042",94,412,1,2,1,0,0,1.517,2,NA
"11043",94,217,1,2,1,0,1,7.199,1,NA
"11044",94,227,1,2,1,1,1,7.502,1,NA
"11045",94,223,1,2,1,0,1,0.738,3,NA
"11046",94,203,1,0,1,1,1,4.949,1,NA
"11047",94,202,1,0,1,0,1,5.973,1,NA
"11048",94,429,1,0,1,1,0,1.1,1,NA
"11049",94,415,1,0,1,1,0,0.954,1,NA
"11050",94,209,1,2,1,1,1,5.805,1,NA
"11051",94,212,1,2,1,0,1,0.526,1,NA
"11052",94,420,1,0,1,1,0,1.745,1,NA
"11053",94,213,1,1,1,1,1,0.866,1,NA
"11054",94,401,1,2,1,1,0,1.358,1,NA
"11055",94,417,1,1,1,0,0,0.618,2,NA
"11056",94,204,1,0,1,1,1,0.664,2,NA
"11057",94,409,1,1,1,0,0,10.601,1,NA
"11058",94,208,1,1,1,1,1,1.891,1,NA
"11059",94,221,1,0,1,0,1,2.726,1,NA
"11060",94,424,1,2,1,0,0,0.43,1,NA
"11061",94,423,1,1,1,0,0,1.15,2,NA
"11062",94,403,1,0,1,0,0,0.84,3,NA
"11063",94,410,1,1,1,1,0,0.782,1,NA
"11064",94,404,1,2,1,1,0,1.816,1,NA
"11065",94,425,1,2,1,1,0,0.891,1,NA
"11066",94,224,1,1,1,1,1,0.917,1,NA
"11067",94,413,1,1,1,0,0,5.765,1,NA
"11068",94,205,1,1,1,0,1,2.995,1,NA
"11069",94,230,1,0,1,0,1,1.387,1,NA
"11070",94,210,1,1,1,0,1,3.507,1,NA
"11071",94,418,1,1,1,1,0,2.277,1,NA
"11072",94,427,1,0,1,0,0,0.666,1,NA
"11073",94,407,1,2,1,0,0,0.391,2,NA
"11074",94,201,1,2,1,1,1,0.765,3,NA
"11075",94,222,1,1,1,0,1,0.493,1,NA
"11076",94,220,1,2,1,0,1,2.898,1,NA
"11077",94,215,1,1,1,0,1,0.648,2,NA
"11078",94,225,1,1,1,0,1,0.461,2,NA
"11079",94,206,1,0,1,1,1,0.81,1,NA
"11080",94,211,1,2,1,0,1,4.785,1,NA
"11081",94,229,1,2,1,1,1,0.907,1,NA
"11082",94,408,1,1,1,1,0,0.361,1,NA
"11083",94,214,1,0,1,0,1,0.389,1,NA
"11084",94,216,1,1,1,1,1,2.051,1,NA
"11085",94,426,1,2,1,1,0,1.9,1,NA
"11086",94,414,1,0,1,1,0,2.062,1,NA
"11087",94,428,1,1,1,0,0,0.377,1,NA
"11088",94,219,1,1,1,1,1,0.413,1,NA
"11089",94,207,1,2,1,1,1,0.844,1,NA
"11090",94,416,1,0,1,0,0,2.516,1,NA
"11091",94,421,1,2,1,0,0,1.755,1,NA
"11092",94,419,1,2,1,0,0,2.267,1,NA
"11093",94,405,1,0,1,1,0,0.765,1,NA
"11094",94,218,1,0,1,0,1,0.437,1,NA
"11095",94,406,1,0,1,0,0,3.132,1,NA
"11096",94,411,1,1,1,0,0,2.022,1,NA
"11097",94,226,1,0,1,0,1,0.533,1,NA
"11098",94,402,1,1,1,1,0,0.346,1,NA
"11099",94,422,1,2,1,1,0,0.841,1,NA
"11100",94,228,1,0,1,1,1,0.341,1,NA
"11101",94,329,2,0,1,1,1,0.554,1,NA
"11102",94,317,2,1,1,1,1,0.674,1,NA
"11103",94,312,2,0,1,1,1,0.68,1,NA
"11104",94,305,2,1,1,0,1,0.437,1,NA
"11105",94,324,2,1,1,1,1,5.095,1,NA
"11106",94,303,2,0,1,1,1,1.033,1,NA
"11107",94,306,2,0,1,0,1,0.559,1,NA
"11108",94,106,2,2,1,1,0,0.813,1,NA
"11109",94,316,2,0,1,1,1,0.58,1,NA
"11110",94,118,2,2,1,0,0,0.644,1,NA
"11111",94,321,2,2,1,0,1,0.612,1,NA
"11112",94,327,2,2,1,1,1,0.481,1,NA
"11113",94,121,2,1,1,1,0,0.554,1,NA
"11114",94,122,2,2,1,0,0,0.395,1,NA
"11115",94,113,2,1,1,0,0,0.498,1,NA
"11116",94,104,2,0,1,0,0,0.53,1,NA
"11117",94,301,2,1,1,1,1,0.36,1,NA
"11118",94,114,2,0,1,0,0,0.966,1,NA
"11119",94,328,2,2,1,1,1,0.555,1,NA
"11120",94,308,2,1,1,1,1,0.357,1,NA
"11121",94,307,2,2,1,0,1,0.417,1,NA
"11122",94,129,2,1,1,0,0,0.573,1,NA
"11123",94,102,2,1,1,0,0,1.871,1,NA
"11124",94,325,2,2,1,0,1,1.189,1,NA
"11125",94,115,2,2,1,1,0,1.839,1,NA
"11126",94,123,2,2,1,0,0,0.308,1,NA
"11127",94,117,2,0,1,0,0,2.213,1,NA
"11128",94,119,2,0,1,0,0,0.406,1,NA
"11129",94,130,2,1,1,0,0,1.946,1,NA
"11130",94,120,2,0,1,1,0,0.331,1,NA
"11131",94,311,2,1,1,1,1,0.587,1,NA
"11132",94,319,2,2,1,1,1,0.364,1,NA
"11133",94,304,2,1,1,0,1,0.451,1,NA
"11134",94,111,2,1,1,0,0,0.427,1,NA
"11135",94,107,2,0,1,0,0,0.307,1,NA
"11136",94,112,2,1,1,0,0,0.855,1,NA
"11137",94,320,2,1,1,1,1,0.366,1,NA
"11138",94,110,2,2,1,1,0,1.095,1,NA
"11139",94,103,2,1,1,0,0,2.148,1,NA
"11140",94,313,2,0,1,1,1,3.663,1,NA
"11141",94,309,2,2,1,0,1,0.357,1,NA
"11142",94,326,2,0,1,1,1,0.348,1,NA
"11143",94,109,2,2,1,1,0,0.689,1,NA
"11144",94,318,2,1,1,1,1,0.478,1,NA
"11145",94,330,2,2,1,0,1,0.392,1,NA
"11146",94,302,2,1,1,0,1,1.561,1,NA
"11147",94,128,2,2,1,1,0,0.774,1,NA
"11148",94,124,2,1,1,0,0,0.426,1,NA
"11149",94,315,2,0,1,1,1,0.324,1,NA
"11150",94,108,2,2,1,1,0,0.851,1,NA
"11151",94,314,2,0,1,0,1,0.828,1,NA
"11152",94,126,2,0,1,1,0,0.431,1,NA
"11153",94,127,2,0,1,1,0,0.345,1,NA
"11154",94,116,2,2,1,0,0,0.391,1,NA
"11155",94,105,2,0,1,1,0,3.722,1,NA
"11156",94,323,2,0,1,1,1,1.474,1,NA
"11157",94,101,2,0,1,0,0,0.553,1,NA
"11158",94,322,2,2,1,0,1,0.809,1,NA
"11159",94,125,2,1,1,1,0,0.856,1,NA
"11160",94,310,2,2,1,1,1,1.196,1,NA
"11161",95,121,1,1,1,0,0,1.663,3,NA
"11162",95,107,1,0,1,0,0,1.098,3,NA
"11163",95,324,1,0,1,0,1,0.651,2,NA
"11164",95,102,1,2,1,0,0,0.636,3,NA
"11165",95,105,1,1,1,0,0,0.75,1,NA
"11166",95,327,1,2,1,1,1,0.187,2,NA
"11167",95,104,1,0,1,0,0,0.337,4,NA
"11168",95,109,1,2,1,1,0,0.342,3,NA
"11169",95,113,1,2,1,1,0,0.611,4,NA
"11170",95,308,1,1,1,0,1,0.8,2,NA
"11171",95,318,1,0,1,0,1,1.776,2,NA
"11172",95,110,1,1,1,1,0,0.363,2,NA
"11173",95,325,1,2,1,0,1,0.605,4,NA
"11174",95,306,1,1,1,1,1,0.431,3,NA
"11175",95,314,1,2,1,1,1,2.419,2,NA
"11176",95,321,1,2,1,1,1,0.812,4,NA
"11177",95,114,1,1,1,0,0,0.685,2,NA
"11178",95,329,1,2,1,0,1,0.387,4,NA
"11179",95,108,1,2,1,1,0,0.737,3,NA
"11180",95,309,1,1,1,1,1,0.451,4,NA
"11181",95,323,1,0,1,0,1,0.066,5,NA
"11182",95,119,1,1,1,1,0,1.337,3,NA
"11183",95,125,1,0,1,0,0,0.337,6,NA
"11184",95,111,1,0,1,1,0,1.057,3,NA
"11185",95,310,1,1,1,0,1,0.633,1,NA
"11186",95,328,1,0,1,0,1,0.475,2,NA
"11187",95,303,1,1,1,1,1,0.677,2,NA
"11188",95,124,1,2,1,1,0,0.365,3,NA
"11189",95,118,1,0,1,0,0,0.436,3,NA
"11190",95,326,1,0,1,1,1,0.556,2,NA
"11191",95,305,1,0,1,1,1,0.506,3,NA
"11192",95,313,1,2,1,1,1,1.734,3,NA
"11193",95,320,1,0,1,0,1,0.493,3,NA
"11194",95,126,1,1,1,1,0,1.273,2,NA
"11195",95,112,1,0,1,0,0,0.886,2,NA
"11196",95,128,1,0,1,1,0,0.391,4,NA
"11197",95,330,1,2,1,1,1,0.575,1,NA
"11198",95,311,1,1,1,0,1,0.375,3,NA
"11199",95,115,1,2,1,0,0,1.241,3,NA
"11200",95,120,1,2,1,1,0,0.632,2,NA
"11201",95,116,1,2,1,0,0,1.876,2,NA
"11202",95,301,1,2,1,1,1,0.282,5,NA
"11203",95,307,1,1,1,1,1,0.981,3,NA
"11204",95,322,1,0,1,1,1,0.324,4,NA
"11205",95,129,1,1,1,1,0,0.281,3,NA
"11206",95,315,1,2,1,1,1,0.484,2,NA
"11207",95,317,1,0,1,0,1,0.831,2,NA
"11208",95,304,1,2,1,1,1,0.559,3,NA
"11209",95,106,1,1,1,1,0,1.692,3,NA
"11210",95,319,1,1,1,0,1,0.144,3,NA
"11211",95,302,1,1,1,0,1,0.568,3,NA
"11212",95,130,1,1,1,0,0,1.177,3,NA
"11213",95,127,1,2,1,0,0,1.501,3,NA
"11214",95,122,1,2,1,1,0,0.48,2,NA
"11215",95,316,1,1,1,1,1,0.714,3,NA
"11216",95,312,1,0,1,1,1,0.34,4,NA
"11217",95,117,1,0,1,0,0,0.522,5,NA
"11218",95,123,1,1,1,1,0,0.698,4,NA
"11219",95,103,1,0,1,0,0,1.399,6,NA
"11220",95,101,1,0,1,0,0,2.15,6,NA
"11221",95,214,2,2,1,1,1,1.055,2,NA
"11222",95,226,2,2,1,0,1,0.749,3,NA
"11223",95,425,2,2,1,1,0,0.652,2,NA
"11224",95,210,2,2,1,0,1,1.038,3,NA
"11225",95,218,2,0,1,1,1,0.493,1,NA
"11226",95,217,2,1,1,0,1,1.307,1,NA
"11227",95,414,2,0,1,1,0,0.842,1,NA
"11228",95,227,2,1,1,1,1,0.48,2,NA
"11229",95,417,2,2,1,1,0,0.646,2,NA
"11230",95,219,2,0,1,1,1,0.493,4,NA
"11231",95,220,2,1,1,0,1,0.471,5,NA
"11232",95,418,2,1,1,0,0,0.48,2,NA
"11233",95,215,2,1,1,0,1,0.704,2,NA
"11234",95,405,2,2,1,0,0,1.332,1,NA
"11235",95,403,2,0,1,0,0,0.287,2,NA
"11236",95,423,2,1,1,1,0,0.453,3,NA
"11237",95,213,2,0,1,0,1,0.489,1,NA
"11238",95,208,2,2,1,1,1,0.301,2,NA
"11239",95,421,2,0,1,0,0,0.486,2,NA
"11240",95,201,2,2,1,1,1,0.671,3,NA
"11241",95,223,2,0,1,1,1,0.455,2,NA
"11242",95,429,2,1,1,0,0,0.69,6,NA
"11243",95,202,2,0,1,1,1,0.654,2,NA
"11244",95,211,2,1,1,1,1,0.388,1,NA
"11245",95,428,2,1,1,1,0,0.528,1,NA
"11246",95,416,2,2,1,0,0,0.446,2,NA
"11247",95,419,2,0,1,1,0,0.366,2,NA
"11248",95,401,2,1,1,0,0,0.645,1,NA
"11249",95,402,2,2,1,1,0,0.463,1,NA
"11250",95,407,2,0,1,1,0,0.635,1,NA
"11251",95,412,2,1,1,1,0,0.969,2,NA
"11252",95,209,2,1,1,1,1,0.653,1,NA
"11253",95,228,2,1,1,1,1,0.435,1,NA
"11254",95,410,2,1,1,1,0,0.107,2,NA
"11255",95,225,2,2,1,1,1,0.758,1,NA
"11256",95,203,2,2,1,0,1,0.306,1,NA
"11257",95,206,2,2,1,0,1,0.627,5,NA
"11258",95,404,2,1,1,1,0,0.405,1,NA
"11259",95,230,2,0,1,0,1,0.355,1,NA
"11260",95,216,2,0,1,1,1,0.361,2,NA
"11261",95,204,2,2,1,1,1,0.53,2,NA
"11262",95,224,2,2,1,0,1,0.45,6,NA
"11263",95,422,2,2,1,0,0,1.481,1,NA
"11264",95,426,2,0,1,1,0,0.758,3,NA
"11265",95,222,2,0,1,1,1,0.512,2,NA
"11266",95,413,2,0,1,1,0,0.594,6,NA
"11267",95,212,2,1,1,1,1,0.981,3,NA
"11268",95,430,2,1,1,1,0,1.252,2,NA
"11269",95,229,2,0,1,1,1,0.37,3,NA
"11270",95,411,2,0,1,0,0,0.336,1,NA
"11271",95,427,2,0,1,1,0,0.308,1,NA
"11272",95,205,2,1,1,1,1,0.369,2,NA
"11273",95,406,2,1,1,0,0,0.668,1,NA
"11274",95,207,2,1,1,0,1,0.241,6,NA
"11275",95,420,2,2,1,0,0,0.742,1,NA
"11276",95,408,2,2,1,1,0,1.19,3,NA
"11277",95,415,2,2,1,1,0,0.449,2,NA
"11278",95,424,2,0,1,0,0,0.65,2,NA
"11279",95,221,2,0,1,1,1,0.537,1,NA
"11280",95,409,2,2,1,0,0,0.37,2,NA
"11281",97,326,1,0,1,1,1,4.916,2,NA
"11282",97,310,1,1,1,1,1,2.767,5,NA
"11283",97,327,1,0,1,0,1,0.423,2,NA
"11284",97,221,1,0,1,0,0,3.315,2,NA
"11285",97,315,1,0,1,1,1,0.837,5,NA
"11286",97,316,1,2,1,0,1,0.02,2,NA
"11287",97,321,1,1,1,0,1,0.549,2,NA
"11288",97,318,1,2,1,1,1,0.526,3,NA
"11289",97,229,1,2,1,1,0,0.293,4,NA
"11290",97,208,1,1,1,0,0,0.014,2,NA
"11291",97,216,1,0,1,1,0,0.807,2,NA
"11292",97,214,1,2,1,1,0,0.43,3,NA
"11293",97,219,1,1,1,0,0,0.229,4,NA
"11294",97,227,1,2,1,1,0,0.284,4,NA
"11295",97,218,1,2,1,0,0,0.416,3,NA
"11296",97,325,1,2,1,1,1,0.192,2,NA
"11297",97,324,1,0,1,1,1,0.668,2,NA
"11298",97,226,1,2,1,0,0,1.029,3,NA
"11299",97,212,1,1,1,1,0,0.179,2,NA
"11300",97,313,1,1,1,1,1,0.701,6,NA
"11301",97,228,1,1,1,1,0,0.567,5,NA
"11302",97,319,1,1,1,1,1,0.318,5,NA
"11303",97,311,1,2,1,1,1,0.258,6,NA
"11304",97,330,1,0,1,1,1,0.284,6,NA
"11305",97,202,1,0,1,0,0,0.34,1,NA
"11306",97,210,1,1,1,0,0,0.279,2,NA
"11307",97,308,1,2,1,1,1,0.142,5,NA
"11308",97,329,1,1,1,1,1,0.759,2,NA
"11309",97,204,1,0,1,0,0,0.184,3,NA
"11310",97,223,1,0,1,1,0,0.288,3,NA
"11311",97,220,1,2,1,1,0,0.941,3,NA
"11312",97,203,1,2,1,1,0,0.357,2,NA
"11313",97,305,1,2,1,1,1,0.224,6,NA
"11314",97,225,1,0,1,1,0,0.283,1,NA
"11315",97,317,1,1,1,1,1,0.57,5,NA
"11316",97,314,1,2,1,1,1,0.055,5,NA
"11317",97,328,1,2,1,1,1,0.452,5,NA
"11318",97,205,1,1,1,1,0,0.805,3,NA
"11319",97,213,1,1,1,1,0,0.429,4,NA
"11320",97,207,1,0,1,0,0,0.362,5,NA
"11321",97,215,1,1,1,1,0,0.587,2,NA
"11322",97,230,1,1,1,1,0,0.6,3,NA
"11323",97,320,1,1,1,1,1,0.668,4,NA
"11324",97,201,1,2,1,0,0,0.067,5,NA
"11325",97,303,1,0,1,0,1,0.538,3,NA
"11326",97,312,1,2,1,1,1,0.329,6,NA
"11327",97,206,1,0,1,1,0,0.532,4,NA
"11328",97,224,1,0,1,1,0,0.137,3,NA
"11329",97,209,1,2,1,1,0,0.178,3,NA
"11330",97,211,1,1,1,0,0,0.312,2,NA
"11331",97,217,1,2,1,1,0,0.212,5,NA
"11332",97,301,1,0,1,1,1,0.34,6,NA
"11333",97,302,1,1,1,1,1,0.153,5,NA
"11334",97,307,1,0,1,1,1,0.352,6,NA
"11335",97,304,1,0,1,1,1,0.396,6,NA
"11336",97,222,1,0,1,1,0,0.972,2,NA
"11337",97,322,1,0,1,1,1,0.035,6,NA
"11338",97,309,1,2,1,1,1,0.362,6,NA
"11339",97,306,1,1,1,1,1,0.283,4,NA
"11340",97,323,1,1,1,1,1,0.572,4,NA
"11341",97,112,2,1,1,0,0,0.22,2,NA
"11342",97,403,2,2,1,1,1,0.662,4,NA
"11343",97,121,2,1,1,0,0,1.125,2,NA
"11344",97,117,2,2,1,1,0,0.799,1,NA
"11345",97,425,2,0,1,1,1,0.598,3,NA
"11346",97,414,2,2,1,0,1,0.431,2,NA
"11347",97,106,2,0,1,0,0,0.572,2,NA
"11348",97,430,2,1,1,0,1,0.455,4,NA
"11349",97,418,2,1,1,1,1,0.266,5,NA
"11350",97,423,2,1,1,1,1,0.388,3,NA
"11351",97,404,2,1,1,1,1,0.353,5,NA
"11352",97,109,2,0,1,0,0,0.472,4,NA
"11353",97,123,2,0,1,0,0,0.369,2,NA
"11354",97,114,2,2,1,1,0,0.477,2,NA
"11355",97,429,2,0,1,1,1,0.363,6,NA
"11356",97,101,2,2,1,1,0,0.365,2,NA
"11357",97,410,2,0,1,0,1,0.501,1,NA
"11358",97,120,2,1,1,1,0,0.511,2,NA
"11359",97,110,2,0,1,1,0,0.378,4,NA
"11360",97,127,2,0,1,1,0,0.586,1,NA
"11361",97,413,2,0,1,1,1,0.324,5,NA
"11362",97,424,2,1,1,0,1,0.375,6,NA
"11363",97,401,2,0,1,1,1,0.484,4,NA
"11364",97,126,2,2,1,1,0,0.287,2,NA
"11365",97,122,2,1,1,0,0,0.328,4,NA
"11366",97,415,2,2,1,0,1,0.594,2,NA
"11367",97,405,2,2,1,1,1,0.401,5,NA
"11368",97,105,2,2,1,1,0,0.482,3,NA
"11369",97,426,2,2,1,1,1,0.575,1,NA
"11370",97,113,2,1,1,1,0,0.446,3,NA
"11371",97,104,2,0,1,1,0,0.447,1,NA
"11372",97,406,2,1,1,1,1,0.487,2,NA
"11373",97,407,2,1,1,0,1,0.619,6,NA
"11374",97,427,2,0,1,1,1,0.363,4,NA
"11375",97,115,2,1,1,0,0,0.397,2,NA
"11376",97,103,2,2,1,0,0,0.354,5,NA
"11377",97,419,2,2,1,1,1,0.308,4,NA
"11378",97,409,2,2,1,0,1,0.462,2,NA
"11379",97,107,2,0,1,1,0,0.477,2,NA
"11380",97,428,2,0,1,0,1,0.333,3,NA
"11381",97,411,2,1,1,1,1,0.671,3,NA
"11382",97,130,2,0,1,1,0,0.505,4,NA
"11383",97,402,2,0,1,1,1,0.557,5,NA
"11384",97,129,2,1,1,1,0,0.421,5,NA
"11385",97,124,2,1,1,1,0,0.513,2,NA
"11386",97,128,2,2,1,1,0,0.624,1,NA
"11387",97,422,2,1,1,1,1,0.489,4,NA
"11388",97,421,2,0,1,1,1,0.453,2,NA
"11389",97,108,2,0,1,0,0,0.471,1,NA
"11390",97,125,2,2,1,0,0,1.052,1,NA
"11391",97,408,2,1,1,1,1,0.437,4,NA
"11392",97,102,2,2,1,0,0,0.509,5,NA
"11393",97,416,2,0,1,0,1,0.514,1,NA
"11394",97,116,2,1,1,0,0,1.669,2,NA
"11395",97,118,2,1,1,0,0,0.489,1,NA
"11396",97,417,2,2,1,0,1,0.503,2,NA
"11397",97,412,2,2,1,1,1,0.527,5,NA
"11398",97,111,2,0,1,1,0,0.874,4,NA
"11399",97,119,2,2,1,0,0,0.3,2,NA
"11400",97,420,2,2,1,1,1,0.399,6,NA
"11401",98,129,1,0,1,1,0,1.797,4,NA
"11402",98,413,1,1,1,1,1,0.592,4,NA
"11403",98,117,1,0,1,0,0,0.383,5,NA
"11404",98,119,1,1,1,1,0,0.505,5,NA
"11405",98,128,1,0,1,1,0,0.374,4,NA
"11406",98,101,1,0,1,0,0,0.891,4,NA
"11407",98,102,1,2,1,1,0,0.33,4,NA
"11408",98,127,1,2,1,1,0,0.774,4,NA
"11409",98,428,1,2,1,0,1,0.71,3,NA
"11410",98,424,1,0,1,0,1,1.339,4,NA
"11411",98,118,1,0,1,0,0,0.364,4,NA
"11412",98,422,1,0,1,0,1,0.309,3,NA
"11413",98,412,1,1,1,1,1,0.32,3,NA
"11414",98,427,1,1,1,1,1,0.922,3,NA
"11415",98,401,1,2,1,1,1,1.419,3,NA
"11416",98,126,1,2,1,1,0,0.542,4,NA
"11417",98,410,1,2,1,1,1,0.739,4,NA
"11418",98,103,1,1,1,1,0,1.958,3,NA
"11419",98,125,1,1,1,1,0,0.455,3,NA
"11420",98,420,1,0,1,1,1,0.647,4,NA
"11421",98,421,1,0,1,1,1,0.895,3,NA
"11422",98,403,1,2,1,1,1,0.682,3,NA
"11423",98,417,1,2,1,0,1,2.118,3,NA
"11424",98,426,1,1,1,1,1,0.331,4,NA
"11425",98,114,1,1,1,1,0,0.717,4,NA
"11426",98,105,1,2,1,0,0,0.293,4,NA
"11427",98,121,1,1,1,1,0,1.215,3,NA
"11428",98,408,1,1,1,1,1,0.257,4,NA
"11429",98,108,1,2,1,1,0,0.906,3,NA
"11430",98,404,1,0,1,1,1,0.353,4,NA
"11431",98,402,1,0,1,1,1,0.293,6,NA
"11432",98,104,1,2,1,1,0,0.594,5,NA
"11433",98,415,1,0,1,1,1,0.576,6,NA
"11434",98,112,1,2,1,1,0,0.922,4,NA
"11435",98,116,1,1,1,1,0,0.44,5,NA
"11436",98,122,1,0,1,1,0,0.885,2,NA
"11437",98,113,1,0,1,1,0,0.655,4,NA
"11438",98,120,1,2,1,1,0,0.395,5,NA
"11439",98,414,1,0,1,1,1,0.424,4,NA
"11440",98,106,1,1,1,1,0,0.303,4,NA
"11441",98,407,1,2,1,1,1,1.14,6,NA
"11442",98,107,1,1,1,1,0,0.832,3,NA
"11443",98,425,1,1,1,1,1,0.31,3,NA
"11444",98,416,1,0,1,0,1,1.555,4,NA
"11445",98,430,1,2,1,1,1,0.305,3,NA
"11446",98,115,1,1,1,1,0,0.364,6,NA
"11447",98,110,1,2,1,1,0,0.671,5,NA
"11448",98,418,1,1,1,1,1,0.331,5,NA
"11449",98,124,1,1,1,1,0,0.508,4,NA
"11450",98,419,1,2,1,0,1,0.987,3,NA
"11451",98,130,1,0,1,0,0,1.557,3,NA
"11452",98,411,1,2,1,1,1,0.327,3,NA
"11453",98,409,1,1,1,0,1,0.885,3,NA
"11454",98,123,1,2,1,1,0,0.44,4,NA
"11455",98,109,1,0,1,1,0,0.742,5,NA
"11456",98,429,1,1,1,1,1,0.034,4,NA
"11457",98,406,1,2,1,1,1,0.466,4,NA
"11458",98,111,1,0,1,0,0,0.341,2,NA
"11459",98,423,1,1,1,1,1,0.673,3,NA
"11460",98,405,1,0,1,1,1,0.959,4,NA
"11461",98,220,2,0,1,1,1,4.848,4,NA
"11462",98,213,2,1,1,1,1,1.718,4,NA
"11463",98,201,2,0,1,1,1,0.375,4,NA
"11464",98,319,2,0,1,0,0,0.6,3,NA
"11465",98,227,2,2,1,1,1,0.296,5,NA
"11466",98,301,2,0,1,0,0,0.979,3,NA
"11467",98,314,2,1,1,0,0,0.698,4,NA
"11468",98,315,2,0,1,0,0,0.948,3,NA
"11469",98,228,2,0,1,1,1,0.715,3,NA
"11470",98,323,2,1,1,0,0,1.746,3,NA
"11471",98,313,2,1,1,1,0,0.501,4,NA
"11472",98,317,2,1,1,0,0,0.215,4,NA
"11473",98,223,2,1,1,0,1,2.486,4,NA
"11474",98,219,2,1,1,1,1,1.573,4,NA
"11475",98,330,2,2,1,0,0,0.846,4,NA
"11476",98,316,2,2,1,1,0,4.661,3,NA
"11477",98,224,2,0,1,1,1,1.119,4,NA
"11478",98,306,2,1,1,1,0,0.786,4,NA
"11479",98,310,2,0,1,1,0,0.665,4,NA
"11480",98,221,2,2,1,1,1,0.676,5,NA
"11481",98,216,2,1,1,1,1,0.965,4,NA
"11482",98,329,2,0,1,1,0,0.426,3,NA
"11483",98,211,2,0,1,0,1,1.884,3,NA
"11484",98,327,2,2,1,1,0,0.94,4,NA
"11485",98,302,2,2,1,1,0,0.364,5,NA
"11486",98,206,2,2,1,1,1,0.391,4,NA
"11487",98,203,2,2,1,1,1,0.014,4,NA
"11488",98,205,2,1,1,0,1,2.095,4,NA
"11489",98,210,2,2,1,0,1,1.781,3,NA
"11490",98,304,2,2,1,0,0,0.928,3,NA
"11491",98,218,2,0,1,0,1,1.672,3,NA
"11492",98,305,2,0,1,0,0,0.572,1,NA
"11493",98,321,2,2,1,1,0,0.375,6,NA
"11494",98,325,2,0,1,1,0,0.335,5,NA
"11495",98,309,2,1,1,1,0,0.654,4,NA
"11496",98,303,2,0,1,1,0,0.341,4,NA
"11497",98,217,2,2,1,0,1,1.027,3,NA
"11498",98,320,2,2,1,1,0,0.144,4,NA
"11499",98,328,2,2,1,1,0,0.237,4,NA
"11500",98,326,2,2,1,1,0,1.26,5,NA
"11501",98,208,2,0,1,1,1,0.92,4,NA
"11502",98,202,2,0,1,1,1,0.909,4,NA
"11503",98,230,2,2,1,1,1,0.444,4,NA
"11504",98,215,2,1,1,1,1,1.613,3,NA
"11505",98,214,2,1,1,1,1,0.528,3,NA
"11506",98,312,2,1,1,1,0,0.643,4,NA
"11507",98,229,2,1,1,1,1,0.141,5,NA
"11508",98,209,2,2,1,1,1,2.156,3,NA
"11509",98,318,2,2,1,1,0,3.117,4,NA
"11510",98,226,2,0,1,1,1,0.472,3,NA
"11511",98,324,2,0,1,1,0,0.086,5,NA
"11512",98,204,2,1,1,1,1,0.209,4,NA
"11513",98,207,2,0,1,1,1,0.599,5,NA
"11514",98,225,2,2,1,1,1,0.669,5,NA
"11515",98,222,2,2,1,1,1,0.106,3,NA
"11516",98,311,2,1,1,1,0,0.429,3,NA
"11517",98,308,2,0,1,0,0,1.382,3,NA
"11518",98,307,2,1,1,0,0,0.934,4,NA
"11519",98,322,2,1,1,1,0,0.661,3,NA
"11520",98,212,2,1,1,1,1,0.108,4,NA
"11521",99,126,1,0,1,1,0,0.936,2,NA
"11522",99,420,1,0,1,1,1,0.867,5,NA
"11523",99,408,1,2,1,0,1,0.764,5,NA
"11524",99,417,1,1,1,0,1,0.742,3,NA
"11525",99,127,1,0,1,0,0,2.737,2,NA
"11526",99,128,1,0,1,1,0,0.348,5,NA
"11527",99,125,1,0,1,1,0,0.433,4,NA
"11528",99,421,1,2,1,1,1,0.277,6,NA
"11529",99,406,1,2,1,0,1,1.403,1,NA
"11530",99,123,1,1,1,1,0,0.606,4,NA
"11531",99,116,1,1,1,0,0,1.874,2,NA
"11532",99,101,1,2,1,0,0,0.651,4,NA
"11533",99,415,1,2,1,1,1,0.307,6,NA
"11534",99,401,1,1,1,1,1,0.601,5,NA
"11535",99,107,1,2,1,0,0,0.21,3,NA
"11536",99,422,1,0,1,1,1,0.355,4,NA
"11537",99,425,1,0,1,1,1,0.402,4,NA
"11538",99,413,1,2,1,1,1,0.272,6,NA
"11539",99,115,1,1,1,0,0,0.183,3,NA
"11540",99,117,1,2,1,0,0,1.287,4,NA
"11541",99,407,1,1,1,1,1,0.636,6,NA
"11542",99,414,1,0,1,1,1,0.789,2,NA
"11543",99,109,1,2,1,0,0,0.327,4,NA
"11544",99,108,1,1,1,1,0,0.862,5,NA
"11545",99,419,1,1,1,1,1,2.053,4,NA
"11546",99,403,1,0,1,1,1,0.92,5,NA
"11547",99,129,1,1,1,0,0,0.596,3,NA
"11548",99,103,1,2,1,0,0,0.406,4,NA
"11549",99,416,1,1,1,1,1,0.119,6,NA
"11550",99,113,1,0,1,1,0,0.653,5,NA
"11551",99,120,1,2,1,1,0,0.802,4,NA
"11552",99,110,1,1,1,1,0,0.412,4,NA
"11553",99,423,1,1,1,0,1,0.342,3,NA
"11554",99,114,1,0,1,0,0,1.351,1,NA
"11555",99,427,1,1,1,1,1,0.314,5,NA
"11556",99,412,1,0,1,1,1,0.289,6,NA
"11557",99,124,1,1,1,1,0,1.698,3,NA
"11558",99,405,1,2,1,1,1,1.805,3,NA
"11559",99,418,1,1,1,1,1,0.47,6,NA
"11560",99,122,1,0,1,0,0,0.51,3,NA
"11561",99,429,1,0,1,1,1,0.499,6,NA
"11562",99,404,1,2,1,1,1,0.442,6,NA
"11563",99,102,1,2,1,0,0,0.587,4,NA
"11564",99,430,1,2,1,1,1,0.26,3,NA
"11565",99,118,1,0,1,0,0,0.338,2,NA
"11566",99,106,1,1,1,0,0,2.793,3,NA
"11567",99,424,1,2,1,1,1,0.252,6,NA
"11568",99,409,1,1,1,1,1,0.276,6,NA
"11569",99,105,1,0,1,0,0,0.256,3,NA
"11570",99,121,1,2,1,0,0,0.398,2,NA
"11571",99,426,1,0,1,1,1,0.648,6,NA
"11572",99,402,1,0,1,1,1,1.86,4,NA
"11573",99,104,1,1,1,0,0,0.388,3,NA
"11574",99,112,1,2,1,0,0,0.431,1,NA
"11575",99,411,1,1,1,1,1,0.359,6,NA
"11576",99,130,1,2,1,1,0,0.627,2,NA
"11577",99,111,1,1,1,1,0,0.334,4,NA
"11578",99,410,1,0,1,0,1,0.446,4,NA
"11579",99,119,1,0,1,0,0,0.358,3,NA
"11580",99,428,1,2,1,1,1,0.238,5,NA
"11581",99,327,2,1,1,1,0,0.458,3,NA
"11582",99,306,2,0,1,0,0,0.387,2,NA
"11583",99,311,2,2,1,1,0,0.292,4,NA
"11584",99,220,2,2,1,1,1,0.607,2,NA
"11585",99,318,2,2,1,1,0,1.783,3,NA
"11586",99,205,2,2,1,0,1,0.654,3,NA
"11587",99,317,2,0,1,0,0,0.359,4,NA
"11588",99,302,2,1,1,0,0,0.103,2,NA
"11589",99,223,2,1,1,0,1,2.253,5,NA
"11590",99,230,2,1,1,0,1,0.887,3,NA
"11591",99,225,2,0,1,1,1,0.292,4,NA
"11592",99,326,2,0,1,0,0,0.67,3,NA
"11593",99,209,2,2,1,0,1,0.203,2,NA
"11594",99,329,2,0,1,0,0,1.139,1,NA
"11595",99,309,2,1,1,1,0,0.559,6,NA
"11596",99,319,2,1,1,0,0,0.455,3,NA
"11597",99,226,2,0,1,1,1,0.323,5,NA
"11598",99,203,2,1,1,1,1,0.026,4,NA
"11599",99,229,2,1,1,1,1,0.141,2,NA
"11600",99,308,2,2,1,0,0,1.118,1,NA
"11601",99,210,2,0,1,1,1,0.814,5,NA
"11602",99,224,2,2,1,1,1,0.287,5,NA
"11603",99,222,2,0,1,1,1,0.497,3,NA
"11604",99,316,2,0,1,0,0,0.738,1,NA
"11605",99,320,2,2,1,0,0,0.392,3,NA
"11606",99,204,2,2,1,0,1,0.65,3,NA
"11607",99,217,2,1,1,1,1,0.289,3,NA
"11608",99,330,2,2,1,1,0,1.357,1,NA
"11609",99,207,2,0,1,1,1,0.181,6,NA
"11610",99,304,2,1,1,0,0,0.345,3,NA
"11611",99,313,2,0,1,0,0,0.935,1,NA
"11612",99,328,2,0,1,1,0,0.198,3,NA
"11613",99,312,2,2,1,1,0,0.418,1,NA
"11614",99,305,2,2,1,0,0,0.407,5,NA
"11615",99,307,2,1,1,0,0,0.297,1,NA
"11616",99,321,2,0,1,0,0,0.286,2,NA
"11617",99,212,2,0,1,1,1,0.506,2,NA
"11618",99,315,2,2,1,0,0,0.307,3,NA
"11619",99,314,2,1,1,1,0,2.25,1,NA
"11620",99,221,2,1,1,0,1,0.065,1,NA
"11621",99,216,2,2,1,1,1,0.491,1,NA
"11622",99,227,2,0,1,0,1,0.213,3,NA
"11623",99,322,2,1,1,1,0,0.345,6,NA
"11624",99,218,2,2,1,1,1,0.266,2,NA
"11625",99,211,2,2,1,1,1,0.632,6,NA
"11626",99,213,2,1,1,1,1,0.378,5,NA
"11627",99,219,2,0,1,1,1,0.326,4,NA
"11628",99,325,2,1,1,1,0,0.453,3,NA
"11629",99,206,2,1,1,0,1,0.471,1,NA
"11630",99,228,2,1,1,1,1,0.525,2,NA
"11631",99,303,2,0,1,0,0,0.891,3,NA
"11632",99,201,2,0,1,1,1,0.342,1,NA
"11633",99,208,2,2,1,1,1,0.309,3,NA
"11634",99,324,2,0,1,0,0,0.413,2,NA
"11635",99,310,2,2,1,1,0,0.788,3,NA
"11636",99,215,2,2,1,1,1,1.451,3,NA
"11637",99,214,2,0,1,1,1,0.299,3,NA
"11638",99,323,2,1,1,1,0,0.459,3,NA
"11639",99,202,2,1,1,1,1,0.108,3,NA
"11640",99,301,2,2,1,0,0,0.296,1,NA
