"","subject","statement_identifier","procedure_identifier","within_identifier","between_identifier","response","repeated","rt","certainty","trial"
"1",2,1,2,1,0,1,0,0.933,3,NA
"2",2,2,2,1,0,0,0,1.985,1,NA
"3",2,3,2,1,0,0,0,2.019,1,NA
"4",2,4,2,1,0,1,1,0.694,2,NA
"5",2,5,2,1,0,0,1,1.494,2,NA
"6",2,6,2,1,0,1,0,0.493,5,NA
"7",2,7,2,1,0,1,1,0.526,5,NA
"8",2,8,2,1,0,1,1,0.319,5,NA
"9",2,9,2,1,0,1,1,0.303,5,NA
"10",2,10,2,1,0,0,0,0.287,5,NA
"11",2,11,2,1,0,1,1,0.582,5,NA
"12",2,12,2,1,0,1,0,0.438,6,NA
"13",2,13,2,1,0,1,0,0.912,2,NA
"14",2,14,2,1,0,1,1,0.268,2,NA
"15",2,15,2,1,0,0,1,0.495,1,NA
"16",2,16,2,1,0,0,0,1.894,2,NA
"17",2,17,2,1,0,1,1,1.462,2,NA
"18",2,18,2,1,0,1,0,3.597,2,NA
"19",2,19,2,1,0,1,1,2.572,2,NA
"20",2,20,2,1,0,0,0,0.577,1,NA
"21",2,21,2,1,0,1,0,1.077,1,NA
"22",2,22,2,1,0,1,1,0.367,5,NA
"23",2,23,2,1,0,1,1,0.713,5,NA
"24",2,24,2,1,0,1,0,2.247,2,NA
"25",2,25,2,1,0,0,0,1.678,1,NA
"26",2,26,2,1,0,1,1,0.087,2,NA
"27",2,27,2,1,0,1,1,2.246,2,NA
"28",2,28,2,1,0,1,0,0.342,2,NA
"29",2,29,2,1,0,1,0,1.02,1,NA
"30",2,30,2,1,0,1,1,0.308,2,NA
"31",2,31,2,1,0,1,0,0.549,2,NA
"32",2,32,2,1,0,1,1,1.073,5,NA
"33",2,33,2,1,0,1,1,0.35,6,NA
"34",2,34,2,1,0,1,1,0.46,1,NA
"35",2,35,2,1,0,1,0,0.73,1,NA
"36",2,36,2,1,0,0,0,0.303,2,NA
"37",2,37,2,1,0,1,1,0.109,5,NA
"38",2,38,2,1,0,1,1,1.588,2,NA
"39",2,39,2,1,0,0,1,1.219,5,NA
"40",2,40,2,1,0,0,0,0.284,1,NA
"41",2,41,2,1,0,1,0,0.53,2,NA
"42",2,42,2,1,0,0,0,0.771,2,NA
"43",2,43,2,1,0,1,0,1.605,2,NA
"44",2,44,2,1,0,1,0,0.826,2,NA
"45",2,45,2,1,0,1,0,0.287,5,NA
"46",2,46,2,1,0,1,1,0.395,5,NA
"47",2,47,2,1,0,1,1,0.375,2,NA
"48",2,48,2,1,0,1,0,0.372,3,NA
"49",2,49,2,1,0,1,1,0.375,2,NA
"50",2,50,2,1,0,1,1,0.253,5,NA
"51",2,51,2,1,0,1,0,2.035,5,NA
"52",2,52,2,1,0,1,1,3.95,6,NA
"53",2,53,2,1,0,1,0,0.835,2,NA
"54",2,54,2,1,0,1,0,0.435,5,NA
"55",2,55,2,1,0,1,1,0.412,5,NA
"56",2,56,2,1,0,1,1,3.129,1,NA
"57",2,57,2,1,0,1,0,1.509,2,NA
"58",2,58,2,1,0,1,1,2.974,1,NA
"59",2,59,2,1,0,0,1,0.269,2,NA
"60",2,60,2,1,0,0,0,2.798,1,NA
"61",4,36,2,1,0,0,1,1.058,3,NA
"62",4,5,2,1,0,1,0,2.196,2,NA
"63",4,45,2,1,0,1,1,1.051,4,NA
"64",4,52,2,1,0,0,0,1.365,5,NA
"65",4,33,2,1,0,0,0,3.409,2,NA
"66",4,15,2,1,0,1,0,1.101,3,NA
"67",4,6,2,1,0,1,1,2.379,5,NA
"68",4,47,2,1,0,0,0,2.842,1,NA
"69",4,26,2,1,0,1,0,1.412,3,NA
"70",4,37,2,1,0,1,0,1.26,3,NA
"71",4,35,2,1,0,1,1,1.89,5,NA
"72",4,40,2,1,0,1,1,0.584,4,NA
"73",4,53,2,1,0,0,1,0.497,3,NA
"74",4,23,2,1,0,1,0,2.628,5,NA
"75",4,41,2,1,0,0,1,0.7,6,NA
"76",4,27,2,1,0,0,0,1.475,3,NA
"77",4,49,2,1,0,0,0,1.826,5,NA
"78",4,18,2,1,0,0,1,0.354,6,NA
"79",4,44,2,1,0,1,1,0.336,5,NA
"80",4,21,2,1,0,1,1,0.302,4,NA
"81",4,30,2,1,0,1,0,0.292,5,NA
"82",4,29,2,1,0,0,1,1.047,3,NA
"83",4,32,2,1,0,1,0,1.183,4,NA
"84",4,51,2,1,0,1,1,1.096,6,NA
"85",4,20,2,1,0,1,1,1.606,5,NA
"86",4,4,2,1,0,1,0,0.881,4,NA
"87",4,31,2,1,0,0,1,0.942,4,NA
"88",4,11,2,1,0,1,0,0.363,6,NA
"89",4,48,2,1,0,1,1,1.015,4,NA
"90",4,10,2,1,0,0,1,0.477,3,NA
"91",4,57,2,1,0,1,1,0.354,5,NA
"92",4,60,2,1,0,0,1,0.533,3,NA
"93",4,16,2,1,0,0,1,0.98,1,NA
"94",4,1,2,1,0,1,1,0.452,6,NA
"95",4,46,2,1,0,1,0,1.473,4,NA
"96",4,39,2,1,0,0,0,1.053,1,NA
"97",4,28,2,1,0,1,1,1.546,4,NA
"98",4,7,2,1,0,1,0,1.155,3,NA
"99",4,3,2,1,0,1,1,0.369,5,NA
"100",4,54,2,1,0,1,1,0.372,6,NA
"101",4,58,2,1,0,1,0,0.576,3,NA
"102",4,13,2,1,0,0,1,1.805,3,NA
"103",4,19,2,1,0,0,0,0.595,1,NA
"104",4,24,2,1,0,1,1,1.399,3,NA
"105",4,42,2,1,0,1,1,0.352,6,NA
"106",4,14,2,1,0,1,0,1.28,3,NA
"107",4,25,2,1,0,1,1,0.318,5,NA
"108",4,9,2,1,0,1,0,0.874,5,NA
"109",4,59,2,1,0,0,0,1.193,6,NA
"110",4,17,2,1,0,1,0,0.798,3,NA
"111",4,22,2,1,0,0,0,0.245,1,NA
"112",4,50,2,1,0,1,0,0.799,4,NA
"113",4,55,2,1,0,1,0,0.324,3,NA
"114",4,8,2,1,0,1,0,0.301,4,NA
"115",4,56,2,1,0,0,0,0.514,2,NA
"116",4,12,2,1,0,1,1,0.413,5,NA
"117",4,43,2,1,0,1,1,0.339,6,NA
"118",4,2,2,1,0,1,1,0.349,6,NA
"119",4,38,2,1,0,1,0,0.857,3,NA
"120",4,34,2,1,0,0,0,0.489,1,NA
"121",6,6,2,1,0,0,0,3.977,4,NA
"122",6,28,2,1,0,0,0,10.122,6,NA
"123",6,25,2,1,0,0,0,0.97,2,NA
"124",6,44,2,1,0,1,0,4.109,4,NA
"125",6,51,2,1,0,1,0,1.866,4,NA
"126",6,61,2,1,0,1,1,1.788,5,NA
"127",6,45,2,1,0,0,0,3.277,6,NA
"128",6,12,2,1,0,1,0,1.611,6,NA
"129",6,43,2,1,0,0,0,2.68,1,NA
"130",6,62,2,1,0,0,1,4.54,6,NA
"131",6,63,2,1,0,1,1,1.222,3,NA
"132",6,64,2,1,0,0,1,1.131,5,NA
"133",6,65,2,1,0,0,1,5.611,4,NA
"134",6,2,2,1,0,1,0,8,1,NA
"135",6,20,2,1,0,0,0,1.333,6,NA
"136",6,66,2,1,0,0,1,11.947,3,NA
"137",6,67,2,1,0,1,1,6.683,4,NA
"138",6,48,2,1,0,0,0,2.39,5,NA
"139",6,68,2,1,0,1,1,4.02,1,NA
"140",6,31,2,1,0,1,0,1.411,3,NA
"141",6,69,2,1,0,0,1,1.497,6,NA
"142",6,53,2,1,0,1,0,3.257,4,NA
"143",6,24,2,1,0,0,0,2.691,5,NA
"144",6,16,2,1,0,0,0,8.039,5,NA
"145",6,70,2,1,0,0,1,8.005,5,NA
"146",6,57,2,1,0,1,0,5,1,NA
"147",6,13,2,1,0,0,0,1.645,6,NA
"148",6,40,2,1,0,1,0,1.324,5,NA
"149",6,71,2,1,0,0,1,1.982,5,NA
"150",6,72,2,1,0,0,1,3.998,5,NA
"151",6,10,2,1,0,0,0,13.103,5,NA
"152",6,73,2,1,0,1,1,6.092,4,NA
"153",6,74,2,1,0,0,1,1.98,3,NA
"154",6,18,2,1,0,1,0,2.02,6,NA
"155",6,75,2,1,0,1,1,2.987,2,NA
"156",6,54,2,1,0,1,0,9.686,2,NA
"157",6,1,2,1,0,0,0,1.195,6,NA
"158",6,76,2,1,0,1,1,1.025,3,NA
"159",6,77,2,1,0,1,1,6.043,1,NA
"160",6,41,2,1,0,1,0,4.316,3,NA
"161",6,36,2,1,0,1,0,4.295,4,NA
"162",6,78,2,1,0,1,1,1.22,3,NA
"163",6,79,2,1,0,1,1,1.376,5,NA
"164",6,80,2,1,0,0,1,1.303,3,NA
"165",6,35,2,1,0,0,0,3.269,6,NA
"166",6,81,2,1,0,0,1,7.874,4,NA
"167",6,3,2,1,0,1,0,1.05,2,NA
"168",6,82,2,1,0,0,1,5.167,6,NA
"169",6,83,2,1,0,0,1,1.228,5,NA
"170",6,42,2,1,0,0,0,0.845,4,NA
"171",6,29,2,1,0,1,0,1.615,1,NA
"172",6,84,2,1,0,1,1,2.414,3,NA
"173",6,85,2,1,0,0,1,7.989,4,NA
"174",6,86,2,1,0,1,1,1.154,2,NA
"175",6,87,2,1,0,1,1,1.253,6,NA
"176",6,88,2,1,0,1,1,1.764,1,NA
"177",6,89,2,1,0,1,1,1.132,6,NA
"178",6,21,2,1,0,1,0,1,5,NA
"179",6,60,2,1,0,0,0,1.178,4,NA
"180",6,90,2,1,0,1,1,1.406,4,NA
"181",8,85,2,1,0,0,0,3.673,1,NA
"182",8,18,2,1,0,0,1,8.716,1,NA
"183",8,90,2,1,0,1,0,5.744,1,NA
"184",8,12,2,1,0,1,1,5.12,2,NA
"185",8,25,2,1,0,1,1,5.674,1,NA
"186",8,86,2,1,0,0,0,4.581,1,NA
"187",8,64,2,1,0,1,0,3.96,3,NA
"188",8,84,2,1,0,1,0,1.129,2,NA
"189",8,35,2,1,0,0,1,9.509,1,NA
"190",8,62,2,1,0,1,0,11.115,3,NA
"191",8,74,2,1,0,0,0,6.54,4,NA
"192",8,71,2,1,0,0,0,1.543,1,NA
"193",8,21,2,1,0,0,1,1.487,3,NA
"194",8,48,2,1,0,1,1,2.868,2,NA
"195",8,53,2,1,0,1,1,2.969,3,NA
"196",8,81,2,1,0,0,0,2.408,1,NA
"197",8,24,2,1,0,1,1,2.142,1,NA
"198",8,31,2,1,0,0,1,8.908,1,NA
"199",8,70,2,1,0,1,0,3.673,1,NA
"200",8,65,2,1,0,1,0,1.778,3,NA
"201",8,88,2,1,0,1,0,1.504,4,NA
"202",8,36,2,1,0,0,1,9.794,1,NA
"203",8,40,2,1,0,0,1,3.825,1,NA
"204",8,68,2,1,0,1,0,10.193,1,NA
"205",8,10,2,1,0,0,1,3.012,1,NA
"206",8,73,2,1,0,0,0,2.242,2,NA
"207",8,82,2,1,0,1,0,7.371,3,NA
"208",8,63,2,1,0,1,0,3.768,2,NA
"209",8,69,2,1,0,0,0,1.303,1,NA
"210",8,20,2,1,0,0,1,4.731,1,NA
"211",8,2,2,1,0,1,1,3.894,1,NA
"212",8,67,2,1,0,1,0,1.519,3,NA
"213",8,66,2,1,0,1,0,1.729,1,NA
"214",8,16,2,1,0,0,1,2.368,1,NA
"215",8,51,2,1,0,1,1,2.486,2,NA
"216",8,6,2,1,0,0,1,6.576,3,NA
"217",8,42,2,1,0,1,1,1.394,1,NA
"218",8,41,2,1,0,1,1,0.874,1,NA
"219",8,1,2,1,0,0,1,3.816,1,NA
"220",8,87,2,1,0,0,0,1.156,3,NA
"221",8,13,2,1,0,1,1,0.431,1,NA
"222",8,76,2,1,0,0,0,1.809,1,NA
"223",8,54,2,1,0,1,1,0.649,1,NA
"224",8,78,2,1,0,1,0,1.423,1,NA
"225",8,77,2,1,0,1,0,2.581,2,NA
"226",8,75,2,1,0,0,0,2.443,2,NA
"227",8,28,2,1,0,1,1,2.662,1,NA
"228",8,83,2,1,0,0,0,1.873,1,NA
"229",8,57,2,1,0,0,1,2.051,1,NA
"230",8,3,2,1,0,1,1,2.768,1,NA
"231",8,60,2,1,0,0,1,2.123,1,NA
"232",8,79,2,1,0,1,0,1.466,2,NA
"233",8,72,2,1,0,0,0,3.296,2,NA
"234",8,80,2,1,0,0,0,3.022,1,NA
"235",8,89,2,1,0,0,0,3.844,1,NA
"236",8,45,2,1,0,1,1,2.499,1,NA
"237",8,43,2,1,0,0,1,1.74,1,NA
"238",8,61,2,1,0,1,0,4.286,2,NA
"239",8,44,2,1,0,1,1,5.165,1,NA
"240",8,29,2,1,0,0,1,1.278,1,NA
"241",10,87,2,1,0,1,1,3.79,3,NA
"242",10,72,2,1,0,0,1,0.857,4,NA
"243",10,46,2,1,0,1,0,0.945,4,NA
"244",10,85,2,1,0,1,1,0.417,3,NA
"245",10,81,2,1,0,1,1,0.879,3,NA
"246",10,15,2,1,0,1,0,1.6,3,NA
"247",10,7,2,1,0,0,0,2.009,2,NA
"248",10,27,2,1,0,1,0,0.427,2,NA
"249",10,17,2,1,0,1,0,2.272,3,NA
"250",10,47,2,1,0,1,0,0.544,2,NA
"251",10,73,2,1,0,1,1,1.483,3,NA
"252",10,78,2,1,0,1,1,0.391,2,NA
"253",10,4,2,1,0,1,0,0.569,4,NA
"254",10,79,2,1,0,1,1,2.744,4,NA
"255",10,56,2,1,0,0,0,3.364,4,NA
"256",10,69,2,1,0,1,1,0.685,3,NA
"257",10,14,2,1,0,0,0,2.448,3,NA
"258",10,89,2,1,0,1,1,0.836,4,NA
"259",10,71,2,1,0,1,1,0.575,2,NA
"260",10,66,2,1,0,1,1,0.99,5,NA
"261",10,68,2,1,0,0,1,0.997,2,NA
"262",10,8,2,1,0,0,0,1.107,1,NA
"263",10,62,2,1,0,1,1,4.256,2,NA
"264",10,83,2,1,0,1,1,0.901,3,NA
"265",10,52,2,1,0,1,0,3.1,3,NA
"266",10,50,2,1,0,1,0,0.558,3,NA
"267",10,37,2,1,0,0,0,0.42,2,NA
"268",10,19,2,1,0,1,0,0.753,3,NA
"269",10,55,2,1,0,1,0,0.527,5,NA
"270",10,59,2,1,0,0,0,0.85,2,NA
"271",10,38,2,1,0,0,0,1.966,3,NA
"272",10,74,2,1,0,1,1,2.156,3,NA
"273",10,26,2,1,0,1,0,0.812,2,NA
"274",10,67,2,1,0,1,1,0.8,5,NA
"275",10,32,2,1,0,0,0,0.987,3,NA
"276",10,49,2,1,0,1,0,1.014,5,NA
"277",10,58,2,1,0,1,0,2.169,2,NA
"278",10,22,2,1,0,1,0,0.497,2,NA
"279",10,86,2,1,0,1,1,0.632,6,NA
"280",10,30,2,1,0,0,0,4.505,3,NA
"281",10,39,2,1,0,1,0,3.681,1,NA
"282",10,84,2,1,0,1,1,2.832,3,NA
"283",10,88,2,1,0,1,1,3.855,2,NA
"284",10,23,2,1,0,0,0,3.558,3,NA
"285",10,33,2,1,0,1,0,0.544,2,NA
"286",10,65,2,1,0,1,1,0.803,5,NA
"287",10,63,2,1,0,1,1,0.576,5,NA
"288",10,70,2,1,0,0,1,2.496,2,NA
"289",10,9,2,1,0,1,0,1.254,3,NA
"290",10,77,2,1,0,1,1,0.795,5,NA
"291",10,34,2,1,0,1,0,1.337,2,NA
"292",10,61,2,1,0,1,1,1.054,4,NA
"293",10,64,2,1,0,1,1,3.807,3,NA
"294",10,11,2,1,0,0,0,6.525,3,NA
"295",10,90,2,1,0,1,1,1.043,5,NA
"296",10,82,2,1,0,1,1,0.786,3,NA
"297",10,75,2,1,0,1,1,0.466,4,NA
"298",10,76,2,1,0,1,1,0.75,5,NA
"299",10,80,2,1,0,0,1,2.213,1,NA
"300",10,5,2,1,0,1,0,1.644,2,NA
"301",12,47,2,1,0,0,1,2.248,1,NA
"302",12,56,2,1,0,0,1,1.669,3,NA
"303",12,71,2,1,0,0,0,2.184,2,NA
"304",12,37,2,1,0,1,1,3.33,1,NA
"305",12,73,2,1,0,1,0,1.769,2,NA
"306",12,15,2,1,0,1,1,1.457,4,NA
"307",12,65,2,1,0,0,0,2.474,3,NA
"308",12,59,2,1,0,1,1,1.404,3,NA
"309",12,38,2,1,0,1,1,3.226,2,NA
"310",12,49,2,1,0,0,1,5.203,3,NA
"311",12,83,2,1,0,0,0,3.187,2,NA
"312",12,33,2,1,0,1,1,1.244,6,NA
"313",12,32,2,1,0,1,1,4.087,2,NA
"314",12,84,2,1,0,1,0,1.895,2,NA
"315",12,64,2,1,0,1,0,1.445,2,NA
"316",12,62,2,1,0,1,0,5.006,5,NA
"317",12,17,2,1,0,1,1,1.872,3,NA
"318",12,79,2,1,0,0,0,1.997,3,NA
"319",12,34,2,1,0,0,1,2.045,2,NA
"320",12,63,2,1,0,1,0,1.115,2,NA
"321",12,11,2,1,0,0,1,1.384,4,NA
"322",12,50,2,1,0,1,1,1.217,5,NA
"323",12,66,2,1,0,0,0,1.455,5,NA
"324",12,23,2,1,0,1,1,2.661,4,NA
"325",12,14,2,1,0,0,1,1.625,4,NA
"326",12,87,2,1,0,1,0,4.059,3,NA
"327",12,77,2,1,0,1,0,2.935,4,NA
"328",12,19,2,1,0,1,1,2.622,3,NA
"329",12,72,2,1,0,0,0,0.978,4,NA
"330",12,75,2,1,0,0,0,1.511,6,NA
"331",12,5,2,1,0,0,1,2.444,2,NA
"332",12,26,2,1,0,1,1,1.65,2,NA
"333",12,4,2,1,0,1,1,3.708,2,NA
"334",12,76,2,1,0,1,0,1.155,1,NA
"335",12,78,2,1,0,0,0,1.049,3,NA
"336",12,82,2,1,0,0,0,1.377,2,NA
"337",12,67,2,1,0,1,0,0.982,3,NA
"338",12,7,2,1,0,1,1,2.753,2,NA
"339",12,39,2,1,0,1,1,1.928,2,NA
"340",12,52,2,1,0,0,1,1.674,4,NA
"341",12,80,2,1,0,0,0,2.465,5,NA
"342",12,88,2,1,0,0,0,3.744,3,NA
"343",12,27,2,1,0,1,1,3.299,2,NA
"344",12,9,2,1,0,1,1,0.711,4,NA
"345",12,74,2,1,0,1,0,2.297,3,NA
"346",12,30,2,1,0,1,1,0.807,2,NA
"347",12,89,2,1,0,1,0,1.537,1,NA
"348",12,81,2,1,0,0,0,3.454,2,NA
"349",12,55,2,1,0,0,1,1.522,1,NA
"350",12,70,2,1,0,0,0,3.954,3,NA
"351",12,90,2,1,0,0,0,2.143,1,NA
"352",12,46,2,1,0,0,1,0.999,2,NA
"353",12,58,2,1,0,1,1,1.517,2,NA
"354",12,8,2,1,0,1,1,2.67,1,NA
"355",12,68,2,1,0,0,0,1.269,1,NA
"356",12,22,2,1,0,1,1,0.742,2,NA
"357",12,69,2,1,0,1,0,2.573,2,NA
"358",12,61,2,1,0,0,0,2.314,1,NA
"359",12,86,2,1,0,1,0,0.827,2,NA
"360",12,85,2,1,0,1,0,1.481,3,NA
"361",14,7,2,1,0,1,1,1.706,3,NA
"362",14,1,2,1,0,0,0,1.664,3,NA
"363",14,36,2,1,0,0,0,1.46,6,NA
"364",14,34,2,1,0,1,1,2.452,3,NA
"365",14,29,2,1,0,1,0,0.996,1,NA
"366",14,42,2,1,0,1,0,3.131,4,NA
"367",14,39,2,1,0,0,1,5.477,4,NA
"368",14,43,2,1,0,1,0,3.282,3,NA
"369",14,16,2,1,0,0,0,2.457,2,NA
"370",14,37,2,1,0,1,1,0.571,5,NA
"371",14,55,2,1,0,1,1,1.808,3,NA
"372",14,9,2,1,0,1,1,1.317,6,NA
"373",14,24,2,1,0,1,0,2.862,3,NA
"374",14,59,2,1,0,1,1,0.736,6,NA
"375",14,56,2,1,0,1,1,3.566,5,NA
"376",14,17,2,1,0,1,1,2.323,3,NA
"377",14,58,2,1,0,0,1,0.738,6,NA
"378",14,35,2,1,0,0,0,1.639,3,NA
"379",14,19,2,1,0,1,1,0.86,3,NA
"380",14,53,2,1,0,1,0,2.272,4,NA
"381",14,46,2,1,0,1,1,3.564,2,NA
"382",14,38,2,1,0,1,1,1.844,2,NA
"383",14,49,2,1,0,0,1,0.43,6,NA
"384",14,25,2,1,0,0,0,2.472,3,NA
"385",14,13,2,1,0,0,0,1.768,3,NA
"386",14,2,2,1,0,1,0,0.877,1,NA
"387",14,52,2,1,0,1,1,4.895,3,NA
"388",14,44,2,1,0,1,0,0.611,4,NA
"389",14,6,2,1,0,0,0,3.876,6,NA
"390",14,60,2,1,0,1,0,0.865,3,NA
"391",14,31,2,1,0,1,0,2.834,3,NA
"392",14,4,2,1,0,1,1,0.575,4,NA
"393",14,28,2,1,0,1,0,4.279,4,NA
"394",14,50,2,1,0,0,1,3.253,1,NA
"395",14,27,2,1,0,0,1,2.654,3,NA
"396",14,41,2,1,0,1,0,3.014,4,NA
"397",14,51,2,1,0,1,0,0.824,5,NA
"398",14,18,2,1,0,0,0,0.67,6,NA
"399",14,30,2,1,0,0,1,4.17,6,NA
"400",14,10,2,1,0,0,0,3.661,6,NA
"401",14,45,2,1,0,0,0,3.244,6,NA
"402",14,47,2,1,0,1,1,2.914,1,NA
"403",14,26,2,1,0,0,1,2.02,3,NA
"404",14,21,2,1,0,1,0,6.25,3,NA
"405",14,14,2,1,0,0,1,1.837,3,NA
"406",14,11,2,1,0,0,1,1.276,4,NA
"407",14,20,2,1,0,0,0,0.97,3,NA
"408",14,8,2,1,0,1,1,0.383,5,NA
"409",14,5,2,1,0,1,1,1.472,1,NA
"410",14,23,2,1,0,0,1,1.308,5,NA
"411",14,22,2,1,0,0,1,0.562,3,NA
"412",14,48,2,1,0,1,0,3.75,3,NA
"413",14,40,2,1,0,0,0,1.38,3,NA
"414",14,57,2,1,0,1,0,0.789,4,NA
"415",14,32,2,1,0,1,1,4.045,5,NA
"416",14,12,2,1,0,1,0,0.387,6,NA
"417",14,15,2,1,0,1,1,0.714,5,NA
"418",14,3,2,1,0,1,0,0.49,6,NA
"419",14,54,2,1,0,1,0,0.335,5,NA
"420",14,33,2,1,0,0,1,0.401,3,NA
"421",16,21,2,1,0,0,1,9.955,2,NA
"422",16,56,2,1,0,1,0,3.212,3,NA
"423",16,9,2,1,0,1,0,7.008,3,NA
"424",16,13,2,1,0,1,1,4.329,3,NA
"425",16,35,2,1,0,1,1,1.901,4,NA
"426",16,37,2,1,0,1,0,2.966,6,NA
"427",16,45,2,1,0,0,1,1.892,6,NA
"428",16,36,2,1,0,0,1,1.69,1,NA
"429",16,8,2,1,0,1,0,3.756,3,NA
"430",16,52,2,1,0,1,0,10.125,3,NA
"431",16,55,2,1,0,1,0,3.181,2,NA
"432",16,31,2,1,0,1,1,3.9,1,NA
"433",16,43,2,1,0,0,1,2.505,1,NA
"434",16,26,2,1,0,0,0,7.028,1,NA
"435",16,38,2,1,0,1,0,4.781,3,NA
"436",16,16,2,1,0,1,1,8.942,3,NA
"437",16,19,2,1,0,0,0,2.032,2,NA
"438",16,42,2,1,0,0,1,10.244,3,NA
"439",16,1,2,1,0,1,1,10.431,2,NA
"440",16,46,2,1,0,1,0,8.784,3,NA
"441",16,20,2,1,0,0,1,2.029,4,NA
"442",16,47,2,1,0,0,0,1.612,4,NA
"443",16,44,2,1,0,1,1,1.525,4,NA
"444",16,4,2,1,0,1,0,3.042,6,NA
"445",16,30,2,1,0,0,0,6.002,3,NA
"446",16,41,2,1,0,1,1,9.353,1,NA
"447",16,51,2,1,0,1,1,6.603,3,NA
"448",16,50,2,1,0,0,0,3.098,4,NA
"449",16,2,2,1,0,1,1,2.541,4,NA
"450",16,25,2,1,0,0,1,3.173,6,NA
"451",16,23,2,1,0,0,0,2.082,6,NA
"452",16,10,2,1,0,0,1,4.537,5,NA
"453",16,39,2,1,0,1,0,8.032,3,NA
"454",16,54,2,1,0,1,1,3.563,4,NA
"455",16,5,2,1,0,0,0,1.601,3,NA
"456",16,7,2,1,0,1,0,3.47,1,NA
"457",16,40,2,1,0,0,1,2.679,2,NA
"458",16,24,2,1,0,0,1,2.478,1,NA
"459",16,18,2,1,0,0,1,1.847,3,NA
"460",16,57,2,1,0,1,1,1.398,2,NA
"461",16,15,2,1,0,1,0,1.864,3,NA
"462",16,27,2,1,0,0,0,2.365,3,NA
"463",16,34,2,1,0,0,0,4.99,1,NA
"464",16,11,2,1,0,0,0,7.076,4,NA
"465",16,6,2,1,0,1,1,5.223,5,NA
"466",16,17,2,1,0,1,0,4.176,3,NA
"467",16,60,2,1,0,0,1,1.252,1,NA
"468",16,29,2,1,0,0,1,1.388,2,NA
"469",16,49,2,1,0,0,0,3.421,3,NA
"470",16,12,2,1,0,1,1,1.658,5,NA
"471",16,28,2,1,0,1,1,3.659,4,NA
"472",16,48,2,1,0,1,1,2.999,4,NA
"473",16,53,2,1,0,1,1,4.299,4,NA
"474",16,3,2,1,0,0,1,1.894,4,NA
"475",16,58,2,1,0,1,0,3.356,5,NA
"476",16,22,2,1,0,0,0,2.399,1,NA
"477",16,33,2,1,0,0,0,1.379,4,NA
"478",16,32,2,1,0,1,0,4.501,2,NA
"479",16,14,2,1,0,0,0,4.557,4,NA
"480",16,59,2,1,0,0,0,9.833,5,NA
"481",18,48,2,1,0,1,0,8.651,1,NA
"482",18,91,2,1,0,1,1,1.597,3,NA
"483",18,53,2,1,0,0,0,0.949,1,NA
"484",18,92,2,1,0,1,1,1.097,3,NA
"485",18,93,2,1,0,0,1,1.708,1,NA
"486",18,18,2,1,0,0,0,1.382,1,NA
"487",18,94,2,1,0,1,1,2.192,1,NA
"488",18,1,2,1,0,0,0,1.616,3,NA
"489",18,95,2,1,0,1,1,1.06,5,NA
"490",18,28,2,1,0,1,0,1.151,5,NA
"491",18,42,2,1,0,0,0,1.115,1,NA
"492",18,36,2,1,0,1,0,0.525,1,NA
"493",18,44,2,1,0,1,0,1.234,1,NA
"494",18,6,2,1,0,1,0,1.553,1,NA
"495",18,31,2,1,0,0,0,1.594,1,NA
"496",18,96,2,1,0,1,1,0.848,1,NA
"497",18,13,2,1,0,1,0,0.58,1,NA
"498",18,97,2,1,0,1,1,2.286,4,NA
"499",18,20,2,1,0,0,0,1.334,3,NA
"500",18,54,2,1,0,1,0,1.325,3,NA
"501",18,98,2,1,0,1,1,1.679,3,NA
"502",18,99,2,1,0,1,1,1.254,6,NA
"503",18,40,2,1,0,0,0,1.236,3,NA
"504",18,100,2,1,0,1,1,1.303,6,NA
"505",18,12,2,1,0,1,0,0.604,6,NA
"506",18,101,2,1,0,0,1,1.453,6,NA
"507",18,102,2,1,0,1,1,2.507,6,NA
"508",18,103,2,1,0,0,1,1.505,6,NA
"509",18,16,2,1,0,0,0,1.307,6,NA
"510",18,41,2,1,0,1,0,1.111,3,NA
"511",18,104,2,1,0,1,1,2.168,3,NA
"512",18,105,2,1,0,1,1,0.559,4,NA
"513",18,106,2,1,0,1,1,0.8,3,NA
"514",18,25,2,1,0,0,0,1.899,2,NA
"515",18,107,2,1,0,0,1,2.272,4,NA
"516",18,35,2,1,0,1,0,1.448,3,NA
"517",18,43,2,1,0,1,0,0.7,2,NA
"518",18,108,2,1,0,1,1,0.828,4,NA
"519",18,57,2,1,0,0,0,0.885,6,NA
"520",18,109,2,1,0,1,1,0.42,3,NA
"521",18,21,2,1,0,1,0,0.527,3,NA
"522",18,24,2,1,0,0,0,1.194,1,NA
"523",18,3,2,1,0,0,0,0.713,2,NA
"524",18,110,2,1,0,1,1,1.484,2,NA
"525",18,111,2,1,0,1,1,0.893,3,NA
"526",18,29,2,1,0,0,0,0.891,1,NA
"527",18,112,2,1,0,1,1,1.841,2,NA
"528",18,113,2,1,0,1,1,0.524,6,NA
"529",18,10,2,1,0,0,0,1.051,6,NA
"530",18,51,2,1,0,1,0,0.72,3,NA
"531",18,2,2,1,0,0,0,1.292,4,NA
"532",18,114,2,1,0,1,1,0.864,3,NA
"533",18,60,2,1,0,0,0,0.898,1,NA
"534",18,115,2,1,0,1,1,0.417,2,NA
"535",18,45,2,1,0,0,0,1.216,6,NA
"536",18,116,2,1,0,1,1,0.718,1,NA
"537",18,117,2,1,0,1,1,0.954,6,NA
"538",18,118,2,1,0,1,1,0.687,2,NA
"539",18,119,2,1,0,0,1,1.219,6,NA
"540",18,120,2,1,0,1,1,0.998,3,NA
"541",20,1,2,1,0,1,1,24.135,3,NA
"542",20,48,2,1,0,0,1,2.508,5,NA
"543",20,105,2,1,0,1,0,4.998,2,NA
"544",20,44,2,1,0,1,1,4.055,2,NA
"545",20,36,2,1,0,1,1,0.95,1,NA
"546",20,20,2,1,0,0,1,3.755,6,NA
"547",20,2,2,1,0,1,1,2.832,4,NA
"548",20,115,2,1,0,1,0,3.635,2,NA
"549",20,120,2,1,0,1,0,2.337,1,NA
"550",20,54,2,1,0,1,1,1.671,5,NA
"551",20,60,2,1,0,1,1,1.75,3,NA
"552",20,42,2,1,0,1,1,1.253,2,NA
"553",20,12,2,1,0,0,1,7.011,1,NA
"554",20,94,2,1,0,1,0,2.311,5,NA
"555",20,57,2,1,0,1,1,0.821,3,NA
"556",20,107,2,1,0,0,0,1.831,3,NA
"557",20,99,2,1,0,1,0,3.179,3,NA
"558",20,112,2,1,0,0,0,6.818,4,NA
"559",20,93,2,1,0,1,0,4.402,3,NA
"560",20,104,2,1,0,1,0,5.059,2,NA
"561",20,41,2,1,0,1,1,0.39,5,NA
"562",20,97,2,1,0,1,0,3.732,2,NA
"563",20,35,2,1,0,1,1,0.46,6,NA
"564",20,98,2,1,0,1,0,1.135,3,NA
"565",20,29,2,1,0,1,1,1.01,2,NA
"566",20,3,2,1,0,1,1,1.43,1,NA
"567",20,111,2,1,0,0,0,1.087,1,NA
"568",20,118,2,1,0,1,0,10.106,2,NA
"569",20,51,2,1,0,1,1,6.922,4,NA
"570",20,100,2,1,0,0,0,1.604,2,NA
"571",20,116,2,1,0,1,0,2.447,2,NA
"572",20,31,2,1,0,0,1,1.16,1,NA
"573",20,102,2,1,0,1,0,1.276,1,NA
"574",20,18,2,1,0,1,1,0.82,4,NA
"575",20,16,2,1,0,0,1,7.373,2,NA
"576",20,109,2,1,0,1,0,1.37,2,NA
"577",20,92,2,1,0,1,0,0.89,3,NA
"578",20,43,2,1,0,0,1,0.609,2,NA
"579",20,101,2,1,0,0,0,2.422,1,NA
"580",20,119,2,1,0,0,0,6.94,2,NA
"581",20,10,2,1,0,0,1,4.192,4,NA
"582",20,45,2,1,0,0,1,1.09,6,NA
"583",20,25,2,1,0,1,1,1.491,2,NA
"584",20,24,2,1,0,1,1,0.775,3,NA
"585",20,110,2,1,0,1,0,1.574,1,NA
"586",20,13,2,1,0,1,1,0.44,4,NA
"587",20,21,2,1,0,1,1,0.447,6,NA
"588",20,53,2,1,0,0,1,0.653,1,NA
"589",20,117,2,1,0,0,0,0.655,3,NA
"590",20,28,2,1,0,1,1,2.267,5,NA
"591",20,103,2,1,0,0,0,0.726,4,NA
"592",20,96,2,1,0,0,0,2.649,6,NA
"593",20,106,2,1,0,1,0,0.498,1,NA
"594",20,91,2,1,0,0,0,9.204,1,NA
"595",20,40,2,1,0,0,1,2.538,1,NA
"596",20,6,2,1,0,0,1,0.736,3,NA
"597",20,114,2,1,0,1,0,1.975,5,NA
"598",20,113,2,1,0,1,0,0.542,1,NA
"599",20,95,2,1,0,1,0,7.1,3,NA
"600",20,108,2,1,0,0,0,2.159,5,NA
"601",24,114,2,1,0,1,0,2.461,4,NA
"602",24,103,2,1,0,1,0,2.193,6,NA
"603",24,58,2,1,0,1,1,1.243,6,NA
"604",24,113,2,1,0,0,0,1.78,2,NA
"605",24,37,2,1,0,1,1,1.648,5,NA
"606",24,27,2,1,0,1,1,1.507,4,NA
"607",24,91,2,1,0,0,0,2.475,1,NA
"608",24,56,2,1,0,1,1,2.001,3,NA
"609",24,99,2,1,0,1,0,3.328,5,NA
"610",24,93,2,1,0,0,0,3.002,1,NA
"611",24,110,2,1,0,1,0,1.837,1,NA
"612",24,112,2,1,0,1,0,1.326,4,NA
"613",24,22,2,1,0,1,1,3.34,1,NA
"614",24,15,2,1,0,1,1,1.593,3,NA
"615",24,46,2,1,0,1,1,1.29,6,NA
"616",24,14,2,1,0,0,1,4.959,4,NA
"617",24,8,2,1,0,0,1,2.065,2,NA
"618",24,111,2,1,0,0,0,1.688,4,NA
"619",24,96,2,1,0,1,0,2.133,6,NA
"620",24,47,2,1,0,0,1,1.736,6,NA
"621",24,102,2,1,0,1,0,1.257,1,NA
"622",24,120,2,1,0,0,0,3.728,6,NA
"623",24,105,2,1,0,0,0,2.9,1,NA
"624",24,34,2,1,0,1,1,2.276,1,NA
"625",24,94,2,1,0,1,0,2.819,5,NA
"626",24,104,2,1,0,0,0,1.678,4,NA
"627",24,33,2,1,0,1,1,1.583,2,NA
"628",24,5,2,1,0,1,1,3.253,1,NA
"629",24,115,2,1,0,1,0,2.401,1,NA
"630",24,4,2,1,0,1,1,1.15,6,NA
"631",24,95,2,1,0,0,0,1.408,1,NA
"632",24,19,2,1,0,1,1,1.059,1,NA
"633",24,59,2,1,0,1,1,1.775,5,NA
"634",24,107,2,1,0,0,0,2.66,1,NA
"635",24,9,2,1,0,1,1,1.166,6,NA
"636",24,26,2,1,0,0,1,1.61,6,NA
"637",24,30,2,1,0,1,1,2.747,2,NA
"638",24,101,2,1,0,0,0,1.76,6,NA
"639",24,55,2,1,0,0,1,3.291,4,NA
"640",24,38,2,1,0,1,1,1.601,1,NA
"641",24,117,2,1,0,0,0,1.481,1,NA
"642",24,17,2,1,0,1,1,1.821,2,NA
"643",24,50,2,1,0,0,1,3.346,6,NA
"644",24,98,2,1,0,0,0,1.762,1,NA
"645",24,92,2,1,0,1,0,1.98,3,NA
"646",24,118,2,1,0,1,0,2.461,4,NA
"647",24,106,2,1,0,0,0,6.197,2,NA
"648",24,100,2,1,0,0,0,1.633,5,NA
"649",24,11,2,1,0,0,1,0.891,5,NA
"650",24,7,2,1,0,1,1,2.158,4,NA
"651",24,119,2,1,0,1,0,1.954,5,NA
"652",24,52,2,1,0,1,1,1.595,4,NA
"653",24,108,2,1,0,1,0,1.013,3,NA
"654",24,32,2,1,0,0,1,2.45,4,NA
"655",24,116,2,1,0,0,0,2.362,3,NA
"656",24,97,2,1,0,1,0,1.478,1,NA
"657",24,23,2,1,0,0,1,1.798,6,NA
"658",24,109,2,1,0,1,0,3.3,4,NA
"659",24,49,2,1,0,1,1,2.77,3,NA
"660",24,39,2,1,0,0,1,1.648,3,NA
"661",26,69,2,1,0,1,1,1.937,4,NA
"662",26,3,2,1,0,1,0,1.928,6,NA
"663",26,63,2,1,0,0,1,2.727,3,NA
"664",26,73,2,1,0,1,1,0.39,5,NA
"665",26,83,2,1,0,1,1,0.838,2,NA
"666",26,82,2,1,0,0,1,0.628,3,NA
"667",26,67,2,1,0,1,1,2.959,3,NA
"668",26,29,2,1,0,0,0,2.854,1,NA
"669",26,79,2,1,0,1,1,4.572,2,NA
"670",26,85,2,1,0,1,1,0.468,3,NA
"671",26,81,2,1,0,1,1,5.021,2,NA
"672",26,51,2,1,0,1,0,0.784,4,NA
"673",26,12,2,1,0,1,0,1.036,6,NA
"674",26,6,2,1,0,1,0,0.684,6,NA
"675",26,28,2,1,0,1,0,1.325,4,NA
"676",26,24,2,1,0,1,0,4.821,2,NA
"677",26,13,2,1,0,0,0,4.138,2,NA
"678",26,54,2,1,0,1,0,3.38,3,NA
"679",26,57,2,1,0,0,0,12.445,2,NA
"680",26,61,2,1,0,1,1,0.344,4,NA
"681",26,71,2,1,0,1,1,3.534,4,NA
"682",26,90,2,1,0,1,1,0.741,3,NA
"683",26,74,2,1,0,1,1,1.419,1,NA
"684",26,88,2,1,0,0,1,1.173,4,NA
"685",26,77,2,1,0,1,1,0.624,2,NA
"686",26,75,2,1,0,1,1,2.461,6,NA
"687",26,64,2,1,0,1,1,2.696,3,NA
"688",26,89,2,1,0,1,1,1.522,2,NA
"689",26,1,2,1,0,0,0,2.88,4,NA
"690",26,48,2,1,0,0,0,3.261,2,NA
"691",26,36,2,1,0,0,0,0.703,1,NA
"692",26,87,2,1,0,1,1,0.405,6,NA
"693",26,80,2,1,0,0,1,0.769,4,NA
"694",26,70,2,1,0,1,1,1.821,4,NA
"695",26,53,2,1,0,0,0,2.887,1,NA
"696",26,43,2,1,0,0,0,1.82,1,NA
"697",26,10,2,1,0,0,0,1.218,5,NA
"698",26,72,2,1,0,0,1,18.937,4,NA
"699",26,86,2,1,0,1,1,0.624,3,NA
"700",26,60,2,1,0,1,0,1.607,1,NA
"701",26,44,2,1,0,0,0,2.065,1,NA
"702",26,35,2,1,0,1,0,2.004,5,NA
"703",26,16,2,1,0,1,0,5.94,2,NA
"704",26,78,2,1,0,0,1,1.123,1,NA
"705",26,18,2,1,0,1,0,5.27,2,NA
"706",26,41,2,1,0,0,0,2.069,1,NA
"707",26,20,2,1,0,1,0,4.452,5,NA
"708",26,62,2,1,0,1,1,11.686,2,NA
"709",26,45,2,1,0,0,0,1.29,5,NA
"710",26,84,2,1,0,0,1,5.621,2,NA
"711",26,2,2,1,0,1,0,3.335,1,NA
"712",26,66,2,1,0,0,1,1.865,1,NA
"713",26,68,2,1,0,1,1,1.03,1,NA
"714",26,21,2,1,0,1,0,1.461,2,NA
"715",26,76,2,1,0,1,1,0.521,2,NA
"716",26,31,2,1,0,0,0,1.31,3,NA
"717",26,40,2,1,0,0,0,5.691,1,NA
"718",26,65,2,1,0,1,1,1.659,1,NA
"719",26,25,2,1,0,1,0,2.522,4,NA
"720",26,42,2,1,0,1,0,19.349,3,NA
"721",28,79,2,1,0,1,0,4.48,3,NA
"722",28,64,2,1,0,1,0,1.017,3,NA
"723",28,89,2,1,0,0,0,1.353,1,NA
"724",28,84,2,1,0,1,0,0.727,2,NA
"725",28,3,2,1,0,1,1,3.277,2,NA
"726",28,87,2,1,0,0,0,1.254,5,NA
"727",28,36,2,1,0,1,1,1.656,5,NA
"728",28,76,2,1,0,1,0,6.056,4,NA
"729",28,67,2,1,0,1,0,1.443,2,NA
"730",28,12,2,1,0,1,1,1.017,1,NA
"731",28,35,2,1,0,1,1,0.656,3,NA
"732",28,31,2,1,0,0,1,1.401,1,NA
"733",28,78,2,1,0,0,0,1.261,1,NA
"734",28,77,2,1,0,1,0,0.59,4,NA
"735",28,51,2,1,0,1,1,0.722,3,NA
"736",28,28,2,1,0,1,1,0.617,6,NA
"737",28,16,2,1,0,1,1,1.141,2,NA
"738",28,42,2,1,0,0,1,2.221,2,NA
"739",28,86,2,1,0,0,0,0.68,2,NA
"740",28,13,2,1,0,1,1,1.037,4,NA
"741",28,65,2,1,0,1,0,1.714,6,NA
"742",28,6,2,1,0,1,1,0.604,5,NA
"743",28,75,2,1,0,0,0,1.074,3,NA
"744",28,43,2,1,0,1,1,0.55,2,NA
"745",28,61,2,1,0,1,0,2.584,1,NA
"746",28,82,2,1,0,1,0,1.369,6,NA
"747",28,88,2,1,0,1,0,0.358,5,NA
"748",28,73,2,1,0,1,0,1.194,1,NA
"749",28,54,2,1,0,0,1,2.323,1,NA
"750",28,83,2,1,0,1,0,1.102,4,NA
"751",28,60,2,1,0,0,1,1.125,2,NA
"752",28,68,2,1,0,0,0,1.153,1,NA
"753",28,20,2,1,0,1,1,0.648,2,NA
"754",28,1,2,1,0,0,1,2.763,3,NA
"755",28,70,2,1,0,0,0,0.815,3,NA
"756",28,62,2,1,0,1,0,0.821,1,NA
"757",28,29,2,1,0,0,1,0.815,2,NA
"758",28,21,2,1,0,1,1,0.605,2,NA
"759",28,25,2,1,0,1,1,0.964,1,NA
"760",28,69,2,1,0,1,0,2.019,1,NA
"761",28,85,2,1,0,1,0,1.316,3,NA
"762",28,40,2,1,0,1,1,1.432,2,NA
"763",28,57,2,1,0,1,1,1.511,3,NA
"764",28,18,2,1,0,0,1,0.342,4,NA
"765",28,24,2,1,0,1,1,1.022,2,NA
"766",28,53,2,1,0,1,1,1.434,2,NA
"767",28,10,2,1,0,0,1,1.17,1,NA
"768",28,44,2,1,0,0,1,2.257,2,NA
"769",28,81,2,1,0,1,0,0.659,3,NA
"770",28,71,2,1,0,0,0,2.817,1,NA
"771",28,66,2,1,0,0,0,1.23,4,NA
"772",28,80,2,1,0,1,0,7.078,3,NA
"773",28,74,2,1,0,0,0,1.257,2,NA
"774",28,2,2,1,0,1,1,0.887,3,NA
"775",28,45,2,1,0,0,1,0.803,5,NA
"776",28,72,2,1,0,1,0,0.669,2,NA
"777",28,41,2,1,0,1,1,0.369,3,NA
"778",28,48,2,1,0,1,1,0.614,2,NA
"779",28,90,2,1,0,1,0,2.518,3,NA
"780",28,63,2,1,0,0,0,1.076,1,NA
"781",30,35,2,1,0,1,0,1.777,4,NA
"782",30,54,2,1,0,1,0,2.521,4,NA
"783",30,118,2,1,0,1,1,2.33,5,NA
"784",30,106,2,1,0,1,1,1.719,4,NA
"785",30,91,2,1,0,1,1,2.286,2,NA
"786",30,97,2,1,0,1,1,1.703,4,NA
"787",30,6,2,1,0,0,0,2.509,3,NA
"788",30,105,2,1,0,1,1,1.06,5,NA
"789",30,43,2,1,0,0,0,2.82,2,NA
"790",30,96,2,1,0,1,1,2.056,3,NA
"791",30,24,2,1,0,1,0,1.701,2,NA
"792",30,42,2,1,0,1,0,3.42,3,NA
"793",30,21,2,1,0,1,0,1.543,4,NA
"794",30,95,2,1,0,1,1,0.871,6,NA
"795",30,110,2,1,0,1,1,1.171,3,NA
"796",30,116,2,1,0,1,1,1.234,6,NA
"797",30,109,2,1,0,1,1,1.092,5,NA
"798",30,120,2,1,0,1,1,1.47,4,NA
"799",30,36,2,1,0,1,0,1.793,2,NA
"800",30,112,2,1,0,1,1,1.075,4,NA
"801",30,16,2,1,0,0,0,3.006,2,NA
"802",30,92,2,1,0,1,1,0.489,4,NA
"803",30,107,2,1,0,1,1,1.812,2,NA
"804",30,53,2,1,0,1,0,2.596,4,NA
"805",30,18,2,1,0,0,0,2.239,3,NA
"806",30,40,2,1,0,0,0,4.725,3,NA
"807",30,13,2,1,0,1,0,1.16,4,NA
"808",30,28,2,1,0,1,0,1.667,5,NA
"809",30,114,2,1,0,1,1,1.994,3,NA
"810",30,99,2,1,0,1,1,0.488,5,NA
"811",30,102,2,1,0,1,1,2.435,4,NA
"812",30,57,2,1,0,1,0,1.761,3,NA
"813",30,103,2,1,0,1,1,1.062,5,NA
"814",30,119,2,1,0,1,1,1.354,3,NA
"815",30,31,2,1,0,1,0,1.863,5,NA
"816",30,3,2,1,0,0,0,1.269,2,NA
"817",30,113,2,1,0,1,1,1.852,2,NA
"818",30,45,2,1,0,1,0,1.201,2,NA
"819",30,115,2,1,0,1,1,0.61,5,NA
"820",30,25,2,1,0,1,0,1.107,6,NA
"821",30,104,2,1,0,1,1,1.109,5,NA
"822",30,51,2,1,0,1,0,0.98,5,NA
"823",30,10,2,1,0,1,0,1.247,4,NA
"824",30,2,2,1,0,1,0,1.462,3,NA
"825",30,48,2,1,0,1,0,1.566,2,NA
"826",30,44,2,1,0,1,0,1.222,2,NA
"827",30,41,2,1,0,1,0,1.806,2,NA
"828",30,93,2,1,0,1,1,0.834,3,NA
"829",30,12,2,1,0,1,0,1.313,4,NA
"830",30,1,2,1,0,1,0,0.678,4,NA
"831",30,108,2,1,0,1,1,1.373,3,NA
"832",30,29,2,1,0,1,0,0.962,6,NA
"833",30,60,2,1,0,0,0,1.709,2,NA
"834",30,101,2,1,0,1,1,1.14,2,NA
"835",30,100,2,1,0,1,1,0.494,6,NA
"836",30,111,2,1,0,1,1,1.619,2,NA
"837",30,20,2,1,0,1,0,1.436,3,NA
"838",30,98,2,1,0,1,1,0.846,4,NA
"839",30,117,2,1,0,1,1,1.168,3,NA
"840",30,94,2,1,0,0,1,1.971,3,NA
"841",32,31,2,1,0,1,1,0.627,1,NA
"842",32,114,2,1,0,0,0,1.074,3,NA
"843",32,115,2,1,0,1,0,1.18,2,NA
"844",32,53,2,1,0,1,1,0.484,2,NA
"845",32,104,2,1,0,1,0,0.363,1,NA
"846",32,21,2,1,0,1,1,0.502,2,NA
"847",32,108,2,1,0,0,0,1.206,2,NA
"848",32,45,2,1,0,1,1,1.126,2,NA
"849",32,99,2,1,0,1,0,1.278,1,NA
"850",32,109,2,1,0,0,0,0.757,1,NA
"851",32,102,2,1,0,0,0,1.834,2,NA
"852",32,103,2,1,0,1,0,5.089,3,NA
"853",32,95,2,1,0,0,0,1.583,2,NA
"854",32,101,2,1,0,1,0,2.927,3,NA
"855",32,94,2,1,0,1,0,1.941,5,NA
"856",32,100,2,1,0,1,0,0.585,4,NA
"857",32,105,2,1,0,0,0,1.811,1,NA
"858",32,106,2,1,0,1,0,0.71,1,NA
"859",32,97,2,1,0,1,0,0.484,1,NA
"860",32,118,2,1,0,1,0,1.026,3,NA
"861",32,18,2,1,0,1,1,2.153,1,NA
"862",32,60,2,1,0,0,1,1.903,2,NA
"863",32,117,2,1,0,1,0,0.792,1,NA
"864",32,93,2,1,0,1,0,0.551,3,NA
"865",32,43,2,1,0,1,1,0.714,3,NA
"866",32,3,2,1,0,1,1,0.378,2,NA
"867",32,16,2,1,0,0,1,0.56,3,NA
"868",32,44,2,1,0,0,1,1.025,1,NA
"869",32,29,2,1,0,0,1,0.871,1,NA
"870",32,107,2,1,0,0,0,1.197,2,NA
"871",32,111,2,1,0,1,0,1.7,2,NA
"872",32,92,2,1,0,1,0,0.637,2,NA
"873",32,25,2,1,0,0,1,1.137,2,NA
"874",32,42,2,1,0,1,1,1.143,3,NA
"875",32,119,2,1,0,0,0,4.241,2,NA
"876",32,98,2,1,0,0,0,0.934,2,NA
"877",32,113,2,1,0,1,0,0.725,2,NA
"878",32,112,2,1,0,0,0,1.153,2,NA
"879",32,6,2,1,0,0,1,0.912,2,NA
"880",32,116,2,1,0,1,0,0.85,1,NA
"881",32,96,2,1,0,1,0,1.483,2,NA
"882",32,10,2,1,0,1,1,0.767,2,NA
"883",32,20,2,1,0,1,1,1.477,2,NA
"884",32,13,2,1,0,1,1,1.126,2,NA
"885",32,36,2,1,0,0,1,0.466,3,NA
"886",32,1,2,1,0,0,1,2.811,3,NA
"887",32,28,2,1,0,1,1,0.532,2,NA
"888",32,110,2,1,0,1,0,0.46,2,NA
"889",32,57,2,1,0,1,1,0.417,2,NA
"890",32,35,2,1,0,1,1,1.667,3,NA
"891",32,24,2,1,0,1,1,0.522,3,NA
"892",32,51,2,1,0,1,1,0.556,2,NA
"893",32,91,2,1,0,1,0,0.452,3,NA
"894",32,12,2,1,0,1,1,0.973,4,NA
"895",32,40,2,1,0,1,1,0.859,3,NA
"896",32,120,2,1,0,1,0,0.203,2,NA
"897",32,48,2,1,0,0,1,0.99,1,NA
"898",32,41,2,1,0,0,1,2.79,1,NA
"899",32,54,2,1,0,1,1,0.542,2,NA
"900",32,2,2,1,0,1,1,1.251,2,NA
"901",34,86,2,1,0,1,0,2.155,4,NA
"902",34,104,2,1,0,1,1,1.961,3,NA
"903",34,92,2,1,0,1,1,3.141,1,NA
"904",34,95,2,1,0,0,1,4.426,1,NA
"905",34,112,2,1,0,0,1,4.236,1,NA
"906",34,96,2,1,0,0,1,3.738,1,NA
"907",34,79,2,1,0,1,0,1.701,1,NA
"908",34,117,2,1,0,1,1,3.006,1,NA
"909",34,100,2,1,0,1,1,8.895,1,NA
"910",34,102,2,1,0,1,1,1.441,1,NA
"911",34,69,2,1,0,1,0,2.72,1,NA
"912",34,71,2,1,0,0,0,1.974,1,NA
"913",34,89,2,1,0,1,0,1.153,1,NA
"914",34,62,2,1,0,1,0,8.345,1,NA
"915",34,113,2,1,0,1,1,3.65,1,NA
"916",34,119,2,1,0,1,1,4.517,1,NA
"917",34,65,2,1,0,0,0,3.273,1,NA
"918",34,68,2,1,0,1,0,1.455,1,NA
"919",34,66,2,1,0,0,0,8.204,2,NA
"920",34,109,2,1,0,0,1,3.543,1,NA
"921",34,115,2,1,0,0,1,5.21,1,NA
"922",34,110,2,1,0,1,1,3.45,1,NA
"923",34,105,2,1,0,1,1,3.226,1,NA
"924",34,76,2,1,0,1,0,1.88,1,NA
"925",34,81,2,1,0,1,0,1.106,2,NA
"926",34,116,2,1,0,0,1,1.172,1,NA
"927",34,107,2,1,0,0,1,2.898,1,NA
"928",34,63,2,1,0,1,0,1.565,1,NA
"929",34,111,2,1,0,1,1,1.614,1,NA
"930",34,61,2,1,0,0,0,6.207,1,NA
"931",34,74,2,1,0,0,0,5.506,1,NA
"932",34,90,2,1,0,1,0,3.069,1,NA
"933",34,67,2,1,0,1,0,2.938,2,NA
"934",34,114,2,1,0,1,1,1.779,3,NA
"935",34,78,2,1,0,0,0,1.034,1,NA
"936",34,120,2,1,0,0,1,2.227,1,NA
"937",34,101,2,1,0,0,1,4.394,1,NA
"938",34,98,2,1,0,1,1,1.48,1,NA
"939",34,72,2,1,0,1,0,4.541,1,NA
"940",34,73,2,1,0,0,0,4.021,1,NA
"941",34,77,2,1,0,1,0,1.186,1,NA
"942",34,94,2,1,0,1,1,2.558,2,NA
"943",34,108,2,1,0,1,1,2.671,1,NA
"944",34,83,2,1,0,0,0,3.301,2,NA
"945",34,64,2,1,0,1,0,2.581,2,NA
"946",34,91,2,1,0,1,1,6.94,2,NA
"947",34,103,2,1,0,1,1,1.358,1,NA
"948",34,88,2,1,0,1,0,1.598,2,NA
"949",34,84,2,1,0,0,0,1.238,2,NA
"950",34,118,2,1,0,1,1,2.278,1,NA
"951",34,87,2,1,0,1,0,6.35,2,NA
"952",34,85,2,1,0,0,0,1.602,1,NA
"953",34,80,2,1,0,0,0,1.737,1,NA
"954",34,70,2,1,0,0,0,1.986,1,NA
"955",34,93,2,1,0,1,1,6.804,1,NA
"956",34,82,2,1,0,1,0,1.519,2,NA
"957",34,97,2,1,0,1,1,2.422,2,NA
"958",34,75,2,1,0,0,0,3.175,2,NA
"959",34,99,2,1,0,1,1,1.831,1,NA
"960",34,106,2,1,0,1,1,1.178,1,NA
"961",36,114,2,1,0,1,0,1.856,4,NA
"962",36,115,2,1,0,1,0,3.608,1,NA
"963",36,117,2,1,0,0,0,2.921,3,NA
"964",36,68,2,1,0,1,1,8.213,1,NA
"965",36,84,2,1,0,1,1,5.271,1,NA
"966",36,86,2,1,0,1,1,3.437,1,NA
"967",36,77,2,1,0,1,1,1.558,5,NA
"968",36,118,2,1,0,1,0,5.133,1,NA
"969",36,105,2,1,0,1,0,4.369,1,NA
"970",36,94,2,1,0,1,0,1.209,5,NA
"971",36,100,2,1,0,1,0,9.68,3,NA
"972",36,62,2,1,0,1,1,6.613,3,NA
"973",36,101,2,1,0,0,0,1.274,5,NA
"974",36,90,2,1,0,1,1,6.143,1,NA
"975",36,92,2,1,0,1,0,1.961,5,NA
"976",36,61,2,1,0,1,1,3.777,1,NA
"977",36,110,2,1,0,1,0,1.656,4,NA
"978",36,93,2,1,0,0,0,5.42,2,NA
"979",36,72,2,1,0,0,1,3.872,2,NA
"980",36,103,2,1,0,1,0,1.799,4,NA
"981",36,104,2,1,0,1,0,6.303,3,NA
"982",36,71,2,1,0,1,1,3.405,1,NA
"983",36,119,2,1,0,0,0,1.127,6,NA
"984",36,70,2,1,0,1,1,1.826,1,NA
"985",36,87,2,1,0,0,1,11.243,3,NA
"986",36,64,2,1,0,1,1,3.185,3,NA
"987",36,78,2,1,0,0,1,4.691,1,NA
"988",36,69,2,1,0,1,1,1.859,2,NA
"989",36,99,2,1,0,1,0,8.333,2,NA
"990",36,73,2,1,0,1,1,12.872,1,NA
"991",36,108,2,1,0,1,0,11.307,4,NA
"992",36,79,2,1,0,1,1,4.436,2,NA
"993",36,98,2,1,0,0,0,6.246,3,NA
"994",36,63,2,1,0,1,1,4.329,1,NA
"995",36,81,2,1,0,0,1,12.109,1,NA
"996",36,111,2,1,0,0,0,2.832,1,NA
"997",36,102,2,1,0,1,0,2.605,1,NA
"998",36,80,2,1,0,0,1,9.144,1,NA
"999",36,95,2,1,0,0,0,1.852,1,NA
"1000",36,120,2,1,0,0,0,8.158,1,NA
"1001",36,109,2,1,0,0,0,6.647,1,NA
"1002",36,85,2,1,0,0,1,1.306,2,NA
"1003",36,116,2,1,0,0,0,11.324,1,NA
"1004",36,96,2,1,0,0,0,0.998,3,NA
"1005",36,113,2,1,0,1,0,1.621,1,NA
"1006",36,74,2,1,0,1,1,2.146,1,NA
"1007",36,91,2,1,0,1,0,21.633,1,NA
"1008",36,106,2,1,0,0,0,3.091,3,NA
"1009",36,67,2,1,0,0,1,1.466,3,NA
"1010",36,107,2,1,0,0,0,9.117,2,NA
"1011",36,88,2,1,0,1,1,1.271,4,NA
"1012",36,82,2,1,0,0,1,1.523,2,NA
"1013",36,83,2,1,0,1,1,3.435,1,NA
"1014",36,112,2,1,0,0,0,13.515,4,NA
"1015",36,89,2,1,0,1,1,2.416,1,NA
"1016",36,75,2,1,0,1,1,3.146,2,NA
"1017",36,76,2,1,0,1,1,2.334,1,NA
"1018",36,97,2,1,0,0,0,6.565,1,NA
"1019",36,66,2,1,0,0,1,2.489,4,NA
"1020",36,65,2,1,0,0,1,7.878,2,NA
"1021",40,66,2,1,0,0,0,1.768,6,NA
"1022",40,84,2,1,0,1,0,2.796,2,NA
"1023",40,37,2,1,0,1,1,5.444,2,NA
"1024",40,65,2,1,0,0,0,2.241,6,NA
"1025",40,30,2,1,0,1,1,1.317,5,NA
"1026",40,63,2,1,0,1,0,3.806,3,NA
"1027",40,82,2,1,0,1,0,3.73,4,NA
"1028",40,80,2,1,0,1,0,2.706,2,NA
"1029",40,5,2,1,0,0,1,6.194,2,NA
"1030",40,68,2,1,0,1,0,2.753,4,NA
"1031",40,83,2,1,0,0,0,4.296,5,NA
"1032",40,38,2,1,0,0,1,9.229,5,NA
"1033",40,73,2,1,0,1,0,3.144,1,NA
"1034",40,32,2,1,0,1,1,4.086,1,NA
"1035",40,86,2,1,0,1,0,1.756,5,NA
"1036",40,67,2,1,0,1,0,1.712,5,NA
"1037",40,49,2,1,0,0,1,4.786,3,NA
"1038",40,89,2,1,0,0,0,3.448,2,NA
"1039",40,52,2,1,0,1,1,2.524,4,NA
"1040",40,39,2,1,0,1,1,3.82,1,NA
"1041",40,58,2,1,0,1,1,1.52,2,NA
"1042",40,76,2,1,0,1,0,2.182,3,NA
"1043",40,64,2,1,0,1,0,1.211,5,NA
"1044",40,19,2,1,0,1,1,3.317,2,NA
"1045",40,77,2,1,0,0,0,4.17,3,NA
"1046",40,8,2,1,0,1,1,1.673,3,NA
"1047",40,23,2,1,0,1,1,1.602,6,NA
"1048",40,9,2,1,0,1,1,0.856,6,NA
"1049",40,75,2,1,0,1,0,2.803,3,NA
"1050",40,14,2,1,0,0,1,4.502,2,NA
"1051",40,70,2,1,0,1,0,6.067,3,NA
"1052",40,22,2,1,0,1,1,1.248,4,NA
"1053",40,50,2,1,0,1,1,2.554,4,NA
"1054",40,56,2,1,0,0,1,1.443,2,NA
"1055",40,15,2,1,0,1,1,1.169,4,NA
"1056",40,59,2,1,0,1,1,1.834,3,NA
"1057",40,7,2,1,0,1,1,2.166,4,NA
"1058",40,71,2,1,0,0,0,6.123,2,NA
"1059",40,33,2,1,0,1,1,3.564,4,NA
"1060",40,17,2,1,0,1,1,1.066,5,NA
"1061",40,61,2,1,0,1,0,2.142,4,NA
"1062",40,85,2,1,0,0,0,4.118,2,NA
"1063",40,34,2,1,0,1,1,1.348,5,NA
"1064",40,72,2,1,0,1,0,1.689,3,NA
"1065",40,90,2,1,0,1,0,5.047,1,NA
"1066",40,74,2,1,0,1,0,2.125,4,NA
"1067",40,87,2,1,0,0,0,1.631,5,NA
"1068",40,78,2,1,0,0,0,3.683,1,NA
"1069",40,62,2,1,0,1,0,2.142,3,NA
"1070",40,69,2,1,0,1,0,5.23,4,NA
"1071",40,26,2,1,0,1,1,1.231,3,NA
"1072",40,46,2,1,0,1,1,1.089,2,NA
"1073",40,47,2,1,0,1,1,3.515,4,NA
"1074",40,4,2,1,0,1,1,1.534,5,NA
"1075",40,81,2,1,0,1,0,5.075,1,NA
"1076",40,27,2,1,0,1,1,2.198,3,NA
"1077",40,55,2,1,0,0,1,4.598,3,NA
"1078",40,88,2,1,0,1,0,2.764,4,NA
"1079",40,11,2,1,0,1,1,2.842,2,NA
"1080",40,79,2,1,0,1,0,1.353,6,NA
"1081",42,118,2,1,0,1,1,2.901,1,NA
"1082",42,59,2,1,0,1,0,0.65,1,NA
"1083",42,9,2,1,0,1,0,1.328,1,NA
"1084",42,106,2,1,0,1,1,0.493,1,NA
"1085",42,32,2,1,0,1,0,0.843,1,NA
"1086",42,38,2,1,0,1,0,0.501,1,NA
"1087",42,27,2,1,0,1,0,1.103,2,NA
"1088",42,46,2,1,0,1,0,0.459,1,NA
"1089",42,116,2,1,0,1,1,0.545,3,NA
"1090",42,55,2,1,0,1,0,0.535,1,NA
"1091",42,11,2,1,0,1,0,4.881,1,NA
"1092",42,117,2,1,0,1,1,1.004,6,NA
"1093",42,39,2,1,0,1,0,1.033,1,NA
"1094",42,111,2,1,0,1,1,0.569,1,NA
"1095",42,47,2,1,0,1,0,1.094,1,NA
"1096",42,37,2,1,0,1,0,0.935,1,NA
"1097",42,92,2,1,0,1,1,0.558,4,NA
"1098",42,101,2,1,0,1,1,1.601,1,NA
"1099",42,119,2,1,0,0,1,2.974,1,NA
"1100",42,8,2,1,0,1,0,0.934,1,NA
"1101",42,17,2,1,0,1,0,0.768,1,NA
"1102",42,104,2,1,0,1,1,0.486,1,NA
"1103",42,112,2,1,0,1,1,0.97,6,NA
"1104",42,58,2,1,0,1,0,0.636,1,NA
"1105",42,7,2,1,0,1,0,0.657,1,NA
"1106",42,114,2,1,0,1,1,0.603,1,NA
"1107",42,95,2,1,0,1,1,0.753,5,NA
"1108",42,107,2,1,0,1,1,1.595,1,NA
"1109",42,33,2,1,0,1,0,0.797,1,NA
"1110",42,102,2,1,0,1,1,0.602,5,NA
"1111",42,109,2,1,0,1,1,0.701,1,NA
"1112",42,4,2,1,0,1,0,1.148,1,NA
"1113",42,120,2,1,0,1,1,1.269,1,NA
"1114",42,30,2,1,0,1,0,0.441,1,NA
"1115",42,99,2,1,0,1,1,0.943,6,NA
"1116",42,23,2,1,0,1,0,1.858,1,NA
"1117",42,103,2,1,0,1,1,0.724,2,NA
"1118",42,56,2,1,0,1,0,0.621,6,NA
"1119",42,91,2,1,0,1,1,0.675,1,NA
"1120",42,26,2,1,0,1,0,7.033,1,NA
"1121",42,52,2,1,0,1,0,0.685,1,NA
"1122",42,22,2,1,0,1,0,0.65,1,NA
"1123",42,108,2,1,0,1,1,0.947,1,NA
"1124",42,50,2,1,0,1,0,1.435,1,NA
"1125",42,110,2,1,0,1,1,0.624,6,NA
"1126",42,98,2,1,0,1,1,5.6,1,NA
"1127",42,15,2,1,0,1,0,0.578,6,NA
"1128",42,113,2,1,0,1,1,0.484,1,NA
"1129",42,93,2,1,0,1,1,0.611,4,NA
"1130",42,115,2,1,0,1,1,0.593,6,NA
"1131",42,100,2,1,0,1,1,4.398,1,NA
"1132",42,19,2,1,0,1,0,0.477,1,NA
"1133",42,94,2,1,0,1,1,0.88,6,NA
"1134",42,97,2,1,0,1,1,0.427,4,NA
"1135",42,49,2,1,0,1,0,2.489,1,NA
"1136",42,96,2,1,0,1,1,0.434,4,NA
"1137",42,105,2,1,0,1,1,0.586,6,NA
"1138",42,5,2,1,0,1,0,0.736,4,NA
"1139",42,14,2,1,0,1,0,0.436,1,NA
"1140",42,34,2,1,0,1,0,0.629,4,NA
"1141",44,116,2,1,0,1,0,2.387,3,NA
"1142",44,101,2,1,0,0,0,1.408,3,NA
"1143",44,11,2,1,0,1,1,1.579,4,NA
"1144",44,109,2,1,0,0,0,5.79,5,NA
"1145",44,105,2,1,0,1,0,5.163,2,NA
"1146",44,104,2,1,0,1,0,1.211,4,NA
"1147",44,8,2,1,0,1,1,0.852,6,NA
"1148",44,98,2,1,0,1,0,0.871,2,NA
"1149",44,120,2,1,0,1,0,5.841,3,NA
"1150",44,119,2,1,0,1,0,1.446,4,NA
"1151",44,102,2,1,0,1,0,1.033,3,NA
"1152",44,59,2,1,0,1,1,0.374,4,NA
"1153",44,47,2,1,0,1,1,1.367,2,NA
"1154",44,115,2,1,0,1,0,0.985,4,NA
"1155",44,4,2,1,0,1,1,0.89,6,NA
"1156",44,111,2,1,0,1,0,1.763,2,NA
"1157",44,5,2,1,0,1,1,0.847,6,NA
"1158",44,91,2,1,0,0,0,4.832,2,NA
"1159",44,7,2,1,0,1,1,0.771,4,NA
"1160",44,93,2,1,0,0,0,5.737,3,NA
"1161",44,95,2,1,0,1,0,1.842,2,NA
"1162",44,92,2,1,0,0,0,5.804,3,NA
"1163",44,100,2,1,0,0,0,2.851,2,NA
"1164",44,52,2,1,0,1,1,1.1,3,NA
"1165",44,19,2,1,0,1,1,0.809,1,NA
"1166",44,34,2,1,0,1,1,0.415,6,NA
"1167",44,112,2,1,0,0,0,0.983,5,NA
"1168",44,55,2,1,0,1,1,0.634,4,NA
"1169",44,103,2,1,0,0,0,1.716,2,NA
"1170",44,113,2,1,0,1,0,0.643,1,NA
"1171",44,46,2,1,0,1,1,0.679,6,NA
"1172",44,94,2,1,0,1,0,0.765,3,NA
"1173",44,49,2,1,0,1,1,0.605,4,NA
"1174",44,27,2,1,0,1,1,0.375,6,NA
"1175",44,117,2,1,0,1,0,1.482,1,NA
"1176",44,56,2,1,0,1,1,3.06,5,NA
"1177",44,22,2,1,0,1,1,1.035,4,NA
"1178",44,107,2,1,0,1,0,1.942,4,NA
"1179",44,50,2,1,0,1,1,0.844,5,NA
"1180",44,32,2,1,0,0,1,2.162,2,NA
"1181",44,39,2,1,0,1,1,0.637,1,NA
"1182",44,33,2,1,0,1,1,0.414,5,NA
"1183",44,58,2,1,0,0,1,2.805,5,NA
"1184",44,99,2,1,0,1,0,3.248,2,NA
"1185",44,108,2,1,0,0,0,1.024,1,NA
"1186",44,96,2,1,0,0,0,1.655,4,NA
"1187",44,37,2,1,0,1,1,0.782,1,NA
"1188",44,9,2,1,0,1,1,0.688,4,NA
"1189",44,114,2,1,0,1,0,5.031,4,NA
"1190",44,118,2,1,0,1,0,1.829,4,NA
"1191",44,106,2,1,0,1,0,3.662,1,NA
"1192",44,26,2,1,0,0,1,0.51,1,NA
"1193",44,38,2,1,0,0,1,1.79,4,NA
"1194",44,14,2,1,0,1,1,0.292,5,NA
"1195",44,110,2,1,0,1,0,0.848,1,NA
"1196",44,97,2,1,0,0,0,0.819,1,NA
"1197",44,23,2,1,0,0,1,2.897,4,NA
"1198",44,15,2,1,0,1,1,0.347,4,NA
"1199",44,17,2,1,0,0,1,0.896,3,NA
"1200",44,30,2,1,0,1,1,0.373,5,NA
"1201",50,54,2,1,0,1,0,1.58,4,NA
"1202",50,35,2,1,0,0,0,6.121,5,NA
"1203",50,7,2,1,0,1,1,5.135,3,NA
"1204",50,1,2,1,0,0,0,3.038,5,NA
"1205",50,50,2,1,0,1,1,1.83,4,NA
"1206",50,45,2,1,0,0,0,3.138,2,NA
"1207",50,36,2,1,0,1,0,1.494,2,NA
"1208",50,17,2,1,0,1,1,1.63,4,NA
"1209",50,29,2,1,0,0,0,2.08,2,NA
"1210",50,5,2,1,0,1,1,2.218,1,NA
"1211",50,26,2,1,0,0,1,7.959,2,NA
"1212",50,60,2,1,0,1,0,3.523,2,NA
"1213",50,56,2,1,0,0,1,1.585,5,NA
"1214",50,27,2,1,0,1,1,2.004,3,NA
"1215",50,13,2,1,0,0,0,3.284,3,NA
"1216",50,11,2,1,0,0,1,1.689,5,NA
"1217",50,41,2,1,0,0,0,1.963,3,NA
"1218",50,47,2,1,0,1,1,1.766,2,NA
"1219",50,43,2,1,0,1,0,1.518,6,NA
"1220",50,23,2,1,0,1,1,2.804,3,NA
"1221",50,53,2,1,0,1,0,2.102,2,NA
"1222",50,31,2,1,0,0,0,3.452,2,NA
"1223",50,33,2,1,0,0,1,0.859,2,NA
"1224",50,21,2,1,0,0,0,1.337,3,NA
"1225",50,24,2,1,0,1,0,1.869,3,NA
"1226",50,6,2,1,0,1,0,2.676,4,NA
"1227",50,44,2,1,0,0,0,3.459,3,NA
"1228",50,16,2,1,0,0,0,0.834,3,NA
"1229",50,57,2,1,0,1,0,3.614,4,NA
"1230",50,22,2,1,0,1,1,1.594,4,NA
"1231",50,49,2,1,0,1,1,1.304,5,NA
"1232",50,34,2,1,0,0,1,6.835,3,NA
"1233",50,55,2,1,0,1,1,3.179,3,NA
"1234",50,28,2,1,0,1,0,1.375,3,NA
"1235",50,39,2,1,0,0,1,2.8,2,NA
"1236",50,20,2,1,0,0,0,1.693,3,NA
"1237",50,3,2,1,0,1,0,1.325,4,NA
"1238",50,2,2,1,0,1,0,2.243,3,NA
"1239",50,52,2,1,0,1,1,1.878,4,NA
"1240",50,48,2,1,0,0,0,2.401,3,NA
"1241",50,51,2,1,0,1,0,2.222,4,NA
"1242",50,58,2,1,0,0,1,3.212,2,NA
"1243",50,46,2,1,0,1,1,2.843,4,NA
"1244",50,32,2,1,0,1,1,5.881,3,NA
"1245",50,10,2,1,0,1,0,1.724,3,NA
"1246",50,40,2,1,0,0,0,4.964,2,NA
"1247",50,15,2,1,0,1,1,1.954,3,NA
"1248",50,37,2,1,0,0,1,0.818,5,NA
"1249",50,30,2,1,0,1,1,1.719,3,NA
"1250",50,12,2,1,0,0,0,4.355,3,NA
"1251",50,25,2,1,0,1,0,1.918,5,NA
"1252",50,8,2,1,0,1,1,1.952,2,NA
"1253",50,19,2,1,0,1,1,0.801,2,NA
"1254",50,18,2,1,0,1,0,4.524,3,NA
"1255",50,38,2,1,0,0,1,1.287,2,NA
"1256",50,14,2,1,0,0,1,2.304,4,NA
"1257",50,9,2,1,0,0,1,5.18,3,NA
"1258",50,4,2,1,0,1,1,3.13,3,NA
"1259",50,42,2,1,0,1,0,1.444,3,NA
"1260",50,59,2,1,0,0,1,0.868,2,NA
"1261",52,40,2,1,0,0,1,5.92,1,NA
"1262",52,60,2,1,0,0,1,4.857,1,NA
"1263",52,29,2,1,0,1,1,5.5,1,NA
"1264",52,46,2,1,0,0,0,1.898,5,NA
"1265",52,58,2,1,0,0,0,1.214,6,NA
"1266",52,31,2,1,0,0,1,1.752,6,NA
"1267",52,16,2,1,0,1,1,8.284,2,NA
"1268",52,57,2,1,0,1,1,4.166,1,NA
"1269",52,7,2,1,0,0,0,5.069,1,NA
"1270",52,53,2,1,0,1,1,3.592,1,NA
"1271",52,4,2,1,0,1,0,2.544,2,NA
"1272",52,22,2,1,0,1,0,3.209,1,NA
"1273",52,34,2,1,0,0,0,0.956,1,NA
"1274",52,14,2,1,0,0,0,3.997,1,NA
"1275",52,51,2,1,0,1,1,6.417,1,NA
"1276",52,36,2,1,0,0,1,5.57,1,NA
"1277",52,44,2,1,0,0,1,1.63,4,NA
"1278",52,28,2,1,0,1,1,1.082,6,NA
"1279",52,12,2,1,0,1,1,0.694,6,NA
"1280",52,26,2,1,0,0,0,3.195,1,NA
"1281",52,27,2,1,0,0,0,3.437,1,NA
"1282",52,39,2,1,0,1,0,5.413,1,NA
"1283",52,42,2,1,0,0,1,1.375,2,NA
"1284",52,1,2,1,0,0,1,11.948,6,NA
"1285",52,21,2,1,0,1,1,0.718,1,NA
"1286",52,2,2,1,0,1,1,2.016,2,NA
"1287",52,49,2,1,0,0,0,4.038,2,NA
"1288",52,10,2,1,0,0,1,2.904,1,NA
"1289",52,52,2,1,0,1,0,6.553,4,NA
"1290",52,13,2,1,0,1,1,3.064,2,NA
"1291",52,56,2,1,0,1,0,1.744,4,NA
"1292",52,38,2,1,0,0,0,2.258,5,NA
"1293",52,37,2,1,0,1,0,4.295,6,NA
"1294",52,45,2,1,0,0,1,2.698,3,NA
"1295",52,25,2,1,0,1,1,2.649,3,NA
"1296",52,15,2,1,0,1,0,2.348,1,NA
"1297",52,41,2,1,0,0,1,6.737,1,NA
"1298",52,19,2,1,0,1,0,1.202,2,NA
"1299",52,8,2,1,0,1,0,8.59,1,NA
"1300",52,47,2,1,0,0,0,1.241,4,NA
"1301",52,6,2,1,0,1,1,1.108,5,NA
"1302",52,50,2,1,0,0,0,1.31,3,NA
"1303",52,20,2,1,0,0,1,1.91,1,NA
"1304",52,35,2,1,0,1,1,1.429,5,NA
"1305",52,32,2,1,0,0,0,1.45,2,NA
"1306",52,33,2,1,0,0,0,4.25,1,NA
"1307",52,11,2,1,0,1,0,2.641,2,NA
"1308",52,5,2,1,0,0,0,7.453,1,NA
"1309",52,24,2,1,0,0,1,1.42,1,NA
"1310",52,54,2,1,0,1,1,3.426,1,NA
"1311",52,17,2,1,0,1,0,1.392,2,NA
"1312",52,23,2,1,0,0,0,1.182,2,NA
"1313",52,55,2,1,0,0,0,1.586,3,NA
"1314",52,48,2,1,0,0,1,3.49,1,NA
"1315",52,43,2,1,0,1,1,1.099,1,NA
"1316",52,9,2,1,0,0,0,6.455,1,NA
"1317",52,3,2,1,0,1,1,3.285,1,NA
"1318",52,30,2,1,0,1,0,4.934,2,NA
"1319",52,18,2,1,0,0,1,1.465,2,NA
"1320",52,59,2,1,0,0,0,6.406,1,NA
"1321",54,53,2,1,0,1,0,12.287,1,NA
"1322",54,69,2,1,0,0,1,13.026,1,NA
"1323",54,65,2,1,0,1,1,1.112,3,NA
"1324",54,57,2,1,0,1,0,4.397,2,NA
"1325",54,80,2,1,0,0,1,15.246,1,NA
"1326",54,86,2,1,0,1,1,5.838,2,NA
"1327",54,16,2,1,0,0,0,9.521,2,NA
"1328",54,28,2,1,0,1,0,3.635,5,NA
"1329",54,40,2,1,0,1,0,11.294,2,NA
"1330",54,42,2,1,0,0,0,6.448,1,NA
"1331",54,81,2,1,0,1,1,20.528,1,NA
"1332",54,62,2,1,0,1,1,21.68,4,NA
"1333",54,82,2,1,0,1,1,1.607,3,NA
"1334",54,90,2,1,0,1,1,4.002,2,NA
"1335",54,84,2,1,0,0,1,4.833,1,NA
"1336",54,64,2,1,0,1,1,4.368,3,NA
"1337",54,87,2,1,0,1,1,1.714,4,NA
"1338",54,10,2,1,0,0,0,25.68,2,NA
"1339",54,20,2,1,0,0,0,5.542,1,NA
"1340",54,3,2,1,0,1,0,2.941,1,NA
"1341",54,88,2,1,0,1,1,12.236,1,NA
"1342",54,67,2,1,0,1,1,7.269,2,NA
"1343",54,83,2,1,0,1,1,7.785,4,NA
"1344",54,1,2,1,0,0,0,29.008,1,NA
"1345",54,70,2,1,0,0,1,11.538,1,NA
"1346",54,78,2,1,0,1,1,1.195,1,NA
"1347",54,48,2,1,0,1,0,0.061,5,NA
"1348",54,61,2,1,0,1,1,2.916,2,NA
"1349",54,51,2,1,0,1,0,8.779,1,NA
"1350",54,35,2,1,0,1,0,14.327,2,NA
"1351",54,79,2,1,0,1,1,4.587,2,NA
"1352",54,43,2,1,0,0,0,0.937,1,NA
"1353",54,45,2,1,0,0,0,1.327,6,NA
"1354",54,6,2,1,0,1,0,7.279,5,NA
"1355",54,66,2,1,0,1,1,25.681,2,NA
"1356",54,25,2,1,0,0,0,1.759,1,NA
"1357",54,18,2,1,0,1,0,8.704,4,NA
"1358",54,21,2,1,0,0,0,17.779,2,NA
"1359",54,44,2,1,0,0,0,11.636,6,NA
"1360",54,41,2,1,0,0,0,6.897,3,NA
"1361",54,73,2,1,0,1,1,1.181,2,NA
"1362",54,24,2,1,0,1,0,1.123,1,NA
"1363",54,12,2,1,0,1,0,2.237,2,NA
"1364",54,76,2,1,0,0,1,2.059,1,NA
"1365",54,85,2,1,0,0,1,1.258,1,NA
"1366",54,77,2,1,0,0,1,8.716,4,NA
"1367",54,29,2,1,0,0,0,0.908,1,NA
"1368",54,75,2,1,0,0,1,10.794,5,NA
"1369",54,13,2,1,0,1,0,0.782,2,NA
"1370",54,89,2,1,0,1,1,0.93,4,NA
"1371",54,71,2,1,0,1,1,1.499,6,NA
"1372",54,72,2,1,0,0,1,4.443,1,NA
"1373",54,74,2,1,0,1,1,1.23,3,NA
"1374",54,2,2,1,0,1,0,4.892,1,NA
"1375",54,68,2,1,0,1,1,1.885,6,NA
"1376",54,60,2,1,0,1,0,3.526,1,NA
"1377",54,31,2,1,0,1,0,1.292,2,NA
"1378",54,63,2,1,0,1,1,1.102,1,NA
"1379",54,54,2,1,0,1,0,1.281,4,NA
"1380",54,36,2,1,0,0,0,0.69,1,NA
"1381",56,75,2,1,0,1,0,1.183,6,NA
"1382",56,60,2,1,0,0,1,3.02,4,NA
"1383",56,73,2,1,0,1,0,2.77,5,NA
"1384",56,69,2,1,0,1,0,1.657,3,NA
"1385",56,20,2,1,0,1,1,2.176,2,NA
"1386",56,84,2,1,0,0,0,2.493,3,NA
"1387",56,86,2,1,0,1,0,2.356,4,NA
"1388",56,18,2,1,0,1,1,0.466,5,NA
"1389",56,78,2,1,0,1,0,2.742,2,NA
"1390",56,24,2,1,0,0,1,0.741,3,NA
"1391",56,10,2,1,0,1,1,0.369,5,NA
"1392",56,62,2,1,0,1,0,2.658,3,NA
"1393",56,1,2,1,0,0,1,3.178,1,NA
"1394",56,43,2,1,0,1,1,2.169,3,NA
"1395",56,16,2,1,0,0,1,1.293,3,NA
"1396",56,74,2,1,0,1,0,1.339,4,NA
"1397",56,40,2,1,0,0,1,5.393,1,NA
"1398",56,77,2,1,0,1,0,0.611,5,NA
"1399",56,29,2,1,0,1,1,1.875,3,NA
"1400",56,87,2,1,0,1,0,1.585,5,NA
"1401",56,80,2,1,0,0,0,3.068,3,NA
"1402",56,83,2,1,0,0,0,3.337,3,NA
"1403",56,48,2,1,0,1,1,0.42,5,NA
"1404",56,57,2,1,0,1,1,1.184,3,NA
"1405",56,65,2,1,0,0,0,0.364,4,NA
"1406",56,67,2,1,0,1,0,0.521,3,NA
"1407",56,68,2,1,0,1,0,2.319,3,NA
"1408",56,3,2,1,0,0,1,0.323,5,NA
"1409",56,76,2,1,0,0,0,3.714,2,NA
"1410",56,12,2,1,0,1,1,0.594,5,NA
"1411",56,31,2,1,0,1,1,0.487,2,NA
"1412",56,42,2,1,0,0,1,0.4,5,NA
"1413",56,88,2,1,0,0,0,1.483,4,NA
"1414",56,79,2,1,0,1,0,0.916,4,NA
"1415",56,54,2,1,0,0,1,6.023,4,NA
"1416",56,72,2,1,0,0,0,3.462,2,NA
"1417",56,45,2,1,0,1,1,3.641,5,NA
"1418",56,36,2,1,0,0,1,6.646,4,NA
"1419",56,13,2,1,0,1,1,0.772,4,NA
"1420",56,53,2,1,0,0,1,4.475,2,NA
"1421",56,90,2,1,0,0,0,3.213,1,NA
"1422",56,63,2,1,0,1,0,2.73,3,NA
"1423",56,41,2,1,0,1,1,1.78,3,NA
"1424",56,89,2,1,0,1,0,0.407,4,NA
"1425",56,61,2,1,0,0,0,9.207,5,NA
"1426",56,66,2,1,0,1,0,1.617,3,NA
"1427",56,82,2,1,0,0,0,3.463,4,NA
"1428",56,70,2,1,0,1,0,1.891,2,NA
"1429",56,35,2,1,0,1,1,0.788,3,NA
"1430",56,44,2,1,0,1,1,0.932,5,NA
"1431",56,64,2,1,0,1,0,4.445,5,NA
"1432",56,85,2,1,0,1,0,3.615,2,NA
"1433",56,25,2,1,0,0,1,1.349,2,NA
"1434",56,28,2,1,0,1,1,0.341,2,NA
"1435",56,6,2,1,0,1,1,1.177,5,NA
"1436",56,51,2,1,0,0,1,1.148,1,NA
"1437",56,21,2,1,0,1,1,0.435,4,NA
"1438",56,81,2,1,0,1,0,2.331,3,NA
"1439",56,2,2,1,0,1,1,1.316,4,NA
"1440",56,71,2,1,0,1,0,2.661,1,NA
"1441",58,78,2,1,0,1,1,0.96,5,NA
"1442",58,61,2,1,0,1,1,1.639,3,NA
"1443",58,73,2,1,0,1,1,0.912,4,NA
"1444",58,7,2,1,0,0,0,5.033,3,NA
"1445",58,50,2,1,0,0,0,1.607,5,NA
"1446",58,38,2,1,0,0,0,3.814,2,NA
"1447",58,89,2,1,0,1,1,1.942,4,NA
"1448",58,5,2,1,0,0,0,3.287,1,NA
"1449",58,19,2,1,0,0,0,1.504,2,NA
"1450",58,17,2,1,0,1,0,1.176,3,NA
"1451",58,69,2,1,0,1,1,1,5,NA
"1452",58,64,2,1,0,1,1,1.46,3,NA
"1453",58,14,2,1,0,0,0,2.571,2,NA
"1454",58,77,2,1,0,1,1,5.056,5,NA
"1455",58,33,2,1,0,1,0,1.858,3,NA
"1456",58,76,2,1,0,1,1,1.11,4,NA
"1457",58,66,2,1,0,1,1,0.359,6,NA
"1458",58,47,2,1,0,1,0,2.025,2,NA
"1459",58,30,2,1,0,1,0,1.624,3,NA
"1460",58,32,2,1,0,0,0,6.022,2,NA
"1461",58,8,2,1,0,1,0,3.569,1,NA
"1462",58,23,2,1,0,1,0,5.793,4,NA
"1463",58,49,2,1,0,1,0,4.191,3,NA
"1464",58,70,2,1,0,0,1,1.202,6,NA
"1465",58,74,2,1,0,1,1,1.83,4,NA
"1466",58,83,2,1,0,0,1,7.076,1,NA
"1467",58,34,2,1,0,0,0,2.614,2,NA
"1468",58,88,2,1,0,1,1,0.545,5,NA
"1469",58,63,2,1,0,1,1,4.555,3,NA
"1470",58,55,2,1,0,1,0,0.782,3,NA
"1471",58,52,2,1,0,0,0,10.478,5,NA
"1472",58,59,2,1,0,1,0,0.607,6,NA
"1473",58,90,2,1,0,1,1,13.724,3,NA
"1474",58,67,2,1,0,1,1,0.292,6,NA
"1475",58,11,2,1,0,1,0,3.912,6,NA
"1476",58,27,2,1,0,1,0,2.279,2,NA
"1477",58,15,2,1,0,0,0,2.697,4,NA
"1478",58,62,2,1,0,1,1,1.511,5,NA
"1479",58,71,2,1,0,1,1,2.936,6,NA
"1480",58,46,2,1,0,1,0,7.018,1,NA
"1481",58,22,2,1,0,0,0,3.476,2,NA
"1482",58,58,2,1,0,0,0,1.554,6,NA
"1483",58,75,2,1,0,1,1,1.401,6,NA
"1484",58,65,2,1,0,1,1,1.541,3,NA
"1485",58,79,2,1,0,1,1,1.582,2,NA
"1486",58,84,2,1,0,1,1,1.04,5,NA
"1487",58,85,2,1,0,1,1,1.171,4,NA
"1488",58,56,2,1,0,0,0,1.203,4,NA
"1489",58,81,2,1,0,1,1,1.492,4,NA
"1490",58,82,2,1,0,1,1,2.146,3,NA
"1491",58,86,2,1,0,1,1,1.43,5,NA
"1492",58,9,2,1,0,0,0,3.801,1,NA
"1493",58,4,2,1,0,1,0,4.598,5,NA
"1494",58,87,2,1,0,1,1,1.481,6,NA
"1495",58,80,2,1,0,1,1,2.711,2,NA
"1496",58,72,2,1,0,0,1,0.989,2,NA
"1497",58,39,2,1,0,1,0,1.448,3,NA
"1498",58,26,2,1,0,1,0,6.776,4,NA
"1499",58,68,2,1,0,1,1,3.373,3,NA
"1500",58,37,2,1,0,0,0,0.261,5,NA
"1501",60,69,2,1,0,1,0,2.262,5,NA
"1502",60,62,2,1,0,1,0,12.593,2,NA
"1503",60,39,2,1,0,1,1,1.977,1,NA
"1504",60,8,2,1,0,0,1,1.876,1,NA
"1505",60,5,2,1,0,0,1,4.093,3,NA
"1506",60,86,2,1,0,1,0,2.934,3,NA
"1507",60,74,2,1,0,1,0,6.924,2,NA
"1508",60,71,2,1,0,1,0,0.61,5,NA
"1509",60,23,2,1,0,1,1,6.774,5,NA
"1510",60,33,2,1,0,1,1,1.148,4,NA
"1511",60,82,2,1,0,0,0,3.981,1,NA
"1512",60,32,2,1,0,1,1,2.667,5,NA
"1513",60,55,2,1,0,1,1,0.556,5,NA
"1514",60,80,2,1,0,0,0,3.502,6,NA
"1515",60,76,2,1,0,1,0,2.777,2,NA
"1516",60,70,2,1,0,0,0,7.566,5,NA
"1517",60,88,2,1,0,1,0,3.247,5,NA
"1518",60,37,2,1,0,0,1,3.445,5,NA
"1519",60,9,2,1,0,1,1,1.762,4,NA
"1520",60,84,2,1,0,1,0,2.497,2,NA
"1521",60,61,2,1,0,1,0,5.183,2,NA
"1522",60,77,2,1,0,1,0,2.728,5,NA
"1523",60,7,2,1,0,1,1,1.036,5,NA
"1524",60,34,2,1,0,0,1,4.434,1,NA
"1525",60,49,2,1,0,1,1,1.973,1,NA
"1526",60,65,2,1,0,1,0,4.859,2,NA
"1527",60,68,2,1,0,1,0,1.283,4,NA
"1528",60,22,2,1,0,1,1,0.548,5,NA
"1529",60,46,2,1,0,1,1,0.822,5,NA
"1530",60,26,2,1,0,1,1,1.381,2,NA
"1531",60,27,2,1,0,0,1,1.531,2,NA
"1532",60,63,2,1,0,1,0,3.487,1,NA
"1533",60,64,2,1,0,1,0,2.201,4,NA
"1534",60,72,2,1,0,1,0,1.23,4,NA
"1535",60,52,2,1,0,1,1,5.161,4,NA
"1536",60,66,2,1,0,1,0,2.868,5,NA
"1537",60,85,2,1,0,1,0,2.955,2,NA
"1538",60,15,2,1,0,1,1,0.377,4,NA
"1539",60,4,2,1,0,1,1,8.209,2,NA
"1540",60,67,2,1,0,0,0,0.973,2,NA
"1541",60,90,2,1,0,0,0,3.946,1,NA
"1542",60,75,2,1,0,1,0,2.9,5,NA
"1543",60,47,2,1,0,1,1,2.038,2,NA
"1544",60,79,2,1,0,1,0,2.823,4,NA
"1545",60,38,2,1,0,1,1,2.352,2,NA
"1546",60,11,2,1,0,1,1,1.517,6,NA
"1547",60,59,2,1,0,1,1,0.506,6,NA
"1548",60,83,2,1,0,1,0,2.173,5,NA
"1549",60,50,2,1,0,1,1,1.713,2,NA
"1550",60,89,2,1,0,1,0,1.677,1,NA
"1551",60,14,2,1,0,1,1,4.823,2,NA
"1552",60,30,2,1,0,1,1,6.15,1,NA
"1553",60,19,2,1,0,1,1,2.261,3,NA
"1554",60,58,2,1,0,0,1,3.027,1,NA
"1555",60,73,2,1,0,0,0,2.041,1,NA
"1556",60,78,2,1,0,0,0,0.38,1,NA
"1557",60,87,2,1,0,1,0,4.966,6,NA
"1558",60,81,2,1,0,1,0,1.165,3,NA
"1559",60,17,2,1,0,1,1,6.227,5,NA
"1560",60,56,2,1,0,1,1,0.59,6,NA
"1561",62,8,2,1,0,1,1,1.795,3,NA
"1562",62,40,2,1,0,0,0,1.812,2,NA
"1563",62,57,2,1,0,1,0,1.538,5,NA
"1564",62,45,2,1,0,0,0,4.761,4,NA
"1565",62,12,2,1,0,1,0,2.167,3,NA
"1566",62,24,2,1,0,1,0,3.572,3,NA
"1567",62,21,2,1,0,1,0,0.726,4,NA
"1568",62,37,2,1,0,1,1,1.21,2,NA
"1569",62,3,2,1,0,1,0,0.32,4,NA
"1570",62,30,2,1,0,1,1,2.179,3,NA
"1571",62,5,2,1,0,1,1,0.859,2,NA
"1572",62,1,2,1,0,0,0,4.057,5,NA
"1573",62,26,2,1,0,1,1,2.971,1,NA
"1574",62,54,2,1,0,1,0,2.631,5,NA
"1575",62,51,2,1,0,1,0,0.676,1,NA
"1576",62,20,2,1,0,0,0,0.859,2,NA
"1577",62,41,2,1,0,0,0,0.627,3,NA
"1578",62,4,2,1,0,1,1,0.364,5,NA
"1579",62,23,2,1,0,1,1,1.273,5,NA
"1580",62,19,2,1,0,1,1,0.854,3,NA
"1581",62,39,2,1,0,0,1,2.487,3,NA
"1582",62,49,2,1,0,1,1,1.161,3,NA
"1583",62,14,2,1,0,0,1,1.103,5,NA
"1584",62,29,2,1,0,1,0,0.383,4,NA
"1585",62,46,2,1,0,1,1,1.573,5,NA
"1586",62,42,2,1,0,0,0,3.738,2,NA
"1587",62,50,2,1,0,1,1,1.295,1,NA
"1588",62,34,2,1,0,1,1,2.953,2,NA
"1589",62,7,2,1,0,1,1,0.767,1,NA
"1590",62,56,2,1,0,0,1,1.525,3,NA
"1591",62,27,2,1,0,1,1,0.694,4,NA
"1592",62,36,2,1,0,1,0,0.303,5,NA
"1593",62,31,2,1,0,1,0,0.306,1,NA
"1594",62,58,2,1,0,1,1,0.486,4,NA
"1595",62,11,2,1,0,0,1,0.711,4,NA
"1596",62,59,2,1,0,1,1,2.138,4,NA
"1597",62,53,2,1,0,1,0,0.318,4,NA
"1598",62,18,2,1,0,0,0,0.367,2,NA
"1599",62,48,2,1,0,0,0,1.638,4,NA
"1600",62,10,2,1,0,0,0,2.563,2,NA
"1601",62,17,2,1,0,1,1,1.394,2,NA
"1602",62,16,2,1,0,1,0,0.344,5,NA
"1603",62,47,2,1,0,1,1,0.388,1,NA
"1604",62,55,2,1,0,1,1,0.3,4,NA
"1605",62,38,2,1,0,1,1,0.436,1,NA
"1606",62,52,2,1,0,0,1,3.464,5,NA
"1607",62,2,2,1,0,0,0,1.815,2,NA
"1608",62,32,2,1,0,1,1,0.351,4,NA
"1609",62,60,2,1,0,0,0,0.462,3,NA
"1610",62,28,2,1,0,1,0,3.629,5,NA
"1611",62,15,2,1,0,1,1,0.308,1,NA
"1612",62,43,2,1,0,0,0,0.364,2,NA
"1613",62,22,2,1,0,0,1,0.552,2,NA
"1614",62,25,2,1,0,1,0,1.529,5,NA
"1615",62,13,2,1,0,1,0,0.442,3,NA
"1616",62,35,2,1,0,1,0,0.325,4,NA
"1617",62,44,2,1,0,1,0,0.375,1,NA
"1618",62,33,2,1,0,0,1,0.374,3,NA
"1619",62,9,2,1,0,0,1,3.28,3,NA
"1620",62,6,2,1,0,1,0,0.811,4,NA
"1621",64,16,2,1,0,1,1,5.202,1,NA
"1622",64,2,2,1,0,1,1,1.602,1,NA
"1623",64,12,2,1,0,1,1,1.937,5,NA
"1624",64,31,2,1,0,1,1,0.58,2,NA
"1625",64,17,2,1,0,0,0,2.507,1,NA
"1626",64,37,2,1,0,0,0,1.303,2,NA
"1627",64,42,2,1,0,0,1,1.726,2,NA
"1628",64,45,2,1,0,0,1,1.597,3,NA
"1629",64,53,2,1,0,1,1,0.67,2,NA
"1630",64,27,2,1,0,1,0,0.716,1,NA
"1631",64,57,2,1,0,1,1,0.351,3,NA
"1632",64,22,2,1,0,0,0,0.495,1,NA
"1633",64,26,2,1,0,1,0,5.403,1,NA
"1634",64,14,2,1,0,1,0,2.523,1,NA
"1635",64,49,2,1,0,1,0,3.752,1,NA
"1636",64,39,2,1,0,1,0,1.988,1,NA
"1637",64,32,2,1,0,0,0,0.969,2,NA
"1638",64,40,2,1,0,0,1,0.694,1,NA
"1639",64,50,2,1,0,0,0,2.182,1,NA
"1640",64,1,2,1,0,1,1,0.38,4,NA
"1641",64,56,2,1,0,1,0,0.502,1,NA
"1642",64,10,2,1,0,1,1,0.836,2,NA
"1643",64,7,2,1,0,1,0,2.148,1,NA
"1644",64,8,2,1,0,0,0,2.363,1,NA
"1645",64,34,2,1,0,1,0,0.728,1,NA
"1646",64,15,2,1,0,1,0,0.391,1,NA
"1647",64,4,2,1,0,1,0,1.025,2,NA
"1648",64,18,2,1,0,1,1,0.373,3,NA
"1649",64,60,2,1,0,1,1,0.346,1,NA
"1650",64,55,2,1,0,1,0,0.492,2,NA
"1651",64,23,2,1,0,0,0,1.458,6,NA
"1652",64,29,2,1,0,1,1,2.825,4,NA
"1653",64,46,2,1,0,0,0,0.998,2,NA
"1654",64,13,2,1,0,1,1,0.353,3,NA
"1655",64,36,2,1,0,1,1,0.404,2,NA
"1656",64,20,2,1,0,1,1,0.465,4,NA
"1657",64,33,2,1,0,1,0,1.504,6,NA
"1658",64,38,2,1,0,1,0,2.213,2,NA
"1659",64,35,2,1,0,1,1,0.395,4,NA
"1660",64,48,2,1,0,1,1,0.365,5,NA
"1661",64,54,2,1,0,1,1,0.448,3,NA
"1662",64,21,2,1,0,1,1,0.717,1,NA
"1663",64,43,2,1,0,1,1,0.392,3,NA
"1664",64,30,2,1,0,1,0,0.446,1,NA
"1665",64,25,2,1,0,1,1,0.354,4,NA
"1666",64,51,2,1,0,1,1,0.547,5,NA
"1667",64,3,2,1,0,1,1,0.338,3,NA
"1668",64,11,2,1,0,0,0,1.392,2,NA
"1669",64,59,2,1,0,1,0,2.037,1,NA
"1670",64,5,2,1,0,0,0,1.975,1,NA
"1671",64,41,2,1,0,0,1,0.741,1,NA
"1672",64,47,2,1,0,0,0,1.574,1,NA
"1673",64,58,2,1,0,1,0,1.198,1,NA
"1674",64,9,2,1,0,0,0,1.33,1,NA
"1675",64,24,2,1,0,1,1,0.439,3,NA
"1676",64,44,2,1,0,1,1,1.096,6,NA
"1677",64,28,2,1,0,1,1,0.337,6,NA
"1678",64,19,2,1,0,1,0,2.506,2,NA
"1679",64,6,2,1,0,1,1,0.414,3,NA
"1680",64,52,2,1,0,0,0,11.043,3,NA
"1681",66,103,2,1,0,1,1,2.433,3,NA
"1682",66,3,2,1,0,1,0,1.233,2,NA
"1683",66,100,2,1,0,1,1,1.468,4,NA
"1684",66,104,2,1,0,0,1,4.795,2,NA
"1685",66,105,2,1,0,1,1,3.302,6,NA
"1686",66,101,2,1,0,0,1,1.523,6,NA
"1687",66,102,2,1,0,1,1,1.538,6,NA
"1688",66,91,2,1,0,1,1,2.802,2,NA
"1689",66,119,2,1,0,1,1,5.739,3,NA
"1690",66,12,2,1,0,1,0,1.113,4,NA
"1691",66,51,2,1,0,1,0,1.42,1,NA
"1692",66,93,2,1,0,0,1,1.785,4,NA
"1693",66,1,2,1,0,0,0,0.994,2,NA
"1694",66,109,2,1,0,0,1,1.126,5,NA
"1695",66,95,2,1,0,0,1,1.694,1,NA
"1696",66,110,2,1,0,1,1,2.245,2,NA
"1697",66,57,2,1,0,0,0,4.864,4,NA
"1698",66,111,2,1,0,0,1,1.546,2,NA
"1699",66,45,2,1,0,0,0,1.01,6,NA
"1700",66,98,2,1,0,1,1,1.515,4,NA
"1701",66,120,2,1,0,1,1,1.227,2,NA
"1702",66,20,2,1,0,0,0,3.941,3,NA
"1703",66,18,2,1,0,0,0,4.917,3,NA
"1704",66,112,2,1,0,0,1,0.971,2,NA
"1705",66,116,2,1,0,0,1,1.326,2,NA
"1706",66,99,2,1,0,1,1,1.596,4,NA
"1707",66,29,2,1,0,0,0,1.803,1,NA
"1708",66,28,2,1,0,1,0,2.383,3,NA
"1709",66,60,2,1,0,0,0,1.72,2,NA
"1710",66,31,2,1,0,1,0,1.354,3,NA
"1711",66,92,2,1,0,1,1,1.677,3,NA
"1712",66,118,2,1,0,0,1,1.163,3,NA
"1713",66,16,2,1,0,0,0,0.772,3,NA
"1714",66,53,2,1,0,1,0,1.261,1,NA
"1715",66,94,2,1,0,0,1,2.971,6,NA
"1716",66,114,2,1,0,1,1,3.111,4,NA
"1717",66,113,2,1,0,1,1,1.128,3,NA
"1718",66,41,2,1,0,1,0,1.287,2,NA
"1719",66,25,2,1,0,0,0,2.335,2,NA
"1720",66,44,2,1,0,1,0,2.111,4,NA
"1721",66,13,2,1,0,0,0,1.16,1,NA
"1722",66,106,2,1,0,0,1,0.895,5,NA
"1723",66,96,2,1,0,0,1,1.201,5,NA
"1724",66,10,2,1,0,0,0,3.278,3,NA
"1725",66,2,2,1,0,0,0,8.714,3,NA
"1726",66,35,2,1,0,1,0,2.423,4,NA
"1727",66,54,2,1,0,0,0,0.619,2,NA
"1728",66,6,2,1,0,0,0,1.815,5,NA
"1729",66,117,2,1,0,0,1,0.995,3,NA
"1730",66,36,2,1,0,0,0,0.953,1,NA
"1731",66,107,2,1,0,0,1,1.166,5,NA
"1732",66,48,2,1,0,0,0,1.486,2,NA
"1733",66,42,2,1,0,0,0,1.419,3,NA
"1734",66,21,2,1,0,0,0,2.025,4,NA
"1735",66,97,2,1,0,0,1,0.874,6,NA
"1736",66,108,2,1,0,0,1,1.264,3,NA
"1737",66,43,2,1,0,1,0,1.367,1,NA
"1738",66,24,2,1,0,0,0,1.1,4,NA
"1739",66,40,2,1,0,0,0,0.924,2,NA
"1740",66,115,2,1,0,1,1,1.279,4,NA
"1741",68,118,2,1,0,1,0,0.433,2,NA
"1742",68,35,2,1,0,0,1,0.717,1,NA
"1743",68,51,2,1,0,1,1,0.525,3,NA
"1744",68,40,2,1,0,0,1,0.516,1,NA
"1745",68,16,2,1,0,0,1,3.179,1,NA
"1746",68,102,2,1,0,0,0,0.292,4,NA
"1747",68,91,2,1,0,1,0,1.612,2,NA
"1748",68,10,2,1,0,1,1,0.521,3,NA
"1749",68,60,2,1,0,1,1,1.487,2,NA
"1750",68,105,2,1,0,0,0,0.885,1,NA
"1751",68,95,2,1,0,1,0,0.538,2,NA
"1752",68,101,2,1,0,0,0,1.267,3,NA
"1753",68,112,2,1,0,1,0,0.894,2,NA
"1754",68,120,2,1,0,0,0,2.119,1,NA
"1755",68,20,2,1,0,0,1,0.984,1,NA
"1756",68,1,2,1,0,0,1,4.178,3,NA
"1757",68,53,2,1,0,0,1,0.305,2,NA
"1758",68,100,2,1,0,0,0,0.978,4,NA
"1759",68,107,2,1,0,1,0,0.374,2,NA
"1760",68,43,2,1,0,1,1,2.25,2,NA
"1761",68,115,2,1,0,0,0,5.217,1,NA
"1762",68,93,2,1,0,1,0,0.812,2,NA
"1763",68,44,2,1,0,0,1,0.317,3,NA
"1764",68,92,2,1,0,0,0,0.704,6,NA
"1765",68,25,2,1,0,1,1,2.493,3,NA
"1766",68,117,2,1,0,0,0,0.759,1,NA
"1767",68,3,2,1,0,1,1,0.251,2,NA
"1768",68,119,2,1,0,1,0,1.413,3,NA
"1769",68,31,2,1,0,1,1,0.309,1,NA
"1770",68,12,2,1,0,1,1,0.635,4,NA
"1771",68,45,2,1,0,0,1,0.88,1,NA
"1772",68,96,2,1,0,0,0,0.357,2,NA
"1773",68,24,2,1,0,0,1,0.853,1,NA
"1774",68,113,2,1,0,1,0,0.341,2,NA
"1775",68,103,2,1,0,0,0,0.546,1,NA
"1776",68,57,2,1,0,0,1,1.568,1,NA
"1777",68,54,2,1,0,1,1,0.433,2,NA
"1778",68,13,2,1,0,1,1,0.34,2,NA
"1779",68,98,2,1,0,0,0,2.526,1,NA
"1780",68,18,2,1,0,1,1,0.894,3,NA
"1781",68,28,2,1,0,1,1,1.306,3,NA
"1782",68,21,2,1,0,1,1,1.053,3,NA
"1783",68,109,2,1,0,0,0,0.77,1,NA
"1784",68,94,2,1,0,0,0,0.366,1,NA
"1785",68,29,2,1,0,1,1,0.267,2,NA
"1786",68,104,2,1,0,0,0,0.922,1,NA
"1787",68,99,2,1,0,1,0,1.551,2,NA
"1788",68,97,2,1,0,0,0,1.47,1,NA
"1789",68,116,2,1,0,1,0,1.642,2,NA
"1790",68,110,2,1,0,1,0,1.689,4,NA
"1791",68,41,2,1,0,0,1,0.937,1,NA
"1792",68,111,2,1,0,0,0,1.11,1,NA
"1793",68,36,2,1,0,0,1,0.369,1,NA
"1794",68,6,2,1,0,0,1,0.456,4,NA
"1795",68,48,2,1,0,1,1,2.405,2,NA
"1796",68,42,2,1,0,0,1,0.332,4,NA
"1797",68,108,2,1,0,0,0,1.735,1,NA
"1798",68,106,2,1,0,0,0,0.325,2,NA
"1799",68,2,2,1,0,0,1,0.837,1,NA
"1800",68,114,2,1,0,0,0,0.456,1,NA
"1801",70,46,2,1,0,0,0,1.977,5,NA
"1802",70,119,2,1,0,0,1,2.196,6,NA
"1803",70,109,2,1,0,0,1,2.529,3,NA
"1804",70,23,2,1,0,0,0,2.646,5,NA
"1805",70,98,2,1,0,0,1,1.824,6,NA
"1806",70,112,2,1,0,1,1,3.484,2,NA
"1807",70,52,2,1,0,0,0,6.477,4,NA
"1808",70,99,2,1,0,1,1,1.453,4,NA
"1809",70,106,2,1,0,0,1,2.889,2,NA
"1810",70,102,2,1,0,1,1,2.697,3,NA
"1811",70,95,2,1,0,0,1,2.426,1,NA
"1812",70,108,2,1,0,0,1,1.24,4,NA
"1813",70,92,2,1,0,1,1,2.715,3,NA
"1814",70,38,2,1,0,0,0,2.129,5,NA
"1815",70,100,2,1,0,1,1,2.165,4,NA
"1816",70,117,2,1,0,0,1,1.36,5,NA
"1817",70,4,2,1,0,1,0,1.373,5,NA
"1818",70,19,2,1,0,1,0,1.078,1,NA
"1819",70,91,2,1,0,1,1,0.805,2,NA
"1820",70,103,2,1,0,0,1,2.201,2,NA
"1821",70,113,2,1,0,0,1,1.851,1,NA
"1822",70,22,2,1,0,1,0,0.608,1,NA
"1823",70,58,2,1,0,1,0,0.912,4,NA
"1824",70,107,2,1,0,0,1,5.591,2,NA
"1825",70,101,2,1,0,0,1,1.563,6,NA
"1826",70,59,2,1,0,0,0,1.945,3,NA
"1827",70,26,2,1,0,0,0,3.497,4,NA
"1828",70,93,2,1,0,1,1,0.56,4,NA
"1829",70,49,2,1,0,0,0,1.565,5,NA
"1830",70,33,2,1,0,1,0,0.661,4,NA
"1831",70,115,2,1,0,1,1,0.427,4,NA
"1832",70,8,2,1,0,0,0,2.911,2,NA
"1833",70,118,2,1,0,0,1,1.997,3,NA
"1834",70,110,2,1,0,0,1,0.786,4,NA
"1835",70,27,2,1,0,0,0,1.141,5,NA
"1836",70,34,2,1,0,1,0,0.898,3,NA
"1837",70,104,2,1,0,0,1,1.299,5,NA
"1838",70,11,2,1,0,1,0,0.898,4,NA
"1839",70,105,2,1,0,0,1,4.07,1,NA
"1840",70,55,2,1,0,1,0,0.517,4,NA
"1841",70,30,2,1,0,0,0,0.704,3,NA
"1842",70,37,2,1,0,1,0,2.93,3,NA
"1843",70,120,2,1,0,0,1,0.989,3,NA
"1844",70,5,2,1,0,0,0,0.828,5,NA
"1845",70,39,2,1,0,1,0,1.493,3,NA
"1846",70,32,2,1,0,1,0,4.286,2,NA
"1847",70,114,2,1,0,0,1,2.548,4,NA
"1848",70,7,2,1,0,1,0,0.836,2,NA
"1849",70,56,2,1,0,0,0,7.304,1,NA
"1850",70,9,2,1,0,0,0,0.722,5,NA
"1851",70,116,2,1,0,1,1,2.189,3,NA
"1852",70,14,2,1,0,0,0,1.286,5,NA
"1853",70,97,2,1,0,0,1,1.323,6,NA
"1854",70,111,2,1,0,0,1,2.629,3,NA
"1855",70,94,2,1,0,1,1,1.207,6,NA
"1856",70,17,2,1,0,0,0,1.187,4,NA
"1857",70,50,2,1,0,1,0,1.117,1,NA
"1858",70,96,2,1,0,0,1,0.406,4,NA
"1859",70,47,2,1,0,1,0,0.842,1,NA
"1860",70,15,2,1,0,1,0,1.951,2,NA
"1861",72,99,2,1,0,0,0,1.127,3,NA
"1862",72,93,2,1,0,1,0,8.498,2,NA
"1863",72,108,2,1,0,1,0,1.753,3,NA
"1864",72,111,2,1,0,0,0,1.551,1,NA
"1865",72,32,2,1,0,1,1,16.754,1,NA
"1866",72,27,2,1,0,1,1,0.528,4,NA
"1867",72,102,2,1,0,0,0,1.026,1,NA
"1868",72,104,2,1,0,1,0,1.505,1,NA
"1869",72,103,2,1,0,0,0,1.912,1,NA
"1870",72,22,2,1,0,1,1,1.362,1,NA
"1871",72,19,2,1,0,0,1,1.214,1,NA
"1872",72,39,2,1,0,0,1,2.608,1,NA
"1873",72,9,2,1,0,0,1,1.06,3,NA
"1874",72,97,2,1,0,0,0,2.42,1,NA
"1875",72,47,2,1,0,1,1,1.639,1,NA
"1876",72,5,2,1,0,1,1,1.014,1,NA
"1877",72,105,2,1,0,1,0,12.269,1,NA
"1878",72,112,2,1,0,1,0,19.062,1,NA
"1879",72,23,2,1,0,0,1,2.813,4,NA
"1880",72,117,2,1,0,1,0,1.402,1,NA
"1881",72,30,2,1,0,1,1,0.827,1,NA
"1882",72,46,2,1,0,1,1,0.962,5,NA
"1883",72,120,2,1,0,0,0,2.645,1,NA
"1884",72,106,2,1,0,1,0,1.127,1,NA
"1885",72,14,2,1,0,0,1,4.101,1,NA
"1886",72,34,2,1,0,1,1,7.318,1,NA
"1887",72,55,2,1,0,1,1,2.002,1,NA
"1888",72,100,2,1,0,0,0,0.209,1,NA
"1889",72,96,2,1,0,1,0,1.863,1,NA
"1890",72,94,2,1,0,0,0,4.711,2,NA
"1891",72,11,2,1,0,0,1,1.122,4,NA
"1892",72,101,2,1,0,0,0,1.617,1,NA
"1893",72,49,2,1,0,1,1,0.704,3,NA
"1894",72,8,2,1,0,0,1,0.465,1,NA
"1895",72,98,2,1,0,0,0,0.371,3,NA
"1896",72,37,2,1,0,1,1,0.402,1,NA
"1897",72,15,2,1,0,1,1,0.367,1,NA
"1898",72,4,2,1,0,1,1,0.592,3,NA
"1899",72,107,2,1,0,0,0,5.828,2,NA
"1900",72,109,2,1,0,0,0,6.799,1,NA
"1901",72,17,2,1,0,1,1,4.783,1,NA
"1902",72,116,2,1,0,1,0,0.956,1,NA
"1903",72,91,2,1,0,0,0,1.022,1,NA
"1904",72,110,2,1,0,1,0,0.957,2,NA
"1905",72,52,2,1,0,1,1,1.137,5,NA
"1906",72,50,2,1,0,1,1,1.093,4,NA
"1907",72,26,2,1,0,0,1,1.043,1,NA
"1908",72,95,2,1,0,0,0,1.542,1,NA
"1909",72,119,2,1,0,1,0,1.082,3,NA
"1910",72,59,2,1,0,1,1,1.495,1,NA
"1911",72,58,2,1,0,0,1,1.875,1,NA
"1912",72,114,2,1,0,1,0,1.074,2,NA
"1913",72,118,2,1,0,0,0,1.447,1,NA
"1914",72,92,2,1,0,0,0,2.248,1,NA
"1915",72,115,2,1,0,0,0,3.005,1,NA
"1916",72,33,2,1,0,0,1,1.347,1,NA
"1917",72,7,2,1,0,1,1,0.972,1,NA
"1918",72,38,2,1,0,1,1,1.154,1,NA
"1919",72,56,2,1,0,0,1,2.287,1,NA
"1920",72,113,2,1,0,0,0,1.067,1,NA
"1921",74,1,2,1,0,1,0,3.563,2,NA
"1922",74,84,2,1,0,1,1,2.96,1,NA
"1923",74,16,2,1,0,0,0,1.93,2,NA
"1924",74,6,2,1,0,1,0,1.673,1,NA
"1925",74,53,2,1,0,1,0,1.179,1,NA
"1926",74,2,2,1,0,1,0,1.88,1,NA
"1927",74,87,2,1,0,1,1,1.859,1,NA
"1928",74,65,2,1,0,0,1,1.392,2,NA
"1929",74,3,2,1,0,1,0,1.247,3,NA
"1930",74,68,2,1,0,1,1,1.261,1,NA
"1931",74,77,2,1,0,1,1,1.339,3,NA
"1932",74,41,2,1,0,1,0,1.104,1,NA
"1933",74,35,2,1,0,1,0,1.777,1,NA
"1934",74,20,2,1,0,1,0,1.337,2,NA
"1935",74,63,2,1,0,1,1,1.664,1,NA
"1936",74,60,2,1,0,0,0,1.192,1,NA
"1937",74,73,2,1,0,1,1,1.251,1,NA
"1938",74,80,2,1,0,1,1,1.238,6,NA
"1939",74,85,2,1,0,1,1,0.982,1,NA
"1940",74,29,2,1,0,1,0,1.272,4,NA
"1941",74,45,2,1,0,0,0,1.665,5,NA
"1942",74,75,2,1,0,1,1,1.329,2,NA
"1943",74,81,2,1,0,1,1,1.103,1,NA
"1944",74,44,2,1,0,0,0,1.481,3,NA
"1945",74,66,2,1,0,0,1,1.529,2,NA
"1946",74,64,2,1,0,1,1,1.333,2,NA
"1947",74,10,2,1,0,1,0,2.06,1,NA
"1948",74,18,2,1,0,0,0,1.285,3,NA
"1949",74,36,2,1,0,0,0,2.08,2,NA
"1950",74,25,2,1,0,0,0,2.051,1,NA
"1951",74,43,2,1,0,0,0,1.624,1,NA
"1952",74,21,2,1,0,1,0,1.239,1,NA
"1953",74,71,2,1,0,1,1,1.49,1,NA
"1954",74,62,2,1,0,1,1,1.296,1,NA
"1955",74,76,2,1,0,1,1,0.929,1,NA
"1956",74,61,2,1,0,1,1,1.28,1,NA
"1957",74,42,2,1,0,1,0,1.246,1,NA
"1958",74,82,2,1,0,0,1,1.701,1,NA
"1959",74,78,2,1,0,0,1,1.331,1,NA
"1960",74,54,2,1,0,1,0,1.38,2,NA
"1961",74,13,2,1,0,1,0,1.196,1,NA
"1962",74,72,2,1,0,0,1,1.917,1,NA
"1963",74,70,2,1,0,1,1,1.306,1,NA
"1964",74,69,2,1,0,1,1,1.75,1,NA
"1965",74,12,2,1,0,1,0,1.46,1,NA
"1966",74,83,2,1,0,1,1,0.982,1,NA
"1967",74,90,2,1,0,1,1,1.497,1,NA
"1968",74,40,2,1,0,0,0,1.601,1,NA
"1969",74,74,2,1,0,0,1,3.949,6,NA
"1970",74,86,2,1,0,1,1,0.92,1,NA
"1971",74,57,2,1,0,0,0,0.92,1,NA
"1972",74,79,2,1,0,1,1,1.363,1,NA
"1973",74,51,2,1,0,0,0,1.497,1,NA
"1974",74,89,2,1,0,1,1,2.281,1,NA
"1975",74,67,2,1,0,1,1,1.359,1,NA
"1976",74,31,2,1,0,0,0,2.655,1,NA
"1977",74,28,2,1,0,1,0,1.714,3,NA
"1978",74,48,2,1,0,1,0,1.14,2,NA
"1979",74,24,2,1,0,0,0,1.959,1,NA
"1980",74,88,2,1,0,0,1,1.342,1,NA
"1981",76,51,2,1,0,1,1,1.612,2,NA
"1982",76,1,2,1,0,0,1,6.385,3,NA
"1983",76,45,2,1,0,0,1,2.232,6,NA
"1984",76,64,2,1,0,1,0,4.99,1,NA
"1985",76,20,2,1,0,1,1,5.028,2,NA
"1986",76,87,2,1,0,1,0,8.855,3,NA
"1987",76,61,2,1,0,0,0,5.976,5,NA
"1988",76,6,2,1,0,0,1,3.765,6,NA
"1989",76,74,2,1,0,1,0,4.156,3,NA
"1990",76,53,2,1,0,1,1,0.818,1,NA
"1991",76,76,2,1,0,0,0,1.891,1,NA
"1992",76,73,2,1,0,1,0,3.621,1,NA
"1993",76,81,2,1,0,0,0,3.329,1,NA
"1994",76,13,2,1,0,0,1,3.777,1,NA
"1995",76,57,2,1,0,0,1,5.354,1,NA
"1996",76,83,2,1,0,0,0,5.861,1,NA
"1997",76,12,2,1,0,1,1,4.678,4,NA
"1998",76,2,2,1,0,1,1,1.94,1,NA
"1999",76,54,2,1,0,1,1,1.879,2,NA
"2000",76,82,2,1,0,1,0,4.435,2,NA
"2001",76,28,2,1,0,0,1,1.518,5,NA
"2002",76,40,2,1,0,1,1,3.021,1,NA
"2003",76,85,2,1,0,1,0,2.161,2,NA
"2004",76,78,2,1,0,1,0,2.587,1,NA
"2005",76,67,2,1,0,1,0,8.906,2,NA
"2006",76,42,2,1,0,0,1,4.571,2,NA
"2007",76,70,2,1,0,1,0,0.831,2,NA
"2008",76,43,2,1,0,0,1,3.353,1,NA
"2009",76,80,2,1,0,0,0,3.783,5,NA
"2010",76,77,2,1,0,0,0,4.135,1,NA
"2011",76,18,2,1,0,0,1,2.285,1,NA
"2012",76,44,2,1,0,0,1,1.712,1,NA
"2013",76,71,2,1,0,0,0,4.184,4,NA
"2014",76,89,2,1,0,0,0,2.056,1,NA
"2015",76,41,2,1,0,0,1,3.052,1,NA
"2016",76,60,2,1,0,0,1,0.591,1,NA
"2017",76,75,2,1,0,1,0,4.619,2,NA
"2018",76,65,2,1,0,0,0,0.424,1,NA
"2019",76,36,2,1,0,0,1,1.178,1,NA
"2020",76,21,2,1,0,0,1,5.86,3,NA
"2021",76,69,2,1,0,1,0,1.528,2,NA
"2022",76,25,2,1,0,0,1,1.675,5,NA
"2023",76,90,2,1,0,0,0,1.089,1,NA
"2024",76,88,2,1,0,0,0,6.967,1,NA
"2025",76,3,2,1,0,0,1,0.984,2,NA
"2026",76,29,2,1,0,1,1,0.863,1,NA
"2027",76,10,2,1,0,0,1,1.396,2,NA
"2028",76,72,2,1,0,0,0,0.917,5,NA
"2029",76,63,2,1,0,0,0,1.927,1,NA
"2030",76,86,2,1,0,0,0,5.453,1,NA
"2031",76,35,2,1,0,0,1,0.31,1,NA
"2032",76,68,2,1,0,0,0,0.995,2,NA
"2033",76,66,2,1,0,0,0,2.725,6,NA
"2034",76,62,2,1,0,0,0,3.812,1,NA
"2035",76,24,2,1,0,0,1,0.461,1,NA
"2036",76,16,2,1,0,0,1,4.109,1,NA
"2037",76,31,2,1,0,0,1,2.287,2,NA
"2038",76,84,2,1,0,0,0,0.681,1,NA
"2039",76,48,2,1,0,0,1,0.624,2,NA
"2040",76,79,2,1,0,1,0,2.249,1,NA
"2041",78,111,2,1,0,1,1,4.023,2,NA
"2042",78,54,2,1,0,1,0,2.207,4,NA
"2043",78,44,2,1,0,0,0,2.483,5,NA
"2044",78,29,2,1,0,0,0,3.372,2,NA
"2045",78,108,2,1,0,1,1,1.694,4,NA
"2046",78,16,2,1,0,1,0,2.954,2,NA
"2047",78,94,2,1,0,1,1,1.37,6,NA
"2048",78,96,2,1,0,1,1,5.165,2,NA
"2049",78,1,2,1,0,0,0,7.197,5,NA
"2050",78,114,2,1,0,1,1,3.643,3,NA
"2051",78,60,2,1,0,1,0,1.64,1,NA
"2052",78,106,2,1,0,0,1,1.598,1,NA
"2053",78,105,2,1,0,1,1,1.222,2,NA
"2054",78,93,2,1,0,1,1,1.068,5,NA
"2055",78,18,2,1,0,1,0,1.012,4,NA
"2056",78,12,2,1,0,1,0,2.426,6,NA
"2057",78,92,2,1,0,1,1,1.257,4,NA
"2058",78,21,2,1,0,0,0,4.023,3,NA
"2059",78,104,2,1,0,1,1,2.637,3,NA
"2060",78,2,2,1,0,0,0,1.778,1,NA
"2061",78,116,2,1,0,1,1,1.37,4,NA
"2062",78,102,2,1,0,1,1,1.418,2,NA
"2063",78,91,2,1,0,1,1,1.294,2,NA
"2064",78,119,2,1,0,0,1,4.558,4,NA
"2065",78,120,2,1,0,1,1,3.061,2,NA
"2066",78,107,2,1,0,0,1,1.801,3,NA
"2067",78,99,2,1,0,1,1,6.64,2,NA
"2068",78,97,2,1,0,1,1,1.632,1,NA
"2069",78,98,2,1,0,0,1,1.032,2,NA
"2070",78,113,2,1,0,1,1,1.154,1,NA
"2071",78,35,2,1,0,1,0,1.509,2,NA
"2072",78,112,2,1,0,0,1,2.721,5,NA
"2073",78,101,2,1,0,1,1,0.879,6,NA
"2074",78,36,2,1,0,0,0,1.199,3,NA
"2075",78,95,2,1,0,1,1,1.769,1,NA
"2076",78,117,2,1,0,1,1,1.521,1,NA
"2077",78,43,2,1,0,0,0,1.499,1,NA
"2078",78,10,2,1,0,0,0,1.636,5,NA
"2079",78,53,2,1,0,1,0,4.257,2,NA
"2080",78,31,2,1,0,0,0,4.612,3,NA
"2081",78,103,2,1,0,1,1,1.034,4,NA
"2082",78,42,2,1,0,0,0,1.142,3,NA
"2083",78,40,2,1,0,0,0,1.284,2,NA
"2084",78,3,2,1,0,0,0,3.119,5,NA
"2085",78,57,2,1,0,1,0,2.396,1,NA
"2086",78,24,2,1,0,0,0,4.411,2,NA
"2087",78,118,2,1,0,1,1,3.298,2,NA
"2088",78,110,2,1,0,1,1,3.429,4,NA
"2089",78,100,2,1,0,0,1,4.423,1,NA
"2090",78,45,2,1,0,0,0,2.004,6,NA
"2091",78,28,2,1,0,0,0,1.228,4,NA
"2092",78,48,2,1,0,1,0,3.47,2,NA
"2093",78,115,2,1,0,1,1,1.94,4,NA
"2094",78,51,2,1,0,1,0,4.787,4,NA
"2095",78,25,2,1,0,0,0,2.424,6,NA
"2096",78,20,2,1,0,1,0,5.189,4,NA
"2097",78,6,2,1,0,0,0,5.038,4,NA
"2098",78,13,2,1,0,1,0,1.364,4,NA
"2099",78,109,2,1,0,1,1,6.918,3,NA
"2100",78,41,2,1,0,0,0,0.847,3,NA
"2101",80,116,2,1,0,0,0,3.589,3,NA
"2102",80,35,2,1,0,1,1,0.72,3,NA
"2103",80,97,2,1,0,0,0,1.197,4,NA
"2104",80,120,2,1,0,1,0,3.679,4,NA
"2105",80,118,2,1,0,0,0,1.188,3,NA
"2106",80,45,2,1,0,0,1,1.331,2,NA
"2107",80,114,2,1,0,1,0,1.19,3,NA
"2108",80,53,2,1,0,1,1,0.852,3,NA
"2109",80,100,2,1,0,0,0,4.879,2,NA
"2110",80,31,2,1,0,0,1,1.46,3,NA
"2111",80,36,2,1,0,1,1,1.213,4,NA
"2112",80,95,2,1,0,0,0,1.18,2,NA
"2113",80,10,2,1,0,0,1,1.117,3,NA
"2114",80,1,2,1,0,1,1,0.338,3,NA
"2115",80,41,2,1,0,0,1,2.162,3,NA
"2116",80,21,2,1,0,0,1,0.803,4,NA
"2117",80,117,2,1,0,0,0,1.669,3,NA
"2118",80,57,2,1,0,1,1,0.764,4,NA
"2119",80,94,2,1,0,1,0,1.613,5,NA
"2120",80,18,2,1,0,0,1,0.39,3,NA
"2121",80,107,2,1,0,0,0,2.893,3,NA
"2122",80,25,2,1,0,0,1,0.394,3,NA
"2123",80,12,2,1,0,1,1,0.365,4,NA
"2124",80,102,2,1,0,0,0,0.64,3,NA
"2125",80,112,2,1,0,1,0,0.661,4,NA
"2126",80,54,2,1,0,1,1,0.375,4,NA
"2127",80,115,2,1,0,1,0,1.082,3,NA
"2128",80,110,2,1,0,0,0,1.194,5,NA
"2129",80,3,2,1,0,1,1,0.643,4,NA
"2130",80,108,2,1,0,1,0,0.91,4,NA
"2131",80,92,2,1,0,1,0,0.664,3,NA
"2132",80,28,2,1,0,1,1,0.39,4,NA
"2133",80,20,2,1,0,1,1,1.988,5,NA
"2134",80,111,2,1,0,1,0,1.645,3,NA
"2135",80,103,2,1,0,0,0,0.806,3,NA
"2136",80,91,2,1,0,0,0,1.144,2,NA
"2137",80,99,2,1,0,0,0,0.376,4,NA
"2138",80,51,2,1,0,1,1,0.659,4,NA
"2139",80,113,2,1,0,1,0,0.34,4,NA
"2140",80,29,2,1,0,1,1,0.46,3,NA
"2141",80,43,2,1,0,0,1,2.05,5,NA
"2142",80,101,2,1,0,0,0,0.65,5,NA
"2143",80,44,2,1,0,0,1,4.152,3,NA
"2144",80,93,2,1,0,0,0,0.582,3,NA
"2145",80,16,2,1,0,0,1,1.27,3,NA
"2146",80,96,2,1,0,0,0,1.458,3,NA
"2147",80,6,2,1,0,1,1,1.752,3,NA
"2148",80,13,2,1,0,1,1,0.464,3,NA
"2149",80,60,2,1,0,0,1,0.345,3,NA
"2150",80,48,2,1,0,1,1,0.403,4,NA
"2151",80,98,2,1,0,0,0,0.385,5,NA
"2152",80,109,2,1,0,0,0,1.02,3,NA
"2153",80,40,2,1,0,1,1,0.824,3,NA
"2154",80,24,2,1,0,0,1,0.773,3,NA
"2155",80,105,2,1,0,0,0,1.185,3,NA
"2156",80,106,2,1,0,0,0,1.071,4,NA
"2157",80,119,2,1,0,1,0,3.041,2,NA
"2158",80,42,2,1,0,0,1,1.146,3,NA
"2159",80,2,2,1,0,1,1,0.589,3,NA
"2160",80,104,2,1,0,0,0,16.164,5,NA
"2161",82,62,2,1,0,1,0,2.335,1,NA
"2162",82,72,2,1,0,1,0,2.164,1,NA
"2163",82,75,2,1,0,0,0,2.744,1,NA
"2164",82,96,2,1,0,1,1,3.612,1,NA
"2165",82,82,2,1,0,1,0,2.217,1,NA
"2166",82,111,2,1,0,1,1,6.671,1,NA
"2167",82,78,2,1,0,0,0,0.708,1,NA
"2168",82,105,2,1,0,1,1,3.142,1,NA
"2169",82,91,2,1,0,0,1,0.838,1,NA
"2170",82,114,2,1,0,1,1,0.561,1,NA
"2171",82,92,2,1,0,1,1,0.333,3,NA
"2172",82,104,2,1,0,1,1,1.484,1,NA
"2173",82,100,2,1,0,1,1,0.879,3,NA
"2174",82,63,2,1,0,1,0,0.892,3,NA
"2175",82,99,2,1,0,1,1,0.726,4,NA
"2176",82,119,2,1,0,1,1,0.748,2,NA
"2177",82,115,2,1,0,1,1,0.555,4,NA
"2178",82,120,2,1,0,1,1,2.1,1,NA
"2179",82,64,2,1,0,1,0,1.881,1,NA
"2180",82,101,2,1,0,0,1,2.054,1,NA
"2181",82,113,2,1,0,0,1,1.42,1,NA
"2182",82,73,2,1,0,1,0,0.971,1,NA
"2183",82,94,2,1,0,0,1,1.366,1,NA
"2184",82,117,2,1,0,0,1,2.443,1,NA
"2185",82,74,2,1,0,1,0,1.274,1,NA
"2186",82,68,2,1,0,1,0,1.246,1,NA
"2187",82,88,2,1,0,0,0,0.631,1,NA
"2188",82,112,2,1,0,1,1,0.992,2,NA
"2189",82,65,2,1,0,0,0,0.992,1,NA
"2190",82,85,2,1,0,0,0,1.234,1,NA
"2191",82,98,2,1,0,1,1,0.631,1,NA
"2192",82,110,2,1,0,1,1,0.408,6,NA
"2193",82,90,2,1,0,0,0,2.157,1,NA
"2194",82,76,2,1,0,0,0,1.847,1,NA
"2195",82,93,2,1,0,1,1,0.931,1,NA
"2196",82,61,2,1,0,0,0,1.516,1,NA
"2197",82,80,2,1,0,1,0,3.079,1,NA
"2198",82,106,2,1,0,0,1,1.008,1,NA
"2199",82,118,2,1,0,1,1,1.959,1,NA
"2200",82,86,2,1,0,0,0,0.794,1,NA
"2201",82,84,2,1,0,1,0,1.557,1,NA
"2202",82,95,2,1,0,1,1,0.521,4,NA
"2203",82,69,2,1,0,1,0,0.353,3,NA
"2204",82,116,2,1,0,1,1,1.391,1,NA
"2205",82,66,2,1,0,1,0,3.107,1,NA
"2206",82,89,2,1,0,1,0,1.803,4,NA
"2207",82,102,2,1,0,1,1,0.363,5,NA
"2208",82,107,2,1,0,0,1,1.599,1,NA
"2209",82,97,2,1,0,0,1,1.48,6,NA
"2210",82,83,2,1,0,1,0,2.4,1,NA
"2211",82,108,2,1,0,1,1,0.986,1,NA
"2212",82,79,2,1,0,1,0,0.922,1,NA
"2213",82,109,2,1,0,1,1,7.149,3,NA
"2214",82,77,2,1,0,1,0,2.294,1,NA
"2215",82,103,2,1,0,0,1,1.171,1,NA
"2216",82,81,2,1,0,0,0,3.058,1,NA
"2217",82,71,2,1,0,1,0,1.473,1,NA
"2218",82,87,2,1,0,1,0,3.148,1,NA
"2219",82,67,2,1,0,1,0,2.404,1,NA
"2220",82,70,2,1,0,0,0,1.158,1,NA
"2221",84,86,2,1,0,0,1,1.112,3,NA
"2222",84,76,2,1,0,1,1,1.66,2,NA
"2223",84,107,2,1,0,0,0,3.523,5,NA
"2224",84,111,2,1,0,0,0,1.977,1,NA
"2225",84,100,2,1,0,1,0,1.747,5,NA
"2226",84,84,2,1,0,0,1,2.077,2,NA
"2227",84,98,2,1,0,1,0,1.177,3,NA
"2228",84,105,2,1,0,0,0,2.011,2,NA
"2229",84,64,2,1,0,1,1,0.744,3,NA
"2230",84,87,2,1,0,1,1,1.578,4,NA
"2231",84,114,2,1,0,0,0,1.303,3,NA
"2232",84,99,2,1,0,1,0,1.058,5,NA
"2233",84,77,2,1,0,0,1,1.548,5,NA
"2234",84,89,2,1,0,1,1,0.374,5,NA
"2235",84,118,2,1,0,0,0,2.596,2,NA
"2236",84,113,2,1,0,1,0,1.779,2,NA
"2237",84,72,2,1,0,1,1,2.836,2,NA
"2238",84,108,2,1,0,1,0,0.621,3,NA
"2239",84,115,2,1,0,1,0,0.538,2,NA
"2240",84,112,2,1,0,0,0,0.73,4,NA
"2241",84,82,2,1,0,1,1,1.026,3,NA
"2242",84,68,2,1,0,0,1,1.582,2,NA
"2243",84,116,2,1,0,1,0,1.054,3,NA
"2244",84,81,2,1,0,0,1,0.687,1,NA
"2245",84,67,2,1,0,0,1,0.483,2,NA
"2246",84,80,2,1,0,0,1,1.187,4,NA
"2247",84,63,2,1,0,1,1,0.6,2,NA
"2248",84,109,2,1,0,0,0,2.028,4,NA
"2249",84,101,2,1,0,0,0,0.667,4,NA
"2250",84,92,2,1,0,0,0,1.446,6,NA
"2251",84,74,2,1,0,1,1,1.437,5,NA
"2252",84,65,2,1,0,0,1,1.11,5,NA
"2253",84,85,2,1,0,1,1,0.943,1,NA
"2254",84,90,2,1,0,1,1,3.959,3,NA
"2255",84,62,2,1,0,0,1,2.467,2,NA
"2256",84,95,2,1,0,0,0,0.502,2,NA
"2257",84,93,2,1,0,1,0,2.146,5,NA
"2258",84,61,2,1,0,0,1,0.427,4,NA
"2259",84,91,2,1,0,1,0,1.38,2,NA
"2260",84,75,2,1,0,1,1,2.642,3,NA
"2261",84,70,2,1,0,0,1,1.292,6,NA
"2262",84,97,2,1,0,0,0,0.945,6,NA
"2263",84,73,2,1,0,1,1,1.2,3,NA
"2264",84,78,2,1,0,0,1,1.741,4,NA
"2265",84,96,2,1,0,0,0,0.767,6,NA
"2266",84,83,2,1,0,1,1,6.262,5,NA
"2267",84,69,2,1,0,0,1,5.77,6,NA
"2268",84,102,2,1,0,1,0,1.965,2,NA
"2269",84,103,2,1,0,0,0,1.516,2,NA
"2270",84,119,2,1,0,1,0,0.896,4,NA
"2271",84,120,2,1,0,0,0,3.221,4,NA
"2272",84,110,2,1,0,0,0,0.776,2,NA
"2273",84,71,2,1,0,1,1,3.577,4,NA
"2274",84,66,2,1,0,1,1,0.954,4,NA
"2275",84,88,2,1,0,1,1,1.994,5,NA
"2276",84,94,2,1,0,0,0,0.377,5,NA
"2277",84,104,2,1,0,1,0,3.322,3,NA
"2278",84,106,2,1,0,1,0,0.92,2,NA
"2279",84,117,2,1,0,0,0,0.737,5,NA
"2280",84,79,2,1,0,1,1,3.354,5,NA
"2281",86,15,2,1,0,0,0,2.431,3,NA
"2282",86,23,2,1,0,0,0,2.94,4,NA
"2283",86,50,2,1,0,0,0,0.845,6,NA
"2284",86,22,2,1,0,1,0,1.532,2,NA
"2285",86,82,2,1,0,1,1,1.661,2,NA
"2286",86,9,2,1,0,1,0,3.157,4,NA
"2287",86,5,2,1,0,0,0,1.799,3,NA
"2288",86,46,2,1,0,0,0,2.111,4,NA
"2289",86,76,2,1,0,1,1,2.907,3,NA
"2290",86,58,2,1,0,1,0,0.902,4,NA
"2291",86,27,2,1,0,0,0,2.004,4,NA
"2292",86,56,2,1,0,0,0,2.272,4,NA
"2293",86,8,2,1,0,1,0,3.14,3,NA
"2294",86,65,2,1,0,0,1,1.34,5,NA
"2295",86,11,2,1,0,1,0,0.57,5,NA
"2296",86,55,2,1,0,1,0,0.985,5,NA
"2297",86,81,2,1,0,0,1,2.167,2,NA
"2298",86,37,2,1,0,0,0,2.512,2,NA
"2299",86,77,2,1,0,0,1,3.929,4,NA
"2300",86,26,2,1,0,1,0,4.909,3,NA
"2301",86,79,2,1,0,1,1,1.601,5,NA
"2302",86,75,2,1,0,1,1,2.051,4,NA
"2303",86,39,2,1,0,1,0,1.645,2,NA
"2304",86,34,2,1,0,1,0,0.762,2,NA
"2305",86,85,2,1,0,1,1,1.62,4,NA
"2306",86,30,2,1,0,1,0,0.528,3,NA
"2307",86,33,2,1,0,1,0,4.152,2,NA
"2308",86,66,2,1,0,0,1,9.371,1,NA
"2309",86,84,2,1,0,1,1,1.959,3,NA
"2310",86,32,2,1,0,1,0,1.177,3,NA
"2311",86,89,2,1,0,1,1,0.515,6,NA
"2312",86,17,2,1,0,1,0,1.745,4,NA
"2313",86,38,2,1,0,0,0,5.485,3,NA
"2314",86,47,2,1,0,1,0,1.038,2,NA
"2315",86,83,2,1,0,1,1,1.866,4,NA
"2316",86,71,2,1,0,1,1,0.853,5,NA
"2317",86,63,2,1,0,0,1,4.819,4,NA
"2318",86,62,2,1,0,1,1,4.838,3,NA
"2319",86,68,2,1,0,1,1,1.333,2,NA
"2320",86,59,2,1,0,0,0,2.013,5,NA
"2321",86,87,2,1,0,1,1,1.655,4,NA
"2322",86,52,2,1,0,1,0,4.821,4,NA
"2323",86,49,2,1,0,1,0,0.898,3,NA
"2324",86,78,2,1,0,1,1,0.662,5,NA
"2325",86,88,2,1,0,1,1,2.307,4,NA
"2326",86,19,2,1,0,1,0,0.918,4,NA
"2327",86,90,2,1,0,1,1,2.86,4,NA
"2328",86,64,2,1,0,1,1,1.987,2,NA
"2329",86,69,2,1,0,1,1,3.34,5,NA
"2330",86,14,2,1,0,0,0,2.28,3,NA
"2331",86,86,2,1,0,1,1,3.129,5,NA
"2332",86,7,2,1,0,0,0,2.644,5,NA
"2333",86,4,2,1,0,1,0,2.203,5,NA
"2334",86,80,2,1,0,0,1,1.77,5,NA
"2335",86,61,2,1,0,0,1,3.463,3,NA
"2336",86,74,2,1,0,1,1,0.609,5,NA
"2337",86,72,2,1,0,0,1,1.252,6,NA
"2338",86,70,2,1,0,1,1,2.038,5,NA
"2339",86,67,2,1,0,1,1,1.912,2,NA
"2340",86,73,2,1,0,0,1,2.325,2,NA
"2341",1,60,2,1,1,0,0,1.078,3,NA
"2342",1,41,2,1,1,1,0,0.862,3,NA
"2343",1,19,2,1,1,0,1,1.87,4,NA
"2344",1,52,2,1,1,1,1,2.852,5,NA
"2345",1,31,2,1,1,1,0,1.476,4,NA
"2346",1,1,2,1,1,0,0,2.802,1,NA
"2347",1,59,2,1,1,0,1,1.3,1,NA
"2348",1,53,2,1,1,1,0,1.174,4,NA
"2349",1,22,2,1,1,1,1,2.405,5,NA
"2350",1,33,2,1,1,0,1,1.605,4,NA
"2351",1,35,2,1,1,1,0,1.009,5,NA
"2352",1,51,2,1,1,1,0,1.71,2,NA
"2353",1,42,2,1,1,0,0,1.5,4,NA
"2354",1,4,2,1,1,0,1,1.37,3,NA
"2355",1,8,2,1,1,0,1,1.733,1,NA
"2356",1,16,2,1,1,1,0,4.5,3,NA
"2357",1,57,2,1,1,1,0,0.955,3,NA
"2358",1,55,2,1,1,0,1,1.546,4,NA
"2359",1,47,2,1,1,1,1,0.169,3,NA
"2360",1,21,2,1,1,1,0,1.087,4,NA
"2361",1,15,2,1,1,1,1,1.446,4,NA
"2362",1,45,2,1,1,0,0,1.487,4,NA
"2363",1,9,2,1,1,1,1,3.774,4,NA
"2364",1,24,2,1,1,0,0,2.139,3,NA
"2365",1,56,2,1,1,1,1,2.379,4,NA
"2366",1,39,2,1,1,1,1,0.778,4,NA
"2367",1,30,2,1,1,1,1,0.128,4,NA
"2368",1,18,2,1,1,1,0,1.755,4,NA
"2369",1,2,2,1,1,0,0,1.103,4,NA
"2370",1,32,2,1,1,1,1,2.413,5,NA
"2371",1,25,2,1,1,0,0,2.235,4,NA
"2372",1,43,2,1,1,1,0,1.893,3,NA
"2373",1,27,2,1,1,1,1,2.247,4,NA
"2374",1,46,2,1,1,1,1,2.011,5,NA
"2375",1,58,2,1,1,1,1,1.318,6,NA
"2376",1,50,2,1,1,1,1,1.339,2,NA
"2377",1,26,2,1,1,0,1,1.41,4,NA
"2378",1,29,2,1,1,1,0,1.13,3,NA
"2379",1,23,2,1,1,0,1,2.669,5,NA
"2380",1,34,2,1,1,0,1,1.1,2,NA
"2381",1,36,2,1,1,0,0,1.345,2,NA
"2382",1,49,2,1,1,1,1,4.298,5,NA
"2383",1,12,2,1,1,0,0,6.574,1,NA
"2384",1,54,2,1,1,0,0,2.22,3,NA
"2385",1,6,2,1,1,1,0,1.774,5,NA
"2386",1,38,2,1,1,1,1,1.995,4,NA
"2387",1,13,2,1,1,1,0,6.548,3,NA
"2388",1,3,2,1,1,0,0,3.028,5,NA
"2389",1,44,2,1,1,1,0,4.763,3,NA
"2390",1,5,2,1,1,0,1,2.694,2,NA
"2391",1,11,2,1,1,1,1,0.703,4,NA
"2392",1,14,2,1,1,0,1,3.233,4,NA
"2393",1,17,2,1,1,1,1,2.701,4,NA
"2394",1,37,2,1,1,1,1,1.117,5,NA
"2395",1,48,2,1,1,1,0,1.482,5,NA
"2396",1,40,2,1,1,0,0,1.44,5,NA
"2397",1,28,2,1,1,0,0,0.954,6,NA
"2398",1,7,2,1,1,0,1,1.546,2,NA
"2399",1,20,2,1,1,0,0,2.217,2,NA
"2400",1,10,2,1,1,1,0,1.975,4,NA
"2401",3,20,2,1,1,1,1,3.181,4,NA
"2402",3,16,2,1,1,0,1,0.878,3,NA
"2403",3,31,2,1,1,1,1,0.894,5,NA
"2404",3,46,2,1,1,1,0,0.56,4,NA
"2405",3,25,2,1,1,0,1,0.789,3,NA
"2406",3,8,2,1,1,1,0,1.161,2,NA
"2407",3,24,2,1,1,1,1,0.67,3,NA
"2408",3,21,2,1,1,1,1,0.383,4,NA
"2409",3,6,2,1,1,0,1,1.035,6,NA
"2410",3,29,2,1,1,1,1,0.586,4,NA
"2411",3,1,2,1,1,0,1,1.636,3,NA
"2412",3,42,2,1,1,1,1,0.699,4,NA
"2413",3,52,2,1,1,0,0,0.653,2,NA
"2414",3,28,2,1,1,1,1,0.322,4,NA
"2415",3,12,2,1,1,1,1,0.338,6,NA
"2416",3,7,2,1,1,0,0,0.968,4,NA
"2417",3,48,2,1,1,1,1,0.409,3,NA
"2418",3,33,2,1,1,0,0,2.77,1,NA
"2419",3,39,2,1,1,1,0,1.909,1,NA
"2420",3,49,2,1,1,1,0,0.746,3,NA
"2421",3,30,2,1,1,1,0,0.72,3,NA
"2422",3,10,2,1,1,0,1,0.806,4,NA
"2423",3,58,2,1,1,1,0,0.482,4,NA
"2424",3,2,2,1,1,1,1,0.313,4,NA
"2425",3,23,2,1,1,0,0,1.17,4,NA
"2426",3,11,2,1,1,0,0,0.926,4,NA
"2427",3,9,2,1,1,1,0,0.67,4,NA
"2428",3,40,2,1,1,1,1,0.359,5,NA
"2429",3,19,2,1,1,1,0,0.413,4,NA
"2430",3,41,2,1,1,0,1,1.3,1,NA
"2431",3,18,2,1,1,1,1,0.688,4,NA
"2432",3,47,2,1,1,1,0,1.793,3,NA
"2433",3,54,2,1,1,1,1,0.272,2,NA
"2434",3,4,2,1,1,1,0,0.696,4,NA
"2435",3,36,2,1,1,1,1,0.687,5,NA
"2436",3,45,2,1,1,0,1,0.967,6,NA
"2437",3,26,2,1,1,1,0,1.068,4,NA
"2438",3,59,2,1,1,1,0,0.335,3,NA
"2439",3,43,2,1,1,0,1,1.51,2,NA
"2440",3,32,2,1,1,1,0,1.644,3,NA
"2441",3,27,2,1,1,0,0,0.826,2,NA
"2442",3,55,2,1,1,1,0,1.254,1,NA
"2443",3,14,2,1,1,1,0,0.783,2,NA
"2444",3,60,2,1,1,1,1,0.317,4,NA
"2445",3,13,2,1,1,1,1,0.327,3,NA
"2446",3,57,2,1,1,1,1,0.761,5,NA
"2447",3,5,2,1,1,1,0,0.688,1,NA
"2448",3,37,2,1,1,1,0,0.919,1,NA
"2449",3,15,2,1,1,1,0,1.016,2,NA
"2450",3,3,2,1,1,0,1,0.843,2,NA
"2451",3,35,2,1,1,1,1,0.628,5,NA
"2452",3,56,2,1,1,1,0,0.717,5,NA
"2453",3,34,2,1,1,1,0,0.404,1,NA
"2454",3,51,2,1,1,1,1,0.521,6,NA
"2455",3,17,2,1,1,1,0,0.495,3,NA
"2456",3,53,2,1,1,0,1,0.379,2,NA
"2457",3,44,2,1,1,0,1,0.819,4,NA
"2458",3,50,2,1,1,0,0,3.313,2,NA
"2459",3,22,2,1,1,1,0,0.375,1,NA
"2460",3,38,2,1,1,0,0,0.439,1,NA
"2461",5,77,2,1,1,0,1,1.993,2,NA
"2462",5,72,2,1,1,0,1,1.981,3,NA
"2463",5,87,2,1,1,1,1,1.409,5,NA
"2464",5,66,2,1,1,0,1,1.471,6,NA
"2465",5,48,2,1,1,0,0,1.263,4,NA
"2466",5,68,2,1,1,1,1,2.419,2,NA
"2467",5,40,2,1,1,0,0,1.103,3,NA
"2468",5,25,2,1,1,1,0,1.725,5,NA
"2469",5,69,2,1,1,0,1,1.441,2,NA
"2470",5,18,2,1,1,1,0,1.578,3,NA
"2471",5,54,2,1,1,1,0,1.142,4,NA
"2472",5,85,2,1,1,0,1,1.02,2,NA
"2473",5,45,2,1,1,1,0,2.837,3,NA
"2474",5,64,2,1,1,1,1,1.751,3,NA
"2475",5,57,2,1,1,1,0,1.351,3,NA
"2476",5,73,2,1,1,0,1,1.781,1,NA
"2477",5,76,2,1,1,1,1,1.039,4,NA
"2478",5,12,2,1,1,0,0,0.706,1,NA
"2479",5,75,2,1,1,1,1,0.487,3,NA
"2480",5,83,2,1,1,0,1,4.466,2,NA
"2481",5,71,2,1,1,1,1,1.496,4,NA
"2482",5,20,2,1,1,1,0,1.774,5,NA
"2483",5,82,2,1,1,1,1,2.448,3,NA
"2484",5,74,2,1,1,0,1,1.621,2,NA
"2485",5,6,2,1,1,1,0,1.511,3,NA
"2486",5,10,2,1,1,1,0,0.625,3,NA
"2487",5,41,2,1,1,1,0,1.049,3,NA
"2488",5,21,2,1,1,1,0,0.44,5,NA
"2489",5,81,2,1,1,0,1,1.111,2,NA
"2490",5,2,2,1,1,0,0,2.379,2,NA
"2491",5,70,2,1,1,0,1,1.735,2,NA
"2492",5,51,2,1,1,0,0,1.358,1,NA
"2493",5,42,2,1,1,0,0,0.675,4,NA
"2494",5,13,2,1,1,1,0,2.186,2,NA
"2495",5,28,2,1,1,1,0,1.043,3,NA
"2496",5,16,2,1,1,0,0,1.029,2,NA
"2497",5,78,2,1,1,0,1,1.011,2,NA
"2498",5,89,2,1,1,0,1,1.345,2,NA
"2499",5,1,2,1,1,0,0,1.124,1,NA
"2500",5,79,2,1,1,1,1,1.095,2,NA
"2501",5,24,2,1,1,0,0,1.253,3,NA
"2502",5,29,2,1,1,0,0,0.868,4,NA
"2503",5,65,2,1,1,0,1,0.201,5,NA
"2504",5,44,2,1,1,1,0,0.578,4,NA
"2505",5,60,2,1,1,1,0,0.919,3,NA
"2506",5,67,2,1,1,1,1,1.164,3,NA
"2507",5,90,2,1,1,1,1,2.278,4,NA
"2508",5,62,2,1,1,0,1,0.737,2,NA
"2509",5,53,2,1,1,1,0,0.827,3,NA
"2510",5,84,2,1,1,1,1,0.336,5,NA
"2511",5,36,2,1,1,0,0,1.437,2,NA
"2512",5,43,2,1,1,0,0,1.004,2,NA
"2513",5,31,2,1,1,0,0,1.947,2,NA
"2514",5,80,2,1,1,0,1,1.152,3,NA
"2515",5,86,2,1,1,1,1,0.959,6,NA
"2516",5,63,2,1,1,0,1,1.066,4,NA
"2517",5,3,2,1,1,1,0,0.816,4,NA
"2518",5,35,2,1,1,1,0,0.94,4,NA
"2519",5,61,2,1,1,1,1,1.148,2,NA
"2520",5,88,2,1,1,1,1,2.556,3,NA
"2521",9,74,2,1,1,1,1,3.573,1,NA
"2522",9,87,2,1,1,1,1,2.139,3,NA
"2523",9,82,2,1,1,1,1,2.058,5,NA
"2524",9,5,2,1,1,1,0,2.146,3,NA
"2525",9,63,2,1,1,0,1,1.97,1,NA
"2526",9,50,2,1,1,0,0,1.487,1,NA
"2527",9,67,2,1,1,1,1,1.009,5,NA
"2528",9,30,2,1,1,1,0,1.632,4,NA
"2529",9,14,2,1,1,0,0,1.206,1,NA
"2530",9,64,2,1,1,1,1,1.046,1,NA
"2531",9,77,2,1,1,1,1,0.442,1,NA
"2532",9,61,2,1,1,1,1,1.067,1,NA
"2533",9,81,2,1,1,1,1,0.674,1,NA
"2534",9,4,2,1,1,1,0,2.968,4,NA
"2535",9,19,2,1,1,1,0,1.314,1,NA
"2536",9,71,2,1,1,1,1,1.5,1,NA
"2537",9,58,2,1,1,1,0,2.185,1,NA
"2538",9,37,2,1,1,0,0,2.969,1,NA
"2539",9,27,2,1,1,0,0,2.446,1,NA
"2540",9,69,2,1,1,1,1,0.379,1,NA
"2541",9,8,2,1,1,1,0,0.502,1,NA
"2542",9,88,2,1,1,1,1,4.141,6,NA
"2543",9,80,2,1,1,1,1,1.179,6,NA
"2544",9,15,2,1,1,0,0,0.501,1,NA
"2545",9,47,2,1,1,1,0,6.887,1,NA
"2546",9,39,2,1,1,1,0,1.077,1,NA
"2547",9,7,2,1,1,1,0,2.214,1,NA
"2548",9,62,2,1,1,0,1,0.508,1,NA
"2549",9,26,2,1,1,1,0,0.498,1,NA
"2550",9,84,2,1,1,1,1,0.882,1,NA
"2551",9,72,2,1,1,0,1,0.748,1,NA
"2552",9,86,2,1,1,0,1,0.92,1,NA
"2553",9,73,2,1,1,1,1,1.249,6,NA
"2554",9,76,2,1,1,1,1,0.434,6,NA
"2555",9,55,2,1,1,1,0,2.142,1,NA
"2556",9,79,2,1,1,1,1,1.642,6,NA
"2557",9,11,2,1,1,0,0,2.81,1,NA
"2558",9,49,2,1,1,1,0,1.854,6,NA
"2559",9,78,2,1,1,1,1,0.617,6,NA
"2560",9,22,2,1,1,1,0,0.54,1,NA
"2561",9,56,2,1,1,0,0,1.765,1,NA
"2562",9,9,2,1,1,1,0,1.6,1,NA
"2563",9,89,2,1,1,1,1,0.574,1,NA
"2564",9,85,2,1,1,1,1,0.6,6,NA
"2565",9,32,2,1,1,0,0,0.661,1,NA
"2566",9,38,2,1,1,0,0,0.417,1,NA
"2567",9,52,2,1,1,1,0,0.712,1,NA
"2568",9,66,2,1,1,1,1,0.386,6,NA
"2569",9,33,2,1,1,0,0,1.491,1,NA
"2570",9,83,2,1,1,1,1,0.435,6,NA
"2571",9,65,2,1,1,1,1,1.245,3,NA
"2572",9,34,2,1,1,1,0,0.709,1,NA
"2573",9,23,2,1,1,1,0,0.492,1,NA
"2574",9,75,2,1,1,0,1,0.474,1,NA
"2575",9,59,2,1,1,0,0,0.782,1,NA
"2576",9,90,2,1,1,0,1,1.212,1,NA
"2577",9,17,2,1,1,1,0,0.372,1,NA
"2578",9,68,2,1,1,0,1,0.517,1,NA
"2579",9,46,2,1,1,1,0,0.439,1,NA
"2580",9,70,2,1,1,1,1,0.459,6,NA
"2581",11,58,2,1,1,1,1,2.112,2,NA
"2582",11,49,2,1,1,1,1,5.062,4,NA
"2583",11,11,2,1,1,1,1,1.568,5,NA
"2584",11,68,2,1,1,0,0,6.223,4,NA
"2585",11,62,2,1,1,0,0,4.216,5,NA
"2586",11,66,2,1,1,0,0,2.87,6,NA
"2587",11,37,2,1,1,1,1,1.474,5,NA
"2588",11,34,2,1,1,1,1,3.164,5,NA
"2589",11,65,2,1,1,1,0,1.878,4,NA
"2590",11,55,2,1,1,1,1,2.596,6,NA
"2591",11,47,2,1,1,1,1,18.056,1,NA
"2592",11,71,2,1,1,0,0,5.28,4,NA
"2593",11,86,2,1,1,0,0,4.063,4,NA
"2594",11,76,2,1,1,1,0,2.639,5,NA
"2595",11,8,2,1,1,1,1,2.356,5,NA
"2596",11,5,2,1,1,1,1,4.078,5,NA
"2597",11,75,2,1,1,0,0,1.6,6,NA
"2598",11,14,2,1,1,0,1,3.853,5,NA
"2599",11,79,2,1,1,1,0,4.658,4,NA
"2600",11,23,2,1,1,0,1,1.295,2,NA
"2601",11,72,2,1,1,0,0,1.345,6,NA
"2602",11,27,2,1,1,0,1,1.589,4,NA
"2603",11,83,2,1,1,1,0,1.56,4,NA
"2604",11,67,2,1,1,1,0,2.616,5,NA
"2605",11,56,2,1,1,1,1,5.022,4,NA
"2606",11,33,2,1,1,1,1,0.868,5,NA
"2607",11,73,2,1,1,1,0,1.788,3,NA
"2608",11,81,2,1,1,0,0,3.987,1,NA
"2609",11,7,2,1,1,1,1,3.139,4,NA
"2610",11,69,2,1,1,0,0,3.183,4,NA
"2611",11,84,2,1,1,1,0,1.562,2,NA
"2612",11,89,2,1,1,1,0,1.407,5,NA
"2613",11,87,2,1,1,1,0,0.98,5,NA
"2614",11,61,2,1,1,0,0,5.491,3,NA
"2615",11,46,2,1,1,0,1,1.823,5,NA
"2616",11,15,2,1,1,1,1,3.062,1,NA
"2617",11,63,2,1,1,1,0,1.89,1,NA
"2618",11,52,2,1,1,1,1,4.252,5,NA
"2619",11,22,2,1,1,0,1,2.234,4,NA
"2620",11,82,2,1,1,1,0,7.121,3,NA
"2621",11,30,2,1,1,0,1,3.328,5,NA
"2622",11,26,2,1,1,0,1,4.218,4,NA
"2623",11,39,2,1,1,0,1,3.615,4,NA
"2624",11,50,2,1,1,0,1,2.421,4,NA
"2625",11,77,2,1,1,0,0,4.388,3,NA
"2626",11,32,2,1,1,1,1,1.764,4,NA
"2627",11,64,2,1,1,1,0,1.548,5,NA
"2628",11,70,2,1,1,0,0,3.937,4,NA
"2629",11,59,2,1,1,1,1,1.102,4,NA
"2630",11,38,2,1,1,0,1,3.354,2,NA
"2631",11,74,2,1,1,0,0,4.651,2,NA
"2632",11,4,2,1,1,0,1,4.773,4,NA
"2633",11,85,2,1,1,1,0,4.371,4,NA
"2634",11,9,2,1,1,1,1,5.073,4,NA
"2635",11,80,2,1,1,0,0,5.962,4,NA
"2636",11,88,2,1,1,1,0,5.246,4,NA
"2637",11,78,2,1,1,1,0,1.902,1,NA
"2638",11,19,2,1,1,1,1,2.478,1,NA
"2639",11,17,2,1,1,1,1,1.462,3,NA
"2640",11,90,2,1,1,1,0,7.934,1,NA
"2641",13,41,2,1,1,0,0,3.773,2,NA
"2642",13,57,2,1,1,0,0,0.792,3,NA
"2643",13,11,2,1,1,0,1,1.242,2,NA
"2644",13,25,2,1,1,1,0,2.974,3,NA
"2645",13,15,2,1,1,1,1,1.894,4,NA
"2646",13,46,2,1,1,0,1,1.954,2,NA
"2647",13,55,2,1,1,1,1,1.514,4,NA
"2648",13,44,2,1,1,1,0,1.957,4,NA
"2649",13,36,2,1,1,0,0,0.99,1,NA
"2650",13,7,2,1,1,1,1,2.741,3,NA
"2651",13,13,2,1,1,1,0,4.687,3,NA
"2652",13,49,2,1,1,1,1,1.206,3,NA
"2653",13,58,2,1,1,1,1,0.805,4,NA
"2654",13,19,2,1,1,1,1,2.543,2,NA
"2655",13,27,2,1,1,0,1,1.589,1,NA
"2656",13,39,2,1,1,0,1,1.228,3,NA
"2657",13,9,2,1,1,1,1,1.205,5,NA
"2658",13,37,2,1,1,1,1,0.915,1,NA
"2659",13,18,2,1,1,0,0,0.876,4,NA
"2660",13,52,2,1,1,0,1,5.931,1,NA
"2661",13,34,2,1,1,0,1,1.213,2,NA
"2662",13,3,2,1,1,0,0,0.872,3,NA
"2663",13,2,2,1,1,0,0,0.922,5,NA
"2664",13,51,2,1,1,0,0,1.35,1,NA
"2665",13,17,2,1,1,1,1,0.85,3,NA
"2666",13,30,2,1,1,0,1,1.93,2,NA
"2667",13,21,2,1,1,0,0,0.913,4,NA
"2668",13,50,2,1,1,0,1,0.882,3,NA
"2669",13,60,2,1,1,1,0,0.857,2,NA
"2670",13,53,2,1,1,0,0,1.296,1,NA
"2671",13,10,2,1,1,0,0,0.689,6,NA
"2672",13,8,2,1,1,1,1,1.652,2,NA
"2673",13,20,2,1,1,0,0,1.161,1,NA
"2674",13,43,2,1,1,1,0,1.997,1,NA
"2675",13,45,2,1,1,1,0,0.869,6,NA
"2676",13,24,2,1,1,1,0,2.831,2,NA
"2677",13,12,2,1,1,1,0,0.684,6,NA
"2678",13,35,2,1,1,1,0,0.775,4,NA
"2679",13,23,2,1,1,0,1,2.701,3,NA
"2680",13,29,2,1,1,0,0,0.84,1,NA
"2681",13,5,2,1,1,1,1,2.189,2,NA
"2682",13,47,2,1,1,1,1,1.851,2,NA
"2683",13,59,2,1,1,0,1,0.966,1,NA
"2684",13,1,2,1,1,0,0,1.294,3,NA
"2685",13,14,2,1,1,1,1,1.164,2,NA
"2686",13,22,2,1,1,1,1,0.864,3,NA
"2687",13,42,2,1,1,1,0,0.805,3,NA
"2688",13,32,2,1,1,0,1,0.719,4,NA
"2689",13,48,2,1,1,1,0,1.888,2,NA
"2690",13,56,2,1,1,1,1,0.719,4,NA
"2691",13,26,2,1,1,0,1,0.791,3,NA
"2692",13,54,2,1,1,1,0,0.888,3,NA
"2693",13,40,2,1,1,1,0,2.778,1,NA
"2694",13,28,2,1,1,0,0,0.835,1,NA
"2695",13,6,2,1,1,0,0,1.15,1,NA
"2696",13,31,2,1,1,1,0,1.9,1,NA
"2697",13,4,2,1,1,1,1,0.885,6,NA
"2698",13,38,2,1,1,1,1,1.246,4,NA
"2699",13,33,2,1,1,1,1,2.894,3,NA
"2700",13,16,2,1,1,0,0,0.794,1,NA
"2701",15,20,2,1,1,1,1,1.2,4,NA
"2702",15,25,2,1,1,0,1,1.868,3,NA
"2703",15,11,2,1,1,1,0,5.17,4,NA
"2704",15,35,2,1,1,1,1,1.409,5,NA
"2705",15,10,2,1,1,1,1,2.158,2,NA
"2706",15,52,2,1,1,0,0,4.655,2,NA
"2707",15,32,2,1,1,0,0,1.645,4,NA
"2708",15,44,2,1,1,1,1,8.827,2,NA
"2709",15,27,2,1,1,1,0,2.393,1,NA
"2710",15,46,2,1,1,0,0,2.63,2,NA
"2711",15,39,2,1,1,1,0,2.212,1,NA
"2712",15,8,2,1,1,1,0,2.2,1,NA
"2713",15,21,2,1,1,0,1,1.517,4,NA
"2714",15,57,2,1,1,1,1,2.884,1,NA
"2715",15,7,2,1,1,1,0,1.149,1,NA
"2716",15,30,2,1,1,0,0,1.258,4,NA
"2717",15,2,2,1,1,0,1,4.561,1,NA
"2718",15,5,2,1,1,0,0,1.592,5,NA
"2719",15,28,2,1,1,1,1,1.456,3,NA
"2720",15,4,2,1,1,1,0,1.82,3,NA
"2721",15,3,2,1,1,1,1,1.282,2,NA
"2722",15,43,2,1,1,1,1,0.833,1,NA
"2723",15,12,2,1,1,1,1,1.501,5,NA
"2724",15,59,2,1,1,0,0,1.418,3,NA
"2725",15,34,2,1,1,0,0,3.723,1,NA
"2726",15,54,2,1,1,1,1,1.224,4,NA
"2727",15,51,2,1,1,1,1,1.193,1,NA
"2728",15,55,2,1,1,1,0,1.212,2,NA
"2729",15,14,2,1,1,0,0,1.983,1,NA
"2730",15,47,2,1,1,1,0,2.324,1,NA
"2731",15,1,2,1,1,0,1,16.533,3,NA
"2732",15,13,2,1,1,1,1,1.273,2,NA
"2733",15,40,2,1,1,1,1,1.384,2,NA
"2734",15,17,2,1,1,1,0,5.12,2,NA
"2735",15,9,2,1,1,1,0,2.711,4,NA
"2736",15,29,2,1,1,1,1,0.918,1,NA
"2737",15,41,2,1,1,0,1,2.313,3,NA
"2738",15,19,2,1,1,1,0,1.243,2,NA
"2739",15,15,2,1,1,1,0,1.35,3,NA
"2740",15,38,2,1,1,0,0,3.564,2,NA
"2741",15,37,2,1,1,0,0,2.044,2,NA
"2742",15,50,2,1,1,1,0,0.918,4,NA
"2743",15,24,2,1,1,0,1,2.629,2,NA
"2744",15,33,2,1,1,1,0,8.277,1,NA
"2745",15,36,2,1,1,1,1,1.068,1,NA
"2746",15,22,2,1,1,1,0,0.951,1,NA
"2747",15,18,2,1,1,0,1,0.883,3,NA
"2748",15,56,2,1,1,1,0,4.141,2,NA
"2749",15,53,2,1,1,1,1,0.976,2,NA
"2750",15,16,2,1,1,0,1,2.404,1,NA
"2751",15,58,2,1,1,0,0,2.936,2,NA
"2752",15,48,2,1,1,0,1,3.316,2,NA
"2753",15,23,2,1,1,1,0,1.733,1,NA
"2754",15,26,2,1,1,0,0,1.158,2,NA
"2755",15,31,2,1,1,1,1,0.942,1,NA
"2756",15,42,2,1,1,0,1,1.183,2,NA
"2757",15,6,2,1,1,0,1,9.942,2,NA
"2758",15,45,2,1,1,0,1,1.181,6,NA
"2759",15,60,2,1,1,1,1,1.485,2,NA
"2760",15,49,2,1,1,1,0,1.487,1,NA
"2761",17,13,2,1,1,1,0,0.978,5,NA
"2762",17,94,2,1,1,1,1,0.726,3,NA
"2763",17,98,2,1,1,1,1,0.495,2,NA
"2764",17,113,2,1,1,1,1,1.053,1,NA
"2765",17,92,2,1,1,1,1,0.442,1,NA
"2766",17,96,2,1,1,0,1,2.229,2,NA
"2767",17,97,2,1,1,1,1,1.972,1,NA
"2768",17,111,2,1,1,0,1,3.898,1,NA
"2769",17,21,2,1,1,1,0,1.409,1,NA
"2770",17,116,2,1,1,1,1,0.885,3,NA
"2771",17,99,2,1,1,1,1,0.335,4,NA
"2772",17,20,2,1,1,0,0,1.055,1,NA
"2773",17,117,2,1,1,0,1,0.376,6,NA
"2774",17,12,2,1,1,1,0,0.674,2,NA
"2775",17,93,2,1,1,1,1,0.451,1,NA
"2776",17,54,2,1,1,1,0,0.508,2,NA
"2777",17,107,2,1,1,0,1,0.929,4,NA
"2778",17,119,2,1,1,0,1,1.647,5,NA
"2779",17,10,2,1,1,0,0,0.953,3,NA
"2780",17,43,2,1,1,0,0,1.292,2,NA
"2781",17,41,2,1,1,0,0,0.419,1,NA
"2782",17,112,2,1,1,1,1,0.519,2,NA
"2783",17,1,2,1,1,1,0,2.313,1,NA
"2784",17,105,2,1,1,1,1,1.844,1,NA
"2785",17,91,2,1,1,1,1,1.169,2,NA
"2786",17,48,2,1,1,1,0,1.403,1,NA
"2787",17,102,2,1,1,0,1,0.323,6,NA
"2788",17,44,2,1,1,1,0,1.818,3,NA
"2789",17,6,2,1,1,1,0,6.458,1,NA
"2790",17,25,2,1,1,0,0,2.931,6,NA
"2791",17,3,2,1,1,0,0,0.363,1,NA
"2792",17,103,2,1,1,1,1,1.132,2,NA
"2793",17,35,2,1,1,1,0,1.576,4,NA
"2794",17,24,2,1,1,0,0,0.551,2,NA
"2795",17,45,2,1,1,0,0,0.593,6,NA
"2796",17,57,2,1,1,0,0,1.921,3,NA
"2797",17,28,2,1,1,1,0,0.282,3,NA
"2798",17,109,2,1,1,1,1,0.662,3,NA
"2799",17,104,2,1,1,1,1,0.317,4,NA
"2800",17,106,2,1,1,1,1,1.385,1,NA
"2801",17,115,2,1,1,1,1,0.342,1,NA
"2802",17,51,2,1,1,1,0,0.97,1,NA
"2803",17,95,2,1,1,1,1,1.196,2,NA
"2804",17,101,2,1,1,0,1,1.323,4,NA
"2805",17,110,2,1,1,0,1,2.364,1,NA
"2806",17,108,2,1,1,1,1,1.037,2,NA
"2807",17,2,2,1,1,1,0,2.222,1,NA
"2808",17,60,2,1,1,0,0,1.044,1,NA
"2809",17,118,2,1,1,1,1,0.681,1,NA
"2810",17,36,2,1,1,0,0,0.575,1,NA
"2811",17,16,2,1,1,0,0,1.685,1,NA
"2812",17,42,2,1,1,0,0,0.499,3,NA
"2813",17,100,2,1,1,0,1,0.594,3,NA
"2814",17,18,2,1,1,0,0,1.955,3,NA
"2815",17,29,2,1,1,0,0,0.944,1,NA
"2816",17,114,2,1,1,1,1,0.458,2,NA
"2817",17,120,2,1,1,1,1,1.033,1,NA
"2818",17,40,2,1,1,0,0,3.484,1,NA
"2819",17,53,2,1,1,1,0,1.614,3,NA
"2820",17,31,2,1,1,0,0,0.851,4,NA
"2821",19,44,2,1,1,0,1,8.375,2,NA
"2822",19,103,2,1,1,1,0,1.093,2,NA
"2823",19,24,2,1,1,1,1,2.005,3,NA
"2824",19,40,2,1,1,0,1,2.293,3,NA
"2825",19,92,2,1,1,0,0,10.394,5,NA
"2826",19,51,2,1,1,1,1,1.266,1,NA
"2827",19,98,2,1,1,0,0,3.369,4,NA
"2828",19,60,2,1,1,1,1,2.144,3,NA
"2829",19,116,2,1,1,0,0,3.435,5,NA
"2830",19,12,2,1,1,0,1,2.928,2,NA
"2831",19,42,2,1,1,0,1,4.725,2,NA
"2832",19,102,2,1,1,1,0,2.09,1,NA
"2833",19,21,2,1,1,1,1,1.309,5,NA
"2834",19,115,2,1,1,0,0,4.107,2,NA
"2835",19,29,2,1,1,1,1,6.245,1,NA
"2836",19,28,2,1,1,1,1,0.932,5,NA
"2837",19,105,2,1,1,1,0,6.658,4,NA
"2838",19,109,2,1,1,1,0,20.295,5,NA
"2839",19,120,2,1,1,1,0,0.906,1,NA
"2840",19,45,2,1,1,1,1,1.832,3,NA
"2841",19,2,2,1,1,1,1,2.142,5,NA
"2842",19,99,2,1,1,0,0,3.953,6,NA
"2843",19,18,2,1,1,1,1,0.994,5,NA
"2844",19,104,2,1,1,0,0,2.898,6,NA
"2845",19,110,2,1,1,1,0,1.712,2,NA
"2846",19,57,2,1,1,1,1,2.249,4,NA
"2847",19,41,2,1,1,0,1,6.861,3,NA
"2848",19,97,2,1,1,0,0,0.99,6,NA
"2849",19,6,2,1,1,0,1,1.101,4,NA
"2850",19,94,2,1,1,0,0,4.474,4,NA
"2851",19,100,2,1,1,1,0,2.841,4,NA
"2852",19,93,2,1,1,1,0,10.886,1,NA
"2853",19,10,2,1,1,1,1,0.927,5,NA
"2854",19,20,2,1,1,0,1,1.847,3,NA
"2855",19,13,2,1,1,1,1,2.787,2,NA
"2856",19,1,2,1,1,1,1,3.254,3,NA
"2857",19,96,2,1,1,0,0,2.297,2,NA
"2858",19,108,2,1,1,0,0,9.323,3,NA
"2859",19,54,2,1,1,1,1,0.857,4,NA
"2860",19,25,2,1,1,1,1,2.415,1,NA
"2861",19,95,2,1,1,1,0,2.336,2,NA
"2862",19,31,2,1,1,1,1,3.891,4,NA
"2863",19,118,2,1,1,0,0,7.219,4,NA
"2864",19,119,2,1,1,0,0,3.494,4,NA
"2865",19,53,2,1,1,1,1,0.393,4,NA
"2866",19,111,2,1,1,0,0,2.568,4,NA
"2867",19,114,2,1,1,1,0,1.026,3,NA
"2868",19,16,2,1,1,0,1,2.319,4,NA
"2869",19,43,2,1,1,1,1,1.213,5,NA
"2870",19,3,2,1,1,1,1,0.718,3,NA
"2871",19,107,2,1,1,0,0,4.491,4,NA
"2872",19,35,2,1,1,1,1,0.49,6,NA
"2873",19,106,2,1,1,1,0,5.042,2,NA
"2874",19,112,2,1,1,0,0,28.262,4,NA
"2875",19,117,2,1,1,0,0,2.557,2,NA
"2876",19,48,2,1,1,0,1,1.572,4,NA
"2877",19,91,2,1,1,1,0,1.23,2,NA
"2878",19,101,2,1,1,0,0,0.92,4,NA
"2879",19,36,2,1,1,0,1,2.168,4,NA
"2880",19,113,2,1,1,1,0,0.733,1,NA
"2881",21,14,2,1,1,0,0,2.116,6,NA
"2882",21,50,2,1,1,0,0,3.298,5,NA
"2883",21,120,2,1,1,1,1,3.293,5,NA
"2884",21,106,2,1,1,1,1,4.297,5,NA
"2885",21,119,2,1,1,1,1,2.256,4,NA
"2886",21,107,2,1,1,0,1,1.735,5,NA
"2887",21,32,2,1,1,1,0,2.508,1,NA
"2888",21,94,2,1,1,1,1,1.227,6,NA
"2889",21,27,2,1,1,0,0,1.361,4,NA
"2890",21,93,2,1,1,0,1,2.089,5,NA
"2891",21,9,2,1,1,0,0,2.807,6,NA
"2892",21,7,2,1,1,1,0,2.732,3,NA
"2893",21,118,2,1,1,0,1,1.352,6,NA
"2894",21,98,2,1,1,1,1,0.572,3,NA
"2895",21,23,2,1,1,0,0,0.679,6,NA
"2896",21,103,2,1,1,1,1,2.992,1,NA
"2897",21,11,2,1,1,1,0,3.369,4,NA
"2898",21,47,2,1,1,1,0,3.857,1,NA
"2899",21,115,2,1,1,1,1,0.751,4,NA
"2900",21,99,2,1,1,1,1,1.788,2,NA
"2901",21,113,2,1,1,1,1,0.403,5,NA
"2902",21,39,2,1,1,0,0,5.442,1,NA
"2903",21,15,2,1,1,1,0,2.19,1,NA
"2904",21,96,2,1,1,1,1,0.87,1,NA
"2905",21,95,2,1,1,1,1,0.499,6,NA
"2906",21,100,2,1,1,1,1,0.712,6,NA
"2907",21,101,2,1,1,1,1,6.705,4,NA
"2908",21,46,2,1,1,1,0,0.971,2,NA
"2909",21,104,2,1,1,1,1,3.188,5,NA
"2910",21,17,2,1,1,1,0,2.663,6,NA
"2911",21,56,2,1,1,1,0,1.051,6,NA
"2912",21,55,2,1,1,1,0,0.492,6,NA
"2913",21,109,2,1,1,1,1,0.586,6,NA
"2914",21,19,2,1,1,1,0,0.817,2,NA
"2915",21,22,2,1,1,0,0,1.588,1,NA
"2916",21,59,2,1,1,1,0,1.429,1,NA
"2917",21,108,2,1,1,1,1,0.508,6,NA
"2918",21,4,2,1,1,1,0,0.713,6,NA
"2919",21,5,2,1,1,1,0,2.261,1,NA
"2920",21,110,2,1,1,0,1,0.773,1,NA
"2921",21,114,2,1,1,1,1,0.407,6,NA
"2922",21,112,2,1,1,1,1,0.562,6,NA
"2923",21,49,2,1,1,1,0,4.198,1,NA
"2924",21,91,2,1,1,0,1,8.558,1,NA
"2925",21,92,2,1,1,1,1,1.105,1,NA
"2926",21,105,2,1,1,0,1,7.588,2,NA
"2927",21,37,2,1,1,1,0,6.805,6,NA
"2928",21,111,2,1,1,1,1,3.58,1,NA
"2929",21,8,2,1,1,1,0,0.716,1,NA
"2930",21,26,2,1,1,0,0,3.097,4,NA
"2931",21,97,2,1,1,1,1,2.845,2,NA
"2932",21,58,2,1,1,0,0,4.615,6,NA
"2933",21,33,2,1,1,0,0,2.97,1,NA
"2934",21,116,2,1,1,1,1,3.124,1,NA
"2935",21,117,2,1,1,0,1,0.739,6,NA
"2936",21,34,2,1,1,1,0,6.098,1,NA
"2937",21,30,2,1,1,1,0,1.579,3,NA
"2938",21,102,2,1,1,1,1,1.487,1,NA
"2939",21,52,2,1,1,0,0,4.189,6,NA
"2940",21,38,2,1,1,0,0,1.882,4,NA
"2941",23,117,2,1,1,0,0,1.796,1,NA
"2942",23,55,2,1,1,1,1,1.362,2,NA
"2943",23,15,2,1,1,0,1,1.315,1,NA
"2944",23,94,2,1,1,0,0,1.148,1,NA
"2945",23,100,2,1,1,0,0,2.413,3,NA
"2946",23,11,2,1,1,1,1,2.316,4,NA
"2947",23,33,2,1,1,1,1,3.459,1,NA
"2948",23,109,2,1,1,1,0,9.206,3,NA
"2949",23,106,2,1,1,1,0,1.721,2,NA
"2950",23,17,2,1,1,1,1,4.168,3,NA
"2951",23,46,2,1,1,0,1,6.36,1,NA
"2952",23,7,2,1,1,1,1,3.368,1,NA
"2953",23,108,2,1,1,0,0,3.928,1,NA
"2954",23,105,2,1,1,0,0,9.231,1,NA
"2955",23,95,2,1,1,0,0,0.976,1,NA
"2956",23,113,2,1,1,1,0,1.088,1,NA
"2957",23,102,2,1,1,0,0,1.059,1,NA
"2958",23,91,2,1,1,1,0,3.401,1,NA
"2959",23,22,2,1,1,1,1,1.279,1,NA
"2960",23,114,2,1,1,0,0,4.91,1,NA
"2961",23,50,2,1,1,0,1,2.141,1,NA
"2962",23,104,2,1,1,1,0,1.456,1,NA
"2963",23,26,2,1,1,1,1,4.825,3,NA
"2964",23,112,2,1,1,1,0,2.326,2,NA
"2965",23,27,2,1,1,0,1,3.256,1,NA
"2966",23,39,2,1,1,1,1,9.819,1,NA
"2967",23,120,2,1,1,1,0,5.81,1,NA
"2968",23,37,2,1,1,0,1,1.671,1,NA
"2969",23,115,2,1,1,1,0,1.538,1,NA
"2970",23,99,2,1,1,0,0,10.249,1,NA
"2971",23,98,2,1,1,0,0,3.561,1,NA
"2972",23,14,2,1,1,1,1,1.545,1,NA
"2973",23,97,2,1,1,1,0,3.687,3,NA
"2974",23,56,2,1,1,0,1,6.724,1,NA
"2975",23,30,2,1,1,0,1,4.633,1,NA
"2976",23,32,2,1,1,0,1,2.734,1,NA
"2977",23,103,2,1,1,0,0,2.747,1,NA
"2978",23,5,2,1,1,0,1,0.855,1,NA
"2979",23,101,2,1,1,0,0,1.364,1,NA
"2980",23,111,2,1,1,0,0,3.247,1,NA
"2981",23,58,2,1,1,0,1,3.142,1,NA
"2982",23,19,2,1,1,1,1,0.494,1,NA
"2983",23,118,2,1,1,0,0,7.325,1,NA
"2984",23,93,2,1,1,1,0,3.382,1,NA
"2985",23,59,2,1,1,0,1,4.345,1,NA
"2986",23,107,2,1,1,1,0,4.169,1,NA
"2987",23,8,2,1,1,1,1,0.86,2,NA
"2988",23,119,2,1,1,1,0,0.951,3,NA
"2989",23,34,2,1,1,1,1,1.794,1,NA
"2990",23,52,2,1,1,0,1,16.099,2,NA
"2991",23,116,2,1,1,1,0,2.976,1,NA
"2992",23,96,2,1,1,0,0,6.005,1,NA
"2993",23,110,2,1,1,0,0,2.984,1,NA
"2994",23,92,2,1,1,1,0,1.268,2,NA
"2995",23,47,2,1,1,1,1,4.231,1,NA
"2996",23,9,2,1,1,1,1,3.709,2,NA
"2997",23,23,2,1,1,1,1,3.264,2,NA
"2998",23,49,2,1,1,1,1,1.204,4,NA
"2999",23,4,2,1,1,1,1,4.923,3,NA
"3000",23,38,2,1,1,0,1,1.059,3,NA
"3001",25,36,2,1,1,0,0,2.258,2,NA
"3002",25,1,2,1,1,1,0,1.314,3,NA
"3003",25,29,2,1,1,0,0,2.616,3,NA
"3004",25,76,2,1,1,1,1,0.926,3,NA
"3005",25,13,2,1,1,1,0,0.736,1,NA
"3006",25,43,2,1,1,1,0,0.731,1,NA
"3007",25,20,2,1,1,1,0,0.564,3,NA
"3008",25,79,2,1,1,0,1,3.899,1,NA
"3009",25,81,2,1,1,1,1,2.217,4,NA
"3010",25,42,2,1,1,1,0,0.708,4,NA
"3011",25,85,2,1,1,1,1,0.992,4,NA
"3012",25,61,2,1,1,1,1,0.332,3,NA
"3013",25,72,2,1,1,1,1,0.392,2,NA
"3014",25,60,2,1,1,1,0,1.358,1,NA
"3015",25,6,2,1,1,1,0,12.069,2,NA
"3016",25,44,2,1,1,1,0,0.8,2,NA
"3017",25,16,2,1,1,0,0,1.425,3,NA
"3018",25,48,2,1,1,1,0,1.106,5,NA
"3019",25,54,2,1,1,1,0,3.978,3,NA
"3020",25,67,2,1,1,1,1,0.79,6,NA
"3021",25,69,2,1,1,1,1,0.38,4,NA
"3022",25,80,2,1,1,1,1,8.402,2,NA
"3023",25,87,2,1,1,1,1,0.375,6,NA
"3024",25,25,2,1,1,0,0,3.569,2,NA
"3025",25,57,2,1,1,1,0,1.304,4,NA
"3026",25,84,2,1,1,1,1,0.562,1,NA
"3027",25,21,2,1,1,1,0,0.354,2,NA
"3028",25,68,2,1,1,1,1,0.74,5,NA
"3029",25,90,2,1,1,1,1,0.668,6,NA
"3030",25,51,2,1,1,1,0,0.573,4,NA
"3031",25,83,2,1,1,1,1,0.383,4,NA
"3032",25,10,2,1,1,1,0,0.344,6,NA
"3033",25,31,2,1,1,1,0,0.548,1,NA
"3034",25,86,2,1,1,1,1,0.508,6,NA
"3035",25,53,2,1,1,1,0,0.356,1,NA
"3036",25,62,2,1,1,0,1,2.702,2,NA
"3037",25,82,2,1,1,1,1,0.55,5,NA
"3038",25,2,2,1,1,1,0,2.671,1,NA
"3039",25,75,2,1,1,1,1,0.331,2,NA
"3040",25,77,2,1,1,1,1,0.995,4,NA
"3041",25,63,2,1,1,1,1,0.45,3,NA
"3042",25,74,2,1,1,1,1,0.353,5,NA
"3043",25,35,2,1,1,1,0,0.349,4,NA
"3044",25,65,2,1,1,1,1,0.376,6,NA
"3045",25,89,2,1,1,1,1,0.294,6,NA
"3046",25,12,2,1,1,1,0,0.411,4,NA
"3047",25,41,2,1,1,1,0,0.326,2,NA
"3048",25,71,2,1,1,1,1,1.165,4,NA
"3049",25,88,2,1,1,1,1,1.112,3,NA
"3050",25,70,2,1,1,1,1,0.674,2,NA
"3051",25,28,2,1,1,1,0,1.44,1,NA
"3052",25,45,2,1,1,0,0,1.764,5,NA
"3053",25,18,2,1,1,1,0,0.815,5,NA
"3054",25,64,2,1,1,1,1,1.073,4,NA
"3055",25,66,2,1,1,1,1,0.968,6,NA
"3056",25,78,2,1,1,1,1,0.794,2,NA
"3057",25,3,2,1,1,1,0,0.887,1,NA
"3058",25,24,2,1,1,1,0,1.017,1,NA
"3059",25,40,2,1,1,1,0,1.081,3,NA
"3060",25,73,2,1,1,1,1,1.292,5,NA
"3061",27,65,2,1,1,0,0,3.932,3,NA
"3062",27,51,2,1,1,1,1,7.418,2,NA
"3063",27,20,2,1,1,0,1,4.531,2,NA
"3064",27,84,2,1,1,0,0,1.617,3,NA
"3065",27,79,2,1,1,0,0,9.425,2,NA
"3066",27,75,2,1,1,0,0,2.514,3,NA
"3067",27,31,2,1,1,0,1,2.483,3,NA
"3068",27,24,2,1,1,0,1,2.406,2,NA
"3069",27,13,2,1,1,1,1,6.581,1,NA
"3070",27,45,2,1,1,1,1,3.249,2,NA
"3071",27,68,2,1,1,0,0,10.077,2,NA
"3072",27,42,2,1,1,0,1,7.281,2,NA
"3073",27,72,2,1,1,0,0,1.934,2,NA
"3074",27,18,2,1,1,0,1,1.854,3,NA
"3075",27,70,2,1,1,1,0,3.214,1,NA
"3076",27,66,2,1,1,0,0,4.15,4,NA
"3077",27,21,2,1,1,1,1,3.038,2,NA
"3078",27,48,2,1,1,0,1,4.973,2,NA
"3079",27,76,2,1,1,0,0,4.902,2,NA
"3080",27,77,2,1,1,0,0,12.167,1,NA
"3081",27,87,2,1,1,0,0,19.554,2,NA
"3082",27,64,2,1,1,1,0,4.762,1,NA
"3083",27,88,2,1,1,1,0,4.038,2,NA
"3084",27,40,2,1,1,0,1,1.92,3,NA
"3085",27,78,2,1,1,0,0,1.975,2,NA
"3086",27,6,2,1,1,0,1,1.618,4,NA
"3087",27,67,2,1,1,0,0,5.588,2,NA
"3088",27,2,2,1,1,0,1,1.922,3,NA
"3089",27,12,2,1,1,1,1,3.557,1,NA
"3090",27,63,2,1,1,0,0,4.696,1,NA
"3091",27,80,2,1,1,0,0,1.97,3,NA
"3092",27,53,2,1,1,0,1,4.368,2,NA
"3093",27,36,2,1,1,0,1,1.228,2,NA
"3094",27,83,2,1,1,1,0,1.519,2,NA
"3095",27,62,2,1,1,0,0,8.491,2,NA
"3096",27,44,2,1,1,1,1,1.18,3,NA
"3097",27,69,2,1,1,0,0,7.131,2,NA
"3098",27,41,2,1,1,0,1,3.773,3,NA
"3099",27,43,2,1,1,0,1,1.78,2,NA
"3100",27,89,2,1,1,1,0,6.1,1,NA
"3101",27,29,2,1,1,1,1,5.366,2,NA
"3102",27,74,2,1,1,0,0,1.783,1,NA
"3103",27,3,2,1,1,0,1,0.763,2,NA
"3104",27,25,2,1,1,0,1,2.384,2,NA
"3105",27,90,2,1,1,1,0,2.453,2,NA
"3106",27,71,2,1,1,0,0,2.564,2,NA
"3107",27,35,2,1,1,0,1,1.238,3,NA
"3108",27,86,2,1,1,1,0,1.951,2,NA
"3109",27,10,2,1,1,0,1,3.221,2,NA
"3110",27,1,2,1,1,1,1,4.248,2,NA
"3111",27,82,2,1,1,0,0,8.021,2,NA
"3112",27,28,2,1,1,0,1,3.879,2,NA
"3113",27,16,2,1,1,0,1,1.796,2,NA
"3114",27,54,2,1,1,1,1,5.197,3,NA
"3115",27,57,2,1,1,1,1,4.879,1,NA
"3116",27,85,2,1,1,0,0,1.362,3,NA
"3117",27,60,2,1,1,0,1,3.18,2,NA
"3118",27,73,2,1,1,1,0,3.62,1,NA
"3119",27,61,2,1,1,1,0,5.806,2,NA
"3120",27,81,2,1,1,1,0,9.188,1,NA
"3121",31,54,2,1,1,1,1,1.115,6,NA
"3122",31,29,2,1,1,1,1,0.294,6,NA
"3123",31,20,2,1,1,0,1,1.401,4,NA
"3124",31,57,2,1,1,1,1,0.75,3,NA
"3125",31,102,2,1,1,0,0,2.068,6,NA
"3126",31,105,2,1,1,0,0,2.001,2,NA
"3127",31,45,2,1,1,1,1,0.837,6,NA
"3128",31,21,2,1,1,1,1,1.257,6,NA
"3129",31,91,2,1,1,0,0,2.005,3,NA
"3130",31,118,2,1,1,1,0,1.194,5,NA
"3131",31,109,2,1,1,0,0,2.034,6,NA
"3132",31,48,2,1,1,1,1,2.041,6,NA
"3133",31,99,2,1,1,0,0,2.87,1,NA
"3134",31,93,2,1,1,1,0,1.134,3,NA
"3135",31,25,2,1,1,1,1,0.689,4,NA
"3136",31,111,2,1,1,0,0,3.08,2,NA
"3137",31,120,2,1,1,0,0,1.108,3,NA
"3138",31,2,2,1,1,0,1,2.307,3,NA
"3139",31,112,2,1,1,1,0,1.022,4,NA
"3140",31,108,2,1,1,1,0,1.057,4,NA
"3141",31,104,2,1,1,0,0,1.565,3,NA
"3142",31,51,2,1,1,1,1,1.52,5,NA
"3143",31,98,2,1,1,1,0,0.947,6,NA
"3144",31,106,2,1,1,1,0,2.203,3,NA
"3145",31,6,2,1,1,0,1,1.357,6,NA
"3146",31,1,2,1,1,0,1,1.479,6,NA
"3147",31,116,2,1,1,1,0,1.118,6,NA
"3148",31,95,2,1,1,1,0,1.829,3,NA
"3149",31,24,2,1,1,1,1,1.653,3,NA
"3150",31,41,2,1,1,1,1,0.923,5,NA
"3151",31,114,2,1,1,1,0,0.824,6,NA
"3152",31,10,2,1,1,0,1,0.93,6,NA
"3153",31,13,2,1,1,1,1,0.641,6,NA
"3154",31,117,2,1,1,0,0,0.854,2,NA
"3155",31,119,2,1,1,1,0,1.856,4,NA
"3156",31,16,2,1,1,1,1,0.352,4,NA
"3157",31,18,2,1,1,1,1,0.694,6,NA
"3158",31,12,2,1,1,1,1,0.686,6,NA
"3159",31,115,2,1,1,1,0,1.338,6,NA
"3160",31,42,2,1,1,1,1,0.246,6,NA
"3161",31,35,2,1,1,1,1,0.885,6,NA
"3162",31,103,2,1,1,1,0,1.607,4,NA
"3163",31,113,2,1,1,0,0,1.021,3,NA
"3164",31,31,2,1,1,1,1,2.062,5,NA
"3165",31,97,2,1,1,0,0,0.869,6,NA
"3166",31,101,2,1,1,0,0,0.728,6,NA
"3167",31,40,2,1,1,0,1,0.879,6,NA
"3168",31,92,2,1,1,1,0,0.788,5,NA
"3169",31,28,2,1,1,0,1,2.695,5,NA
"3170",31,110,2,1,1,1,0,1.224,4,NA
"3171",31,53,2,1,1,0,1,1.484,3,NA
"3172",31,44,2,1,1,1,1,3.904,5,NA
"3173",31,60,2,1,1,0,1,0.341,2,NA
"3174",31,107,2,1,1,0,0,1.493,4,NA
"3175",31,96,2,1,1,0,0,1.052,4,NA
"3176",31,43,2,1,1,1,1,0.701,6,NA
"3177",31,36,2,1,1,1,1,0.536,6,NA
"3178",31,100,2,1,1,0,0,1.915,6,NA
"3179",31,94,2,1,1,1,0,0.632,3,NA
"3180",31,3,2,1,1,1,1,1.75,6,NA
"3181",33,86,2,1,1,0,0,2.929,4,NA
"3182",33,79,2,1,1,1,0,4.114,2,NA
"3183",33,118,2,1,1,0,1,2.572,2,NA
"3184",33,67,2,1,1,0,0,2.524,3,NA
"3185",33,85,2,1,1,1,0,1.964,2,NA
"3186",33,88,2,1,1,0,0,6.141,1,NA
"3187",33,65,2,1,1,0,0,2.064,1,NA
"3188",33,107,2,1,1,1,1,1.659,4,NA
"3189",33,94,2,1,1,1,1,1.123,3,NA
"3190",33,108,2,1,1,0,1,5.708,2,NA
"3191",33,61,2,1,1,1,0,1.17,2,NA
"3192",33,110,2,1,1,0,1,1.214,2,NA
"3193",33,95,2,1,1,0,1,2.193,2,NA
"3194",33,91,2,1,1,1,1,1.332,2,NA
"3195",33,80,2,1,1,0,0,1.802,1,NA
"3196",33,81,2,1,1,1,0,1.071,1,NA
"3197",33,112,2,1,1,1,1,1.049,2,NA
"3198",33,97,2,1,1,0,1,1.076,6,NA
"3199",33,89,2,1,1,1,0,1.413,2,NA
"3200",33,90,2,1,1,0,0,1.113,1,NA
"3201",33,117,2,1,1,1,1,1.597,2,NA
"3202",33,101,2,1,1,1,1,5.407,2,NA
"3203",33,76,2,1,1,1,0,1.116,3,NA
"3204",33,104,2,1,1,1,1,1.474,4,NA
"3205",33,82,2,1,1,0,0,1.777,1,NA
"3206",33,99,2,1,1,1,1,1.114,3,NA
"3207",33,87,2,1,1,1,0,1.602,4,NA
"3208",33,75,2,1,1,0,0,1.229,2,NA
"3209",33,68,2,1,1,0,0,5.347,3,NA
"3210",33,96,2,1,1,1,1,1.294,2,NA
"3211",33,66,2,1,1,0,0,1.984,6,NA
"3212",33,69,2,1,1,1,0,1.188,2,NA
"3213",33,78,2,1,1,0,0,1.217,1,NA
"3214",33,63,2,1,1,0,0,1.014,1,NA
"3215",33,74,2,1,1,0,0,14.887,3,NA
"3216",33,62,2,1,1,1,0,2.115,3,NA
"3217",33,64,2,1,1,1,0,1.401,2,NA
"3218",33,102,2,1,1,1,1,1.146,2,NA
"3219",33,115,2,1,1,1,1,1.655,2,NA
"3220",33,109,2,1,1,1,1,1.225,3,NA
"3221",33,83,2,1,1,0,0,2.708,1,NA
"3222",33,116,2,1,1,1,1,1.514,2,NA
"3223",33,114,2,1,1,1,1,1.406,2,NA
"3224",33,73,2,1,1,1,0,1.077,3,NA
"3225",33,98,2,1,1,0,1,1.333,1,NA
"3226",33,84,2,1,1,0,0,1.766,1,NA
"3227",33,105,2,1,1,1,1,1.395,2,NA
"3228",33,111,2,1,1,0,1,1.354,1,NA
"3229",33,100,2,1,1,0,1,1.676,2,NA
"3230",33,72,2,1,1,1,0,5.73,2,NA
"3231",33,71,2,1,1,1,0,3.945,2,NA
"3232",33,93,2,1,1,1,1,1.041,2,NA
"3233",33,119,2,1,1,1,1,1.103,2,NA
"3234",33,106,2,1,1,0,1,2.055,2,NA
"3235",33,113,2,1,1,1,1,1.128,2,NA
"3236",33,77,2,1,1,1,0,1.233,3,NA
"3237",33,120,2,1,1,1,1,1.137,4,NA
"3238",33,103,2,1,1,0,1,2.523,1,NA
"3239",33,70,2,1,1,1,0,1.041,2,NA
"3240",33,92,2,1,1,1,1,1.941,2,NA
"3241",37,67,2,1,1,1,1,2.385,2,NA
"3242",37,70,2,1,1,1,1,1.627,2,NA
"3243",37,62,2,1,1,0,1,1.834,4,NA
"3244",37,55,2,1,1,1,0,2.492,3,NA
"3245",37,77,2,1,1,1,1,7.285,2,NA
"3246",37,75,2,1,1,0,1,1.732,5,NA
"3247",37,27,2,1,1,0,0,7.884,3,NA
"3248",37,30,2,1,1,1,0,4.349,3,NA
"3249",37,88,2,1,1,1,1,4.481,3,NA
"3250",37,84,2,1,1,1,1,2.866,1,NA
"3251",37,11,2,1,1,1,0,1.055,5,NA
"3252",37,37,2,1,1,1,0,1.173,4,NA
"3253",37,52,2,1,1,1,0,1.517,4,NA
"3254",37,64,2,1,1,1,1,1.781,2,NA
"3255",37,4,2,1,1,1,0,1.269,4,NA
"3256",37,47,2,1,1,0,0,0.911,6,NA
"3257",37,15,2,1,1,0,0,7.091,2,NA
"3258",37,66,2,1,1,0,1,9.574,2,NA
"3259",37,89,2,1,1,1,1,1.314,1,NA
"3260",37,79,2,1,1,1,1,5.25,2,NA
"3261",37,65,2,1,1,0,1,4.712,1,NA
"3262",37,34,2,1,1,1,0,1.823,3,NA
"3263",37,76,2,1,1,1,1,2.572,4,NA
"3264",37,90,2,1,1,1,1,4.089,1,NA
"3265",37,61,2,1,1,0,1,1.888,2,NA
"3266",37,23,2,1,1,1,0,0.86,3,NA
"3267",37,22,2,1,1,1,0,0.798,1,NA
"3268",37,73,2,1,1,0,1,1.05,1,NA
"3269",37,74,2,1,1,1,1,1.058,3,NA
"3270",37,8,2,1,1,1,0,1.931,2,NA
"3271",37,38,2,1,1,1,0,2.911,1,NA
"3272",37,81,2,1,1,1,1,2.609,2,NA
"3273",37,72,2,1,1,1,1,4.434,1,NA
"3274",37,14,2,1,1,0,0,0.496,1,NA
"3275",37,83,2,1,1,1,1,0.718,6,NA
"3276",37,69,2,1,1,1,1,0.489,3,NA
"3277",37,85,2,1,1,0,1,5.728,1,NA
"3278",37,58,2,1,1,1,0,0.705,5,NA
"3279",37,56,2,1,1,1,0,7.495,1,NA
"3280",37,78,2,1,1,1,1,0.482,2,NA
"3281",37,26,2,1,1,0,0,2.38,1,NA
"3282",37,87,2,1,1,0,1,2.173,1,NA
"3283",37,7,2,1,1,0,0,5.238,1,NA
"3284",37,82,2,1,1,1,1,8.206,1,NA
"3285",37,17,2,1,1,1,0,3.968,1,NA
"3286",37,9,2,1,1,0,0,8.031,2,NA
"3287",37,63,2,1,1,0,1,2.005,3,NA
"3288",37,68,2,1,1,1,1,4.535,2,NA
"3289",37,46,2,1,1,0,0,4.799,1,NA
"3290",37,71,2,1,1,1,1,10.708,2,NA
"3291",37,59,2,1,1,1,0,3.507,2,NA
"3292",37,33,2,1,1,1,0,3.924,1,NA
"3293",37,5,2,1,1,0,0,6.354,1,NA
"3294",37,80,2,1,1,0,1,1.234,5,NA
"3295",37,49,2,1,1,1,0,1.485,1,NA
"3296",37,50,2,1,1,0,0,5.064,2,NA
"3297",37,19,2,1,1,1,0,2.163,1,NA
"3298",37,86,2,1,1,1,1,1.156,2,NA
"3299",37,39,2,1,1,1,0,16.946,1,NA
"3300",37,32,2,1,1,1,0,2.803,2,NA
"3301",39,49,2,1,1,1,1,1.764,2,NA
"3302",39,23,2,1,1,0,1,6.013,4,NA
"3303",39,66,2,1,1,0,0,3.073,5,NA
"3304",39,85,2,1,1,0,0,4.944,1,NA
"3305",39,11,2,1,1,0,1,2.917,6,NA
"3306",39,58,2,1,1,0,1,3.86,3,NA
"3307",39,52,2,1,1,0,1,2.685,5,NA
"3308",39,22,2,1,1,0,1,6.082,1,NA
"3309",39,7,2,1,1,1,1,1.794,6,NA
"3310",39,83,2,1,1,1,0,2.955,4,NA
"3311",39,81,2,1,1,1,0,3.881,1,NA
"3312",39,32,2,1,1,0,1,4.179,2,NA
"3313",39,14,2,1,1,1,1,2.458,2,NA
"3314",39,86,2,1,1,0,0,6.754,3,NA
"3315",39,82,2,1,1,0,0,6.243,4,NA
"3316",39,88,2,1,1,1,0,3.959,3,NA
"3317",39,55,2,1,1,0,1,4.501,4,NA
"3318",39,64,2,1,1,1,0,1.91,5,NA
"3319",39,70,2,1,1,0,0,5.04,1,NA
"3320",39,17,2,1,1,1,1,5.144,2,NA
"3321",39,74,2,1,1,1,0,3.329,1,NA
"3322",39,9,2,1,1,1,1,4.463,2,NA
"3323",39,80,2,1,1,0,0,4.796,2,NA
"3324",39,87,2,1,1,1,0,1.517,3,NA
"3325",39,89,2,1,1,0,0,7.172,2,NA
"3326",39,76,2,1,1,0,0,3.646,2,NA
"3327",39,78,2,1,1,1,0,2.185,1,NA
"3328",39,15,2,1,1,0,1,5.852,1,NA
"3329",39,47,2,1,1,1,1,1.943,1,NA
"3330",39,69,2,1,1,1,0,2.175,2,NA
"3331",39,26,2,1,1,0,1,4.027,1,NA
"3332",39,84,2,1,1,1,0,1.436,1,NA
"3333",39,34,2,1,1,0,1,4.688,1,NA
"3334",39,68,2,1,1,1,0,3.756,1,NA
"3335",39,73,2,1,1,1,0,2.363,3,NA
"3336",39,4,2,1,1,1,1,13.202,2,NA
"3337",39,62,2,1,1,0,0,6.154,2,NA
"3338",39,46,2,1,1,1,1,4.97,1,NA
"3339",39,30,2,1,1,1,1,6.707,2,NA
"3340",39,56,2,1,1,0,1,13.637,4,NA
"3341",39,63,2,1,1,1,0,2.686,1,NA
"3342",39,72,2,1,1,0,0,2.058,3,NA
"3343",39,8,2,1,1,1,1,2.849,2,NA
"3344",39,65,2,1,1,0,0,1.601,3,NA
"3345",39,59,2,1,1,0,1,1.762,3,NA
"3346",39,61,2,1,1,0,0,4.805,4,NA
"3347",39,79,2,1,1,1,0,2.13,3,NA
"3348",39,71,2,1,1,0,0,4.881,4,NA
"3349",39,38,2,1,1,0,1,9.024,2,NA
"3350",39,77,2,1,1,1,0,2.538,2,NA
"3351",39,75,2,1,1,1,0,10.055,2,NA
"3352",39,39,2,1,1,0,1,4.929,1,NA
"3353",39,90,2,1,1,1,0,4.085,1,NA
"3354",39,27,2,1,1,1,1,1.881,1,NA
"3355",39,19,2,1,1,1,1,8.443,1,NA
"3356",39,50,2,1,1,0,1,2.073,2,NA
"3357",39,5,2,1,1,0,1,6.249,1,NA
"3358",39,33,2,1,1,0,1,2.181,3,NA
"3359",39,67,2,1,1,1,0,2.315,3,NA
"3360",39,37,2,1,1,1,1,1.145,5,NA
"3361",41,58,2,1,1,0,0,2.013,5,NA
"3362",41,118,2,1,1,0,1,4.81,3,NA
"3363",41,50,2,1,1,1,0,3.765,3,NA
"3364",41,14,2,1,1,1,0,5.168,2,NA
"3365",41,100,2,1,1,0,1,8.069,3,NA
"3366",41,109,2,1,1,0,1,11.349,5,NA
"3367",41,8,2,1,1,1,0,1.558,2,NA
"3368",41,26,2,1,1,0,0,2.151,2,NA
"3369",41,9,2,1,1,0,0,5.149,4,NA
"3370",41,106,2,1,1,1,1,1.493,5,NA
"3371",41,99,2,1,1,0,1,5.039,4,NA
"3372",41,34,2,1,1,1,0,2.535,2,NA
"3373",41,39,2,1,1,1,0,9.006,1,NA
"3374",41,56,2,1,1,0,0,1.692,6,NA
"3375",41,32,2,1,1,1,0,3.313,1,NA
"3376",41,17,2,1,1,0,0,3.571,4,NA
"3377",41,115,2,1,1,0,1,5.472,1,NA
"3378",41,112,2,1,1,0,1,2.049,4,NA
"3379",41,4,2,1,1,0,0,4.672,5,NA
"3380",41,37,2,1,1,1,0,2.946,3,NA
"3381",41,107,2,1,1,0,1,3.991,4,NA
"3382",41,92,2,1,1,0,1,1.199,6,NA
"3383",41,30,2,1,1,1,0,5.098,4,NA
"3384",41,108,2,1,1,0,1,6.54,4,NA
"3385",41,105,2,1,1,0,1,4.879,1,NA
"3386",41,96,2,1,1,1,1,4.451,2,NA
"3387",41,94,2,1,1,1,1,1.406,5,NA
"3388",41,110,2,1,1,1,1,1.643,3,NA
"3389",41,46,2,1,1,0,0,6.543,1,NA
"3390",41,91,2,1,1,1,1,2.315,2,NA
"3391",41,22,2,1,1,1,0,8.242,1,NA
"3392",41,52,2,1,1,1,0,11.765,2,NA
"3393",41,116,2,1,1,1,1,4.041,1,NA
"3394",41,114,2,1,1,0,1,3.462,1,NA
"3395",41,19,2,1,1,1,0,2.239,1,NA
"3396",41,27,2,1,1,1,0,3.805,1,NA
"3397",41,113,2,1,1,1,1,2.753,1,NA
"3398",41,97,2,1,1,0,1,1.392,6,NA
"3399",41,11,2,1,1,0,0,1.599,4,NA
"3400",41,47,2,1,1,1,0,2.929,3,NA
"3401",41,103,2,1,1,1,1,2.469,1,NA
"3402",41,7,2,1,1,0,0,1.962,4,NA
"3403",41,111,2,1,1,1,1,2.53,1,NA
"3404",41,117,2,1,1,0,1,2.721,2,NA
"3405",41,59,2,1,1,0,0,3.619,2,NA
"3406",41,93,2,1,1,0,1,5.475,2,NA
"3407",41,120,2,1,1,0,1,4.599,2,NA
"3408",41,38,2,1,1,0,0,1.815,2,NA
"3409",41,55,2,1,1,1,0,5.696,2,NA
"3410",41,101,2,1,1,0,1,2.268,2,NA
"3411",41,104,2,1,1,1,1,1.54,4,NA
"3412",41,33,2,1,1,1,0,2.055,2,NA
"3413",41,49,2,1,1,0,0,3.793,2,NA
"3414",41,23,2,1,1,0,0,7.56,1,NA
"3415",41,102,2,1,1,1,1,2.73,3,NA
"3416",41,5,2,1,1,0,0,5.06,1,NA
"3417",41,15,2,1,1,1,0,1.638,1,NA
"3418",41,95,2,1,1,0,1,3.119,2,NA
"3419",41,98,2,1,1,0,1,1.579,4,NA
"3420",41,119,2,1,1,0,1,5.945,3,NA
"3421",43,58,2,1,1,0,1,7.749,3,NA
"3422",43,120,2,1,1,0,0,4.529,3,NA
"3423",43,38,2,1,1,1,1,6.409,3,NA
"3424",43,47,2,1,1,1,1,2.699,3,NA
"3425",43,114,2,1,1,1,0,0.515,4,NA
"3426",43,95,2,1,1,0,0,1.438,3,NA
"3427",43,96,2,1,1,1,0,2.151,2,NA
"3428",43,4,2,1,1,1,1,2.478,1,NA
"3429",43,115,2,1,1,1,0,1.12,3,NA
"3430",43,56,2,1,1,0,1,2.078,3,NA
"3431",43,108,2,1,1,1,0,1.911,4,NA
"3432",43,106,2,1,1,0,0,1.69,2,NA
"3433",43,104,2,1,1,0,0,2.814,5,NA
"3434",43,27,2,1,1,0,1,0.525,3,NA
"3435",43,23,2,1,1,0,1,7.436,4,NA
"3436",43,100,2,1,1,1,0,6.24,4,NA
"3437",43,39,2,1,1,0,1,3.153,3,NA
"3438",43,94,2,1,1,1,0,4.591,5,NA
"3439",43,111,2,1,1,1,0,3.251,4,NA
"3440",43,98,2,1,1,1,0,0.576,3,NA
"3441",43,34,2,1,1,1,1,0.937,2,NA
"3442",43,112,2,1,1,1,0,2.329,2,NA
"3443",43,9,2,1,1,1,1,0.615,3,NA
"3444",43,19,2,1,1,1,1,0.415,2,NA
"3445",43,26,2,1,1,0,1,2.838,2,NA
"3446",43,49,2,1,1,1,1,1.168,2,NA
"3447",43,7,2,1,1,1,1,1.84,2,NA
"3448",43,15,2,1,1,1,1,0.676,3,NA
"3449",43,102,2,1,1,1,0,3.238,2,NA
"3450",43,118,2,1,1,1,0,1.04,2,NA
"3451",43,59,2,1,1,0,1,11.085,3,NA
"3452",43,105,2,1,1,1,0,4.616,3,NA
"3453",43,113,2,1,1,0,0,1.169,2,NA
"3454",43,117,2,1,1,0,0,1.913,2,NA
"3455",43,30,2,1,1,1,1,0.967,3,NA
"3456",43,119,2,1,1,0,0,3.044,4,NA
"3457",43,22,2,1,1,0,1,1.767,2,NA
"3458",43,17,2,1,1,0,1,2.957,5,NA
"3459",43,93,2,1,1,0,0,0.869,2,NA
"3460",43,46,2,1,1,1,1,1.234,3,NA
"3461",43,52,2,1,1,0,1,7.173,3,NA
"3462",43,37,2,1,1,0,1,2.186,2,NA
"3463",43,5,2,1,1,1,1,1.102,2,NA
"3464",43,50,2,1,1,1,1,0.357,2,NA
"3465",43,92,2,1,1,1,0,0.514,4,NA
"3466",43,99,2,1,1,0,0,2.227,3,NA
"3467",43,11,2,1,1,0,1,4.964,3,NA
"3468",43,101,2,1,1,0,0,1.008,3,NA
"3469",43,32,2,1,1,0,1,2.348,3,NA
"3470",43,33,2,1,1,0,1,3.022,3,NA
"3471",43,97,2,1,1,0,0,2.318,4,NA
"3472",43,103,2,1,1,0,0,0.798,3,NA
"3473",43,14,2,1,1,1,1,2.06,2,NA
"3474",43,55,2,1,1,1,1,0.558,3,NA
"3475",43,8,2,1,1,1,1,0.317,3,NA
"3476",43,91,2,1,1,1,0,4.509,2,NA
"3477",43,109,2,1,1,0,0,0.693,2,NA
"3478",43,107,2,1,1,0,0,2.319,2,NA
"3479",43,116,2,1,1,0,0,0.946,2,NA
"3480",43,110,2,1,1,1,0,0.342,3,NA
"3481",47,98,2,1,1,0,0,1.435,5,NA
"3482",47,95,2,1,1,0,0,2.981,6,NA
"3483",47,68,2,1,1,0,1,3.65,1,NA
"3484",47,70,2,1,1,0,1,6.063,2,NA
"3485",47,93,2,1,1,0,0,8.708,3,NA
"3486",47,83,2,1,1,1,1,1.829,4,NA
"3487",47,85,2,1,1,0,1,1.703,1,NA
"3488",47,108,2,1,1,0,0,1.277,4,NA
"3489",47,94,2,1,1,1,0,1.696,3,NA
"3490",47,69,2,1,1,0,1,5.85,4,NA
"3491",47,73,2,1,1,0,1,3.7,4,NA
"3492",47,91,2,1,1,0,0,2.632,1,NA
"3493",47,118,2,1,1,1,0,2.843,3,NA
"3494",47,96,2,1,1,1,0,9.108,3,NA
"3495",47,84,2,1,1,0,1,1.637,1,NA
"3496",47,64,2,1,1,0,1,1.794,2,NA
"3497",47,78,2,1,1,0,1,0.958,1,NA
"3498",47,116,2,1,1,1,0,1.388,4,NA
"3499",47,82,2,1,1,0,1,3.795,4,NA
"3500",47,102,2,1,1,1,0,2.859,3,NA
"3501",47,114,2,1,1,1,0,5.458,3,NA
"3502",47,106,2,1,1,0,0,4.231,1,NA
"3503",47,90,2,1,1,0,1,1.451,1,NA
"3504",47,112,2,1,1,0,0,6.231,6,NA
"3505",47,88,2,1,1,1,1,1.301,4,NA
"3506",47,89,2,1,1,1,1,1.204,4,NA
"3507",47,99,2,1,1,1,0,1.124,4,NA
"3508",47,97,2,1,1,0,0,0.901,1,NA
"3509",47,75,2,1,1,0,1,3.078,1,NA
"3510",47,62,2,1,1,1,1,7.586,3,NA
"3511",47,87,2,1,1,1,1,1.507,6,NA
"3512",47,63,2,1,1,0,1,2.103,1,NA
"3513",47,92,2,1,1,1,0,3.001,3,NA
"3514",47,79,2,1,1,1,1,1.211,4,NA
"3515",47,105,2,1,1,0,0,7.895,6,NA
"3516",47,109,2,1,1,0,0,2.623,1,NA
"3517",47,119,2,1,1,1,0,3.489,6,NA
"3518",47,113,2,1,1,0,0,1.587,1,NA
"3519",47,66,2,1,1,0,1,8.387,6,NA
"3520",47,111,2,1,1,0,0,1.336,1,NA
"3521",47,117,2,1,1,0,0,1.898,1,NA
"3522",47,107,2,1,1,0,0,5.988,6,NA
"3523",47,120,2,1,1,0,0,6.709,3,NA
"3524",47,71,2,1,1,1,1,2.564,3,NA
"3525",47,80,2,1,1,0,1,1.686,6,NA
"3526",47,74,2,1,1,0,1,1.841,1,NA
"3527",47,103,2,1,1,0,0,1.667,1,NA
"3528",47,61,2,1,1,1,1,1.431,3,NA
"3529",47,110,2,1,1,1,0,4.424,3,NA
"3530",47,115,2,1,1,0,0,6.209,6,NA
"3531",47,86,2,1,1,1,1,2.565,4,NA
"3532",47,67,2,1,1,1,1,1.426,6,NA
"3533",47,65,2,1,1,1,1,11.002,6,NA
"3534",47,101,2,1,1,0,0,1.168,1,NA
"3535",47,76,2,1,1,0,1,2.128,1,NA
"3536",47,81,2,1,1,1,1,2.09,3,NA
"3537",47,77,2,1,1,0,1,1.071,6,NA
"3538",47,100,2,1,1,1,0,6.605,4,NA
"3539",47,104,2,1,1,1,0,1.518,6,NA
"3540",47,72,2,1,1,1,1,2.112,3,NA
"3541",49,37,2,1,1,1,1,1.538,3,NA
"3542",49,2,2,1,1,0,0,1.58,2,NA
"3543",49,55,2,1,1,1,1,1.448,6,NA
"3544",49,44,2,1,1,1,0,2.806,5,NA
"3545",49,8,2,1,1,1,1,1.322,5,NA
"3546",49,17,2,1,1,1,1,1.371,3,NA
"3547",49,5,2,1,1,1,1,1.921,5,NA
"3548",49,42,2,1,1,1,0,2.105,2,NA
"3549",49,31,2,1,1,1,0,1.253,4,NA
"3550",49,23,2,1,1,1,1,2.345,1,NA
"3551",49,41,2,1,1,0,0,1.341,1,NA
"3552",49,33,2,1,1,0,1,2.197,2,NA
"3553",49,6,2,1,1,0,0,5.782,6,NA
"3554",49,53,2,1,1,1,0,1.982,1,NA
"3555",49,30,2,1,1,0,1,1.465,4,NA
"3556",49,13,2,1,1,0,0,2.052,2,NA
"3557",49,35,2,1,1,0,0,2.639,5,NA
"3558",49,20,2,1,1,0,0,1.724,2,NA
"3559",49,49,2,1,1,1,1,2.056,2,NA
"3560",49,34,2,1,1,0,1,1.281,1,NA
"3561",49,56,2,1,1,1,1,1.278,3,NA
"3562",49,48,2,1,1,0,0,1.512,2,NA
"3563",49,14,2,1,1,0,1,1.609,1,NA
"3564",49,15,2,1,1,1,1,1.382,1,NA
"3565",49,45,2,1,1,0,0,2.016,6,NA
"3566",49,54,2,1,1,1,0,1.845,2,NA
"3567",49,60,2,1,1,0,0,1.724,5,NA
"3568",49,50,2,1,1,1,1,3.585,6,NA
"3569",49,16,2,1,1,1,0,1.447,3,NA
"3570",49,57,2,1,1,0,0,1.385,5,NA
"3571",49,24,2,1,1,1,0,1.563,2,NA
"3572",49,22,2,1,1,1,1,2.366,2,NA
"3573",49,12,2,1,1,1,0,5.89,2,NA
"3574",49,4,2,1,1,1,1,1.029,2,NA
"3575",49,27,2,1,1,1,1,1.408,1,NA
"3576",49,52,2,1,1,0,1,4.991,5,NA
"3577",49,21,2,1,1,0,0,1.249,2,NA
"3578",49,32,2,1,1,0,1,2.139,1,NA
"3579",49,39,2,1,1,1,1,2.416,1,NA
"3580",49,51,2,1,1,1,0,1.145,5,NA
"3581",49,3,2,1,1,0,0,1.308,2,NA
"3582",49,47,2,1,1,0,1,1.505,6,NA
"3583",49,25,2,1,1,0,0,1.652,2,NA
"3584",49,9,2,1,1,1,1,1.078,5,NA
"3585",49,36,2,1,1,1,0,1.463,1,NA
"3586",49,19,2,1,1,1,1,1.395,2,NA
"3587",49,11,2,1,1,0,1,1.47,5,NA
"3588",49,29,2,1,1,1,0,1.482,1,NA
"3589",49,43,2,1,1,0,0,1.272,1,NA
"3590",49,46,2,1,1,0,1,1.36,1,NA
"3591",49,40,2,1,1,1,0,2.614,3,NA
"3592",49,38,2,1,1,0,1,2.338,1,NA
"3593",49,1,2,1,1,0,0,3.392,2,NA
"3594",49,28,2,1,1,0,0,4.277,2,NA
"3595",49,7,2,1,1,0,1,1.515,1,NA
"3596",49,26,2,1,1,1,1,1.969,5,NA
"3597",49,59,2,1,1,1,1,1.521,5,NA
"3598",49,58,2,1,1,0,1,5.851,6,NA
"3599",49,10,2,1,1,1,0,3.615,1,NA
"3600",49,18,2,1,1,0,0,1.149,3,NA
"3601",51,14,2,1,1,0,0,3.037,2,NA
"3602",51,10,2,1,1,1,1,1.5,6,NA
"3603",51,5,2,1,1,1,0,1.779,2,NA
"3604",51,48,2,1,1,1,1,0.974,3,NA
"3605",51,29,2,1,1,1,1,1.658,6,NA
"3606",51,60,2,1,1,1,1,1.665,4,NA
"3607",51,28,2,1,1,1,1,0.884,5,NA
"3608",51,23,2,1,1,1,0,2.181,2,NA
"3609",51,49,2,1,1,0,0,1.547,2,NA
"3610",51,43,2,1,1,1,1,0.735,4,NA
"3611",51,16,2,1,1,1,1,1.143,2,NA
"3612",51,7,2,1,1,1,0,1.714,3,NA
"3613",51,32,2,1,1,0,0,3.853,1,NA
"3614",51,46,2,1,1,1,0,1.509,2,NA
"3615",51,35,2,1,1,1,1,1.289,2,NA
"3616",51,12,2,1,1,1,1,1.015,5,NA
"3617",51,53,2,1,1,1,1,1.93,1,NA
"3618",51,39,2,1,1,0,0,1.473,1,NA
"3619",51,26,2,1,1,1,0,1.54,1,NA
"3620",51,11,2,1,1,1,0,2.08,4,NA
"3621",51,18,2,1,1,1,1,1.172,3,NA
"3622",51,22,2,1,1,1,0,1.133,1,NA
"3623",51,33,2,1,1,1,0,0.495,3,NA
"3624",51,1,2,1,1,0,1,2.036,1,NA
"3625",51,6,2,1,1,1,1,0.433,6,NA
"3626",51,54,2,1,1,1,1,1.239,3,NA
"3627",51,50,2,1,1,1,0,1.262,2,NA
"3628",51,24,2,1,1,1,1,0.835,3,NA
"3629",51,52,2,1,1,0,0,3.3,1,NA
"3630",51,20,2,1,1,1,1,0.975,5,NA
"3631",51,38,2,1,1,1,0,2.41,1,NA
"3632",51,40,2,1,1,1,1,0.388,5,NA
"3633",51,21,2,1,1,1,1,0.888,4,NA
"3634",51,58,2,1,1,1,0,1.091,3,NA
"3635",51,8,2,1,1,0,0,0.425,1,NA
"3636",51,59,2,1,1,0,0,1.264,1,NA
"3637",51,25,2,1,1,0,1,1.251,6,NA
"3638",51,56,2,1,1,1,0,1.973,2,NA
"3639",51,55,2,1,1,1,0,0.372,3,NA
"3640",51,36,2,1,1,1,1,1.307,2,NA
"3641",51,41,2,1,1,1,1,1.169,4,NA
"3642",51,37,2,1,1,1,0,0.34,1,NA
"3643",51,27,2,1,1,0,0,1.051,1,NA
"3644",51,51,2,1,1,1,1,1.324,3,NA
"3645",51,15,2,1,1,1,0,0.403,1,NA
"3646",51,13,2,1,1,1,1,1.248,1,NA
"3647",51,45,2,1,1,0,1,1.588,6,NA
"3648",51,4,2,1,1,1,0,1.537,3,NA
"3649",51,17,2,1,1,1,0,1.77,1,NA
"3650",51,9,2,1,1,1,0,1.188,1,NA
"3651",51,57,2,1,1,1,1,0.325,5,NA
"3652",51,31,2,1,1,1,1,1.141,3,NA
"3653",51,34,2,1,1,1,0,1.657,1,NA
"3654",51,3,2,1,1,1,1,0.52,3,NA
"3655",51,30,2,1,1,1,0,1.462,4,NA
"3656",51,47,2,1,1,0,0,1.187,1,NA
"3657",51,19,2,1,1,1,0,1.286,1,NA
"3658",51,2,2,1,1,1,1,0.446,6,NA
"3659",51,44,2,1,1,0,1,1.849,1,NA
"3660",51,42,2,1,1,1,1,1.04,2,NA
"3661",53,75,2,1,1,1,1,2.842,4,NA
"3662",53,70,2,1,1,0,1,2.782,3,NA
"3663",53,35,2,1,1,1,0,6.417,4,NA
"3664",53,45,2,1,1,0,0,1.675,6,NA
"3665",53,36,2,1,1,0,0,3.748,4,NA
"3666",53,12,2,1,1,0,0,2.496,4,NA
"3667",53,18,2,1,1,0,0,5.277,2,NA
"3668",53,16,2,1,1,0,0,12.727,4,NA
"3669",53,74,2,1,1,1,1,9.189,3,NA
"3670",53,82,2,1,1,0,1,0.772,4,NA
"3671",53,68,2,1,1,1,1,1.891,4,NA
"3672",53,65,2,1,1,0,1,7.222,3,NA
"3673",53,57,2,1,1,0,0,6.112,2,NA
"3674",53,40,2,1,1,1,0,7.066,2,NA
"3675",53,80,2,1,1,0,1,5.518,4,NA
"3676",53,71,2,1,1,0,1,6.901,3,NA
"3677",53,10,2,1,1,0,0,4.834,2,NA
"3678",53,43,2,1,1,0,0,1.894,3,NA
"3679",53,24,2,1,1,1,0,3.461,2,NA
"3680",53,60,2,1,1,0,0,1.049,4,NA
"3681",53,87,2,1,1,0,1,8.483,5,NA
"3682",53,66,2,1,1,1,1,5.207,3,NA
"3683",53,81,2,1,1,0,1,4.54,2,NA
"3684",53,76,2,1,1,1,1,0.81,4,NA
"3685",53,6,2,1,1,1,0,4.035,4,NA
"3686",53,54,2,1,1,1,0,2.217,5,NA
"3687",53,63,2,1,1,1,1,3.521,2,NA
"3688",53,25,2,1,1,0,0,8.297,3,NA
"3689",53,73,2,1,1,1,1,3.894,2,NA
"3690",53,88,2,1,1,1,1,1.158,4,NA
"3691",53,42,2,1,1,0,0,2.29,2,NA
"3692",53,31,2,1,1,0,0,7.147,2,NA
"3693",53,84,2,1,1,1,1,2.096,2,NA
"3694",53,67,2,1,1,1,1,10.579,4,NA
"3695",53,83,2,1,1,0,1,2.557,2,NA
"3696",53,62,2,1,1,1,1,2.155,3,NA
"3697",53,53,2,1,1,1,0,3.519,3,NA
"3698",53,2,2,1,1,1,0,3.471,1,NA
"3699",53,64,2,1,1,0,1,3.701,3,NA
"3700",53,41,2,1,1,1,0,4.012,2,NA
"3701",53,13,2,1,1,0,0,6.154,4,NA
"3702",53,86,2,1,1,0,1,1.778,2,NA
"3703",53,21,2,1,1,1,0,13.147,3,NA
"3704",53,79,2,1,1,0,1,7.579,4,NA
"3705",53,69,2,1,1,1,1,0.564,4,NA
"3706",53,51,2,1,1,1,0,1.004,3,NA
"3707",53,29,2,1,1,0,0,2.31,3,NA
"3708",53,48,2,1,1,1,0,2.793,3,NA
"3709",53,78,2,1,1,0,1,0.925,2,NA
"3710",53,44,2,1,1,1,0,8.541,3,NA
"3711",53,72,2,1,1,0,1,1.187,4,NA
"3712",53,90,2,1,1,1,1,2.745,1,NA
"3713",53,20,2,1,1,0,0,1.56,4,NA
"3714",53,89,2,1,1,1,1,2.56,3,NA
"3715",53,3,2,1,1,0,0,3.724,3,NA
"3716",53,77,2,1,1,1,1,0.746,3,NA
"3717",53,85,2,1,1,1,1,2.519,2,NA
"3718",53,61,2,1,1,0,1,2.901,3,NA
"3719",53,28,2,1,1,1,0,0.729,5,NA
"3720",53,1,2,1,1,0,0,10.62,4,NA
"3721",55,69,2,1,1,1,0,2.28,5,NA
"3722",55,80,2,1,1,1,0,4.254,1,NA
"3723",55,73,2,1,1,1,0,1.622,4,NA
"3724",55,75,2,1,1,0,0,2.082,5,NA
"3725",55,25,2,1,1,1,1,2.698,1,NA
"3726",55,77,2,1,1,1,0,2.252,4,NA
"3727",55,84,2,1,1,1,0,1.461,1,NA
"3728",55,76,2,1,1,1,0,2.138,5,NA
"3729",55,88,2,1,1,0,0,3.564,5,NA
"3730",55,28,2,1,1,1,1,1.924,3,NA
"3731",55,61,2,1,1,1,0,2.807,1,NA
"3732",55,85,2,1,1,1,0,2.593,1,NA
"3733",55,63,2,1,1,1,0,4.345,1,NA
"3734",55,48,2,1,1,1,1,1.569,5,NA
"3735",55,65,2,1,1,0,0,1.627,5,NA
"3736",55,40,2,1,1,1,1,1.317,1,NA
"3737",55,90,2,1,1,0,0,2.506,2,NA
"3738",55,12,2,1,1,1,1,7.528,2,NA
"3739",55,45,2,1,1,0,1,1.516,6,NA
"3740",55,79,2,1,1,0,0,4.766,6,NA
"3741",55,31,2,1,1,0,1,2.018,5,NA
"3742",55,66,2,1,1,1,0,2.124,4,NA
"3743",55,1,2,1,1,0,1,1.923,6,NA
"3744",55,13,2,1,1,1,1,1.568,1,NA
"3745",55,57,2,1,1,0,1,1.498,1,NA
"3746",55,6,2,1,1,0,1,5.58,5,NA
"3747",55,21,2,1,1,0,1,12.305,6,NA
"3748",55,87,2,1,1,0,0,6.224,1,NA
"3749",55,72,2,1,1,0,0,2.997,6,NA
"3750",55,41,2,1,1,1,1,8.539,1,NA
"3751",55,82,2,1,1,0,0,5.447,2,NA
"3752",55,43,2,1,1,1,1,7.476,1,NA
"3753",55,24,2,1,1,1,1,4.342,1,NA
"3754",55,78,2,1,1,1,0,4.957,1,NA
"3755",55,67,2,1,1,1,0,1.456,1,NA
"3756",55,62,2,1,1,1,0,3.07,1,NA
"3757",55,3,2,1,1,1,1,1.483,1,NA
"3758",55,2,2,1,1,1,1,1.832,1,NA
"3759",55,68,2,1,1,0,0,2.178,1,NA
"3760",55,51,2,1,1,0,1,3.73,1,NA
"3761",55,42,2,1,1,1,1,1.772,1,NA
"3762",55,36,2,1,1,1,1,1.247,1,NA
"3763",55,44,2,1,1,1,1,7.407,5,NA
"3764",55,89,2,1,1,1,0,1.709,1,NA
"3765",55,86,2,1,1,0,0,2.088,4,NA
"3766",55,20,2,1,1,1,1,2.203,2,NA
"3767",55,29,2,1,1,0,1,1.277,2,NA
"3768",55,70,2,1,1,0,0,0.654,6,NA
"3769",55,10,2,1,1,0,1,1.225,2,NA
"3770",55,54,2,1,1,1,1,1.909,5,NA
"3771",55,74,2,1,1,0,0,2.92,6,NA
"3772",55,83,2,1,1,1,0,8.402,4,NA
"3773",55,53,2,1,1,1,1,1.544,3,NA
"3774",55,35,2,1,1,1,1,1.627,1,NA
"3775",55,16,2,1,1,1,1,8.743,1,NA
"3776",55,64,2,1,1,1,0,3.355,1,NA
"3777",55,18,2,1,1,0,1,1.387,6,NA
"3778",55,60,2,1,1,0,1,4.326,2,NA
"3779",55,81,2,1,1,1,0,3.839,1,NA
"3780",55,71,2,1,1,1,0,1.612,5,NA
"3781",57,71,2,1,1,1,1,0.67,5,NA
"3782",57,64,2,1,1,1,1,0.534,4,NA
"3783",57,50,2,1,1,1,0,0.602,3,NA
"3784",57,90,2,1,1,0,1,1.802,2,NA
"3785",57,76,2,1,1,1,1,0.768,4,NA
"3786",57,58,2,1,1,0,0,0.664,4,NA
"3787",57,38,2,1,1,1,0,0.859,3,NA
"3788",57,49,2,1,1,0,0,0.877,1,NA
"3789",57,80,2,1,1,0,1,2.171,2,NA
"3790",57,26,2,1,1,1,0,1.912,2,NA
"3791",57,66,2,1,1,0,1,0.697,5,NA
"3792",57,78,2,1,1,1,1,0.414,3,NA
"3793",57,81,2,1,1,1,1,0.55,4,NA
"3794",57,4,2,1,1,1,0,0.544,2,NA
"3795",57,79,2,1,1,1,1,0.628,4,NA
"3796",57,65,2,1,1,1,1,0.398,1,NA
"3797",57,89,2,1,1,0,1,0.446,4,NA
"3798",57,88,2,1,1,1,1,0.445,6,NA
"3799",57,61,2,1,1,0,1,0.808,3,NA
"3800",57,59,2,1,1,1,0,0.553,4,NA
"3801",57,82,2,1,1,0,1,0.791,2,NA
"3802",57,17,2,1,1,0,0,0.548,6,NA
"3803",57,15,2,1,1,1,0,1.203,2,NA
"3804",57,70,2,1,1,0,1,0.701,4,NA
"3805",57,30,2,1,1,0,0,1.015,5,NA
"3806",57,72,2,1,1,0,1,0.412,4,NA
"3807",57,14,2,1,1,1,0,0.379,2,NA
"3808",57,46,2,1,1,1,0,0.575,3,NA
"3809",57,8,2,1,1,0,0,2.021,1,NA
"3810",57,56,2,1,1,1,0,0.488,4,NA
"3811",57,33,2,1,1,1,0,0.945,1,NA
"3812",57,75,2,1,1,0,1,0.578,3,NA
"3813",57,22,2,1,1,0,0,3.708,2,NA
"3814",57,11,2,1,1,1,0,0.945,6,NA
"3815",57,77,2,1,1,1,1,0.542,5,NA
"3816",57,85,2,1,1,1,1,1.604,3,NA
"3817",57,32,2,1,1,0,0,0.327,1,NA
"3818",57,73,2,1,1,1,1,0.307,4,NA
"3819",57,9,2,1,1,1,0,0.907,2,NA
"3820",57,68,2,1,1,1,1,0.498,3,NA
"3821",57,7,2,1,1,0,0,1.148,1,NA
"3822",57,87,2,1,1,1,1,0.545,5,NA
"3823",57,62,2,1,1,0,1,1.41,2,NA
"3824",57,5,2,1,1,0,0,2.019,1,NA
"3825",57,37,2,1,1,1,0,6.309,5,NA
"3826",57,67,2,1,1,0,1,0.346,3,NA
"3827",57,27,2,1,1,1,0,0.412,1,NA
"3828",57,55,2,1,1,1,0,0.302,4,NA
"3829",57,23,2,1,1,0,0,0.583,3,NA
"3830",57,47,2,1,1,1,0,1.253,2,NA
"3831",57,83,2,1,1,1,1,0.601,4,NA
"3832",57,19,2,1,1,1,0,0.319,1,NA
"3833",57,86,2,1,1,1,1,0.817,3,NA
"3834",57,63,2,1,1,0,1,0.605,1,NA
"3835",57,39,2,1,1,1,0,1.059,1,NA
"3836",57,34,2,1,1,1,0,1.016,3,NA
"3837",57,52,2,1,1,0,0,1.27,5,NA
"3838",57,84,2,1,1,1,1,0.909,2,NA
"3839",57,74,2,1,1,1,1,0.34,4,NA
"3840",57,69,2,1,1,1,1,0.313,4,NA
"3841",59,62,2,1,1,0,0,2.269,1,NA
"3842",59,71,2,1,1,1,0,1.69,4,NA
"3843",59,34,2,1,1,1,1,2.287,2,NA
"3844",59,61,2,1,1,1,0,3.044,1,NA
"3845",59,19,2,1,1,1,1,1.493,4,NA
"3846",59,84,2,1,1,1,0,1.91,1,NA
"3847",59,74,2,1,1,0,0,2.322,1,NA
"3848",59,39,2,1,1,1,1,5.07,1,NA
"3849",59,17,2,1,1,0,1,3.516,1,NA
"3850",59,9,2,1,1,1,1,1.178,6,NA
"3851",59,56,2,1,1,1,1,1.15,2,NA
"3852",59,58,2,1,1,1,1,1.419,3,NA
"3853",59,8,2,1,1,1,1,1.342,2,NA
"3854",59,27,2,1,1,1,1,1.484,1,NA
"3855",59,14,2,1,1,0,1,7.574,1,NA
"3856",59,85,2,1,1,0,0,2.432,1,NA
"3857",59,23,2,1,1,1,1,2.298,6,NA
"3858",59,5,2,1,1,1,1,2.301,6,NA
"3859",59,76,2,1,1,0,0,2.063,1,NA
"3860",59,79,2,1,1,1,0,3.069,1,NA
"3861",59,64,2,1,1,0,0,4.059,1,NA
"3862",59,32,2,1,1,1,1,1.362,1,NA
"3863",59,67,2,1,1,1,0,1.07,1,NA
"3864",59,49,2,1,1,0,1,2.704,1,NA
"3865",59,37,2,1,1,1,1,1.937,1,NA
"3866",59,33,2,1,1,0,1,1.278,1,NA
"3867",59,55,2,1,1,1,1,0.868,1,NA
"3868",59,68,2,1,1,0,0,4.866,1,NA
"3869",59,65,2,1,1,0,0,1.579,1,NA
"3870",59,7,2,1,1,1,1,1.128,2,NA
"3871",59,69,2,1,1,1,0,2.048,4,NA
"3872",59,87,2,1,1,0,0,1.611,6,NA
"3873",59,73,2,1,1,1,0,3.108,3,NA
"3874",59,88,2,1,1,0,0,3.047,1,NA
"3875",59,72,2,1,1,1,0,1.61,1,NA
"3876",59,66,2,1,1,0,0,1.893,6,NA
"3877",59,50,2,1,1,1,1,3.083,1,NA
"3878",59,11,2,1,1,1,1,1.268,4,NA
"3879",59,89,2,1,1,1,0,1.134,1,NA
"3880",59,30,2,1,1,1,1,0.492,1,NA
"3881",59,81,2,1,1,0,0,2.144,1,NA
"3882",59,47,2,1,1,0,1,2.269,1,NA
"3883",59,15,2,1,1,1,1,0.313,1,NA
"3884",59,4,2,1,1,1,1,0.352,1,NA
"3885",59,86,2,1,1,0,0,1.81,1,NA
"3886",59,70,2,1,1,1,0,1.963,1,NA
"3887",59,38,2,1,1,1,1,1.447,1,NA
"3888",59,83,2,1,1,0,0,2.961,1,NA
"3889",59,26,2,1,1,0,1,0.364,1,NA
"3890",59,22,2,1,1,0,1,1.844,1,NA
"3891",59,90,2,1,1,0,0,3.65,1,NA
"3892",59,46,2,1,1,1,1,1.088,6,NA
"3893",59,75,2,1,1,0,0,1.685,1,NA
"3894",59,59,2,1,1,0,1,1.676,1,NA
"3895",59,52,2,1,1,0,1,3.538,2,NA
"3896",59,77,2,1,1,1,0,0.899,3,NA
"3897",59,82,2,1,1,1,0,2.848,1,NA
"3898",59,78,2,1,1,1,0,1.435,1,NA
"3899",59,63,2,1,1,1,0,0.697,1,NA
"3900",59,80,2,1,1,0,0,1.299,1,NA
"3901",61,56,2,1,1,0,1,18.134,2,NA
"3902",61,41,2,1,1,1,0,2.444,1,NA
"3903",61,3,2,1,1,1,0,5.196,1,NA
"3904",61,53,2,1,1,0,0,8.694,1,NA
"3905",61,52,2,1,1,0,1,9.306,3,NA
"3906",61,60,2,1,1,0,0,1.933,2,NA
"3907",61,59,2,1,1,0,1,1.694,3,NA
"3908",61,30,2,1,1,1,1,1.545,2,NA
"3909",61,2,2,1,1,0,0,3.459,1,NA
"3910",61,35,2,1,1,1,0,1.766,2,NA
"3911",61,40,2,1,1,1,0,2.915,1,NA
"3912",61,31,2,1,1,1,0,2.787,1,NA
"3913",61,27,2,1,1,1,1,1.793,4,NA
"3914",61,1,2,1,1,0,0,2.172,3,NA
"3915",61,16,2,1,1,0,0,5.447,3,NA
"3916",61,9,2,1,1,1,1,1.685,2,NA
"3917",61,46,2,1,1,0,1,6.04,1,NA
"3918",61,55,2,1,1,1,1,1.077,2,NA
"3919",61,39,2,1,1,0,1,5.317,1,NA
"3920",61,11,2,1,1,1,1,6.999,1,NA
"3921",61,50,2,1,1,1,1,2.593,1,NA
"3922",61,37,2,1,1,0,1,2.564,1,NA
"3923",61,19,2,1,1,1,1,3.923,1,NA
"3924",61,32,2,1,1,1,1,4.845,2,NA
"3925",61,33,2,1,1,0,1,1.421,1,NA
"3926",61,4,2,1,1,0,1,2.784,2,NA
"3927",61,34,2,1,1,1,1,10.643,1,NA
"3928",61,7,2,1,1,0,1,2.863,3,NA
"3929",61,15,2,1,1,1,1,4.561,1,NA
"3930",61,42,2,1,1,0,0,1.277,2,NA
"3931",61,21,2,1,1,1,0,3.762,1,NA
"3932",61,58,2,1,1,1,1,4.399,3,NA
"3933",61,47,2,1,1,0,1,3.383,1,NA
"3934",61,36,2,1,1,1,0,1.487,1,NA
"3935",61,28,2,1,1,1,0,2.03,2,NA
"3936",61,51,2,1,1,1,0,2.043,1,NA
"3937",61,29,2,1,1,1,0,9.077,1,NA
"3938",61,23,2,1,1,1,1,9.382,2,NA
"3939",61,49,2,1,1,0,1,3.683,1,NA
"3940",61,14,2,1,1,1,1,1.641,2,NA
"3941",61,24,2,1,1,1,0,3.384,1,NA
"3942",61,13,2,1,1,1,0,0.494,2,NA
"3943",61,44,2,1,1,1,0,2.634,3,NA
"3944",61,18,2,1,1,0,0,1.24,1,NA
"3945",61,5,2,1,1,0,1,6.373,1,NA
"3946",61,45,2,1,1,0,0,2.735,6,NA
"3947",61,54,2,1,1,1,0,3.954,3,NA
"3948",61,38,2,1,1,1,1,4.921,1,NA
"3949",61,26,2,1,1,1,1,1.675,1,NA
"3950",61,6,2,1,1,0,0,6.565,2,NA
"3951",61,25,2,1,1,0,0,3.814,2,NA
"3952",61,57,2,1,1,1,0,2.108,1,NA
"3953",61,10,2,1,1,1,0,1.689,1,NA
"3954",61,17,2,1,1,0,1,2.307,1,NA
"3955",61,43,2,1,1,0,0,1.902,1,NA
"3956",61,20,2,1,1,0,0,3.537,1,NA
"3957",61,12,2,1,1,1,0,8.707,1,NA
"3958",61,48,2,1,1,1,0,0.86,2,NA
"3959",61,8,2,1,1,1,1,1.523,3,NA
"3960",61,22,2,1,1,0,1,0.977,1,NA
"3961",67,96,2,1,1,0,0,7.039,3,NA
"3962",67,28,2,1,1,1,1,3.665,5,NA
"3963",67,91,2,1,1,1,0,27.283,2,NA
"3964",67,112,2,1,1,0,0,3.288,5,NA
"3965",67,60,2,1,1,1,1,4.097,4,NA
"3966",67,92,2,1,1,1,0,5.986,5,NA
"3967",67,35,2,1,1,0,1,7.235,3,NA
"3968",67,120,2,1,1,1,0,4.418,1,NA
"3969",67,98,2,1,1,0,0,4.803,4,NA
"3970",67,109,2,1,1,0,0,10.695,2,NA
"3971",67,36,2,1,1,0,1,15.415,1,NA
"3972",67,116,2,1,1,0,0,12.505,3,NA
"3973",67,29,2,1,1,0,1,5.441,1,NA
"3974",67,6,2,1,1,0,1,4.185,5,NA
"3975",67,118,2,1,1,0,0,10.435,1,NA
"3976",67,54,2,1,1,0,1,11.951,3,NA
"3977",67,97,2,1,1,0,0,4.558,1,NA
"3978",67,115,2,1,1,1,0,4.657,1,NA
"3979",67,20,2,1,1,0,1,20.587,2,NA
"3980",67,119,2,1,1,0,0,16.867,5,NA
"3981",67,57,2,1,1,1,1,4.185,4,NA
"3982",67,41,2,1,1,1,1,6.454,3,NA
"3983",67,110,2,1,1,0,0,7.221,1,NA
"3984",67,13,2,1,1,1,1,11.292,2,NA
"3985",67,51,2,1,1,1,1,2.595,2,NA
"3986",67,94,2,1,1,1,0,1.294,5,NA
"3987",67,53,2,1,1,0,1,5.576,1,NA
"3988",67,31,2,1,1,0,1,1.965,6,NA
"3989",67,24,2,1,1,1,1,4.061,1,NA
"3990",67,2,2,1,1,0,1,5.229,1,NA
"3991",67,16,2,1,1,0,1,1.16,2,NA
"3992",67,108,2,1,1,0,0,13.531,1,NA
"3993",67,93,2,1,1,0,0,10.188,3,NA
"3994",67,3,2,1,1,1,1,1.966,2,NA
"3995",67,1,2,1,1,0,1,7.006,3,NA
"3996",67,105,2,1,1,0,0,12.757,3,NA
"3997",67,100,2,1,1,0,0,8.434,1,NA
"3998",67,45,2,1,1,1,1,5.944,3,NA
"3999",67,101,2,1,1,0,0,6.972,2,NA
"4000",67,43,2,1,1,1,1,2.093,1,NA
"4001",67,113,2,1,1,0,0,2.36,3,NA
"4002",67,25,2,1,1,0,1,9.716,4,NA
"4003",67,12,2,1,1,1,1,20.226,4,NA
"4004",67,114,2,1,1,0,0,9.964,1,NA
"4005",67,10,2,1,1,0,1,2.503,2,NA
"4006",67,40,2,1,1,1,1,7.104,3,NA
"4007",67,106,2,1,1,0,0,2.733,2,NA
"4008",67,95,2,1,1,0,0,5.459,4,NA
"4009",67,99,2,1,1,0,0,4.67,4,NA
"4010",67,42,2,1,1,0,1,1.291,4,NA
"4011",67,102,2,1,1,0,0,7.044,4,NA
"4012",67,48,2,1,1,0,1,4.94,3,NA
"4013",67,111,2,1,1,0,0,1.226,4,NA
"4014",67,21,2,1,1,1,1,18.453,3,NA
"4015",67,117,2,1,1,0,0,6.22,2,NA
"4016",67,104,2,1,1,1,0,5.64,4,NA
"4017",67,103,2,1,1,0,0,16.092,3,NA
"4018",67,44,2,1,1,0,1,4.847,3,NA
"4019",67,107,2,1,1,0,0,5.998,2,NA
"4020",67,18,2,1,1,0,1,3.011,1,NA
"4021",69,38,2,1,1,0,0,6.669,1,NA
"4022",69,14,2,1,1,0,0,5.734,1,NA
"4023",69,47,2,1,1,1,0,1.526,2,NA
"4024",69,33,2,1,1,1,0,4.91,2,NA
"4025",69,93,2,1,1,0,1,5.205,3,NA
"4026",69,108,2,1,1,0,1,2.189,2,NA
"4027",69,98,2,1,1,1,1,1.462,4,NA
"4028",69,112,2,1,1,1,1,1.18,2,NA
"4029",69,19,2,1,1,1,0,0.707,3,NA
"4030",69,56,2,1,1,1,0,4.707,3,NA
"4031",69,34,2,1,1,0,0,6.721,1,NA
"4032",69,99,2,1,1,1,1,1.421,5,NA
"4033",69,9,2,1,1,0,0,1.895,6,NA
"4034",69,97,2,1,1,0,1,1.495,2,NA
"4035",69,32,2,1,1,0,0,1.03,2,NA
"4036",69,5,2,1,1,1,0,3.206,1,NA
"4037",69,55,2,1,1,0,0,1.336,2,NA
"4038",69,114,2,1,1,0,1,7.149,1,NA
"4039",69,91,2,1,1,1,1,2.012,1,NA
"4040",69,15,2,1,1,0,0,4.24,2,NA
"4041",69,39,2,1,1,0,0,1.973,2,NA
"4042",69,27,2,1,1,0,0,0.895,3,NA
"4043",69,46,2,1,1,1,0,2.227,4,NA
"4044",69,102,2,1,1,1,1,0.964,3,NA
"4045",69,8,2,1,1,1,0,1.17,3,NA
"4046",69,11,2,1,1,1,0,4.49,2,NA
"4047",69,118,2,1,1,1,1,0.718,1,NA
"4048",69,101,2,1,1,1,1,1.042,2,NA
"4049",69,94,2,1,1,0,1,1.444,2,NA
"4050",69,103,2,1,1,0,1,3.176,1,NA
"4051",69,17,2,1,1,0,0,2.329,1,NA
"4052",69,120,2,1,1,0,1,2.485,1,NA
"4053",69,22,2,1,1,1,0,1.865,2,NA
"4054",69,7,2,1,1,0,0,2.706,2,NA
"4055",69,106,2,1,1,1,1,1.181,3,NA
"4056",69,100,2,1,1,1,1,0.787,2,NA
"4057",69,49,2,1,1,1,0,2.707,3,NA
"4058",69,26,2,1,1,1,0,3.26,1,NA
"4059",69,109,2,1,1,0,1,1.432,2,NA
"4060",69,52,2,1,1,1,0,0.558,3,NA
"4061",69,59,2,1,1,0,0,4.723,3,NA
"4062",69,105,2,1,1,1,1,1.813,3,NA
"4063",69,23,2,1,1,1,0,1.351,3,NA
"4064",69,119,2,1,1,0,1,0.896,6,NA
"4065",69,92,2,1,1,1,1,0.494,2,NA
"4066",69,107,2,1,1,1,1,0.516,2,NA
"4067",69,50,2,1,1,1,0,1.671,2,NA
"4068",69,104,2,1,1,1,1,0.773,2,NA
"4069",69,110,2,1,1,1,1,1.03,2,NA
"4070",69,111,2,1,1,0,1,1.456,2,NA
"4071",69,116,2,1,1,1,1,1.178,4,NA
"4072",69,30,2,1,1,1,0,0.634,3,NA
"4073",69,117,2,1,1,1,1,1.688,3,NA
"4074",69,95,2,1,1,1,1,1.223,2,NA
"4075",69,115,2,1,1,1,1,0.709,2,NA
"4076",69,113,2,1,1,0,1,1.214,2,NA
"4077",69,4,2,1,1,1,0,5.198,4,NA
"4078",69,58,2,1,1,1,0,1.037,2,NA
"4079",69,96,2,1,1,0,1,4.326,2,NA
"4080",69,37,2,1,1,1,0,7.975,2,NA
"4081",71,113,2,1,1,0,0,5.292,2,NA
"4082",71,116,2,1,1,1,0,2.023,5,NA
"4083",71,15,2,1,1,0,1,1.412,3,NA
"4084",71,112,2,1,1,1,0,4.364,3,NA
"4085",71,7,2,1,1,1,1,10.638,5,NA
"4086",71,11,2,1,1,1,1,1.8,6,NA
"4087",71,27,2,1,1,0,1,10.118,3,NA
"4088",71,114,2,1,1,1,0,1.182,5,NA
"4089",71,17,2,1,1,0,1,1.872,3,NA
"4090",71,115,2,1,1,0,0,5.289,2,NA
"4091",71,22,2,1,1,0,1,2.27,4,NA
"4092",71,99,2,1,1,1,0,2.653,5,NA
"4093",71,102,2,1,1,0,0,10.134,4,NA
"4094",71,119,2,1,1,0,0,1.253,6,NA
"4095",71,100,2,1,1,1,0,5.497,4,NA
"4096",71,111,2,1,1,0,0,3.332,2,NA
"4097",71,9,2,1,1,0,1,2.687,3,NA
"4098",71,101,2,1,1,0,0,6.791,5,NA
"4099",71,50,2,1,1,1,1,2.71,4,NA
"4100",71,14,2,1,1,0,1,6.774,2,NA
"4101",71,104,2,1,1,0,0,1.694,5,NA
"4102",71,39,2,1,1,1,1,3.16,4,NA
"4103",71,105,2,1,1,0,0,2.932,6,NA
"4104",71,95,2,1,1,1,0,4.954,3,NA
"4105",71,91,2,1,1,0,0,6.363,2,NA
"4106",71,108,2,1,1,0,0,5.484,3,NA
"4107",71,19,2,1,1,1,1,1.067,4,NA
"4108",71,117,2,1,1,1,0,6.515,4,NA
"4109",71,97,2,1,1,0,0,0.619,5,NA
"4110",71,37,2,1,1,0,1,1.285,6,NA
"4111",71,96,2,1,1,1,0,4.812,3,NA
"4112",71,106,2,1,1,0,0,3.177,4,NA
"4113",71,8,2,1,1,1,1,0.909,3,NA
"4114",71,103,2,1,1,1,0,1.057,6,NA
"4115",71,58,2,1,1,0,1,0.317,6,NA
"4116",71,107,2,1,1,1,0,5.972,6,NA
"4117",71,94,2,1,1,0,0,1.369,5,NA
"4118",71,98,2,1,1,0,0,3.146,3,NA
"4119",71,56,2,1,1,1,1,2.635,3,NA
"4120",71,4,2,1,1,0,1,12.335,4,NA
"4121",71,92,2,1,1,1,0,2.071,4,NA
"4122",71,93,2,1,1,0,0,3.099,2,NA
"4123",71,52,2,1,1,0,1,3.387,6,NA
"4124",71,33,2,1,1,0,1,6.601,3,NA
"4125",71,34,2,1,1,1,1,0.718,4,NA
"4126",71,55,2,1,1,1,1,1.505,2,NA
"4127",71,46,2,1,1,0,1,3.23,6,NA
"4128",71,38,2,1,1,1,1,3.571,4,NA
"4129",71,59,2,1,1,1,1,0.436,5,NA
"4130",71,49,2,1,1,1,1,2.877,3,NA
"4131",71,32,2,1,1,0,1,1.172,2,NA
"4132",71,30,2,1,1,0,1,9.883,3,NA
"4133",71,5,2,1,1,1,1,6.099,1,NA
"4134",71,110,2,1,1,1,0,2.211,3,NA
"4135",71,23,2,1,1,0,1,4.848,3,NA
"4136",71,109,2,1,1,0,0,3.012,6,NA
"4137",71,120,2,1,1,1,0,2.002,3,NA
"4138",71,26,2,1,1,1,1,9.801,4,NA
"4139",71,47,2,1,1,1,1,4.939,2,NA
"4140",71,118,2,1,1,1,0,0.741,5,NA
"4141",73,71,2,1,1,1,1,1.586,5,NA
"4142",73,60,2,1,1,1,0,2.823,2,NA
"4143",73,79,2,1,1,1,1,2.4,1,NA
"4144",73,57,2,1,1,1,0,8.808,1,NA
"4145",73,10,2,1,1,0,0,2.618,2,NA
"4146",73,75,2,1,1,1,1,3.82,4,NA
"4147",73,35,2,1,1,0,0,4.26,3,NA
"4148",73,74,2,1,1,0,1,2.492,1,NA
"4149",73,78,2,1,1,1,1,19.569,2,NA
"4150",73,28,2,1,1,0,0,3.711,1,NA
"4151",73,66,2,1,1,1,1,1.532,4,NA
"4152",73,43,2,1,1,0,0,2.182,1,NA
"4153",73,80,2,1,1,1,1,4.557,5,NA
"4154",73,62,2,1,1,1,1,2.185,6,NA
"4155",73,25,2,1,1,0,0,3.214,1,NA
"4156",73,29,2,1,1,0,0,1.737,1,NA
"4157",73,68,2,1,1,0,1,4.928,1,NA
"4158",73,88,2,1,1,1,1,3.974,2,NA
"4159",73,61,2,1,1,1,1,2.503,2,NA
"4160",73,44,2,1,1,0,0,6.001,1,NA
"4161",73,12,2,1,1,1,0,1.394,6,NA
"4162",73,81,2,1,1,1,1,1.9,1,NA
"4163",73,18,2,1,1,1,0,0.757,2,NA
"4164",73,89,2,1,1,1,1,0.962,6,NA
"4165",73,54,2,1,1,1,0,1.586,2,NA
"4166",73,64,2,1,1,1,1,1.816,1,NA
"4167",73,1,2,1,1,0,0,1.494,1,NA
"4168",73,82,2,1,1,1,1,0.86,2,NA
"4169",73,42,2,1,1,1,0,1.899,1,NA
"4170",73,31,2,1,1,1,0,2.542,4,NA
"4171",73,90,2,1,1,1,1,0.934,2,NA
"4172",73,6,2,1,1,0,0,4.13,1,NA
"4173",73,40,2,1,1,0,0,3.304,1,NA
"4174",73,76,2,1,1,1,1,1.356,1,NA
"4175",73,73,2,1,1,1,1,1.455,2,NA
"4176",73,77,2,1,1,1,1,1.121,4,NA
"4177",73,2,2,1,1,1,0,3.61,1,NA
"4178",73,72,2,1,1,0,1,1.766,1,NA
"4179",73,21,2,1,1,1,0,167.236,6,NA
"4180",73,48,2,1,1,1,0,1.868,5,NA
"4181",73,65,2,1,1,1,1,0.478,2,NA
"4182",73,69,2,1,1,1,1,1.3,2,NA
"4183",73,67,2,1,1,0,1,1.069,1,NA
"4184",73,86,2,1,1,1,1,5.662,1,NA
"4185",73,45,2,1,1,0,0,4.716,6,NA
"4186",73,3,2,1,1,1,0,4.14,4,NA
"4187",73,70,2,1,1,0,1,1.71,2,NA
"4188",73,16,2,1,1,0,0,2.119,1,NA
"4189",73,51,2,1,1,1,0,2.61,1,NA
"4190",73,63,2,1,1,1,1,1.632,2,NA
"4191",73,20,2,1,1,1,0,12.935,1,NA
"4192",73,87,2,1,1,1,1,2.423,1,NA
"4193",73,24,2,1,1,1,0,3.929,1,NA
"4194",73,13,2,1,1,1,0,3.2,1,NA
"4195",73,84,2,1,1,0,1,10.502,1,NA
"4196",73,41,2,1,1,1,0,1.938,1,NA
"4197",73,83,2,1,1,1,1,1.075,1,NA
"4198",73,53,2,1,1,1,0,1.316,1,NA
"4199",73,85,2,1,1,1,1,1.19,2,NA
"4200",73,36,2,1,1,0,0,4.142,1,NA
"4201",75,42,2,1,1,0,1,0.467,6,NA
"4202",75,40,2,1,1,1,1,2.59,6,NA
"4203",75,85,2,1,1,0,0,0.972,2,NA
"4204",75,71,2,1,1,0,0,1.358,3,NA
"4205",75,78,2,1,1,0,0,1.165,3,NA
"4206",75,60,2,1,1,1,1,0.833,2,NA
"4207",75,35,2,1,1,1,1,2.537,6,NA
"4208",75,20,2,1,1,0,1,0.565,6,NA
"4209",75,54,2,1,1,1,1,0.938,2,NA
"4210",75,67,2,1,1,1,0,0.549,5,NA
"4211",75,62,2,1,1,0,0,1.783,2,NA
"4212",75,24,2,1,1,1,1,0.992,4,NA
"4213",75,88,2,1,1,1,0,0.874,6,NA
"4214",75,3,2,1,1,1,1,1.888,2,NA
"4215",75,45,2,1,1,0,1,1.713,6,NA
"4216",75,44,2,1,1,0,1,1.41,3,NA
"4217",75,72,2,1,1,0,0,0.659,1,NA
"4218",75,18,2,1,1,0,1,0.801,3,NA
"4219",75,48,2,1,1,1,1,1.458,4,NA
"4220",75,90,2,1,1,1,0,1.054,3,NA
"4221",75,51,2,1,1,1,1,0.506,4,NA
"4222",75,53,2,1,1,1,1,0.468,5,NA
"4223",75,31,2,1,1,1,1,1.26,2,NA
"4224",75,66,2,1,1,0,0,2.48,3,NA
"4225",75,80,2,1,1,0,0,2.414,4,NA
"4226",75,89,2,1,1,1,0,0.749,5,NA
"4227",75,29,2,1,1,1,1,0.461,2,NA
"4228",75,64,2,1,1,1,0,0.847,4,NA
"4229",75,61,2,1,1,0,0,1.424,4,NA
"4230",75,63,2,1,1,1,0,0.491,3,NA
"4231",75,73,2,1,1,0,0,1.558,3,NA
"4232",75,28,2,1,1,1,1,0.506,5,NA
"4233",75,82,2,1,1,0,0,1,2,NA
"4234",75,36,2,1,1,1,1,0.63,5,NA
"4235",75,41,2,1,1,0,1,0.625,3,NA
"4236",75,87,2,1,1,1,0,0.762,5,NA
"4237",75,79,2,1,1,1,0,0.436,3,NA
"4238",75,10,2,1,1,0,1,0.984,5,NA
"4239",75,76,2,1,1,1,0,0.422,4,NA
"4240",75,83,2,1,1,1,0,1.361,5,NA
"4241",75,1,2,1,1,0,1,1.649,4,NA
"4242",75,84,2,1,1,1,0,1.773,2,NA
"4243",75,21,2,1,1,1,1,0.988,4,NA
"4244",75,81,2,1,1,1,0,1.014,4,NA
"4245",75,65,2,1,1,0,0,0.848,4,NA
"4246",75,86,2,1,1,0,0,1.304,3,NA
"4247",75,25,2,1,1,1,1,1.599,2,NA
"4248",75,57,2,1,1,1,1,0.718,2,NA
"4249",75,2,2,1,1,0,1,0.709,5,NA
"4250",75,12,2,1,1,1,1,1.352,4,NA
"4251",75,13,2,1,1,1,1,1.268,5,NA
"4252",75,74,2,1,1,0,0,1.139,2,NA
"4253",75,43,2,1,1,0,1,0.595,1,NA
"4254",75,68,2,1,1,1,0,1.1,1,NA
"4255",75,16,2,1,1,0,1,0.63,1,NA
"4256",75,77,2,1,1,0,0,0.941,4,NA
"4257",75,75,2,1,1,1,0,0.108,2,NA
"4258",75,6,2,1,1,1,1,1.585,6,NA
"4259",75,70,2,1,1,0,0,2.126,4,NA
"4260",75,69,2,1,1,1,0,2.513,6,NA
"4261",79,102,2,1,1,0,0,0.698,5,NA
"4262",79,21,2,1,1,1,1,0.453,5,NA
"4263",79,1,2,1,1,0,1,1.216,6,NA
"4264",79,103,2,1,1,1,0,0.838,6,NA
"4265",79,10,2,1,1,1,1,2.394,5,NA
"4266",79,112,2,1,1,0,0,0.849,6,NA
"4267",79,95,2,1,1,1,0,0.855,6,NA
"4268",79,104,2,1,1,0,0,0.9,6,NA
"4269",79,99,2,1,1,1,0,1.934,5,NA
"4270",79,48,2,1,1,1,1,0.387,6,NA
"4271",79,28,2,1,1,0,1,0.598,5,NA
"4272",79,115,2,1,1,1,0,0.996,6,NA
"4273",79,93,2,1,1,0,0,0.562,4,NA
"4274",79,36,2,1,1,1,1,0.398,6,NA
"4275",79,40,2,1,1,0,1,0.487,6,NA
"4276",79,120,2,1,1,1,0,0.384,6,NA
"4277",79,54,2,1,1,0,1,0.501,5,NA
"4278",79,109,2,1,1,1,0,0.655,5,NA
"4279",79,119,2,1,1,1,0,0.639,6,NA
"4280",79,97,2,1,1,0,0,0.819,6,NA
"4281",79,44,2,1,1,0,1,1.804,4,NA
"4282",79,24,2,1,1,1,1,0.579,3,NA
"4283",79,42,2,1,1,1,1,0.743,5,NA
"4284",79,31,2,1,1,1,1,0.418,6,NA
"4285",79,20,2,1,1,0,1,2.728,6,NA
"4286",79,60,2,1,1,1,1,0.825,3,NA
"4287",79,18,2,1,1,1,1,2.666,6,NA
"4288",79,29,2,1,1,1,1,0.398,5,NA
"4289",79,57,2,1,1,0,1,0.597,4,NA
"4290",79,41,2,1,1,1,1,0.542,4,NA
"4291",79,118,2,1,1,1,0,2.024,5,NA
"4292",79,12,2,1,1,1,1,4.718,5,NA
"4293",79,113,2,1,1,1,0,0.598,6,NA
"4294",79,101,2,1,1,0,0,0.475,4,NA
"4295",79,91,2,1,1,1,0,0.559,6,NA
"4296",79,105,2,1,1,1,0,1.807,4,NA
"4297",79,110,2,1,1,1,0,1.325,6,NA
"4298",79,114,2,1,1,0,0,0.95,4,NA
"4299",79,106,2,1,1,1,0,1.585,6,NA
"4300",79,96,2,1,1,1,0,2.353,5,NA
"4301",79,35,2,1,1,1,1,1.263,4,NA
"4302",79,53,2,1,1,1,1,4.748,5,NA
"4303",79,45,2,1,1,0,1,2.092,6,NA
"4304",79,111,2,1,1,1,0,2.209,5,NA
"4305",79,2,2,1,1,0,1,1.593,4,NA
"4306",79,100,2,1,1,0,0,1.388,3,NA
"4307",79,92,2,1,1,0,0,1.005,5,NA
"4308",79,98,2,1,1,0,0,1.059,6,NA
"4309",79,25,2,1,1,0,1,2.672,4,NA
"4310",79,94,2,1,1,1,0,1.885,5,NA
"4311",79,116,2,1,1,0,0,3.791,4,NA
"4312",79,51,2,1,1,0,1,1.601,3,NA
"4313",79,13,2,1,1,1,1,0.729,6,NA
"4314",79,3,2,1,1,1,1,0.572,3,NA
"4315",79,43,2,1,1,0,1,0.684,3,NA
"4316",79,16,2,1,1,1,1,1.742,5,NA
"4317",79,117,2,1,1,0,0,0.632,4,NA
"4318",79,108,2,1,1,1,0,0.841,5,NA
"4319",79,6,2,1,1,0,1,2.326,3,NA
"4320",79,107,2,1,1,0,0,3.272,3,NA
"4321",81,91,2,1,1,1,1,1.282,3,NA
"4322",81,92,2,1,1,1,1,1.297,5,NA
"4323",81,68,2,1,1,1,0,2.661,1,NA
"4324",81,117,2,1,1,0,1,3.201,4,NA
"4325",81,63,2,1,1,0,0,2.538,6,NA
"4326",81,98,2,1,1,1,1,1.107,3,NA
"4327",81,112,2,1,1,0,1,1.696,1,NA
"4328",81,69,2,1,1,1,0,4.397,2,NA
"4329",81,105,2,1,1,1,1,1.977,3,NA
"4330",81,80,2,1,1,0,0,0.898,4,NA
"4331",81,113,2,1,1,1,1,1.112,2,NA
"4332",81,76,2,1,1,0,0,0.887,3,NA
"4333",81,85,2,1,1,1,0,1.418,2,NA
"4334",81,100,2,1,1,0,1,1.627,4,NA
"4335",81,96,2,1,1,0,1,0.617,4,NA
"4336",81,83,2,1,1,1,0,0.792,3,NA
"4337",81,73,2,1,1,0,0,0.944,3,NA
"4338",81,107,2,1,1,0,1,1.238,2,NA
"4339",81,103,2,1,1,1,1,0.938,6,NA
"4340",81,87,2,1,1,1,0,1.646,3,NA
"4341",81,86,2,1,1,1,0,5.067,1,NA
"4342",81,89,2,1,1,0,0,1.301,2,NA
"4343",81,115,2,1,1,1,1,1.874,3,NA
"4344",81,101,2,1,1,1,1,1.691,2,NA
"4345",81,65,2,1,1,0,0,0.818,4,NA
"4346",81,97,2,1,1,0,1,0.963,6,NA
"4347",81,71,2,1,1,0,0,4.391,2,NA
"4348",81,81,2,1,1,0,0,3.468,2,NA
"4349",81,77,2,1,1,0,0,3.174,3,NA
"4350",81,102,2,1,1,0,1,1.117,2,NA
"4351",81,95,2,1,1,1,1,1.858,2,NA
"4352",81,84,2,1,1,0,0,1.241,2,NA
"4353",81,70,2,1,1,1,0,4.269,3,NA
"4354",81,64,2,1,1,1,0,2.068,3,NA
"4355",81,119,2,1,1,1,1,0.695,4,NA
"4356",81,116,2,1,1,1,1,0.491,2,NA
"4357",81,62,2,1,1,0,0,2.889,2,NA
"4358",81,114,2,1,1,1,1,0.661,4,NA
"4359",81,90,2,1,1,0,0,2.008,2,NA
"4360",81,106,2,1,1,1,1,2.529,3,NA
"4361",81,78,2,1,1,1,0,1.628,3,NA
"4362",81,94,2,1,1,1,1,1.765,5,NA
"4363",81,104,2,1,1,1,1,1.236,6,NA
"4364",81,79,2,1,1,1,0,0.621,3,NA
"4365",81,67,2,1,1,1,0,0.63,3,NA
"4366",81,118,2,1,1,1,1,0.718,4,NA
"4367",81,111,2,1,1,1,1,1.72,4,NA
"4368",81,120,2,1,1,1,1,2.298,1,NA
"4369",81,88,2,1,1,1,0,3.904,2,NA
"4370",81,99,2,1,1,1,1,2.695,3,NA
"4371",81,74,2,1,1,0,0,1.42,1,NA
"4372",81,110,2,1,1,1,1,1.017,2,NA
"4373",81,108,2,1,1,0,1,0.617,2,NA
"4374",81,61,2,1,1,0,0,0.97,1,NA
"4375",81,75,2,1,1,0,0,0.913,2,NA
"4376",81,82,2,1,1,1,0,1.768,1,NA
"4377",81,66,2,1,1,1,0,2.312,3,NA
"4378",81,109,2,1,1,0,1,6.081,1,NA
"4379",81,72,2,1,1,0,0,1.809,1,NA
"4380",81,93,2,1,1,0,1,1.06,5,NA
"4381",83,112,2,1,1,0,0,2.527,1,NA
"4382",83,103,2,1,1,1,0,1.847,6,NA
"4383",83,73,2,1,1,1,1,4.243,2,NA
"4384",83,113,2,1,1,0,0,1.208,1,NA
"4385",83,68,2,1,1,1,1,3.784,2,NA
"4386",83,72,2,1,1,0,1,2.949,1,NA
"4387",83,115,2,1,1,1,0,0.824,4,NA
"4388",83,114,2,1,1,0,0,1.566,1,NA
"4389",83,116,2,1,1,1,0,2.397,1,NA
"4390",83,67,2,1,1,1,1,1.81,4,NA
"4391",83,61,2,1,1,1,1,1.325,3,NA
"4392",83,86,2,1,1,1,1,2.123,2,NA
"4393",83,101,2,1,1,1,0,5.721,3,NA
"4394",83,62,2,1,1,0,1,2.599,2,NA
"4395",83,96,2,1,1,0,0,4.226,1,NA
"4396",83,97,2,1,1,0,0,1.279,6,NA
"4397",83,85,2,1,1,1,1,3.569,3,NA
"4398",83,71,2,1,1,1,1,1.133,6,NA
"4399",83,98,2,1,1,1,0,1.54,5,NA
"4400",83,106,2,1,1,0,0,2.463,1,NA
"4401",83,75,2,1,1,0,1,1.32,4,NA
"4402",83,104,2,1,1,1,0,2.398,4,NA
"4403",83,65,2,1,1,1,1,2.919,5,NA
"4404",83,109,2,1,1,0,0,1.648,1,NA
"4405",83,117,2,1,1,0,0,1.781,1,NA
"4406",83,99,2,1,1,1,0,3.702,2,NA
"4407",83,119,2,1,1,1,0,2.973,3,NA
"4408",83,95,2,1,1,0,0,2.721,3,NA
"4409",83,70,2,1,1,1,1,1.406,6,NA
"4410",83,110,2,1,1,1,0,2.364,4,NA
"4411",83,111,2,1,1,1,0,0.836,6,NA
"4412",83,63,2,1,1,1,1,3.04,5,NA
"4413",83,83,2,1,1,1,1,0.506,6,NA
"4414",83,89,2,1,1,1,1,0.499,6,NA
"4415",83,92,2,1,1,0,0,3.943,2,NA
"4416",83,108,2,1,1,0,0,1.813,1,NA
"4417",83,91,2,1,1,1,0,2.277,2,NA
"4418",83,78,2,1,1,1,1,0.693,6,NA
"4419",83,94,2,1,1,1,0,1.195,6,NA
"4420",83,79,2,1,1,1,1,4.577,5,NA
"4421",83,69,2,1,1,1,1,0.921,5,NA
"4422",83,82,2,1,1,1,1,1.029,6,NA
"4423",83,80,2,1,1,1,1,2.622,6,NA
"4424",83,105,2,1,1,0,0,2.769,1,NA
"4425",83,90,2,1,1,1,1,4.214,2,NA
"4426",83,100,2,1,1,1,0,2.359,6,NA
"4427",83,120,2,1,1,0,0,1.469,3,NA
"4428",83,107,2,1,1,0,0,4.522,3,NA
"4429",83,118,2,1,1,0,0,2.766,4,NA
"4430",83,87,2,1,1,0,1,2.295,2,NA
"4431",83,66,2,1,1,1,1,0.589,6,NA
"4432",83,84,2,1,1,1,1,1.073,5,NA
"4433",83,93,2,1,1,1,0,1.222,6,NA
"4434",83,77,2,1,1,1,1,0.634,6,NA
"4435",83,76,2,1,1,1,1,0.644,6,NA
"4436",83,102,2,1,1,0,0,2.146,2,NA
"4437",83,64,2,1,1,1,1,1.351,5,NA
"4438",83,88,2,1,1,0,1,1.792,1,NA
"4439",83,81,2,1,1,0,1,1.874,1,NA
"4440",83,74,2,1,1,1,1,1.189,5,NA
"4441",85,39,2,1,1,1,0,3.842,2,NA
"4442",85,37,2,1,1,0,0,3.076,2,NA
"4443",85,56,2,1,1,1,0,2.265,1,NA
"4444",85,75,2,1,1,0,1,2.024,2,NA
"4445",85,4,2,1,1,1,0,1.645,3,NA
"4446",85,5,2,1,1,1,0,3.4,1,NA
"4447",85,76,2,1,1,1,1,1.114,1,NA
"4448",85,47,2,1,1,0,0,4.86,2,NA
"4449",85,14,2,1,1,1,0,5.845,1,NA
"4450",85,15,2,1,1,0,0,2.762,1,NA
"4451",85,8,2,1,1,1,0,1.258,2,NA
"4452",85,9,2,1,1,1,0,4.245,3,NA
"4453",85,30,2,1,1,1,0,2.493,3,NA
"4454",85,27,2,1,1,1,0,8.489,2,NA
"4455",85,88,2,1,1,0,1,5.644,3,NA
"4456",85,55,2,1,1,0,0,2.018,2,NA
"4457",85,81,2,1,1,1,1,1.195,3,NA
"4458",85,66,2,1,1,0,1,3.149,3,NA
"4459",85,19,2,1,1,1,0,1.194,2,NA
"4460",85,7,2,1,1,1,0,4.403,2,NA
"4461",85,90,2,1,1,0,1,4.507,1,NA
"4462",85,38,2,1,1,1,0,2.699,2,NA
"4463",85,78,2,1,1,1,1,1.477,1,NA
"4464",85,50,2,1,1,0,0,6.938,2,NA
"4465",85,59,2,1,1,1,0,1.424,3,NA
"4466",85,69,2,1,1,1,1,1.492,3,NA
"4467",85,22,2,1,1,1,0,1.092,2,NA
"4468",85,46,2,1,1,0,0,3.778,2,NA
"4469",85,72,2,1,1,0,1,3.64,1,NA
"4470",85,79,2,1,1,1,1,1.698,2,NA
"4471",85,80,2,1,1,0,1,6.365,1,NA
"4472",85,65,2,1,1,0,1,1.641,3,NA
"4473",85,70,2,1,1,0,1,3.58,2,NA
"4474",85,32,2,1,1,0,0,1.365,3,NA
"4475",85,71,2,1,1,1,1,1.993,1,NA
"4476",85,74,2,1,1,1,1,7.239,1,NA
"4477",85,86,2,1,1,1,1,1.324,1,NA
"4478",85,67,2,1,1,1,1,1.829,2,NA
"4479",85,11,2,1,1,0,0,5.435,4,NA
"4480",85,68,2,1,1,1,1,2.285,2,NA
"4481",85,23,2,1,1,1,0,1.392,2,NA
"4482",85,77,2,1,1,1,1,7.008,2,NA
"4483",85,49,2,1,1,1,0,1.407,3,NA
"4484",85,82,2,1,1,0,1,1.647,2,NA
"4485",85,33,2,1,1,0,0,1.468,3,NA
"4486",85,58,2,1,1,1,0,3.971,3,NA
"4487",85,89,2,1,1,1,1,2.468,1,NA
"4488",85,64,2,1,1,1,1,1.628,2,NA
"4489",85,63,2,1,1,1,1,3.183,3,NA
"4490",85,83,2,1,1,0,1,3.594,1,NA
"4491",85,17,2,1,1,1,0,1.274,2,NA
"4492",85,61,2,1,1,1,1,1.273,2,NA
"4493",85,73,2,1,1,1,1,1.844,1,NA
"4494",85,52,2,1,1,0,0,4.968,3,NA
"4495",85,84,2,1,1,1,1,1.535,1,NA
"4496",85,87,2,1,1,1,1,2.522,2,NA
"4497",85,34,2,1,1,0,0,1.246,2,NA
"4498",85,62,2,1,1,1,1,2.301,2,NA
"4499",85,26,2,1,1,0,0,2.963,2,NA
"4500",85,85,2,1,1,0,1,1.5,2,NA
"4501",1,85,1,1,1,0,0,2.631,1,NA
"4502",1,99,1,1,1,0,1,8.308,3,NA
"4503",1,86,1,1,1,1,0,3.964,4,NA
"4504",1,110,1,1,1,1,1,1.373,5,NA
"4505",1,104,1,1,1,1,1,1.852,6,NA
"4506",1,108,1,1,1,1,1,1.851,5,NA
"4507",1,71,1,1,1,0,0,3.172,3,NA
"4508",1,64,1,1,1,0,0,3.706,3,NA
"4509",1,118,1,1,1,0,1,8.474,3,NA
"4510",1,119,1,1,1,1,1,1.496,6,NA
"4511",1,61,1,1,1,1,0,4.003,4,NA
"4512",1,77,1,1,1,1,0,2.52,3,NA
"4513",1,72,1,1,1,0,0,2.859,1,NA
"4514",1,106,1,1,1,1,1,1.361,5,NA
"4515",1,78,1,1,1,0,0,2.114,1,NA
"4516",1,75,1,1,1,1,0,1.247,5,NA
"4517",1,105,1,1,1,1,1,3.196,5,NA
"4518",1,102,1,1,1,1,1,1.756,5,NA
"4519",1,94,1,1,1,1,1,2.254,4,NA
"4520",1,109,1,1,1,1,1,2.419,5,NA
"4521",1,98,1,1,1,1,1,0.858,5,NA
"4522",1,69,1,1,1,1,0,1.362,6,NA
"4523",1,91,1,1,1,1,1,2.6,6,NA
"4524",1,83,1,1,1,1,0,3.835,5,NA
"4525",1,111,1,1,1,1,1,3.639,4,NA
"4526",1,87,1,1,1,1,0,5.897,5,NA
"4527",1,89,1,1,1,1,0,1.925,5,NA
"4528",1,70,1,1,1,0,0,2.248,3,NA
"4529",1,67,1,1,1,0,0,7.058,1,NA
"4530",1,76,1,1,1,0,0,6.467,1,NA
"4531",1,103,1,1,1,0,1,2.43,1,NA
"4532",1,97,1,1,1,0,1,2.288,6,NA
"4533",1,96,1,1,1,1,1,2.289,1,NA
"4534",1,68,1,1,1,1,0,1.268,4,NA
"4535",1,95,1,1,1,0,1,2.876,3,NA
"4536",1,63,1,1,1,1,0,2.805,5,NA
"4537",1,101,1,1,1,0,1,1.617,5,NA
"4538",1,107,1,1,1,1,1,7,4,NA
"4539",1,120,1,1,1,1,1,2.28,3,NA
"4540",1,74,1,1,1,1,0,1.864,5,NA
"4541",1,90,1,1,1,1,0,4.544,4,NA
"4542",1,65,1,1,1,1,0,1.267,6,NA
"4543",1,100,1,1,1,1,1,2.354,3,NA
"4544",1,115,1,1,1,1,1,0.594,4,NA
"4545",1,88,1,1,1,1,0,2.052,3,NA
"4546",1,79,1,1,1,1,0,5.065,6,NA
"4547",1,114,1,1,1,1,1,0.821,6,NA
"4548",1,113,1,1,1,0,1,2.994,3,NA
"4549",1,62,1,1,1,1,0,1.168,3,NA
"4550",1,92,1,1,1,1,1,1.658,3,NA
"4551",1,93,1,1,1,0,1,1.952,5,NA
"4552",1,117,1,1,1,1,1,3.661,5,NA
"4553",1,116,1,1,1,0,1,1.316,3,NA
"4554",1,73,1,1,1,0,0,1.233,3,NA
"4555",1,112,1,1,1,1,1,1.599,5,NA
"4556",1,81,1,1,1,0,0,1.608,1,NA
"4557",1,80,1,1,1,1,0,1.397,5,NA
"4558",1,84,1,1,1,1,0,2.723,4,NA
"4559",1,82,1,1,1,0,0,3.374,2,NA
"4560",1,66,1,1,1,0,0,4.855,4,NA
"4561",2,95,1,1,0,1,1,1.344,5,NA
"4562",2,120,1,1,0,0,1,1.208,1,NA
"4563",2,90,1,1,0,1,0,1.082,2,NA
"4564",2,87,1,1,0,1,0,0.528,4,NA
"4565",2,82,1,1,0,1,0,1.48,3,NA
"4566",2,111,1,1,0,0,1,0.343,3,NA
"4567",2,101,1,1,0,0,1,1.59,2,NA
"4568",2,103,1,1,0,1,1,1.423,5,NA
"4569",2,93,1,1,0,1,1,0.31,5,NA
"4570",2,81,1,1,0,0,0,0.923,1,NA
"4571",2,96,1,1,0,1,1,1.928,1,NA
"4572",2,119,1,1,0,1,1,1.031,6,NA
"4573",2,88,1,1,0,0,0,1.422,2,NA
"4574",2,66,1,1,0,0,0,1.473,6,NA
"4575",2,77,1,1,0,1,0,0.582,4,NA
"4576",2,69,1,1,0,0,0,2.232,3,NA
"4577",2,76,1,1,0,0,0,1.13,2,NA
"4578",2,74,1,1,0,0,0,1.973,1,NA
"4579",2,70,1,1,0,1,0,2.154,1,NA
"4580",2,114,1,1,0,1,1,0.577,6,NA
"4581",2,80,1,1,0,1,0,1.872,3,NA
"4582",2,108,1,1,0,1,1,0.719,3,NA
"4583",2,79,1,1,0,1,0,1.094,2,NA
"4584",2,61,1,1,0,0,0,1.09,3,NA
"4585",2,92,1,1,0,1,1,1.41,3,NA
"4586",2,113,1,1,0,1,1,0.545,5,NA
"4587",2,100,1,1,0,1,1,0.588,5,NA
"4588",2,78,1,1,0,0,0,1.259,3,NA
"4589",2,118,1,1,0,1,1,2.921,2,NA
"4590",2,89,1,1,0,0,0,0.919,1,NA
"4591",2,73,1,1,0,0,0,2.379,2,NA
"4592",2,75,1,1,0,0,0,0.893,1,NA
"4593",2,62,1,1,0,1,0,0.81,4,NA
"4594",2,63,1,1,0,0,0,0.627,5,NA
"4595",2,110,1,1,0,1,1,0.428,5,NA
"4596",2,83,1,1,0,1,0,0.989,1,NA
"4597",2,71,1,1,0,1,0,1.929,1,NA
"4598",2,72,1,1,0,0,0,0.233,1,NA
"4599",2,67,1,1,0,1,0,0.422,3,NA
"4600",2,85,1,1,0,0,0,0.712,2,NA
"4601",2,106,1,1,0,1,1,0.369,4,NA
"4602",2,104,1,1,0,1,1,0.379,6,NA
"4603",2,102,1,1,0,1,1,0.276,6,NA
"4604",2,98,1,1,0,1,1,0.702,4,NA
"4605",2,68,1,1,0,1,0,0.536,1,NA
"4606",2,99,1,1,0,1,1,0.552,5,NA
"4607",2,64,1,1,0,1,0,0.478,4,NA
"4608",2,86,1,1,0,0,0,0.771,1,NA
"4609",2,117,1,1,0,1,1,0.379,6,NA
"4610",2,65,1,1,0,1,0,0.953,2,NA
"4611",2,116,1,1,0,1,1,0.453,5,NA
"4612",2,91,1,1,0,1,1,1.49,2,NA
"4613",2,105,1,1,0,1,1,0.562,3,NA
"4614",2,115,1,1,0,1,1,1.003,5,NA
"4615",2,94,1,1,0,1,1,0.906,6,NA
"4616",2,112,1,1,0,1,1,0.282,6,NA
"4617",2,84,1,1,0,1,0,1.073,2,NA
"4618",2,107,1,1,0,1,1,0.652,4,NA
"4619",2,109,1,1,0,1,1,0.4,5,NA
"4620",2,97,1,1,0,1,1,0.711,2,NA
"4621",3,90,1,1,1,0,0,2.903,2,NA
"4622",3,73,1,1,1,1,0,1.029,2,NA
"4623",3,86,1,1,1,1,0,1.553,3,NA
"4624",3,69,1,1,1,1,0,2.68,3,NA
"4625",3,120,1,1,1,1,1,2.994,2,NA
"4626",3,111,1,1,1,0,1,2.552,1,NA
"4627",3,62,1,1,1,0,0,3.211,2,NA
"4628",3,110,1,1,1,1,1,0.538,6,NA
"4629",3,97,1,1,1,1,1,1.217,3,NA
"4630",3,92,1,1,1,1,1,0.805,6,NA
"4631",3,101,1,1,1,1,1,3.536,3,NA
"4632",3,93,1,1,1,1,1,0.674,5,NA
"4633",3,104,1,1,1,1,1,0.752,6,NA
"4634",3,96,1,1,1,1,1,2.002,5,NA
"4635",3,75,1,1,1,0,0,0.376,5,NA
"4636",3,79,1,1,1,1,0,0.768,4,NA
"4637",3,107,1,1,1,1,1,1.028,6,NA
"4638",3,100,1,1,1,1,1,0.402,6,NA
"4639",3,61,1,1,1,0,0,0.71,3,NA
"4640",3,99,1,1,1,1,1,3.429,3,NA
"4641",3,82,1,1,1,0,0,1.41,5,NA
"4642",3,105,1,1,1,1,1,1.034,6,NA
"4643",3,78,1,1,1,0,0,1.942,5,NA
"4644",3,95,1,1,1,1,1,0.705,3,NA
"4645",3,118,1,1,1,1,1,0.512,5,NA
"4646",3,68,1,1,1,0,0,1.075,3,NA
"4647",3,113,1,1,1,1,1,0.541,6,NA
"4648",3,84,1,1,1,0,0,3.659,2,NA
"4649",3,108,1,1,1,1,1,0.504,6,NA
"4650",3,77,1,1,1,1,0,3.948,2,NA
"4651",3,94,1,1,1,1,1,0.611,6,NA
"4652",3,65,1,1,1,0,0,1.899,2,NA
"4653",3,76,1,1,1,0,0,2.774,2,NA
"4654",3,109,1,1,1,1,1,0.339,6,NA
"4655",3,85,1,1,1,0,0,1.955,1,NA
"4656",3,119,1,1,1,1,1,0.35,5,NA
"4657",3,114,1,1,1,1,1,0.302,6,NA
"4658",3,117,1,1,1,1,1,0.805,6,NA
"4659",3,88,1,1,1,0,0,4.506,5,NA
"4660",3,112,1,1,1,1,1,1.561,6,NA
"4661",3,74,1,1,1,1,0,2.461,3,NA
"4662",3,63,1,1,1,1,0,0.742,3,NA
"4663",3,103,1,1,1,1,1,1.167,6,NA
"4664",3,102,1,1,1,1,1,5.277,1,NA
"4665",3,64,1,1,1,1,0,0.626,5,NA
"4666",3,66,1,1,1,1,0,4.805,3,NA
"4667",3,115,1,1,1,1,1,0.569,6,NA
"4668",3,98,1,1,1,1,1,0.949,6,NA
"4669",3,72,1,1,1,0,0,2.353,4,NA
"4670",3,71,1,1,1,1,0,0.624,2,NA
"4671",3,89,1,1,1,1,0,0.443,5,NA
"4672",3,87,1,1,1,1,0,0.936,4,NA
"4673",3,116,1,1,1,1,1,0.507,6,NA
"4674",3,81,1,1,1,0,0,1.021,4,NA
"4675",3,80,1,1,1,1,0,0.777,2,NA
"4676",3,91,1,1,1,1,1,1.043,6,NA
"4677",3,83,1,1,1,1,0,0.737,6,NA
"4678",3,106,1,1,1,1,1,0.584,4,NA
"4679",3,67,1,1,1,0,0,0.701,3,NA
"4680",3,70,1,1,1,0,0,0.478,3,NA
"4681",4,85,1,1,0,0,0,1.046,2,NA
"4682",4,73,1,1,0,0,0,1.304,3,NA
"4683",4,86,1,1,0,0,0,1.578,4,NA
"4684",4,107,1,1,0,1,1,2.039,6,NA
"4685",4,116,1,1,0,1,1,1.319,3,NA
"4686",4,88,1,1,0,1,0,0.893,5,NA
"4687",4,114,1,1,0,1,1,0.777,6,NA
"4688",4,104,1,1,0,1,1,0.757,6,NA
"4689",4,82,1,1,0,0,0,1.403,1,NA
"4690",4,105,1,1,0,1,1,0.495,5,NA
"4691",4,99,1,1,0,1,1,1.359,6,NA
"4692",4,64,1,1,0,1,0,1.152,5,NA
"4693",4,91,1,1,0,0,1,1.11,2,NA
"4694",4,79,1,1,0,1,0,1.903,3,NA
"4695",4,72,1,1,0,0,0,1.846,2,NA
"4696",4,95,1,1,0,1,1,0.821,6,NA
"4697",4,117,1,1,0,1,1,0.46,6,NA
"4698",4,96,1,1,0,0,1,1.128,1,NA
"4699",4,94,1,1,0,0,1,2.013,3,NA
"4700",4,98,1,1,0,1,1,0.311,6,NA
"4701",4,112,1,1,0,1,1,0.197,4,NA
"4702",4,102,1,1,0,1,1,0.572,6,NA
"4703",4,110,1,1,0,0,1,1.977,2,NA
"4704",4,74,1,1,0,1,0,0.885,2,NA
"4705",4,118,1,1,0,1,1,0.409,5,NA
"4706",4,115,1,1,0,1,1,0.342,6,NA
"4707",4,81,1,1,0,0,0,0.707,2,NA
"4708",4,106,1,1,0,1,1,1.49,4,NA
"4709",4,68,1,1,0,0,0,1.823,1,NA
"4710",4,83,1,1,0,1,0,0.805,2,NA
"4711",4,67,1,1,0,0,0,1.629,2,NA
"4712",4,63,1,1,0,0,0,1.31,2,NA
"4713",4,87,1,1,0,0,0,1.248,3,NA
"4714",4,97,1,1,0,0,1,0.712,2,NA
"4715",4,65,1,1,0,1,0,0.367,4,NA
"4716",4,120,1,1,0,1,1,0.846,6,NA
"4717",4,69,1,1,0,1,0,0.449,5,NA
"4718",4,71,1,1,0,1,0,2.965,4,NA
"4719",4,90,1,1,0,0,0,1.912,3,NA
"4720",4,61,1,1,0,1,0,1.129,3,NA
"4721",4,100,1,1,0,1,1,0.384,6,NA
"4722",4,80,1,1,0,1,0,1.081,3,NA
"4723",4,66,1,1,0,0,0,1.068,3,NA
"4724",4,89,1,1,0,0,0,0.616,4,NA
"4725",4,108,1,1,0,1,1,0.346,6,NA
"4726",4,84,1,1,0,0,0,0.762,1,NA
"4727",4,77,1,1,0,1,0,1.594,3,NA
"4728",4,70,1,1,0,1,0,1.285,3,NA
"4729",4,78,1,1,0,0,0,0.283,1,NA
"4730",4,101,1,1,0,0,1,2.09,3,NA
"4731",4,119,1,1,0,1,1,0.429,6,NA
"4732",4,103,1,1,0,1,1,1.247,6,NA
"4733",4,62,1,1,0,0,0,0.619,3,NA
"4734",4,109,1,1,0,1,1,0.417,6,NA
"4735",4,111,1,1,0,0,1,1.19,2,NA
"4736",4,76,1,1,0,0,0,0.323,3,NA
"4737",4,113,1,1,0,1,1,0.393,4,NA
"4738",4,92,1,1,0,1,1,0.403,4,NA
"4739",4,93,1,1,0,0,1,0.553,3,NA
"4740",4,75,1,1,0,0,0,0.551,3,NA
"4741",5,119,1,1,1,1,1,1.887,6,NA
"4742",5,120,1,1,1,0,1,1.919,2,NA
"4743",5,5,1,1,1,0,0,2.838,2,NA
"4744",5,19,1,1,1,0,0,2.208,2,NA
"4745",5,96,1,1,1,0,1,1.744,4,NA
"4746",5,106,1,1,1,1,1,1.553,1,NA
"4747",5,99,1,1,1,1,1,1.245,6,NA
"4748",5,15,1,1,1,0,0,2.126,1,NA
"4749",5,108,1,1,1,1,1,1.766,4,NA
"4750",5,113,1,1,1,1,1,1.002,6,NA
"4751",5,91,1,1,1,0,1,1.985,2,NA
"4752",5,27,1,1,1,1,0,4.062,2,NA
"4753",5,38,1,1,1,0,0,2.699,2,NA
"4754",5,116,1,1,1,1,1,1.555,5,NA
"4755",5,111,1,1,1,0,1,1.16,3,NA
"4756",5,11,1,1,1,0,0,1.176,6,NA
"4757",5,17,1,1,1,1,0,1.495,2,NA
"4758",5,39,1,1,1,1,0,2.793,1,NA
"4759",5,114,1,1,1,1,1,0.919,6,NA
"4760",5,34,1,1,1,0,0,1.112,3,NA
"4761",5,7,1,1,1,1,0,1.427,3,NA
"4762",5,26,1,1,1,1,0,1.321,2,NA
"4763",5,112,1,1,1,0,1,1.97,4,NA
"4764",5,104,1,1,1,1,1,4.973,2,NA
"4765",5,33,1,1,1,0,0,1.006,1,NA
"4766",5,46,1,1,1,1,0,0.951,5,NA
"4767",5,101,1,1,1,1,1,1.969,3,NA
"4768",5,100,1,1,1,1,1,1.16,6,NA
"4769",5,107,1,1,1,1,1,0.859,6,NA
"4770",5,37,1,1,1,1,0,0.685,2,NA
"4771",5,105,1,1,1,0,1,1.215,6,NA
"4772",5,49,1,1,1,1,0,5.737,2,NA
"4773",5,117,1,1,1,1,1,0.454,5,NA
"4774",5,23,1,1,1,1,0,8.387,2,NA
"4775",5,14,1,1,1,1,0,1.068,1,NA
"4776",5,97,1,1,1,1,1,0.751,3,NA
"4777",5,50,1,1,1,1,0,2.042,2,NA
"4778",5,109,1,1,1,1,1,1.518,1,NA
"4779",5,102,1,1,1,1,1,0.598,6,NA
"4780",5,98,1,1,1,1,1,0.881,6,NA
"4781",5,59,1,1,1,0,0,3.124,2,NA
"4782",5,92,1,1,1,1,1,0.428,6,NA
"4783",5,94,1,1,1,1,1,1.843,6,NA
"4784",5,56,1,1,1,0,0,3.059,2,NA
"4785",5,103,1,1,1,1,1,1.74,6,NA
"4786",5,93,1,1,1,1,1,2.16,3,NA
"4787",5,9,1,1,1,0,0,3.608,4,NA
"4788",5,4,1,1,1,0,0,3.306,5,NA
"4789",5,95,1,1,1,1,1,2.088,6,NA
"4790",5,110,1,1,1,1,1,0.562,6,NA
"4791",5,115,1,1,1,1,1,0.823,6,NA
"4792",5,47,1,1,1,0,0,2.286,5,NA
"4793",5,58,1,1,1,1,0,0.778,4,NA
"4794",5,22,1,1,1,0,0,0.627,2,NA
"4795",5,8,1,1,1,0,0,2.101,2,NA
"4796",5,55,1,1,1,0,0,4.076,1,NA
"4797",5,30,1,1,1,0,0,2.643,4,NA
"4798",5,52,1,1,1,0,0,3.98,4,NA
"4799",5,118,1,1,1,1,1,1.702,5,NA
"4800",5,32,1,1,1,0,0,1.005,6,NA
"4801",6,93,1,1,0,0,1,7.108,4,NA
"4802",6,27,1,1,0,0,0,1.843,5,NA
"4803",6,106,1,1,0,0,1,1.384,6,NA
"4804",6,39,1,1,0,1,0,5.6,4,NA
"4805",6,33,1,1,0,0,0,14.298,1,NA
"4806",6,98,1,1,0,0,1,6.181,5,NA
"4807",6,26,1,1,0,1,0,1.975,4,NA
"4808",6,105,1,1,0,0,1,4.289,5,NA
"4809",6,117,1,1,0,0,1,1.096,3,NA
"4810",6,46,1,1,0,0,0,20.705,3,NA
"4811",6,9,1,1,0,1,0,1.261,5,NA
"4812",6,114,1,1,0,0,1,1.202,5,NA
"4813",6,55,1,1,0,0,0,21.037,2,NA
"4814",6,104,1,1,0,1,1,1.421,5,NA
"4815",6,34,1,1,0,1,0,8.813,1,NA
"4816",6,110,1,1,0,0,1,2.498,1,NA
"4817",6,15,1,1,0,0,0,1.384,2,NA
"4818",6,19,1,1,0,1,0,1.536,1,NA
"4819",6,7,1,1,0,1,0,1.687,4,NA
"4820",6,32,1,1,0,0,0,1.512,4,NA
"4821",6,97,1,1,0,0,1,2.47,6,NA
"4822",6,52,1,1,0,0,0,8.607,6,NA
"4823",6,30,1,1,0,1,0,2.196,5,NA
"4824",6,108,1,1,0,0,1,8.811,6,NA
"4825",6,23,1,1,0,0,0,9.499,6,NA
"4826",6,119,1,1,0,1,1,4.135,2,NA
"4827",6,47,1,1,0,0,0,5.54,3,NA
"4828",6,22,1,1,0,1,0,1.505,1,NA
"4829",6,99,1,1,0,1,1,2.887,4,NA
"4830",6,17,1,1,0,0,0,3.157,6,NA
"4831",6,118,1,1,0,0,1,2.091,6,NA
"4832",6,116,1,1,0,0,1,9.12,3,NA
"4833",6,95,1,1,0,0,1,2.62,6,NA
"4834",6,94,1,1,0,1,1,1.007,6,NA
"4835",6,92,1,1,0,0,1,0.795,6,NA
"4836",6,5,1,1,0,1,0,1.049,1,NA
"4837",6,14,1,1,0,0,0,1.247,5,NA
"4838",6,113,1,1,0,1,1,2.346,1,NA
"4839",6,102,1,1,0,1,1,2.177,4,NA
"4840",6,58,1,1,0,0,0,1.131,6,NA
"4841",6,49,1,1,0,1,0,5.244,1,NA
"4842",6,115,1,1,0,1,1,2.197,1,NA
"4843",6,109,1,1,0,1,1,2.961,2,NA
"4844",6,96,1,1,0,1,1,1.014,5,NA
"4845",6,103,1,1,0,0,1,2.339,3,NA
"4846",6,91,1,1,0,1,1,4.046,2,NA
"4847",6,4,1,1,0,1,0,1.829,4,NA
"4848",6,56,1,1,0,1,0,1.774,5,NA
"4849",6,37,1,1,0,1,0,2.463,6,NA
"4850",6,120,1,1,0,1,1,1.977,5,NA
"4851",6,100,1,1,0,0,1,4.724,3,NA
"4852",6,111,1,1,0,1,1,4.642,2,NA
"4853",6,101,1,1,0,0,1,0.938,6,NA
"4854",6,8,1,1,0,1,0,1.176,6,NA
"4855",6,38,1,1,0,1,0,1.029,1,NA
"4856",6,50,1,1,0,0,0,2.736,1,NA
"4857",6,11,1,1,0,0,0,1.761,4,NA
"4858",6,107,1,1,0,0,1,1.204,6,NA
"4859",6,112,1,1,0,1,1,1.042,5,NA
"4860",6,59,1,1,0,0,0,1.229,3,NA
"4861",8,95,1,1,0,1,1,12.436,1,NA
"4862",8,38,1,1,0,1,0,3.361,3,NA
"4863",8,19,1,1,0,1,0,10.92,2,NA
"4864",8,49,1,1,0,0,0,14.839,1,NA
"4865",8,22,1,1,0,0,0,4.812,2,NA
"4866",8,105,1,1,0,0,1,9.318,1,NA
"4867",8,116,1,1,0,0,1,7.972,3,NA
"4868",8,92,1,1,0,1,1,3.649,3,NA
"4869",8,100,1,1,0,1,1,7.688,3,NA
"4870",8,96,1,1,0,0,1,4.824,1,NA
"4871",8,117,1,1,0,0,1,0.835,3,NA
"4872",8,118,1,1,0,1,1,4.394,2,NA
"4873",8,93,1,1,0,0,1,1.796,4,NA
"4874",8,58,1,1,0,1,0,5.133,3,NA
"4875",8,8,1,1,0,0,0,1.165,1,NA
"4876",8,30,1,1,0,1,0,1.377,3,NA
"4877",8,23,1,1,0,1,0,2.883,4,NA
"4878",8,59,1,1,0,0,0,5.103,2,NA
"4879",8,56,1,1,0,0,0,13.171,1,NA
"4880",8,5,1,1,0,0,0,4.169,1,NA
"4881",8,104,1,1,0,0,1,1.723,2,NA
"4882",8,120,1,1,0,0,1,11.326,1,NA
"4883",8,9,1,1,0,0,0,7.728,3,NA
"4884",8,97,1,1,0,0,1,2.937,2,NA
"4885",8,108,1,1,0,0,1,2.844,1,NA
"4886",8,46,1,1,0,0,0,1.976,4,NA
"4887",8,112,1,1,0,0,1,13.267,3,NA
"4888",8,47,1,1,0,1,0,2.566,1,NA
"4889",8,91,1,1,0,0,1,3.128,2,NA
"4890",8,37,1,1,0,0,0,4.916,1,NA
"4891",8,119,1,1,0,1,1,5.361,1,NA
"4892",8,52,1,1,0,0,0,3.577,3,NA
"4893",8,94,1,1,0,0,1,3.15,2,NA
"4894",8,15,1,1,0,0,0,5.124,1,NA
"4895",8,33,1,1,0,0,0,0.818,3,NA
"4896",8,102,1,1,0,0,1,1.841,1,NA
"4897",8,98,1,1,0,0,1,3.063,1,NA
"4898",8,106,1,1,0,1,1,1.892,1,NA
"4899",8,4,1,1,0,0,0,17.869,3,NA
"4900",8,103,1,1,0,0,1,1.438,2,NA
"4901",8,113,1,1,0,1,1,1.886,1,NA
"4902",8,109,1,1,0,0,1,2.753,2,NA
"4903",8,7,1,1,0,0,0,3.079,1,NA
"4904",8,50,1,1,0,0,0,5.219,1,NA
"4905",8,17,1,1,0,1,0,1.573,1,NA
"4906",8,34,1,1,0,0,0,1.218,1,NA
"4907",8,32,1,1,0,0,0,8.939,3,NA
"4908",8,107,1,1,0,0,1,6.628,2,NA
"4909",8,26,1,1,0,0,0,4.129,1,NA
"4910",8,114,1,1,0,1,1,3.338,3,NA
"4911",8,99,1,1,0,1,1,1.521,2,NA
"4912",8,14,1,1,0,0,0,1.802,1,NA
"4913",8,55,1,1,0,1,0,6.653,2,NA
"4914",8,27,1,1,0,0,0,5.21,1,NA
"4915",8,110,1,1,0,1,1,4.273,1,NA
"4916",8,101,1,1,0,0,1,1.171,3,NA
"4917",8,39,1,1,0,0,0,3.726,1,NA
"4918",8,111,1,1,0,1,1,1.15,1,NA
"4919",8,11,1,1,0,0,0,0.962,3,NA
"4920",8,115,1,1,0,1,1,4.139,1,NA
"4921",9,116,1,1,1,1,1,1.543,1,NA
"4922",9,109,1,1,1,1,1,1.751,1,NA
"4923",9,43,1,1,1,0,0,1.46,3,NA
"4924",9,24,1,1,1,1,0,1.443,3,NA
"4925",9,1,1,1,1,0,0,1.343,3,NA
"4926",9,118,1,1,1,1,1,1.675,2,NA
"4927",9,114,1,1,1,1,1,0.975,1,NA
"4928",9,44,1,1,1,0,0,1.311,2,NA
"4929",9,96,1,1,1,1,1,0.476,1,NA
"4930",9,13,1,1,1,1,0,1.236,2,NA
"4931",9,18,1,1,1,1,0,0.599,2,NA
"4932",9,119,1,1,1,1,1,0.459,1,NA
"4933",9,36,1,1,1,0,0,0.786,2,NA
"4934",9,3,1,1,1,0,0,1.429,1,NA
"4935",9,40,1,1,1,0,0,1.521,1,NA
"4936",9,54,1,1,1,1,0,0.749,3,NA
"4937",9,16,1,1,1,1,0,0.577,3,NA
"4938",9,12,1,1,1,1,0,1.445,1,NA
"4939",9,115,1,1,1,1,1,0.584,1,NA
"4940",9,94,1,1,1,1,1,0.565,3,NA
"4941",9,110,1,1,1,1,1,1.218,1,NA
"4942",9,93,1,1,1,1,1,0.403,1,NA
"4943",9,20,1,1,1,0,0,0.658,3,NA
"4944",9,53,1,1,1,0,0,0.845,1,NA
"4945",9,6,1,1,1,1,0,0.816,2,NA
"4946",9,91,1,1,1,1,1,0.5,1,NA
"4947",9,42,1,1,1,1,0,0.51,2,NA
"4948",9,48,1,1,1,1,0,0.415,2,NA
"4949",9,120,1,1,1,1,1,0.437,1,NA
"4950",9,10,1,1,1,1,0,1.31,3,NA
"4951",9,106,1,1,1,0,1,0.78,1,NA
"4952",9,41,1,1,1,0,0,1.678,1,NA
"4953",9,25,1,1,1,1,0,0.753,1,NA
"4954",9,99,1,1,1,1,1,0.469,1,NA
"4955",9,28,1,1,1,1,0,0.581,3,NA
"4956",9,31,1,1,1,1,0,1.661,1,NA
"4957",9,113,1,1,1,1,1,0.534,1,NA
"4958",9,92,1,1,1,1,1,0.767,1,NA
"4959",9,95,1,1,1,1,1,0.844,6,NA
"4960",9,51,1,1,1,1,0,1.622,1,NA
"4961",9,57,1,1,1,1,0,0.036,1,NA
"4962",9,101,1,1,1,1,1,1.461,1,NA
"4963",9,104,1,1,1,1,1,0.473,6,NA
"4964",9,100,1,1,1,1,1,0.561,6,NA
"4965",9,107,1,1,1,1,1,0.426,6,NA
"4966",9,102,1,1,1,1,1,0.426,6,NA
"4967",9,103,1,1,1,1,1,0.429,6,NA
"4968",9,45,1,1,1,0,0,0.557,1,NA
"4969",9,98,1,1,1,1,1,0.351,6,NA
"4970",9,29,1,1,1,0,0,0.418,1,NA
"4971",9,105,1,1,1,1,1,0.494,6,NA
"4972",9,108,1,1,1,1,1,0.382,6,NA
"4973",9,112,1,1,1,1,1,0.448,6,NA
"4974",9,2,1,1,1,0,0,0.497,1,NA
"4975",9,117,1,1,1,0,1,0.468,1,NA
"4976",9,21,1,1,1,1,0,1.163,1,NA
"4977",9,35,1,1,1,1,0,0.435,4,NA
"4978",9,97,1,1,1,1,1,0.483,3,NA
"4979",9,111,1,1,1,1,1,1.594,3,NA
"4980",9,60,1,1,1,0,0,0.728,1,NA
"4981",10,97,1,1,0,1,1,3.473,5,NA
"4982",10,20,1,1,0,0,0,5.048,2,NA
"4983",10,114,1,1,0,1,1,1.203,6,NA
"4984",10,100,1,1,0,1,1,1.743,6,NA
"4985",10,40,1,1,0,0,0,1.79,3,NA
"4986",10,48,1,1,0,1,0,1.262,3,NA
"4987",10,106,1,1,0,1,1,4.315,2,NA
"4988",10,18,1,1,0,0,0,1.026,3,NA
"4989",10,105,1,1,0,1,1,1.343,5,NA
"4990",10,1,1,1,0,0,0,3.859,4,NA
"4991",10,45,1,1,0,0,0,1.173,4,NA
"4992",10,101,1,1,0,1,1,1.269,5,NA
"4993",10,118,1,1,0,0,1,6.583,2,NA
"4994",10,91,1,1,0,1,1,1.269,4,NA
"4995",10,102,1,1,0,1,1,1.404,5,NA
"4996",10,43,1,1,0,0,0,1.624,2,NA
"4997",10,29,1,1,0,1,0,2.295,3,NA
"4998",10,41,1,1,0,0,0,0.929,2,NA
"4999",10,54,1,1,0,1,0,1.258,2,NA
"5000",10,108,1,1,0,0,1,8.629,3,NA
"5001",10,109,1,1,0,0,1,7.226,3,NA
"5002",10,57,1,1,0,1,0,6.073,1,NA
"5003",10,24,1,1,0,0,0,1.898,1,NA
"5004",10,6,1,1,0,1,0,3.058,3,NA
"5005",10,42,1,1,0,1,0,1.822,2,NA
"5006",10,115,1,1,0,1,1,3.266,3,NA
"5007",10,25,1,1,0,0,0,1.176,2,NA
"5008",10,120,1,1,0,0,1,1.131,2,NA
"5009",10,35,1,1,0,1,0,1.093,2,NA
"5010",10,93,1,1,0,1,1,0.865,4,NA
"5011",10,113,1,1,0,1,1,2.078,2,NA
"5012",10,21,1,1,0,1,0,0.587,2,NA
"5013",10,98,1,1,0,1,1,0.719,6,NA
"5014",10,96,1,1,0,1,1,0.599,6,NA
"5015",10,10,1,1,0,0,0,2.252,2,NA
"5016",10,60,1,1,0,0,0,1.736,2,NA
"5017",10,95,1,1,0,1,1,1.275,3,NA
"5018",10,53,1,1,0,1,0,0.875,4,NA
"5019",10,117,1,1,0,1,1,0.639,5,NA
"5020",10,12,1,1,0,1,0,1.299,6,NA
"5021",10,94,1,1,0,0,1,11.071,2,NA
"5022",10,3,1,1,0,1,0,0.998,5,NA
"5023",10,111,1,1,0,1,1,0.443,4,NA
"5024",10,104,1,1,0,1,1,0.708,6,NA
"5025",10,44,1,1,0,0,0,0.686,3,NA
"5026",10,51,1,1,0,1,0,2.115,2,NA
"5027",10,99,1,1,0,1,1,0.713,5,NA
"5028",10,119,1,1,0,1,1,1.557,6,NA
"5029",10,112,1,1,0,1,1,0.677,6,NA
"5030",10,110,1,1,0,1,1,0.84,6,NA
"5031",10,16,1,1,0,1,0,0.961,4,NA
"5032",10,2,1,1,0,1,0,2.068,2,NA
"5033",10,31,1,1,0,0,0,1.013,2,NA
"5034",10,28,1,1,0,1,0,0.499,3,NA
"5035",10,36,1,1,0,0,0,4.083,3,NA
"5036",10,107,1,1,0,1,1,0.945,5,NA
"5037",10,92,1,1,0,1,1,1.513,4,NA
"5038",10,116,1,1,0,1,1,1.394,6,NA
"5039",10,13,1,1,0,0,0,0.972,3,NA
"5040",10,103,1,1,0,1,1,0.974,5,NA
"5041",11,42,1,1,1,0,0,1.084,5,NA
"5042",11,97,1,1,1,1,1,6.314,4,NA
"5043",11,1,1,1,1,1,0,2.889,5,NA
"5044",11,44,1,1,1,0,0,4.607,5,NA
"5045",11,115,1,1,1,1,1,1.984,5,NA
"5046",11,103,1,1,1,1,1,3.532,5,NA
"5047",11,51,1,1,1,1,0,3.628,2,NA
"5048",11,54,1,1,1,1,0,1.751,6,NA
"5049",11,105,1,1,1,1,1,1.692,4,NA
"5050",11,113,1,1,1,1,1,1.373,5,NA
"5051",11,43,1,1,1,0,0,2.63,3,NA
"5052",11,13,1,1,1,1,0,3.341,1,NA
"5053",11,12,1,1,1,1,0,5.944,5,NA
"5054",11,110,1,1,1,1,1,6.85,5,NA
"5055",11,114,1,1,1,1,1,2.304,6,NA
"5056",11,2,1,1,1,1,0,1.873,5,NA
"5057",11,53,1,1,1,0,0,4.264,2,NA
"5058",11,57,1,1,1,1,0,5.192,5,NA
"5059",11,109,1,1,1,0,1,4.458,6,NA
"5060",11,99,1,1,1,1,1,1.852,4,NA
"5061",11,107,1,1,1,1,1,1.292,6,NA
"5062",11,119,1,1,1,0,1,8.061,2,NA
"5063",11,96,1,1,1,1,1,3.155,6,NA
"5064",11,20,1,1,1,0,0,2.509,1,NA
"5065",11,101,1,1,1,0,1,1.366,6,NA
"5066",11,60,1,1,1,1,0,2.338,1,NA
"5067",11,116,1,1,1,1,1,4.695,5,NA
"5068",11,10,1,1,1,0,0,0.392,5,NA
"5069",11,31,1,1,1,1,0,1.237,5,NA
"5070",11,98,1,1,1,1,1,1.615,6,NA
"5071",11,91,1,1,1,1,1,1.529,5,NA
"5072",11,16,1,1,1,0,0,1.009,4,NA
"5073",11,102,1,1,1,0,1,2.527,4,NA
"5074",11,48,1,1,1,0,0,4.307,6,NA
"5075",11,45,1,1,1,1,0,8.345,4,NA
"5076",11,112,1,1,1,0,1,0.435,6,NA
"5077",11,108,1,1,1,1,1,1.781,2,NA
"5078",11,29,1,1,1,1,0,3.194,2,NA
"5079",11,106,1,1,1,1,1,2.66,5,NA
"5080",11,92,1,1,1,1,1,1.164,5,NA
"5081",11,117,1,1,1,0,1,1.094,6,NA
"5082",11,104,1,1,1,1,1,0.546,6,NA
"5083",11,40,1,1,1,0,0,2.864,3,NA
"5084",11,25,1,1,1,0,0,3.189,6,NA
"5085",11,28,1,1,1,0,0,0.749,5,NA
"5086",11,94,1,1,1,1,1,0.747,5,NA
"5087",11,100,1,1,1,1,1,1.835,6,NA
"5088",11,24,1,1,1,0,0,3.563,4,NA
"5089",11,21,1,1,1,0,0,3.371,1,NA
"5090",11,3,1,1,1,1,0,2.62,2,NA
"5091",11,35,1,1,1,0,0,2.389,5,NA
"5092",11,120,1,1,1,1,1,3.874,1,NA
"5093",11,111,1,1,1,1,1,5.594,5,NA
"5094",11,93,1,1,1,0,1,6.364,5,NA
"5095",11,18,1,1,1,0,0,1.135,6,NA
"5096",11,95,1,1,1,1,1,0.914,5,NA
"5097",11,118,1,1,1,1,1,4.009,5,NA
"5098",11,41,1,1,1,1,0,1.829,5,NA
"5099",11,6,1,1,1,0,0,2.533,6,NA
"5100",11,36,1,1,1,0,0,2.28,3,NA
"5101",12,112,1,1,0,0,1,6.422,3,NA
"5102",12,20,1,1,0,1,0,3.344,2,NA
"5103",12,3,1,1,0,1,0,2.283,5,NA
"5104",12,96,1,1,0,0,1,4.671,2,NA
"5105",12,116,1,1,0,1,1,1.846,4,NA
"5106",12,29,1,1,0,0,0,3.193,2,NA
"5107",12,109,1,1,0,1,1,2.368,5,NA
"5108",12,57,1,1,0,0,0,3.499,3,NA
"5109",12,107,1,1,0,1,1,1.869,5,NA
"5110",12,110,1,1,0,1,1,5.495,4,NA
"5111",12,94,1,1,0,0,1,1.658,3,NA
"5112",12,44,1,1,0,0,0,5.063,4,NA
"5113",12,1,1,1,0,0,0,3.703,5,NA
"5114",12,118,1,1,0,1,1,4.594,4,NA
"5115",12,12,1,1,0,1,0,2.367,3,NA
"5116",12,113,1,1,0,1,1,1.358,4,NA
"5117",12,28,1,1,0,1,0,1.403,5,NA
"5118",12,120,1,1,0,1,1,2.179,5,NA
"5119",12,31,1,1,0,0,0,8.203,2,NA
"5120",12,98,1,1,0,1,1,1.27,4,NA
"5121",12,105,1,1,0,1,1,1.34,4,NA
"5122",12,99,1,1,0,1,1,5.076,2,NA
"5123",12,100,1,1,0,1,1,1.897,3,NA
"5124",12,103,1,1,0,1,1,1.627,5,NA
"5125",12,102,1,1,0,1,1,1.634,5,NA
"5126",12,2,1,1,0,1,0,5.694,2,NA
"5127",12,16,1,1,0,1,0,1.194,3,NA
"5128",12,91,1,1,0,1,1,0.945,4,NA
"5129",12,48,1,1,0,1,0,5.503,2,NA
"5130",12,101,1,1,0,0,1,4.242,1,NA
"5131",12,43,1,1,0,0,0,2.93,1,NA
"5132",12,92,1,1,0,1,1,1.347,6,NA
"5133",12,114,1,1,0,0,1,1.546,4,NA
"5134",12,54,1,1,0,1,0,2.342,2,NA
"5135",12,115,1,1,0,1,1,1.158,3,NA
"5136",12,13,1,1,0,0,0,2.121,2,NA
"5137",12,119,1,1,0,1,1,0.826,4,NA
"5138",12,93,1,1,0,1,1,7.289,3,NA
"5139",12,42,1,1,0,0,0,1.84,4,NA
"5140",12,53,1,1,0,1,0,1.062,3,NA
"5141",12,97,1,1,0,1,1,1.466,4,NA
"5142",12,36,1,1,0,0,0,3.533,1,NA
"5143",12,108,1,1,0,1,1,1.31,3,NA
"5144",12,41,1,1,0,1,0,1.971,2,NA
"5145",12,60,1,1,0,0,0,1.443,3,NA
"5146",12,10,1,1,0,0,0,1.08,3,NA
"5147",12,51,1,1,0,1,0,5.972,3,NA
"5148",12,104,1,1,0,1,1,0.787,5,NA
"5149",12,25,1,1,0,0,0,1.677,2,NA
"5150",12,21,1,1,0,1,0,1.811,3,NA
"5151",12,18,1,1,0,0,0,1.657,3,NA
"5152",12,45,1,1,0,0,0,3.041,4,NA
"5153",12,111,1,1,0,0,1,4.621,3,NA
"5154",12,95,1,1,0,1,1,1.005,5,NA
"5155",12,35,1,1,0,0,0,2.701,3,NA
"5156",12,6,1,1,0,0,0,3.317,3,NA
"5157",12,106,1,1,0,1,1,0.747,5,NA
"5158",12,40,1,1,0,0,0,1.126,3,NA
"5159",12,117,1,1,0,1,1,0.702,5,NA
"5160",12,24,1,1,0,0,0,2.122,1,NA
"5161",13,93,1,1,1,1,0,1.788,4,NA
"5162",13,85,1,1,1,1,1,3.729,6,NA
"5163",13,63,1,1,1,1,1,1.179,6,NA
"5164",13,104,1,1,1,0,0,3.65,3,NA
"5165",13,97,1,1,1,1,0,5.5,3,NA
"5166",13,111,1,1,1,1,0,1.844,3,NA
"5167",13,113,1,1,1,1,0,4.506,2,NA
"5168",13,91,1,1,1,1,0,1.354,4,NA
"5169",13,68,1,1,1,1,1,0.938,6,NA
"5170",13,83,1,1,1,1,1,0.425,6,NA
"5171",13,75,1,1,1,1,1,1.045,6,NA
"5172",13,92,1,1,1,1,0,2.629,5,NA
"5173",13,112,1,1,1,0,0,3.646,2,NA
"5174",13,72,1,1,1,1,1,4.29,1,NA
"5175",13,114,1,1,1,1,0,5,2,NA
"5176",13,81,1,1,1,1,1,0.899,3,NA
"5177",13,94,1,1,1,1,0,3.784,4,NA
"5178",13,64,1,1,1,1,1,0.595,5,NA
"5179",13,66,1,1,1,0,1,14.345,6,NA
"5180",13,65,1,1,1,1,1,1.736,4,NA
"5181",13,96,1,1,1,0,0,1.498,4,NA
"5182",13,78,1,1,1,1,1,1.116,6,NA
"5183",13,77,1,1,1,1,1,0.387,6,NA
"5184",13,110,1,1,1,1,0,4.682,3,NA
"5185",13,74,1,1,1,1,1,0.327,6,NA
"5186",13,117,1,1,1,0,0,0.935,4,NA
"5187",13,90,1,1,1,1,1,0.359,6,NA
"5188",13,106,1,1,1,1,0,1.387,1,NA
"5189",13,87,1,1,1,1,1,0.34,6,NA
"5190",13,116,1,1,1,0,0,1.4,2,NA
"5191",13,102,1,1,1,1,0,4.294,1,NA
"5192",13,88,1,1,1,0,1,1.409,2,NA
"5193",13,70,1,1,1,1,1,1.164,5,NA
"5194",13,95,1,1,1,0,0,0.89,4,NA
"5195",13,69,1,1,1,1,1,0.767,2,NA
"5196",13,99,1,1,1,1,0,1.146,5,NA
"5197",13,89,1,1,1,1,1,3.176,6,NA
"5198",13,62,1,1,1,1,1,0.896,5,NA
"5199",13,67,1,1,1,0,1,2.367,3,NA
"5200",13,82,1,1,1,0,1,2.167,2,NA
"5201",13,84,1,1,1,1,1,1.023,5,NA
"5202",13,86,1,1,1,1,1,0.412,6,NA
"5203",13,109,1,1,1,0,0,1.633,1,NA
"5204",13,71,1,1,1,1,1,0.273,6,NA
"5205",13,79,1,1,1,1,1,1.209,4,NA
"5206",13,76,1,1,1,1,1,0.815,6,NA
"5207",13,115,1,1,1,1,0,1.589,2,NA
"5208",13,61,1,1,1,1,1,2.414,3,NA
"5209",13,108,1,1,1,0,0,1.05,1,NA
"5210",13,98,1,1,1,1,0,1.37,2,NA
"5211",13,80,1,1,1,1,1,0.723,4,NA
"5212",13,118,1,1,1,1,0,1.102,3,NA
"5213",13,119,1,1,1,0,0,1.209,2,NA
"5214",13,73,1,1,1,1,1,0.719,6,NA
"5215",13,101,1,1,1,0,0,1.063,2,NA
"5216",13,107,1,1,1,0,0,1.134,1,NA
"5217",13,105,1,1,1,1,0,1.411,2,NA
"5218",13,100,1,1,1,1,0,2.774,1,NA
"5219",13,103,1,1,1,0,0,0.951,2,NA
"5220",13,120,1,1,1,1,0,0.97,1,NA
"5221",14,103,1,1,0,0,0,1.053,6,NA
"5222",14,115,1,1,0,1,0,0.761,3,NA
"5223",14,100,1,1,0,0,0,2.776,6,NA
"5224",14,67,1,1,0,1,1,1.327,3,NA
"5225",14,101,1,1,0,1,0,2.419,4,NA
"5226",14,112,1,1,0,1,0,0.603,3,NA
"5227",14,72,1,1,0,1,1,1.027,4,NA
"5228",14,111,1,1,0,0,0,2.621,5,NA
"5229",14,97,1,1,0,0,0,1.33,3,NA
"5230",14,83,1,1,0,1,1,0.711,2,NA
"5231",14,119,1,1,0,0,0,1.934,5,NA
"5232",14,71,1,1,0,1,1,0.407,4,NA
"5233",14,78,1,1,0,1,1,0.608,2,NA
"5234",14,82,1,1,0,1,1,0.95,2,NA
"5235",14,79,1,1,0,1,1,1.053,4,NA
"5236",14,95,1,1,0,0,0,1.618,3,NA
"5237",14,76,1,1,0,1,1,0.522,4,NA
"5238",14,75,1,1,0,0,1,0.669,6,NA
"5239",14,102,1,1,0,0,0,2.196,3,NA
"5240",14,73,1,1,0,1,1,2.638,3,NA
"5241",14,89,1,1,0,1,1,0.516,6,NA
"5242",14,105,1,1,0,0,0,2.114,4,NA
"5243",14,87,1,1,0,1,1,1.652,3,NA
"5244",14,114,1,1,0,0,0,0.577,4,NA
"5245",14,94,1,1,0,1,0,0.404,6,NA
"5246",14,113,1,1,0,1,0,0.594,4,NA
"5247",14,106,1,1,0,1,0,0.418,3,NA
"5248",14,88,1,1,0,0,1,2.555,3,NA
"5249",14,86,1,1,0,0,1,2.104,5,NA
"5250",14,63,1,1,0,1,1,0.695,2,NA
"5251",14,92,1,1,0,1,0,0.556,3,NA
"5252",14,96,1,1,0,1,0,1.993,4,NA
"5253",14,84,1,1,0,0,1,2.436,1,NA
"5254",14,98,1,1,0,1,0,2.568,1,NA
"5255",14,74,1,1,0,1,1,0.826,3,NA
"5256",14,104,1,1,0,0,0,2.067,5,NA
"5257",14,61,1,1,0,1,1,2.197,3,NA
"5258",14,120,1,1,0,1,0,2.754,3,NA
"5259",14,64,1,1,0,1,1,0.684,5,NA
"5260",14,81,1,1,0,1,1,0.632,3,NA
"5261",14,91,1,1,0,1,0,2.383,4,NA
"5262",14,110,1,1,0,0,0,0.583,5,NA
"5263",14,90,1,1,0,1,1,2.377,3,NA
"5264",14,108,1,1,0,1,0,2.248,4,NA
"5265",14,93,1,1,0,0,0,2.897,4,NA
"5266",14,77,1,1,0,1,1,1.279,6,NA
"5267",14,85,1,1,0,1,1,0.525,4,NA
"5268",14,68,1,1,0,1,1,1.37,6,NA
"5269",14,118,1,1,0,1,0,3.11,3,NA
"5270",14,107,1,1,0,0,0,2.91,3,NA
"5271",14,66,1,1,0,0,1,0.593,6,NA
"5272",14,99,1,1,0,1,0,1.095,6,NA
"5273",14,117,1,1,0,0,0,2.734,4,NA
"5274",14,70,1,1,0,1,1,0.487,3,NA
"5275",14,65,1,1,0,0,1,1.893,4,NA
"5276",14,109,1,1,0,1,0,3.5,3,NA
"5277",14,80,1,1,0,0,1,2.081,5,NA
"5278",14,116,1,1,0,1,0,2.793,3,NA
"5279",14,69,1,1,0,1,1,2.545,5,NA
"5280",14,62,1,1,0,0,1,4.185,6,NA
"5281",15,76,1,1,1,0,1,15.808,1,NA
"5282",15,87,1,1,1,1,1,2.547,5,NA
"5283",15,94,1,1,1,0,0,7.942,3,NA
"5284",15,64,1,1,1,1,1,9.354,4,NA
"5285",15,96,1,1,1,1,0,4.737,4,NA
"5286",15,90,1,1,1,0,1,1.624,3,NA
"5287",15,111,1,1,1,1,0,3.958,1,NA
"5288",15,114,1,1,1,0,0,4.249,3,NA
"5289",15,92,1,1,1,1,0,6.723,4,NA
"5290",15,79,1,1,1,0,1,1.305,3,NA
"5291",15,61,1,1,1,1,1,2.275,4,NA
"5292",15,73,1,1,1,1,1,10.464,1,NA
"5293",15,97,1,1,1,0,0,1.304,3,NA
"5294",15,85,1,1,1,1,1,1.983,2,NA
"5295",15,112,1,1,1,1,0,16.695,2,NA
"5296",15,74,1,1,1,0,1,1.726,2,NA
"5297",15,86,1,1,1,0,1,1.659,5,NA
"5298",15,103,1,1,1,1,0,10.63,1,NA
"5299",15,71,1,1,1,0,1,2.241,3,NA
"5300",15,101,1,1,1,0,0,6.305,4,NA
"5301",15,75,1,1,1,1,1,1.471,5,NA
"5302",15,117,1,1,1,0,0,2.509,3,NA
"5303",15,83,1,1,1,0,1,1.933,2,NA
"5304",15,72,1,1,1,0,1,3.108,1,NA
"5305",15,120,1,1,1,0,0,2.127,4,NA
"5306",15,68,1,1,1,0,1,2.153,4,NA
"5307",15,109,1,1,1,0,0,8.999,1,NA
"5308",15,62,1,1,1,1,1,18.37,1,NA
"5309",15,63,1,1,1,0,1,1.465,5,NA
"5310",15,104,1,1,1,1,0,4.244,5,NA
"5311",15,105,1,1,1,0,0,5.874,4,NA
"5312",15,116,1,1,1,0,0,6.21,2,NA
"5313",15,84,1,1,1,1,1,2.663,1,NA
"5314",15,89,1,1,1,1,1,1.417,1,NA
"5315",15,113,1,1,1,1,0,1.611,1,NA
"5316",15,67,1,1,1,0,1,1.507,3,NA
"5317",15,77,1,1,1,0,1,5.358,3,NA
"5318",15,108,1,1,1,1,0,1.829,1,NA
"5319",15,70,1,1,1,0,1,7.984,5,NA
"5320",15,65,1,1,1,0,1,1.404,4,NA
"5321",15,80,1,1,1,0,1,4.81,3,NA
"5322",15,91,1,1,1,0,0,4.037,2,NA
"5323",15,69,1,1,1,1,1,0.924,2,NA
"5324",15,95,1,1,1,1,0,1.22,1,NA
"5325",15,99,1,1,1,0,0,1.129,4,NA
"5326",15,119,1,1,1,0,0,2.095,4,NA
"5327",15,110,1,1,1,1,0,1.622,3,NA
"5328",15,102,1,1,1,0,0,1.276,1,NA
"5329",15,93,1,1,1,0,0,3.483,1,NA
"5330",15,78,1,1,1,0,1,1.613,2,NA
"5331",15,88,1,1,1,1,1,8.106,2,NA
"5332",15,107,1,1,1,0,0,3.328,3,NA
"5333",15,98,1,1,1,0,0,4.938,2,NA
"5334",15,115,1,1,1,1,0,1.505,1,NA
"5335",15,66,1,1,1,0,1,2.815,5,NA
"5336",15,81,1,1,1,1,1,2.987,2,NA
"5337",15,106,1,1,1,0,0,1.476,2,NA
"5338",15,82,1,1,1,1,1,5.835,2,NA
"5339",15,118,1,1,1,0,0,1.634,4,NA
"5340",15,100,1,1,1,1,0,1.446,2,NA
"5341",16,86,1,1,0,1,1,2.074,4,NA
"5342",16,96,1,1,0,1,0,2.437,4,NA
"5343",16,77,1,1,0,1,1,1.498,6,NA
"5344",16,66,1,1,0,0,1,7.19,3,NA
"5345",16,112,1,1,0,0,0,3.577,4,NA
"5346",16,68,1,1,0,1,1,8.946,4,NA
"5347",16,84,1,1,0,1,1,2.018,2,NA
"5348",16,85,1,1,0,0,1,3.178,4,NA
"5349",16,91,1,1,0,1,0,3.078,3,NA
"5350",16,67,1,1,0,1,1,0.549,4,NA
"5351",16,104,1,1,0,0,0,1.42,2,NA
"5352",16,88,1,1,0,1,1,1.389,5,NA
"5353",16,103,1,1,0,1,0,8.05,3,NA
"5354",16,83,1,1,0,1,1,8.043,3,NA
"5355",16,117,1,1,0,0,0,1.284,6,NA
"5356",16,90,1,1,0,1,1,2.106,3,NA
"5357",16,108,1,1,0,0,0,0.89,5,NA
"5358",16,102,1,1,0,1,0,4.09,2,NA
"5359",16,99,1,1,0,1,0,3.002,3,NA
"5360",16,105,1,1,0,1,0,6.209,2,NA
"5361",16,118,1,1,0,1,0,5.301,2,NA
"5362",16,63,1,1,0,1,1,2.636,1,NA
"5363",16,95,1,1,0,0,0,2.694,3,NA
"5364",16,87,1,1,0,1,1,1.85,4,NA
"5365",16,100,1,1,0,1,0,4.463,5,NA
"5366",16,110,1,1,0,1,0,0.727,4,NA
"5367",16,70,1,1,0,1,1,1.876,3,NA
"5368",16,73,1,1,0,0,1,10.139,3,NA
"5369",16,114,1,1,0,1,0,2.734,4,NA
"5370",16,61,1,1,0,1,1,0.912,4,NA
"5371",16,74,1,1,0,1,1,1.65,2,NA
"5372",16,119,1,1,0,0,0,1.317,6,NA
"5373",16,79,1,1,0,1,1,1.378,5,NA
"5374",16,75,1,1,0,0,1,1.16,4,NA
"5375",16,72,1,1,0,0,1,2.21,2,NA
"5376",16,101,1,1,0,0,0,3.521,3,NA
"5377",16,107,1,1,0,0,0,4.23,4,NA
"5378",16,116,1,1,0,1,0,0.778,3,NA
"5379",16,111,1,1,0,1,0,0.717,2,NA
"5380",16,106,1,1,0,0,0,1.572,1,NA
"5381",16,97,1,1,0,0,0,0.952,6,NA
"5382",16,78,1,1,0,0,1,1.252,5,NA
"5383",16,69,1,1,0,1,1,0.911,6,NA
"5384",16,120,1,1,0,0,0,1.958,5,NA
"5385",16,109,1,1,0,0,0,1.728,6,NA
"5386",16,62,1,1,0,0,1,4.301,1,NA
"5387",16,76,1,1,0,1,1,1.385,1,NA
"5388",16,98,1,1,0,0,0,1.984,5,NA
"5389",16,64,1,1,0,1,1,0.698,5,NA
"5390",16,92,1,1,0,0,0,1.66,4,NA
"5391",16,65,1,1,0,0,1,6.148,3,NA
"5392",16,113,1,1,0,1,0,1.108,1,NA
"5393",16,89,1,1,0,1,1,1.136,3,NA
"5394",16,93,1,1,0,0,0,0.648,4,NA
"5395",16,71,1,1,0,1,1,1.814,4,NA
"5396",16,82,1,1,0,0,1,2.001,6,NA
"5397",16,81,1,1,0,1,1,2.572,2,NA
"5398",16,115,1,1,0,1,0,1.093,1,NA
"5399",16,80,1,1,0,0,1,1.165,4,NA
"5400",16,94,1,1,0,1,0,5.147,5,NA
"5401",17,9,1,1,1,1,0,4.412,4,NA
"5402",17,74,1,1,1,1,1,4.888,3,NA
"5403",17,61,1,1,1,1,1,2.755,3,NA
"5404",17,17,1,1,1,1,0,0.536,5,NA
"5405",17,76,1,1,1,1,1,1.825,4,NA
"5406",17,73,1,1,1,0,1,3.321,3,NA
"5407",17,64,1,1,1,1,1,3.025,5,NA
"5408",17,55,1,1,1,0,0,4.92,4,NA
"5409",17,50,1,1,1,1,0,0.487,5,NA
"5410",17,27,1,1,1,1,0,2.166,2,NA
"5411",17,22,1,1,1,1,0,0.658,2,NA
"5412",17,87,1,1,1,1,1,0.666,5,NA
"5413",17,11,1,1,1,0,0,2.654,3,NA
"5414",17,84,1,1,1,0,1,1.512,3,NA
"5415",17,49,1,1,1,0,0,2.544,2,NA
"5416",17,32,1,1,1,1,0,0.975,6,NA
"5417",17,82,1,1,1,0,1,1.013,5,NA
"5418",17,23,1,1,1,0,0,3.482,3,NA
"5419",17,80,1,1,1,0,1,0.674,3,NA
"5420",17,14,1,1,1,0,0,6.045,2,NA
"5421",17,77,1,1,1,1,1,1.007,4,NA
"5422",17,39,1,1,1,0,0,2.069,1,NA
"5423",17,86,1,1,1,1,1,1.198,2,NA
"5424",17,58,1,1,1,0,0,1.8,3,NA
"5425",17,7,1,1,1,1,0,1.619,1,NA
"5426",17,33,1,1,1,0,0,2.724,2,NA
"5427",17,78,1,1,1,1,1,0.911,2,NA
"5428",17,83,1,1,1,1,1,1.446,1,NA
"5429",17,66,1,1,1,0,1,1.972,2,NA
"5430",17,19,1,1,1,1,0,0.344,3,NA
"5431",17,72,1,1,1,1,1,0.856,1,NA
"5432",17,63,1,1,1,1,1,0.512,2,NA
"5433",17,85,1,1,1,0,1,0.375,4,NA
"5434",17,5,1,1,1,1,0,1.675,3,NA
"5435",17,89,1,1,1,1,1,0.434,5,NA
"5436",17,71,1,1,1,1,1,3.023,3,NA
"5437",17,62,1,1,1,0,1,1.473,4,NA
"5438",17,46,1,1,1,0,0,2.152,4,NA
"5439",17,69,1,1,1,1,1,0.319,3,NA
"5440",17,90,1,1,1,1,1,1.169,3,NA
"5441",17,34,1,1,1,0,0,1.102,4,NA
"5442",17,30,1,1,1,1,0,0.677,5,NA
"5443",17,38,1,1,1,0,0,5.032,3,NA
"5444",17,8,1,1,1,0,0,0.656,2,NA
"5445",17,88,1,1,1,1,1,4.382,3,NA
"5446",17,68,1,1,1,1,1,1.328,1,NA
"5447",17,37,1,1,1,1,0,0.365,3,NA
"5448",17,52,1,1,1,1,0,5.215,5,NA
"5449",17,15,1,1,1,1,0,0.511,2,NA
"5450",17,81,1,1,1,0,1,0.376,4,NA
"5451",17,59,1,1,1,0,0,2.994,5,NA
"5452",17,67,1,1,1,0,1,1.908,2,NA
"5453",17,4,1,1,1,1,0,1.514,5,NA
"5454",17,75,1,1,1,0,1,0.426,6,NA
"5455",17,70,1,1,1,0,1,1.75,2,NA
"5456",17,56,1,1,1,1,0,0.517,3,NA
"5457",17,47,1,1,1,1,0,0.343,2,NA
"5458",17,65,1,1,1,0,1,0.383,4,NA
"5459",17,79,1,1,1,0,1,0.633,5,NA
"5460",17,26,1,1,1,0,0,0.768,4,NA
"5461",18,71,1,1,0,1,1,2.102,6,NA
"5462",18,11,1,1,0,1,0,3.103,1,NA
"5463",18,67,1,1,0,1,1,1.923,1,NA
"5464",18,39,1,1,0,0,0,2.485,1,NA
"5465",18,90,1,1,0,0,1,2.612,1,NA
"5466",18,79,1,1,0,1,1,0.932,1,NA
"5467",18,56,1,1,0,0,0,1.321,6,NA
"5468",18,75,1,1,0,0,1,1.137,1,NA
"5469",18,34,1,1,0,0,0,0.822,1,NA
"5470",18,74,1,1,0,0,1,0.746,6,NA
"5471",18,61,1,1,0,0,1,1.369,6,NA
"5472",18,26,1,1,0,0,0,0.497,1,NA
"5473",18,66,1,1,0,1,1,1.407,6,NA
"5474",18,58,1,1,0,0,0,1.055,6,NA
"5475",18,27,1,1,0,0,0,3.574,3,NA
"5476",18,85,1,1,0,0,1,2.577,3,NA
"5477",18,84,1,1,0,1,1,0.918,6,NA
"5478",18,55,1,1,0,1,0,0.745,2,NA
"5479",18,86,1,1,0,0,1,1.365,6,NA
"5480",18,89,1,1,0,1,1,3.302,3,NA
"5481",18,47,1,1,0,1,0,1.722,1,NA
"5482",18,38,1,1,0,0,0,1.541,1,NA
"5483",18,8,1,1,0,0,0,1.492,1,NA
"5484",18,22,1,1,0,1,0,1.017,1,NA
"5485",18,17,1,1,0,0,0,2.465,1,NA
"5486",18,15,1,1,0,1,0,0.499,1,NA
"5487",18,62,1,1,0,1,1,2.106,1,NA
"5488",18,49,1,1,0,0,0,1.596,1,NA
"5489",18,72,1,1,0,0,1,0.749,1,NA
"5490",18,65,1,1,0,0,1,2.272,1,NA
"5491",18,33,1,1,0,0,0,1.495,1,NA
"5492",18,52,1,1,0,1,0,2.261,1,NA
"5493",18,7,1,1,0,0,0,1.041,1,NA
"5494",18,59,1,1,0,1,0,1.123,1,NA
"5495",18,23,1,1,0,0,0,1.817,5,NA
"5496",18,81,1,1,0,1,1,0.355,1,NA
"5497",18,14,1,1,0,0,0,0.891,1,NA
"5498",18,70,1,1,0,1,1,0.407,1,NA
"5499",18,64,1,1,0,1,1,0.515,5,NA
"5500",18,87,1,1,0,1,1,1.152,5,NA
"5501",18,32,1,1,0,1,0,0.37,1,NA
"5502",18,19,1,1,0,1,0,0.763,1,NA
"5503",18,46,1,1,0,1,0,0.316,1,NA
"5504",18,4,1,1,0,1,0,0.567,5,NA
"5505",18,80,1,1,0,1,1,0.634,1,NA
"5506",18,5,1,1,0,1,0,0.478,1,NA
"5507",18,37,1,1,0,0,0,0.916,1,NA
"5508",18,73,1,1,0,1,1,1.472,1,NA
"5509",18,77,1,1,0,1,1,0.546,6,NA
"5510",18,50,1,1,0,0,0,2.747,1,NA
"5511",18,63,1,1,0,0,1,2.74,1,NA
"5512",18,88,1,1,0,1,1,0.709,6,NA
"5513",18,69,1,1,0,0,1,0.474,6,NA
"5514",18,82,1,1,0,0,1,1.836,6,NA
"5515",18,9,1,1,0,0,0,1.807,1,NA
"5516",18,83,1,1,0,1,1,0.545,6,NA
"5517",18,76,1,1,0,1,1,0.573,6,NA
"5518",18,30,1,1,0,0,0,0.913,6,NA
"5519",18,68,1,1,0,1,1,1.506,1,NA
"5520",18,78,1,1,0,1,1,1.213,6,NA
"5521",19,85,1,1,1,1,1,3.524,4,NA
"5522",19,5,1,1,1,0,0,6.167,2,NA
"5523",19,90,1,1,1,1,1,0.926,6,NA
"5524",19,27,1,1,1,0,0,3.799,3,NA
"5525",19,38,1,1,1,0,0,9.828,2,NA
"5526",19,59,1,1,1,0,0,4.565,4,NA
"5527",19,22,1,1,1,1,0,2.337,1,NA
"5528",19,78,1,1,1,1,1,0.535,3,NA
"5529",19,75,1,1,1,1,1,1.62,5,NA
"5530",19,76,1,1,1,1,1,0.993,6,NA
"5531",19,39,1,1,1,0,0,12.021,1,NA
"5532",19,32,1,1,1,1,0,5.715,1,NA
"5533",19,55,1,1,1,1,0,2.971,2,NA
"5534",19,64,1,1,1,1,1,7.714,3,NA
"5535",19,19,1,1,1,1,0,0.757,2,NA
"5536",19,7,1,1,1,0,0,1.571,1,NA
"5537",19,8,1,1,1,1,0,1.163,1,NA
"5538",19,47,1,1,1,1,0,1.447,1,NA
"5539",19,49,1,1,1,1,0,7.091,1,NA
"5540",19,82,1,1,1,1,1,2.879,6,NA
"5541",19,80,1,1,1,1,1,0.647,6,NA
"5542",19,58,1,1,1,1,0,1.573,5,NA
"5543",19,67,1,1,1,1,1,1.678,6,NA
"5544",19,89,1,1,1,1,1,0.938,6,NA
"5545",19,74,1,1,1,1,1,0.585,3,NA
"5546",19,37,1,1,1,1,0,0.501,6,NA
"5547",19,79,1,1,1,1,1,0.561,6,NA
"5548",19,81,1,1,1,1,1,0.52,5,NA
"5549",19,52,1,1,1,0,0,6.023,5,NA
"5550",19,72,1,1,1,0,1,6.699,1,NA
"5551",19,26,1,1,1,1,0,4.203,1,NA
"5552",19,9,1,1,1,1,0,3.255,1,NA
"5553",19,70,1,1,1,1,1,0.737,4,NA
"5554",19,23,1,1,1,0,0,0.704,6,NA
"5555",19,73,1,1,1,1,1,1.762,4,NA
"5556",19,68,1,1,1,1,1,0.762,4,NA
"5557",19,11,1,1,1,0,0,0.655,6,NA
"5558",19,77,1,1,1,1,1,0.558,6,NA
"5559",19,63,1,1,1,1,1,0.567,5,NA
"5560",19,87,1,1,1,1,1,0.403,6,NA
"5561",19,56,1,1,1,0,0,2.623,3,NA
"5562",19,34,1,1,1,0,0,3.006,2,NA
"5563",19,71,1,1,1,1,1,0.393,6,NA
"5564",19,33,1,1,1,0,0,2.027,2,NA
"5565",19,4,1,1,1,1,0,4.475,3,NA
"5566",19,69,1,1,1,1,1,0.456,6,NA
"5567",19,66,1,1,1,1,1,0.623,6,NA
"5568",19,15,1,1,1,0,0,2.502,1,NA
"5569",19,88,1,1,1,1,1,0.579,6,NA
"5570",19,30,1,1,1,1,0,1.896,3,NA
"5571",19,14,1,1,1,0,0,1.209,2,NA
"5572",19,17,1,1,1,1,0,8.995,3,NA
"5573",19,86,1,1,1,1,1,0.396,6,NA
"5574",19,46,1,1,1,0,0,0.972,5,NA
"5575",19,62,1,1,1,1,1,0.6,6,NA
"5576",19,65,1,1,1,0,1,1.586,4,NA
"5577",19,61,1,1,1,1,1,3.702,3,NA
"5578",19,50,1,1,1,1,0,7.835,3,NA
"5579",19,83,1,1,1,1,1,0.369,6,NA
"5580",19,84,1,1,1,1,1,0.836,6,NA
"5581",20,87,1,1,0,1,1,2.823,4,NA
"5582",20,56,1,1,0,0,0,5.249,4,NA
"5583",20,79,1,1,0,1,1,1.671,2,NA
"5584",20,50,1,1,0,0,0,4.056,2,NA
"5585",20,75,1,1,0,1,1,1.15,2,NA
"5586",20,72,1,1,0,1,1,1.555,1,NA
"5587",20,67,1,1,0,1,1,1.265,5,NA
"5588",20,38,1,1,0,1,0,1.994,3,NA
"5589",20,69,1,1,0,1,1,1.471,5,NA
"5590",20,30,1,1,0,0,0,17.055,2,NA
"5591",20,62,1,1,0,0,1,3.092,5,NA
"5592",20,32,1,1,0,0,0,3.834,3,NA
"5593",20,76,1,1,0,1,1,2.521,1,NA
"5594",20,89,1,1,0,1,1,1.599,2,NA
"5595",20,17,1,1,0,1,0,1.706,3,NA
"5596",20,80,1,1,0,0,1,5.582,5,NA
"5597",20,78,1,1,0,1,1,1.121,2,NA
"5598",20,15,1,1,0,1,0,1.152,2,NA
"5599",20,83,1,1,0,0,1,4.649,3,NA
"5600",20,7,1,1,0,1,0,1.554,1,NA
"5601",20,68,1,1,0,1,1,1.591,2,NA
"5602",20,59,1,1,0,1,0,3.676,3,NA
"5603",20,52,1,1,0,0,0,5.035,6,NA
"5604",20,11,1,1,0,1,0,1.989,6,NA
"5605",20,86,1,1,0,1,1,3.868,2,NA
"5606",20,23,1,1,0,0,0,3.148,6,NA
"5607",20,88,1,1,0,1,1,1.686,6,NA
"5608",20,55,1,1,0,1,0,1.373,5,NA
"5609",20,64,1,1,0,1,1,1.428,4,NA
"5610",20,77,1,1,0,1,1,1.521,5,NA
"5611",20,85,1,1,0,1,1,3.689,1,NA
"5612",20,65,1,1,0,1,1,1.661,4,NA
"5613",20,33,1,1,0,0,0,1.227,2,NA
"5614",20,4,1,1,0,1,0,13.347,4,NA
"5615",20,46,1,1,0,1,0,1.758,4,NA
"5616",20,70,1,1,0,1,1,1.187,2,NA
"5617",20,8,1,1,0,1,0,2.563,2,NA
"5618",20,19,1,1,0,1,0,3.539,1,NA
"5619",20,47,1,1,0,0,0,9.245,3,NA
"5620",20,22,1,1,0,1,0,1.32,5,NA
"5621",20,49,1,1,0,1,0,1.79,5,NA
"5622",20,61,1,1,0,0,1,6.809,4,NA
"5623",20,26,1,1,0,0,0,3.124,1,NA
"5624",20,81,1,1,0,1,1,1.667,3,NA
"5625",20,39,1,1,0,1,0,2.11,2,NA
"5626",20,63,1,1,0,1,1,1.381,1,NA
"5627",20,74,1,1,0,1,1,2.496,4,NA
"5628",20,84,1,1,0,0,1,1.199,1,NA
"5629",20,14,1,1,0,0,0,3.279,2,NA
"5630",20,71,1,1,0,1,1,1.701,5,NA
"5631",20,90,1,1,0,1,1,4.554,1,NA
"5632",20,73,1,1,0,1,1,1.617,1,NA
"5633",20,9,1,1,0,1,0,0.652,6,NA
"5634",20,58,1,1,0,1,0,0.841,6,NA
"5635",20,5,1,1,0,1,0,2.091,1,NA
"5636",20,27,1,1,0,0,0,3.228,3,NA
"5637",20,66,1,1,0,0,1,3.646,3,NA
"5638",20,37,1,1,0,1,0,0.696,5,NA
"5639",20,82,1,1,0,0,1,0.764,3,NA
"5640",20,34,1,1,0,1,0,1.604,1,NA
"5641",21,79,1,1,1,1,1,1.611,2,NA
"5642",21,81,1,1,1,1,1,4.978,4,NA
"5643",21,76,1,1,1,1,1,1.837,4,NA
"5644",21,6,1,1,1,1,0,4.208,2,NA
"5645",21,28,1,1,1,1,0,0.6,6,NA
"5646",21,83,1,1,1,1,1,1.147,6,NA
"5647",21,43,1,1,1,1,0,0.904,1,NA
"5648",21,73,1,1,1,1,1,1.067,6,NA
"5649",21,68,1,1,1,1,1,1.545,6,NA
"5650",21,75,1,1,1,1,1,4.02,6,NA
"5651",21,74,1,1,1,1,1,0.896,6,NA
"5652",21,48,1,1,1,1,0,0.563,6,NA
"5653",21,87,1,1,1,1,1,0.708,4,NA
"5654",21,53,1,1,1,0,0,0.759,3,NA
"5655",21,71,1,1,1,1,1,0.663,6,NA
"5656",21,57,1,1,1,0,0,6.564,5,NA
"5657",21,65,1,1,1,0,1,0.86,6,NA
"5658",21,45,1,1,1,1,0,1.501,6,NA
"5659",21,86,1,1,1,1,1,0.916,6,NA
"5660",21,85,1,1,1,1,1,0.577,6,NA
"5661",21,41,1,1,1,1,0,1.15,6,NA
"5662",21,80,1,1,1,1,1,1.535,6,NA
"5663",21,63,1,1,1,1,1,0.688,6,NA
"5664",21,12,1,1,1,0,0,4.493,6,NA
"5665",21,62,1,1,1,1,1,6.272,1,NA
"5666",21,16,1,1,1,0,0,2.846,1,NA
"5667",21,36,1,1,1,0,0,3.069,1,NA
"5668",21,84,1,1,1,1,1,0.554,6,NA
"5669",21,78,1,1,1,1,1,0.487,5,NA
"5670",21,31,1,1,1,0,0,2.945,2,NA
"5671",21,42,1,1,1,0,0,0.611,1,NA
"5672",21,18,1,1,1,1,0,0.626,3,NA
"5673",21,25,1,1,1,1,0,2.089,4,NA
"5674",21,90,1,1,1,1,1,0.555,6,NA
"5675",21,13,1,1,1,0,0,5.928,2,NA
"5676",21,51,1,1,1,1,0,0.716,1,NA
"5677",21,10,1,1,1,0,0,1.839,6,NA
"5678",21,29,1,1,1,1,0,2.576,1,NA
"5679",21,2,1,1,1,0,0,1.003,6,NA
"5680",21,40,1,1,1,1,0,6.012,1,NA
"5681",21,72,1,1,1,0,1,0.811,6,NA
"5682",21,3,1,1,1,1,0,1.357,2,NA
"5683",21,21,1,1,1,1,0,0.737,4,NA
"5684",21,77,1,1,1,1,1,0.985,6,NA
"5685",21,1,1,1,1,0,0,0.893,5,NA
"5686",21,82,1,1,1,1,1,1.543,6,NA
"5687",21,61,1,1,1,1,1,0.914,6,NA
"5688",21,35,1,1,1,1,0,0.485,6,NA
"5689",21,67,1,1,1,0,1,1.867,5,NA
"5690",21,60,1,1,1,0,0,1.615,2,NA
"5691",21,88,1,1,1,1,1,0.518,4,NA
"5692",21,44,1,1,1,0,0,0.654,5,NA
"5693",21,66,1,1,1,1,1,0.8,6,NA
"5694",21,69,1,1,1,1,1,1.026,6,NA
"5695",21,64,1,1,1,1,1,0.413,6,NA
"5696",21,24,1,1,1,1,0,2.221,1,NA
"5697",21,20,1,1,1,1,0,0.757,5,NA
"5698",21,89,1,1,1,1,1,0.827,6,NA
"5699",21,70,1,1,1,1,1,0.859,6,NA
"5700",21,54,1,1,1,1,0,0.768,6,NA
"5701",23,73,1,1,1,1,1,2.36,3,NA
"5702",23,3,1,1,1,1,0,5.483,1,NA
"5703",23,81,1,1,1,0,1,10.83,1,NA
"5704",23,12,1,1,1,1,0,2.023,3,NA
"5705",23,54,1,1,1,0,0,9.075,1,NA
"5706",23,86,1,1,1,1,1,3.417,3,NA
"5707",23,74,1,1,1,0,1,1.641,2,NA
"5708",23,90,1,1,1,1,1,1.729,3,NA
"5709",23,2,1,1,1,0,0,3.117,1,NA
"5710",23,68,1,1,1,1,1,1.414,3,NA
"5711",23,42,1,1,1,1,0,10.756,1,NA
"5712",23,62,1,1,1,1,1,2.001,3,NA
"5713",23,6,1,1,1,0,0,6.62,2,NA
"5714",23,44,1,1,1,1,0,3.079,2,NA
"5715",23,83,1,1,1,1,1,2.008,3,NA
"5716",23,80,1,1,1,1,1,1.241,3,NA
"5717",23,31,1,1,1,1,0,6.245,1,NA
"5718",23,57,1,1,1,1,0,1.428,1,NA
"5719",23,51,1,1,1,1,0,3.329,1,NA
"5720",23,18,1,1,1,0,0,4.33,1,NA
"5721",23,63,1,1,1,0,1,3.411,1,NA
"5722",23,36,1,1,1,1,0,4.251,1,NA
"5723",23,89,1,1,1,0,1,0.987,1,NA
"5724",23,35,1,1,1,1,0,1.325,1,NA
"5725",23,64,1,1,1,1,1,0.953,3,NA
"5726",23,85,1,1,1,1,1,1.559,3,NA
"5727",23,41,1,1,1,0,0,1.236,1,NA
"5728",23,61,1,1,1,0,1,0.73,1,NA
"5729",23,67,1,1,1,0,1,4.515,1,NA
"5730",23,1,1,1,1,0,0,1.071,3,NA
"5731",23,76,1,1,1,1,1,0.92,3,NA
"5732",23,48,1,1,1,1,0,6.689,1,NA
"5733",23,69,1,1,1,1,1,1.426,2,NA
"5734",23,78,1,1,1,1,1,0.69,2,NA
"5735",23,77,1,1,1,1,1,0.485,3,NA
"5736",23,24,1,1,1,1,0,1.546,2,NA
"5737",23,87,1,1,1,1,1,4.575,2,NA
"5738",23,21,1,1,1,0,0,4.801,1,NA
"5739",23,16,1,1,1,0,0,4.961,1,NA
"5740",23,29,1,1,1,0,0,1.647,1,NA
"5741",23,88,1,1,1,1,1,2.72,1,NA
"5742",23,20,1,1,1,0,0,1.572,1,NA
"5743",23,82,1,1,1,1,1,1.106,3,NA
"5744",23,25,1,1,1,1,0,0.996,1,NA
"5745",23,71,1,1,1,1,1,1.617,3,NA
"5746",23,10,1,1,1,1,0,7.732,1,NA
"5747",23,72,1,1,1,1,1,1.24,2,NA
"5748",23,65,1,1,1,0,1,2.271,1,NA
"5749",23,13,1,1,1,0,0,6.188,1,NA
"5750",23,75,1,1,1,0,1,3.53,1,NA
"5751",23,40,1,1,1,1,0,1.922,1,NA
"5752",23,84,1,1,1,1,1,1.507,2,NA
"5753",23,53,1,1,1,1,0,4.204,1,NA
"5754",23,70,1,1,1,0,1,3.763,1,NA
"5755",23,60,1,1,1,1,0,1.454,1,NA
"5756",23,66,1,1,1,1,1,1.614,3,NA
"5757",23,45,1,1,1,0,0,1.234,2,NA
"5758",23,28,1,1,1,0,0,0.923,2,NA
"5759",23,79,1,1,1,0,1,7.086,2,NA
"5760",23,43,1,1,1,1,0,1.837,1,NA
"5761",24,18,1,1,0,0,0,2.77,3,NA
"5762",24,82,1,1,0,1,1,1.836,4,NA
"5763",24,2,1,1,0,1,0,1.852,5,NA
"5764",24,16,1,1,0,0,0,1.926,2,NA
"5765",24,45,1,1,0,1,0,5.35,5,NA
"5766",24,53,1,1,0,1,0,1.569,3,NA
"5767",24,89,1,1,0,0,1,4.914,5,NA
"5768",24,90,1,1,0,0,1,3.453,4,NA
"5769",24,65,1,1,0,0,1,2.255,4,NA
"5770",24,40,1,1,0,0,0,1.699,1,NA
"5771",24,78,1,1,0,0,1,2.037,6,NA
"5772",24,20,1,1,0,0,0,1.735,3,NA
"5773",24,42,1,1,0,0,0,2.228,6,NA
"5774",24,81,1,1,0,1,1,1.286,5,NA
"5775",24,54,1,1,0,1,0,0.994,6,NA
"5776",24,80,1,1,0,0,1,1.752,2,NA
"5777",24,86,1,1,0,0,1,3.053,4,NA
"5778",24,43,1,1,0,0,0,2.34,2,NA
"5779",24,71,1,1,0,1,1,2.277,4,NA
"5780",24,57,1,1,0,1,0,1.617,4,NA
"5781",24,12,1,1,0,1,0,1.542,6,NA
"5782",24,69,1,1,0,1,1,2.378,5,NA
"5783",24,44,1,1,0,1,0,1.18,1,NA
"5784",24,85,1,1,0,1,1,1.171,5,NA
"5785",24,62,1,1,0,1,1,4.104,4,NA
"5786",24,60,1,1,0,0,0,1.379,2,NA
"5787",24,75,1,1,0,1,1,1.17,4,NA
"5788",24,41,1,1,0,1,0,1.554,3,NA
"5789",24,61,1,1,0,0,1,2.062,4,NA
"5790",24,51,1,1,0,1,0,2.124,1,NA
"5791",24,13,1,1,0,1,0,1.356,4,NA
"5792",24,67,1,1,0,1,1,1.288,4,NA
"5793",24,3,1,1,0,1,0,4.483,5,NA
"5794",24,24,1,1,0,0,0,4.195,1,NA
"5795",24,70,1,1,0,1,1,2.738,3,NA
"5796",24,21,1,1,0,1,0,2.913,2,NA
"5797",24,63,1,1,0,0,1,1.165,4,NA
"5798",24,36,1,1,0,1,0,0.944,5,NA
"5799",24,64,1,1,0,1,1,1.44,4,NA
"5800",24,25,1,1,0,0,0,3.214,1,NA
"5801",24,87,1,1,0,1,1,2.151,5,NA
"5802",24,1,1,1,0,0,0,1.43,6,NA
"5803",24,79,1,1,0,1,1,1.268,6,NA
"5804",24,77,1,1,0,1,1,0.941,6,NA
"5805",24,28,1,1,0,0,0,1.203,6,NA
"5806",24,84,1,1,0,1,1,0.92,4,NA
"5807",24,76,1,1,0,1,1,1.86,2,NA
"5808",24,74,1,1,0,1,1,2.077,5,NA
"5809",24,68,1,1,0,0,1,1.796,2,NA
"5810",24,29,1,1,0,1,0,2.167,1,NA
"5811",24,83,1,1,0,1,1,1.161,5,NA
"5812",24,66,1,1,0,1,1,1.327,6,NA
"5813",24,72,1,1,0,0,1,1.849,6,NA
"5814",24,35,1,1,0,1,0,1.034,5,NA
"5815",24,88,1,1,0,1,1,2.65,5,NA
"5816",24,10,1,1,0,0,0,1.388,6,NA
"5817",24,31,1,1,0,0,0,1.901,3,NA
"5818",24,48,1,1,0,1,0,1.326,5,NA
"5819",24,6,1,1,0,0,0,2.082,6,NA
"5820",24,73,1,1,0,0,1,2.139,2,NA
"5821",25,99,1,1,1,0,0,1.762,3,NA
"5822",25,52,1,1,1,1,1,2.729,3,NA
"5823",25,101,1,1,1,0,0,1.634,4,NA
"5824",25,120,1,1,1,0,0,1.83,3,NA
"5825",25,39,1,1,1,0,1,6.319,2,NA
"5826",25,107,1,1,1,1,0,9.95,2,NA
"5827",25,91,1,1,1,1,0,3.391,1,NA
"5828",25,98,1,1,1,0,0,3.562,4,NA
"5829",25,94,1,1,1,1,0,4.091,6,NA
"5830",25,15,1,1,1,1,1,1.742,4,NA
"5831",25,30,1,1,1,1,1,1.553,5,NA
"5832",25,50,1,1,1,1,1,1.525,5,NA
"5833",25,97,1,1,1,1,0,1.44,1,NA
"5834",25,22,1,1,1,1,1,1.448,6,NA
"5835",25,96,1,1,1,0,0,3.613,3,NA
"5836",25,59,1,1,1,1,1,2.851,4,NA
"5837",25,46,1,1,1,1,1,1.802,6,NA
"5838",25,19,1,1,1,1,1,0.793,2,NA
"5839",25,8,1,1,1,1,1,0.968,5,NA
"5840",25,26,1,1,1,1,1,2.007,5,NA
"5841",25,118,1,1,1,1,0,1.473,4,NA
"5842",25,115,1,1,1,0,0,3.3,1,NA
"5843",25,92,1,1,1,1,0,1.064,1,NA
"5844",25,119,1,1,1,0,0,11.948,1,NA
"5845",25,58,1,1,1,1,1,1.066,5,NA
"5846",25,11,1,1,1,1,1,0.947,6,NA
"5847",25,114,1,1,1,1,0,1.004,4,NA
"5848",25,117,1,1,1,0,0,1.887,3,NA
"5849",25,37,1,1,1,1,1,1.008,3,NA
"5850",25,14,1,1,1,1,1,0.771,6,NA
"5851",25,49,1,1,1,1,1,1.134,6,NA
"5852",25,4,1,1,1,1,1,1.944,4,NA
"5853",25,108,1,1,1,0,0,0.606,4,NA
"5854",25,56,1,1,1,1,1,0.803,1,NA
"5855",25,103,1,1,1,0,0,1.279,3,NA
"5856",25,109,1,1,1,0,0,2.128,1,NA
"5857",25,23,1,1,1,1,1,0.98,5,NA
"5858",25,93,1,1,1,0,0,1.587,1,NA
"5859",25,104,1,1,1,1,0,1.643,2,NA
"5860",25,112,1,1,1,1,0,1.023,1,NA
"5861",25,7,1,1,1,1,1,1.236,4,NA
"5862",25,55,1,1,1,1,1,0.654,6,NA
"5863",25,110,1,1,1,1,0,2.891,2,NA
"5864",25,5,1,1,1,0,1,2.524,2,NA
"5865",25,27,1,1,1,1,1,0.579,6,NA
"5866",25,38,1,1,1,1,1,1.016,6,NA
"5867",25,34,1,1,1,1,1,0.863,6,NA
"5868",25,116,1,1,1,1,0,1.109,3,NA
"5869",25,9,1,1,1,1,1,0.683,6,NA
"5870",25,111,1,1,1,1,0,0.769,1,NA
"5871",25,47,1,1,1,1,1,0.859,5,NA
"5872",25,102,1,1,1,0,0,1.415,3,NA
"5873",25,32,1,1,1,1,1,0.397,5,NA
"5874",25,17,1,1,1,1,1,1.785,5,NA
"5875",25,100,1,1,1,0,0,4.959,2,NA
"5876",25,113,1,1,1,1,0,0.971,3,NA
"5877",25,105,1,1,1,1,0,1.563,2,NA
"5878",25,95,1,1,1,0,0,2.182,1,NA
"5879",25,33,1,1,1,1,1,0.907,6,NA
"5880",25,106,1,1,1,1,0,1.099,3,NA
"5881",26,4,1,1,0,1,1,3.675,3,NA
"5882",26,5,1,1,0,0,1,5.471,5,NA
"5883",26,97,1,1,0,0,0,2.336,6,NA
"5884",26,37,1,1,0,1,1,1.099,5,NA
"5885",26,96,1,1,0,0,0,3.468,3,NA
"5886",26,94,1,1,0,1,0,4.265,5,NA
"5887",26,50,1,1,0,0,1,4.12,4,NA
"5888",26,14,1,1,0,0,1,8.802,2,NA
"5889",26,30,1,1,0,1,1,1.144,3,NA
"5890",26,108,1,1,0,0,0,4.529,4,NA
"5891",26,93,1,1,0,0,0,4.949,2,NA
"5892",26,114,1,1,0,0,0,0.582,2,NA
"5893",26,120,1,1,0,0,0,7.978,1,NA
"5894",26,32,1,1,0,0,1,2.762,2,NA
"5895",26,33,1,1,0,1,1,0.943,3,NA
"5896",26,101,1,1,0,0,0,0.637,3,NA
"5897",26,102,1,1,0,1,0,3.044,2,NA
"5898",26,26,1,1,0,0,1,14.51,1,NA
"5899",26,92,1,1,0,1,0,0.953,5,NA
"5900",26,117,1,1,0,0,0,0.768,4,NA
"5901",26,99,1,1,0,1,0,1.045,3,NA
"5902",26,52,1,1,0,0,1,1.504,4,NA
"5903",26,58,1,1,0,0,1,0.829,4,NA
"5904",26,56,1,1,0,1,1,0.673,5,NA
"5905",26,107,1,1,0,0,0,6.289,1,NA
"5906",26,115,1,1,0,1,0,2.276,2,NA
"5907",26,49,1,1,0,1,1,6.061,3,NA
"5908",26,22,1,1,0,0,1,0.845,2,NA
"5909",26,46,1,1,0,1,1,2.807,4,NA
"5910",26,47,1,1,0,0,1,2.694,2,NA
"5911",26,112,1,1,0,1,0,4.346,2,NA
"5912",26,103,1,1,0,1,0,3.591,6,NA
"5913",26,19,1,1,0,0,1,4.191,1,NA
"5914",26,11,1,1,0,0,1,8.768,1,NA
"5915",26,34,1,1,0,1,1,0.599,1,NA
"5916",26,110,1,1,0,0,0,3.504,1,NA
"5917",26,109,1,1,0,0,0,2.381,6,NA
"5918",26,59,1,1,0,0,1,3.896,4,NA
"5919",26,15,1,1,0,0,1,17.221,4,NA
"5920",26,17,1,1,0,0,1,1.387,2,NA
"5921",26,118,1,1,0,0,0,7.088,4,NA
"5922",26,119,1,1,0,0,0,10.457,4,NA
"5923",26,38,1,1,0,1,1,0.581,2,NA
"5924",26,111,1,1,0,0,0,4.068,1,NA
"5925",26,116,1,1,0,1,0,1.183,3,NA
"5926",26,27,1,1,0,1,1,0.854,3,NA
"5927",26,100,1,1,0,1,0,0.824,3,NA
"5928",26,7,1,1,0,0,1,1.247,1,NA
"5929",26,98,1,1,0,0,0,8.857,3,NA
"5930",26,8,1,1,0,1,1,0.577,4,NA
"5931",26,9,1,1,0,1,1,1.103,3,NA
"5932",26,55,1,1,0,1,1,0.435,4,NA
"5933",26,105,1,1,0,0,0,0.34,2,NA
"5934",26,113,1,1,0,1,0,0.677,3,NA
"5935",26,106,1,1,0,0,0,2.058,2,NA
"5936",26,91,1,1,0,1,0,5.117,1,NA
"5937",26,23,1,1,0,0,1,0.763,3,NA
"5938",26,39,1,1,0,0,1,1.816,2,NA
"5939",26,104,1,1,0,1,0,0.396,5,NA
"5940",26,95,1,1,0,1,0,18.574,1,NA
"5941",27,117,1,1,1,0,0,3.841,5,NA
"5942",27,7,1,1,1,0,1,6.638,1,NA
"5943",27,105,1,1,1,0,0,5.51,2,NA
"5944",27,107,1,1,1,0,0,10.668,1,NA
"5945",27,9,1,1,1,0,1,5.978,2,NA
"5946",27,102,1,1,1,0,0,4.159,3,NA
"5947",27,19,1,1,1,1,1,3.434,2,NA
"5948",27,46,1,1,1,0,1,10.848,3,NA
"5949",27,56,1,1,1,0,1,7.936,2,NA
"5950",27,99,1,1,1,0,0,8.494,2,NA
"5951",27,95,1,1,1,0,0,10.869,2,NA
"5952",27,32,1,1,1,0,1,3.228,2,NA
"5953",27,49,1,1,1,0,1,6.092,2,NA
"5954",27,100,1,1,1,0,0,7.938,2,NA
"5955",27,15,1,1,1,0,1,9.723,2,NA
"5956",27,110,1,1,1,1,0,8.808,1,NA
"5957",27,38,1,1,1,0,1,4.097,3,NA
"5958",27,116,1,1,1,0,0,2.66,2,NA
"5959",27,120,1,1,1,0,0,3.035,3,NA
"5960",27,58,1,1,1,1,1,6.739,2,NA
"5961",27,103,1,1,1,0,0,5.276,2,NA
"5962",27,4,1,1,1,0,1,6.013,2,NA
"5963",27,14,1,1,1,0,1,6.078,2,NA
"5964",27,47,1,1,1,1,1,11.913,1,NA
"5965",27,114,1,1,1,0,0,12.692,2,NA
"5966",27,22,1,1,1,0,1,2.715,2,NA
"5967",27,91,1,1,1,1,0,2.762,2,NA
"5968",27,23,1,1,1,0,1,7.451,3,NA
"5969",27,59,1,1,1,0,1,5.336,2,NA
"5970",27,50,1,1,1,0,1,2.634,2,NA
"5971",27,30,1,1,1,0,1,14.242,2,NA
"5972",27,17,1,1,1,0,1,5.052,1,NA
"5973",27,92,1,1,1,1,0,4.52,1,NA
"5974",27,8,1,1,1,0,1,7.611,2,NA
"5975",27,96,1,1,1,0,0,5.555,4,NA
"5976",27,26,1,1,1,0,1,3.209,3,NA
"5977",27,119,1,1,1,1,0,8.343,2,NA
"5978",27,52,1,1,1,0,1,10.657,3,NA
"5979",27,33,1,1,1,0,1,5.102,2,NA
"5980",27,115,1,1,1,0,0,5.688,2,NA
"5981",27,97,1,1,1,0,0,4.616,2,NA
"5982",27,55,1,1,1,0,1,6.614,2,NA
"5983",27,108,1,1,1,0,0,3.733,3,NA
"5984",27,101,1,1,1,1,0,3.405,1,NA
"5985",27,34,1,1,1,0,1,4.103,2,NA
"5986",27,104,1,1,1,0,0,7.688,2,NA
"5987",27,112,1,1,1,0,0,5.035,3,NA
"5988",27,39,1,1,1,1,1,4.059,3,NA
"5989",27,118,1,1,1,0,0,3.152,2,NA
"5990",27,11,1,1,1,0,1,3.702,3,NA
"5991",27,106,1,1,1,0,0,3.962,1,NA
"5992",27,111,1,1,1,0,0,9.08,1,NA
"5993",27,94,1,1,1,0,0,2.662,2,NA
"5994",27,93,1,1,1,0,0,2.067,3,NA
"5995",27,37,1,1,1,0,1,2.96,2,NA
"5996",27,98,1,1,1,0,0,2.651,3,NA
"5997",27,109,1,1,1,1,0,7.439,2,NA
"5998",27,27,1,1,1,1,1,6.623,3,NA
"5999",27,5,1,1,1,0,1,3.402,1,NA
"6000",27,113,1,1,1,1,0,2.5,2,NA
"6001",28,33,1,1,0,1,1,3.996,1,NA
"6002",28,49,1,1,0,1,1,1.072,3,NA
"6003",28,119,1,1,0,0,0,1.454,1,NA
"6004",28,103,1,1,0,1,0,6.712,5,NA
"6005",28,110,1,1,0,0,0,1.309,2,NA
"6006",28,52,1,1,0,0,1,3.377,4,NA
"6007",28,8,1,1,0,0,1,1.427,2,NA
"6008",28,27,1,1,0,0,1,1.348,1,NA
"6009",28,105,1,1,0,1,0,3.214,1,NA
"6010",28,99,1,1,0,0,0,1.377,2,NA
"6011",28,34,1,1,0,1,1,1.741,3,NA
"6012",28,112,1,1,0,1,0,1.366,2,NA
"6013",28,120,1,1,0,1,0,1.122,3,NA
"6014",28,97,1,1,0,0,0,1.516,5,NA
"6015",28,46,1,1,0,1,1,1.393,3,NA
"6016",28,108,1,1,0,0,0,3.797,1,NA
"6017",28,94,1,1,0,1,0,0.731,6,NA
"6018",28,58,1,1,0,0,1,5.89,5,NA
"6019",28,11,1,1,0,1,1,1.055,6,NA
"6020",28,19,1,1,0,1,1,1.447,1,NA
"6021",28,92,1,1,0,1,0,1.009,4,NA
"6022",28,106,1,1,0,0,0,0.795,1,NA
"6023",28,38,1,1,0,0,1,2.091,3,NA
"6024",28,100,1,1,0,0,0,0.515,2,NA
"6025",28,107,1,1,0,1,0,3.169,1,NA
"6026",28,47,1,1,0,0,1,1.542,2,NA
"6027",28,109,1,1,0,0,0,4.199,4,NA
"6028",28,104,1,1,0,0,0,1.172,5,NA
"6029",28,91,1,1,0,1,0,1.648,1,NA
"6030",28,101,1,1,0,0,0,2.131,1,NA
"6031",28,4,1,1,0,0,1,0.532,2,NA
"6032",28,102,1,1,0,1,0,1.553,1,NA
"6033",28,98,1,1,0,1,0,0.491,6,NA
"6034",28,55,1,1,0,1,1,0.464,6,NA
"6035",28,56,1,1,0,1,1,1.125,5,NA
"6036",28,15,1,1,0,1,1,1.423,3,NA
"6037",28,5,1,1,0,0,1,2.048,4,NA
"6038",28,116,1,1,0,1,0,1.125,1,NA
"6039",28,93,1,1,0,1,0,2.363,1,NA
"6040",28,113,1,1,0,1,0,0.939,1,NA
"6041",28,26,1,1,0,1,1,1.06,5,NA
"6042",28,50,1,1,0,0,1,1.199,1,NA
"6043",28,32,1,1,0,1,1,1.566,1,NA
"6044",28,14,1,1,0,1,1,2.006,1,NA
"6045",28,59,1,1,0,0,1,0.463,4,NA
"6046",28,115,1,1,0,0,0,0.688,4,NA
"6047",28,114,1,1,0,1,0,1.235,1,NA
"6048",28,118,1,1,0,0,0,3.694,5,NA
"6049",28,30,1,1,0,1,1,1.869,5,NA
"6050",28,37,1,1,0,0,1,0.905,1,NA
"6051",28,17,1,1,0,1,1,1.537,1,NA
"6052",28,39,1,1,0,1,1,1.23,1,NA
"6053",28,23,1,1,0,1,1,3.157,3,NA
"6054",28,117,1,1,0,0,0,1.554,3,NA
"6055",28,9,1,1,0,1,1,2.148,2,NA
"6056",28,95,1,1,0,0,0,1.535,1,NA
"6057",28,7,1,1,0,1,1,0.967,1,NA
"6058",28,22,1,1,0,1,1,1.184,2,NA
"6059",28,96,1,1,0,0,0,0.409,3,NA
"6060",28,111,1,1,0,0,0,1.231,2,NA
"6061",30,33,1,1,0,1,1,1.563,5,NA
"6062",30,89,1,1,0,0,0,1.261,2,NA
"6063",30,73,1,1,0,1,0,5.095,3,NA
"6064",30,68,1,1,0,1,0,4.248,2,NA
"6065",30,55,1,1,0,1,1,0.921,5,NA
"6066",30,67,1,1,0,1,0,0.998,5,NA
"6067",30,46,1,1,0,1,1,0.506,6,NA
"6068",30,8,1,1,0,1,1,0.417,5,NA
"6069",30,26,1,1,0,1,1,1.042,5,NA
"6070",30,15,1,1,0,1,1,0.622,4,NA
"6071",30,9,1,1,0,1,1,1.167,5,NA
"6072",30,80,1,1,0,0,0,1.919,4,NA
"6073",30,70,1,1,0,1,0,0.806,6,NA
"6074",30,52,1,1,0,1,1,0.648,5,NA
"6075",30,34,1,1,0,1,1,1,3,NA
"6076",30,74,1,1,0,1,0,3.117,2,NA
"6077",30,87,1,1,0,0,0,1.436,2,NA
"6078",30,22,1,1,0,1,1,0.825,5,NA
"6079",30,90,1,1,0,0,0,3.101,1,NA
"6080",30,58,1,1,0,1,1,0.63,2,NA
"6081",30,38,1,1,0,1,1,0.833,5,NA
"6082",30,63,1,1,0,0,0,2.199,2,NA
"6083",30,17,1,1,0,1,1,0.538,4,NA
"6084",30,59,1,1,0,1,1,0.683,5,NA
"6085",30,84,1,1,0,1,0,1.037,5,NA
"6086",30,49,1,1,0,0,1,2.259,2,NA
"6087",30,47,1,1,0,1,1,0.919,4,NA
"6088",30,76,1,1,0,1,0,1.105,1,NA
"6089",30,69,1,1,0,1,0,2.566,3,NA
"6090",30,82,1,1,0,1,0,2.347,1,NA
"6091",30,85,1,1,0,0,0,1.757,3,NA
"6092",30,39,1,1,0,1,1,0.439,4,NA
"6093",30,61,1,1,0,1,0,0.806,2,NA
"6094",30,86,1,1,0,0,0,1.175,3,NA
"6095",30,62,1,1,0,1,0,1.437,2,NA
"6096",30,14,1,1,0,1,1,0.574,4,NA
"6097",30,71,1,1,0,1,0,2.072,1,NA
"6098",30,88,1,1,0,1,0,0.868,6,NA
"6099",30,81,1,1,0,1,0,0.693,4,NA
"6100",30,5,1,1,0,1,1,0.487,3,NA
"6101",30,23,1,1,0,1,1,0.497,6,NA
"6102",30,72,1,1,0,1,0,1.718,1,NA
"6103",30,66,1,1,0,0,0,2.375,1,NA
"6104",30,64,1,1,0,1,0,0.81,2,NA
"6105",30,11,1,1,0,1,1,0.507,5,NA
"6106",30,30,1,1,0,1,1,1.031,5,NA
"6107",30,50,1,1,0,1,1,0.431,5,NA
"6108",30,78,1,1,0,1,0,1.688,1,NA
"6109",30,65,1,1,0,0,0,1.341,2,NA
"6110",30,4,1,1,0,1,1,0.335,6,NA
"6111",30,75,1,1,0,1,0,0.832,1,NA
"6112",30,79,1,1,0,1,0,0.529,6,NA
"6113",30,19,1,1,0,1,1,0.626,3,NA
"6114",30,32,1,1,0,1,1,0.543,5,NA
"6115",30,56,1,1,0,1,1,0.854,4,NA
"6116",30,37,1,1,0,1,1,0.56,5,NA
"6117",30,27,1,1,0,1,1,0.66,5,NA
"6118",30,83,1,1,0,0,0,1.914,1,NA
"6119",30,77,1,1,0,1,0,0.448,5,NA
"6120",30,7,1,1,0,1,1,0.736,2,NA
"6121",31,78,1,1,1,0,0,3.213,1,NA
"6122",31,19,1,1,1,1,1,1.046,6,NA
"6123",31,27,1,1,1,0,1,2.367,5,NA
"6124",31,80,1,1,1,1,0,1.799,6,NA
"6125",31,49,1,1,1,0,1,1.446,6,NA
"6126",31,59,1,1,1,1,1,3.134,6,NA
"6127",31,46,1,1,1,1,1,2.518,6,NA
"6128",31,71,1,1,1,1,0,1.231,6,NA
"6129",31,79,1,1,1,1,0,0.525,4,NA
"6130",31,11,1,1,1,1,1,0.388,6,NA
"6131",31,83,1,1,1,0,0,3.281,3,NA
"6132",31,73,1,1,1,0,0,3.15,1,NA
"6133",31,56,1,1,1,0,1,1.317,6,NA
"6134",31,52,1,1,1,0,1,1.785,3,NA
"6135",31,47,1,1,1,1,1,2.166,3,NA
"6136",31,61,1,1,1,1,0,0.662,6,NA
"6137",31,38,1,1,1,1,1,1.35,6,NA
"6138",31,32,1,1,1,0,1,0.358,4,NA
"6139",31,90,1,1,1,0,0,1.943,1,NA
"6140",31,4,1,1,1,1,1,1.826,3,NA
"6141",31,70,1,1,1,0,0,2.238,6,NA
"6142",31,30,1,1,1,0,1,1.009,5,NA
"6143",31,68,1,1,1,0,0,2.721,1,NA
"6144",31,8,1,1,1,1,1,1.714,4,NA
"6145",31,55,1,1,1,1,1,1.587,1,NA
"6146",31,14,1,1,1,0,1,1.836,1,NA
"6147",31,9,1,1,1,0,1,0.987,6,NA
"6148",31,64,1,1,1,1,0,1.151,4,NA
"6149",31,34,1,1,1,0,1,2.344,1,NA
"6150",31,74,1,1,1,0,0,1.303,6,NA
"6151",31,87,1,1,1,1,0,1.242,4,NA
"6152",31,37,1,1,1,1,1,1.951,2,NA
"6153",31,23,1,1,1,0,1,1.438,3,NA
"6154",31,75,1,1,1,0,0,0.449,6,NA
"6155",31,67,1,1,1,1,0,1.3,5,NA
"6156",31,17,1,1,1,1,1,1.367,3,NA
"6157",31,66,1,1,1,0,0,1.925,5,NA
"6158",31,58,1,1,1,1,1,1.683,4,NA
"6159",31,39,1,1,1,1,1,2.414,3,NA
"6160",31,86,1,1,1,0,0,1.194,1,NA
"6161",31,62,1,1,1,0,0,1.194,6,NA
"6162",31,15,1,1,1,0,1,2.219,2,NA
"6163",31,63,1,1,1,1,0,0.885,3,NA
"6164",31,84,1,1,1,1,0,1.864,1,NA
"6165",31,85,1,1,1,0,0,1.56,3,NA
"6166",31,5,1,1,1,1,1,1.266,5,NA
"6167",31,33,1,1,1,1,1,0.841,3,NA
"6168",31,22,1,1,1,1,1,0.299,6,NA
"6169",31,50,1,1,1,1,1,1.219,6,NA
"6170",31,65,1,1,1,0,0,1.012,4,NA
"6171",31,77,1,1,1,0,0,1.048,4,NA
"6172",31,69,1,1,1,1,0,3.472,2,NA
"6173",31,82,1,1,1,1,0,0.707,4,NA
"6174",31,26,1,1,1,1,1,2.367,3,NA
"6175",31,89,1,1,1,1,0,0.815,6,NA
"6176",31,76,1,1,1,0,0,1.027,3,NA
"6177",31,72,1,1,1,0,0,1.801,3,NA
"6178",31,88,1,1,1,1,0,0.783,4,NA
"6179",31,81,1,1,1,0,0,2.136,3,NA
"6180",31,7,1,1,1,1,1,0.718,6,NA
"6181",32,90,1,1,0,1,0,2.277,1,NA
"6182",32,52,1,1,0,1,1,0.565,2,NA
"6183",32,56,1,1,0,1,1,1.04,2,NA
"6184",32,68,1,1,0,0,0,0.759,1,NA
"6185",32,26,1,1,0,1,1,1.704,3,NA
"6186",32,7,1,1,0,1,1,0.702,3,NA
"6187",32,62,1,1,0,1,0,2.376,1,NA
"6188",32,55,1,1,0,1,1,0.383,1,NA
"6189",32,63,1,1,0,0,0,1.944,1,NA
"6190",32,9,1,1,0,1,1,0.535,3,NA
"6191",32,33,1,1,0,1,1,1.24,3,NA
"6192",32,37,1,1,0,1,1,0.525,3,NA
"6193",32,61,1,1,0,1,0,0.867,3,NA
"6194",32,49,1,1,0,1,1,1.114,3,NA
"6195",32,59,1,1,0,1,1,0.983,3,NA
"6196",32,70,1,1,0,0,0,1.882,6,NA
"6197",32,4,1,1,0,1,1,0.453,3,NA
"6198",32,79,1,1,0,1,0,0.672,1,NA
"6199",32,5,1,1,0,1,1,0.434,1,NA
"6200",32,38,1,1,0,1,1,0.546,3,NA
"6201",32,84,1,1,0,1,0,2.214,2,NA
"6202",32,67,1,1,0,1,0,1.105,1,NA
"6203",32,81,1,1,0,1,0,0.7,1,NA
"6204",32,75,1,1,0,1,0,0.791,4,NA
"6205",32,88,1,1,0,1,0,0.725,1,NA
"6206",32,15,1,1,0,1,1,0.488,1,NA
"6207",32,72,1,1,0,0,0,1.431,3,NA
"6208",32,80,1,1,0,0,0,1.546,1,NA
"6209",32,65,1,1,0,0,0,4.058,1,NA
"6210",32,8,1,1,0,1,1,1.893,1,NA
"6211",32,32,1,1,0,0,1,1.136,2,NA
"6212",32,82,1,1,0,0,0,1.88,1,NA
"6213",32,22,1,1,0,1,1,0.656,1,NA
"6214",32,47,1,1,0,1,1,0.418,3,NA
"6215",32,27,1,1,0,1,1,0.475,3,NA
"6216",32,34,1,1,0,1,1,0.63,3,NA
"6217",32,73,1,1,0,0,0,1.288,1,NA
"6218",32,71,1,1,0,0,0,1.236,1,NA
"6219",32,76,1,1,0,1,0,1.471,1,NA
"6220",32,77,1,1,0,1,0,0.494,1,NA
"6221",32,83,1,1,0,0,0,0.415,2,NA
"6222",32,14,1,1,0,1,1,0.447,1,NA
"6223",32,46,1,1,0,1,1,0.374,3,NA
"6224",32,66,1,1,0,1,0,1.931,1,NA
"6225",32,87,1,1,0,1,0,0.628,5,NA
"6226",32,19,1,1,0,1,1,0.536,3,NA
"6227",32,74,1,1,0,1,0,0.865,1,NA
"6228",32,11,1,1,0,1,1,0.401,3,NA
"6229",32,85,1,1,0,0,0,1.899,3,NA
"6230",32,50,1,1,0,1,1,0.478,3,NA
"6231",32,30,1,1,0,1,1,0.389,3,NA
"6232",32,86,1,1,0,1,0,0.476,1,NA
"6233",32,64,1,1,0,1,0,0.322,1,NA
"6234",32,17,1,1,0,1,1,0.607,3,NA
"6235",32,23,1,1,0,1,1,1.078,3,NA
"6236",32,89,1,1,0,1,0,1.059,1,NA
"6237",32,69,1,1,0,1,0,0.556,3,NA
"6238",32,78,1,1,0,0,0,0.356,1,NA
"6239",32,58,1,1,0,1,1,0.794,2,NA
"6240",32,39,1,1,0,1,1,1.433,1,NA
"6241",33,60,1,1,1,0,0,2.777,3,NA
"6242",33,28,1,1,1,1,0,5.876,4,NA
"6243",33,41,1,1,1,1,0,6.184,2,NA
"6244",33,52,1,1,1,1,1,3.99,4,NA
"6245",33,5,1,1,1,0,1,5.288,4,NA
"6246",33,13,1,1,1,1,0,2.472,3,NA
"6247",33,43,1,1,1,0,0,2.323,1,NA
"6248",33,33,1,1,1,0,1,3.099,2,NA
"6249",33,40,1,1,1,1,0,1.449,2,NA
"6250",33,49,1,1,1,0,1,8.719,2,NA
"6251",33,36,1,1,1,0,0,1.419,3,NA
"6252",33,19,1,1,1,1,1,2.634,2,NA
"6253",33,22,1,1,1,1,1,4.838,2,NA
"6254",33,26,1,1,1,0,1,11.727,4,NA
"6255",33,2,1,1,1,0,0,2.669,4,NA
"6256",33,8,1,1,1,1,1,5.574,4,NA
"6257",33,46,1,1,1,1,1,1.178,5,NA
"6258",33,3,1,1,1,0,0,1.592,2,NA
"6259",33,34,1,1,1,0,1,2.511,1,NA
"6260",33,53,1,1,1,1,0,6.794,2,NA
"6261",33,10,1,1,1,0,0,1.194,4,NA
"6262",33,47,1,1,1,0,1,1.471,3,NA
"6263",33,38,1,1,1,0,1,3.487,2,NA
"6264",33,58,1,1,1,0,1,3.86,3,NA
"6265",33,42,1,1,1,0,0,1.904,1,NA
"6266",33,45,1,1,1,0,0,1.397,6,NA
"6267",33,50,1,1,1,0,1,2.718,1,NA
"6268",33,57,1,1,1,1,0,1.593,2,NA
"6269",33,55,1,1,1,1,1,1.085,4,NA
"6270",33,54,1,1,1,1,0,1.23,5,NA
"6271",33,44,1,1,1,1,0,3.677,3,NA
"6272",33,18,1,1,1,0,0,1.009,1,NA
"6273",33,6,1,1,1,1,0,1.485,3,NA
"6274",33,31,1,1,1,0,0,1.848,6,NA
"6275",33,15,1,1,1,1,1,4.907,2,NA
"6276",33,32,1,1,1,0,1,1.292,1,NA
"6277",33,16,1,1,1,0,0,1.201,1,NA
"6278",33,25,1,1,1,0,0,2.114,1,NA
"6279",33,59,1,1,1,1,1,1,2,NA
"6280",33,35,1,1,1,0,0,1.081,1,NA
"6281",33,21,1,1,1,0,0,1.488,1,NA
"6282",33,17,1,1,1,1,1,1.349,2,NA
"6283",33,27,1,1,1,0,1,0.987,1,NA
"6284",33,39,1,1,1,0,1,4.579,1,NA
"6285",33,4,1,1,1,1,1,1.105,3,NA
"6286",33,56,1,1,1,1,1,4.407,2,NA
"6287",33,51,1,1,1,0,0,0.945,1,NA
"6288",33,30,1,1,1,0,1,0.926,3,NA
"6289",33,1,1,1,1,0,0,2.306,5,NA
"6290",33,11,1,1,1,1,1,1.206,5,NA
"6291",33,37,1,1,1,1,1,1.845,3,NA
"6292",33,20,1,1,1,0,0,0.787,1,NA
"6293",33,9,1,1,1,1,1,3.628,2,NA
"6294",33,24,1,1,1,0,0,1.762,2,NA
"6295",33,23,1,1,1,1,1,4.265,2,NA
"6296",33,48,1,1,1,1,0,1.155,5,NA
"6297",33,14,1,1,1,1,1,2.283,1,NA
"6298",33,12,1,1,1,1,0,4.297,3,NA
"6299",33,7,1,1,1,0,1,0.967,1,NA
"6300",33,29,1,1,1,0,0,1.16,1,NA
"6301",34,47,1,1,0,1,1,2.107,5,NA
"6302",34,14,1,1,0,1,1,4.838,3,NA
"6303",34,32,1,1,0,1,1,3.619,3,NA
"6304",34,43,1,1,0,0,0,8.842,1,NA
"6305",34,1,1,1,0,0,0,10.742,1,NA
"6306",34,15,1,1,0,1,1,1.662,3,NA
"6307",34,23,1,1,0,1,1,1.77,5,NA
"6308",34,10,1,1,0,0,0,2.275,4,NA
"6309",34,18,1,1,0,0,0,4.941,3,NA
"6310",34,29,1,1,0,1,0,3.188,1,NA
"6311",34,8,1,1,0,1,1,1.249,4,NA
"6312",34,38,1,1,0,1,1,1.232,3,NA
"6313",34,55,1,1,0,1,1,1.476,4,NA
"6314",34,19,1,1,0,1,1,1.32,3,NA
"6315",34,6,1,1,0,0,0,5.128,3,NA
"6316",34,7,1,1,0,1,1,1.81,4,NA
"6317",34,52,1,1,0,0,1,10.085,1,NA
"6318",34,56,1,1,0,1,1,2.429,2,NA
"6319",34,35,1,1,0,1,0,3.913,2,NA
"6320",34,12,1,1,0,1,0,1.525,5,NA
"6321",34,2,1,1,0,0,0,5.222,1,NA
"6322",34,49,1,1,0,1,1,1.742,3,NA
"6323",34,13,1,1,0,1,0,1.391,1,NA
"6324",34,46,1,1,0,1,1,1.227,5,NA
"6325",34,11,1,1,0,1,1,1.178,4,NA
"6326",34,4,1,1,0,1,1,1.356,4,NA
"6327",34,45,1,1,0,0,0,4.77,1,NA
"6328",34,20,1,1,0,1,0,4.388,1,NA
"6329",34,27,1,1,0,1,1,1.113,2,NA
"6330",34,50,1,1,0,1,1,0.836,4,NA
"6331",34,28,1,1,0,1,0,4.796,1,NA
"6332",34,21,1,1,0,0,0,3.857,1,NA
"6333",34,17,1,1,0,1,1,1.071,4,NA
"6334",34,34,1,1,0,1,1,1.345,4,NA
"6335",34,42,1,1,0,1,0,2.239,1,NA
"6336",34,3,1,1,0,0,0,1.83,1,NA
"6337",34,54,1,1,0,1,0,1.042,2,NA
"6338",34,36,1,1,0,1,0,3.769,1,NA
"6339",34,26,1,1,0,1,1,1.12,3,NA
"6340",34,37,1,1,0,1,1,1.049,3,NA
"6341",34,58,1,1,0,1,1,3.789,1,NA
"6342",34,41,1,1,0,0,0,4.591,1,NA
"6343",34,60,1,1,0,0,0,1.876,1,NA
"6344",34,59,1,1,0,1,1,1.042,2,NA
"6345",34,22,1,1,0,1,1,1.106,2,NA
"6346",34,9,1,1,0,1,1,1.05,3,NA
"6347",34,53,1,1,0,1,0,5.723,1,NA
"6348",34,51,1,1,0,1,0,4.22,1,NA
"6349",34,25,1,1,0,0,0,1.635,1,NA
"6350",34,44,1,1,0,0,0,1.694,1,NA
"6351",34,40,1,1,0,1,0,7.024,1,NA
"6352",34,39,1,1,0,1,1,1.032,4,NA
"6353",34,33,1,1,0,1,1,1.344,3,NA
"6354",34,57,1,1,0,0,0,1.784,1,NA
"6355",34,48,1,1,0,1,0,5.646,1,NA
"6356",34,5,1,1,0,1,1,2.624,3,NA
"6357",34,16,1,1,0,1,0,2.127,1,NA
"6358",34,30,1,1,0,0,1,4.854,1,NA
"6359",34,24,1,1,0,0,0,2.889,1,NA
"6360",34,31,1,1,0,1,0,1.095,1,NA
"6361",36,37,1,1,0,1,1,8.225,1,NA
"6362",36,18,1,1,0,0,0,39.526,5,NA
"6363",36,58,1,1,0,1,1,1.504,4,NA
"6364",36,11,1,1,0,0,1,13.106,4,NA
"6365",36,42,1,1,0,0,0,1.249,4,NA
"6366",36,33,1,1,0,1,1,4.811,1,NA
"6367",36,28,1,1,0,0,0,11.683,3,NA
"6368",36,22,1,1,0,1,1,8.479,1,NA
"6369",36,46,1,1,0,1,1,8.054,6,NA
"6370",36,50,1,1,0,1,1,16.55,2,NA
"6371",36,45,1,1,0,0,0,3.504,6,NA
"6372",36,40,1,1,0,1,0,2.52,2,NA
"6373",36,47,1,1,0,1,1,4.984,1,NA
"6374",36,34,1,1,0,1,1,7.811,1,NA
"6375",36,26,1,1,0,1,1,8.948,1,NA
"6376",36,59,1,1,0,1,1,7.238,2,NA
"6377",36,48,1,1,0,1,0,5.851,4,NA
"6378",36,36,1,1,0,0,0,3.137,1,NA
"6379",36,57,1,1,0,1,0,15.562,1,NA
"6380",36,44,1,1,0,0,0,2.689,4,NA
"6381",36,19,1,1,0,0,1,11.759,1,NA
"6382",36,23,1,1,0,1,1,22.541,3,NA
"6383",36,51,1,1,0,1,0,2.439,1,NA
"6384",36,27,1,1,0,0,1,4.653,4,NA
"6385",36,15,1,1,0,1,1,1.125,1,NA
"6386",36,12,1,1,0,1,0,4.649,3,NA
"6387",36,35,1,1,0,0,0,3.027,4,NA
"6388",36,21,1,1,0,0,0,16.414,2,NA
"6389",36,8,1,1,0,1,1,3.073,1,NA
"6390",36,5,1,1,0,0,1,3.59,3,NA
"6391",36,10,1,1,0,0,0,25.689,4,NA
"6392",36,6,1,1,0,0,0,23.7,4,NA
"6393",36,30,1,1,0,0,1,3.914,5,NA
"6394",36,29,1,1,0,0,0,4.54,1,NA
"6395",36,25,1,1,0,0,0,16.388,1,NA
"6396",36,54,1,1,0,1,0,9.885,5,NA
"6397",36,41,1,1,0,0,0,18.777,3,NA
"6398",36,53,1,1,0,0,0,4.799,1,NA
"6399",36,2,1,1,0,0,0,2.409,5,NA
"6400",36,3,1,1,0,1,0,10.22,3,NA
"6401",36,38,1,1,0,1,1,1.947,4,NA
"6402",36,60,1,1,0,1,0,2.313,1,NA
"6403",36,1,1,1,0,0,0,7.928,1,NA
"6404",36,13,1,1,0,0,0,4.924,3,NA
"6405",36,9,1,1,0,1,1,10.174,3,NA
"6406",36,32,1,1,0,0,1,1.297,3,NA
"6407",36,7,1,1,0,0,1,2.982,1,NA
"6408",36,31,1,1,0,1,0,2.978,2,NA
"6409",36,39,1,1,0,0,1,1.656,1,NA
"6410",36,43,1,1,0,1,0,4.016,1,NA
"6411",36,55,1,1,0,1,1,1.186,2,NA
"6412",36,24,1,1,0,0,0,6.984,1,NA
"6413",36,49,1,1,0,0,1,2.132,3,NA
"6414",36,17,1,1,0,1,1,2.695,1,NA
"6415",36,4,1,1,0,1,1,3.271,3,NA
"6416",36,14,1,1,0,1,1,4.645,1,NA
"6417",36,52,1,1,0,1,1,10.914,3,NA
"6418",36,56,1,1,0,1,1,9.98,2,NA
"6419",36,16,1,1,0,0,0,1.337,4,NA
"6420",36,20,1,1,0,0,0,6.319,4,NA
"6421",37,21,1,1,1,0,1,7.724,1,NA
"6422",37,43,1,1,1,0,1,8.13,1,NA
"6423",37,114,1,1,1,1,0,4.867,2,NA
"6424",37,110,1,1,1,0,0,11.605,1,NA
"6425",37,105,1,1,1,0,0,9.36,2,NA
"6426",37,99,1,1,1,0,0,12.945,1,NA
"6427",37,53,1,1,1,1,1,4.284,2,NA
"6428",37,112,1,1,1,1,0,6.335,2,NA
"6429",37,13,1,1,1,1,1,5.576,2,NA
"6430",37,24,1,1,1,1,1,4.206,1,NA
"6431",37,117,1,1,1,0,0,7.155,3,NA
"6432",37,91,1,1,1,1,0,20.817,1,NA
"6433",37,3,1,1,1,0,1,4.033,1,NA
"6434",37,48,1,1,1,0,1,4.387,3,NA
"6435",37,2,1,1,1,0,1,4.814,2,NA
"6436",37,118,1,1,1,0,0,18.129,1,NA
"6437",37,41,1,1,1,1,1,10.32,1,NA
"6438",37,51,1,1,1,0,1,3.344,3,NA
"6439",37,116,1,1,1,1,0,12.699,2,NA
"6440",37,45,1,1,1,0,1,1.916,6,NA
"6441",37,104,1,1,1,1,0,2.426,4,NA
"6442",37,60,1,1,1,1,1,2.686,1,NA
"6443",37,25,1,1,1,0,1,2.018,6,NA
"6444",37,16,1,1,1,1,1,3.084,4,NA
"6445",37,119,1,1,1,0,0,5.907,5,NA
"6446",37,20,1,1,1,0,1,5.811,2,NA
"6447",37,98,1,1,1,1,0,6.012,4,NA
"6448",37,28,1,1,1,1,1,3.022,3,NA
"6449",37,42,1,1,1,1,1,10.979,3,NA
"6450",37,111,1,1,1,0,0,6.464,3,NA
"6451",37,97,1,1,1,0,0,3.377,6,NA
"6452",37,95,1,1,1,0,0,4.429,4,NA
"6453",37,12,1,1,1,1,1,2.436,6,NA
"6454",37,103,1,1,1,0,0,17.44,2,NA
"6455",37,36,1,1,1,0,1,7.168,1,NA
"6456",37,107,1,1,1,1,0,4.715,6,NA
"6457",37,10,1,1,1,0,1,1.566,6,NA
"6458",37,1,1,1,1,0,1,3.15,4,NA
"6459",37,115,1,1,1,1,0,5.589,2,NA
"6460",37,101,1,1,1,0,0,6.214,3,NA
"6461",37,18,1,1,1,0,1,6.971,4,NA
"6462",37,31,1,1,1,0,1,7.327,1,NA
"6463",37,29,1,1,1,0,1,3.411,1,NA
"6464",37,6,1,1,1,0,1,2.024,2,NA
"6465",37,54,1,1,1,0,1,3.966,2,NA
"6466",37,94,1,1,1,1,0,13.437,4,NA
"6467",37,113,1,1,1,0,0,15.44,1,NA
"6468",37,100,1,1,1,0,0,10.81,4,NA
"6469",37,108,1,1,1,0,0,11.183,2,NA
"6470",37,120,1,1,1,1,0,9.423,1,NA
"6471",37,93,1,1,1,0,0,4.237,3,NA
"6472",37,92,1,1,1,0,0,1.809,6,NA
"6473",37,40,1,1,1,1,1,12.912,1,NA
"6474",37,57,1,1,1,0,1,14.374,2,NA
"6475",37,35,1,1,1,1,1,3.521,3,NA
"6476",37,109,1,1,1,1,0,17.947,1,NA
"6477",37,44,1,1,1,0,1,2.01,4,NA
"6478",37,96,1,1,1,1,0,8.178,1,NA
"6479",37,106,1,1,1,1,0,10.935,2,NA
"6480",37,102,1,1,1,1,0,14.746,1,NA
"6481",39,91,1,1,1,0,0,7.591,1,NA
"6482",39,96,1,1,1,0,0,7.422,4,NA
"6483",39,60,1,1,1,1,1,7.625,3,NA
"6484",39,28,1,1,1,1,1,8.688,3,NA
"6485",39,117,1,1,1,0,0,4.268,2,NA
"6486",39,107,1,1,1,0,0,4.068,5,NA
"6487",39,35,1,1,1,1,1,9.114,4,NA
"6488",39,111,1,1,1,0,0,11.221,1,NA
"6489",39,6,1,1,1,1,1,1.764,2,NA
"6490",39,12,1,1,1,1,1,8.3,3,NA
"6491",39,109,1,1,1,1,0,5.02,1,NA
"6492",39,10,1,1,1,0,1,1.581,2,NA
"6493",39,113,1,1,1,1,0,1.592,3,NA
"6494",39,20,1,1,1,1,1,1.323,5,NA
"6495",39,108,1,1,1,1,0,3.783,2,NA
"6496",39,3,1,1,1,1,1,1.709,4,NA
"6497",39,40,1,1,1,0,1,1.667,1,NA
"6498",39,24,1,1,1,1,1,2.73,1,NA
"6499",39,102,1,1,1,0,0,4.533,1,NA
"6500",39,42,1,1,1,0,1,10.659,1,NA
"6501",39,31,1,1,1,1,1,1.507,1,NA
"6502",39,44,1,1,1,1,1,0.805,2,NA
"6503",39,104,1,1,1,1,0,5.391,2,NA
"6504",39,13,1,1,1,1,1,0.704,2,NA
"6505",39,97,1,1,1,0,0,2.312,5,NA
"6506",39,95,1,1,1,1,0,2.034,4,NA
"6507",39,99,1,1,1,1,0,2.456,5,NA
"6508",39,41,1,1,1,0,1,2.737,1,NA
"6509",39,103,1,1,1,0,0,3.292,2,NA
"6510",39,105,1,1,1,0,0,2.667,1,NA
"6511",39,54,1,1,1,1,1,3.283,2,NA
"6512",39,118,1,1,1,0,0,5.464,1,NA
"6513",39,25,1,1,1,0,1,4.053,6,NA
"6514",39,92,1,1,1,1,0,3.228,5,NA
"6515",39,51,1,1,1,1,1,2.48,1,NA
"6516",39,114,1,1,1,1,0,8.507,1,NA
"6517",39,98,1,1,1,1,0,2.384,1,NA
"6518",39,1,1,1,1,1,1,1.896,2,NA
"6519",39,94,1,1,1,1,0,0.565,3,NA
"6520",39,29,1,1,1,0,1,3.86,2,NA
"6521",39,106,1,1,1,0,0,2.188,5,NA
"6522",39,36,1,1,1,1,1,0.578,1,NA
"6523",39,57,1,1,1,1,1,5.122,1,NA
"6524",39,43,1,1,1,0,1,1.294,1,NA
"6525",39,112,1,1,1,1,0,8.586,1,NA
"6526",39,53,1,1,1,1,1,0.772,2,NA
"6527",39,110,1,1,1,0,0,2.302,4,NA
"6528",39,16,1,1,1,1,1,3.34,2,NA
"6529",39,93,1,1,1,1,0,3.384,1,NA
"6530",39,48,1,1,1,0,1,4.38,1,NA
"6531",39,115,1,1,1,1,0,3.25,1,NA
"6532",39,21,1,1,1,0,1,19.484,1,NA
"6533",39,2,1,1,1,0,1,2.383,5,NA
"6534",39,119,1,1,1,0,0,3.586,1,NA
"6535",39,45,1,1,1,0,1,2.383,6,NA
"6536",39,120,1,1,1,0,0,3.068,1,NA
"6537",39,116,1,1,1,1,0,0.979,1,NA
"6538",39,18,1,1,1,0,1,0.932,2,NA
"6539",39,100,1,1,1,0,0,2.474,6,NA
"6540",39,101,1,1,1,0,0,4.803,1,NA
"6541",40,48,1,1,0,1,1,1.512,5,NA
"6542",40,21,1,1,0,1,1,0.732,4,NA
"6543",40,20,1,1,0,1,1,0.595,5,NA
"6544",40,25,1,1,0,0,1,2.49,3,NA
"6545",40,1,1,1,0,1,1,0.943,4,NA
"6546",40,100,1,1,0,0,0,2.697,4,NA
"6547",40,53,1,1,0,1,1,3.199,5,NA
"6548",40,40,1,1,0,1,1,5.944,3,NA
"6549",40,2,1,1,0,1,1,0.849,6,NA
"6550",40,112,1,1,0,0,0,2.163,3,NA
"6551",40,13,1,1,0,0,1,3.855,3,NA
"6552",40,29,1,1,0,1,1,2.08,6,NA
"6553",40,45,1,1,0,1,1,0.446,6,NA
"6554",40,119,1,1,0,0,0,1.197,5,NA
"6555",40,113,1,1,0,0,0,3.489,3,NA
"6556",40,24,1,1,0,1,1,0.994,6,NA
"6557",40,115,1,1,0,0,0,1.988,6,NA
"6558",40,44,1,1,0,0,1,2.073,5,NA
"6559",40,43,1,1,0,1,1,1.095,6,NA
"6560",40,60,1,1,0,1,1,0.542,6,NA
"6561",40,54,1,1,0,1,1,0.768,6,NA
"6562",40,42,1,1,0,1,1,0.62,6,NA
"6563",40,99,1,1,0,1,0,1.059,6,NA
"6564",40,18,1,1,0,1,1,0.695,6,NA
"6565",40,108,1,1,0,1,0,1.779,6,NA
"6566",40,91,1,1,0,0,0,1.939,2,NA
"6567",40,95,1,1,0,0,0,1.527,3,NA
"6568",40,96,1,1,0,1,0,2.556,5,NA
"6569",40,16,1,1,0,1,1,0.775,5,NA
"6570",40,109,1,1,0,0,0,1.833,6,NA
"6571",40,35,1,1,0,1,1,0.967,6,NA
"6572",40,31,1,1,0,1,1,0.772,6,NA
"6573",40,110,1,1,0,1,0,2.087,6,NA
"6574",40,103,1,1,0,0,0,1.763,2,NA
"6575",40,28,1,1,0,1,1,0.832,6,NA
"6576",40,12,1,1,0,1,1,0.549,6,NA
"6577",40,102,1,1,0,0,0,1.704,2,NA
"6578",40,116,1,1,0,0,0,1.947,2,NA
"6579",40,98,1,1,0,1,0,4.297,4,NA
"6580",40,93,1,1,0,1,0,1.867,5,NA
"6581",40,57,1,1,0,1,1,2.557,6,NA
"6582",40,114,1,1,0,1,0,0.672,6,NA
"6583",40,105,1,1,0,0,0,7.779,6,NA
"6584",40,118,1,1,0,1,0,0.947,6,NA
"6585",40,101,1,1,0,1,0,2.94,3,NA
"6586",40,41,1,1,0,1,1,0.829,6,NA
"6587",40,106,1,1,0,0,0,0.819,2,NA
"6588",40,107,1,1,0,1,0,3.533,5,NA
"6589",40,10,1,1,0,1,1,0.563,6,NA
"6590",40,51,1,1,0,1,1,0.638,6,NA
"6591",40,94,1,1,0,1,0,0.744,6,NA
"6592",40,36,1,1,0,1,1,0.829,6,NA
"6593",40,97,1,1,0,0,0,2.585,3,NA
"6594",40,104,1,1,0,1,0,1.496,6,NA
"6595",40,6,1,1,0,1,1,0.62,6,NA
"6596",40,120,1,1,0,1,0,1.538,4,NA
"6597",40,92,1,1,0,1,0,0.45,6,NA
"6598",40,3,1,1,0,1,1,1.35,6,NA
"6599",40,117,1,1,0,0,0,0.654,6,NA
"6600",40,111,1,1,0,0,0,2.891,3,NA
"6601",41,2,1,1,1,0,1,2.317,2,NA
"6602",41,86,1,1,1,0,0,3.256,3,NA
"6603",41,13,1,1,1,1,1,2.139,2,NA
"6604",41,57,1,1,1,1,1,3.968,5,NA
"6605",41,88,1,1,1,1,0,4.413,2,NA
"6606",41,63,1,1,1,0,0,4.913,1,NA
"6607",41,42,1,1,1,0,1,6.169,3,NA
"6608",41,29,1,1,1,1,1,2.509,1,NA
"6609",41,72,1,1,1,1,0,5.828,1,NA
"6610",41,77,1,1,1,1,0,2.576,3,NA
"6611",41,75,1,1,1,0,0,2.117,4,NA
"6612",41,24,1,1,1,1,1,4.464,3,NA
"6613",41,18,1,1,1,1,1,2.525,4,NA
"6614",41,10,1,1,1,0,1,2.08,6,NA
"6615",41,54,1,1,1,1,1,1.691,5,NA
"6616",41,6,1,1,1,0,1,3.073,5,NA
"6617",41,45,1,1,1,0,1,1.501,6,NA
"6618",41,21,1,1,1,1,1,3.043,1,NA
"6619",41,76,1,1,1,1,0,6.031,1,NA
"6620",41,74,1,1,1,0,0,3.151,6,NA
"6621",41,25,1,1,1,1,1,1.331,4,NA
"6622",41,36,1,1,1,1,1,5.894,1,NA
"6623",41,84,1,1,1,1,0,2.56,1,NA
"6624",41,89,1,1,1,1,0,3.005,5,NA
"6625",41,67,1,1,1,0,0,6.097,6,NA
"6626",41,70,1,1,1,1,0,3.834,1,NA
"6627",41,44,1,1,1,1,1,4.169,5,NA
"6628",41,69,1,1,1,0,0,3.16,4,NA
"6629",41,85,1,1,1,1,0,2.304,2,NA
"6630",41,48,1,1,1,1,1,1.641,2,NA
"6631",41,53,1,1,1,1,1,5.563,2,NA
"6632",41,64,1,1,1,1,0,1.004,3,NA
"6633",41,35,1,1,1,1,1,2.246,5,NA
"6634",41,90,1,1,1,1,0,4.466,4,NA
"6635",41,60,1,1,1,0,1,2.502,1,NA
"6636",41,68,1,1,1,1,0,2.657,2,NA
"6637",41,20,1,1,1,0,1,1.459,6,NA
"6638",41,43,1,1,1,1,1,2.06,1,NA
"6639",41,80,1,1,1,0,0,7.799,2,NA
"6640",41,61,1,1,1,0,0,6.014,4,NA
"6641",41,28,1,1,1,0,1,4.327,4,NA
"6642",41,3,1,1,1,1,1,0.667,1,NA
"6643",41,31,1,1,1,1,1,2.271,2,NA
"6644",41,62,1,1,1,1,0,3.516,4,NA
"6645",41,81,1,1,1,1,0,2.195,2,NA
"6646",41,71,1,1,1,1,0,10.719,2,NA
"6647",41,40,1,1,1,0,1,2.204,1,NA
"6648",41,79,1,1,1,1,0,1.909,3,NA
"6649",41,16,1,1,1,0,1,6.002,3,NA
"6650",41,66,1,1,1,0,0,1.843,6,NA
"6651",41,41,1,1,1,0,1,2.54,4,NA
"6652",41,78,1,1,1,0,0,1.773,1,NA
"6653",41,87,1,1,1,1,0,1.893,6,NA
"6654",41,12,1,1,1,1,1,1.481,6,NA
"6655",41,65,1,1,1,0,0,6.621,2,NA
"6656",41,73,1,1,1,0,0,3.837,2,NA
"6657",41,83,1,1,1,1,0,10.304,3,NA
"6658",41,1,1,1,1,0,1,4.61,2,NA
"6659",41,82,1,1,1,1,0,5.165,4,NA
"6660",41,51,1,1,1,0,1,7.398,2,NA
"6661",42,21,1,1,0,1,1,1.106,6,NA
"6662",42,61,1,1,0,0,0,5.503,1,NA
"6663",42,80,1,1,0,0,0,5.647,1,NA
"6664",42,12,1,1,0,1,1,1.996,6,NA
"6665",42,90,1,1,0,1,0,4.439,1,NA
"6666",42,35,1,1,0,1,1,0.718,1,NA
"6667",42,29,1,1,0,1,1,0.589,6,NA
"6668",42,3,1,1,0,1,1,0.821,6,NA
"6669",42,53,1,1,0,1,1,0.73,6,NA
"6670",42,75,1,1,0,1,0,0.653,6,NA
"6671",42,83,1,1,0,1,0,0.583,1,NA
"6672",42,84,1,1,0,1,0,1.403,1,NA
"6673",42,40,1,1,0,1,1,0.631,6,NA
"6674",42,25,1,1,0,1,1,0.544,6,NA
"6675",42,85,1,1,0,1,0,0.915,1,NA
"6676",42,70,1,1,0,1,0,1.55,1,NA
"6677",42,42,1,1,0,1,1,26.945,1,NA
"6678",42,36,1,1,0,1,1,0.577,6,NA
"6679",42,71,1,1,0,1,0,0.865,6,NA
"6680",42,76,1,1,0,1,0,0.595,6,NA
"6681",42,1,1,1,0,1,1,0.484,6,NA
"6682",42,57,1,1,0,1,1,0.518,6,NA
"6683",42,78,1,1,0,1,0,0.549,1,NA
"6684",42,43,1,1,0,1,1,0.651,5,NA
"6685",42,68,1,1,0,1,0,1.953,1,NA
"6686",42,16,1,1,0,1,1,5.329,1,NA
"6687",42,20,1,1,0,1,1,4.365,4,NA
"6688",42,87,1,1,0,1,0,0.594,6,NA
"6689",42,69,1,1,0,1,0,0.492,1,NA
"6690",42,74,1,1,0,1,0,1.201,1,NA
"6691",42,54,1,1,0,1,1,0.579,6,NA
"6692",42,60,1,1,0,0,1,6.479,6,NA
"6693",42,28,1,1,0,1,1,1.989,6,NA
"6694",42,18,1,1,0,1,1,0.498,6,NA
"6695",42,65,1,1,0,0,0,8.781,5,NA
"6696",42,73,1,1,0,1,0,1.158,1,NA
"6697",42,51,1,1,0,1,1,7.181,1,NA
"6698",42,24,1,1,0,1,1,11.813,3,NA
"6699",42,45,1,1,0,1,1,1.099,6,NA
"6700",42,72,1,1,0,1,0,7.444,4,NA
"6701",42,62,1,1,0,1,0,3.708,1,NA
"6702",42,66,1,1,0,1,0,0.512,1,NA
"6703",42,67,1,1,0,1,0,0.573,1,NA
"6704",42,86,1,1,0,1,0,6.749,4,NA
"6705",42,2,1,1,0,1,1,2.425,3,NA
"6706",42,64,1,1,0,1,0,0.823,5,NA
"6707",42,82,1,1,0,1,0,2.756,5,NA
"6708",42,13,1,1,0,1,1,8.331,6,NA
"6709",42,81,1,1,0,1,0,0.845,4,NA
"6710",42,88,1,1,0,1,0,0.566,1,NA
"6711",42,31,1,1,0,1,1,0.412,6,NA
"6712",42,79,1,1,0,1,0,1.472,5,NA
"6713",42,89,1,1,0,1,0,0.319,1,NA
"6714",42,63,1,1,0,1,0,0.399,4,NA
"6715",42,10,1,1,0,1,1,0.513,6,NA
"6716",42,44,1,1,0,1,1,0.891,6,NA
"6717",42,6,1,1,0,1,1,0.506,1,NA
"6718",42,77,1,1,0,1,0,1.792,1,NA
"6719",42,41,1,1,0,1,1,0.562,6,NA
"6720",42,48,1,1,0,1,1,0.419,6,NA
"6721",43,89,1,1,1,0,0,1.375,3,NA
"6722",43,90,1,1,1,1,0,6.949,2,NA
"6723",43,42,1,1,1,0,1,1.359,3,NA
"6724",43,69,1,1,1,1,0,2.069,3,NA
"6725",43,74,1,1,1,0,0,1.591,6,NA
"6726",43,24,1,1,1,1,1,4.739,3,NA
"6727",43,66,1,1,1,0,0,19.321,4,NA
"6728",43,78,1,1,1,0,0,2.257,3,NA
"6729",43,44,1,1,1,0,1,3.422,3,NA
"6730",43,70,1,1,1,1,0,1.762,3,NA
"6731",43,76,1,1,1,1,0,11.064,3,NA
"6732",43,51,1,1,1,1,1,2.009,3,NA
"6733",43,87,1,1,1,1,0,3.686,3,NA
"6734",43,36,1,1,1,0,1,0.912,3,NA
"6735",43,12,1,1,1,1,1,5.948,6,NA
"6736",43,13,1,1,1,1,1,8.187,3,NA
"6737",43,67,1,1,1,0,0,12.143,3,NA
"6738",43,35,1,1,1,1,1,0.59,3,NA
"6739",43,79,1,1,1,1,0,1.306,4,NA
"6740",43,81,1,1,1,0,0,4.645,3,NA
"6741",43,10,1,1,1,0,1,5.692,4,NA
"6742",43,72,1,1,1,0,0,1.277,5,NA
"6743",43,25,1,1,1,0,1,2.587,3,NA
"6744",43,20,1,1,1,0,1,7.102,4,NA
"6745",43,62,1,1,1,0,0,11.397,4,NA
"6746",43,21,1,1,1,0,1,12.084,4,NA
"6747",43,31,1,1,1,0,1,0.954,3,NA
"6748",43,64,1,1,1,1,0,1.245,4,NA
"6749",43,75,1,1,1,0,0,5.321,4,NA
"6750",43,57,1,1,1,1,1,0.707,4,NA
"6751",43,16,1,1,1,1,1,1.195,3,NA
"6752",43,80,1,1,1,0,0,3.667,3,NA
"6753",43,6,1,1,1,0,1,7.922,4,NA
"6754",43,68,1,1,1,1,0,3.546,3,NA
"6755",43,63,1,1,1,0,0,4.755,2,NA
"6756",43,86,1,1,1,0,0,1.741,1,NA
"6757",43,48,1,1,1,1,1,1.226,2,NA
"6758",43,3,1,1,1,0,1,1.643,3,NA
"6759",43,1,1,1,1,0,1,13.567,4,NA
"6760",43,2,1,1,1,0,1,2.354,4,NA
"6761",43,54,1,1,1,0,1,4.765,3,NA
"6762",43,65,1,1,1,1,0,0.56,4,NA
"6763",43,28,1,1,1,0,1,3.057,3,NA
"6764",43,88,1,1,1,0,0,3.702,3,NA
"6765",43,77,1,1,1,0,0,2.444,3,NA
"6766",43,82,1,1,1,1,0,4.129,3,NA
"6767",43,41,1,1,1,0,1,0.785,2,NA
"6768",43,18,1,1,1,1,1,2.541,3,NA
"6769",43,71,1,1,1,0,0,2.664,2,NA
"6770",43,73,1,1,1,1,0,2.426,3,NA
"6771",43,53,1,1,1,1,1,1.336,3,NA
"6772",43,43,1,1,1,1,1,0.795,2,NA
"6773",43,29,1,1,1,1,1,1.383,3,NA
"6774",43,60,1,1,1,1,1,2.497,3,NA
"6775",43,85,1,1,1,0,0,6.992,2,NA
"6776",43,40,1,1,1,0,1,1.237,3,NA
"6777",43,83,1,1,1,1,0,1.976,5,NA
"6778",43,45,1,1,1,0,1,1.06,6,NA
"6779",43,61,1,1,1,1,0,3.181,4,NA
"6780",43,84,1,1,1,1,0,0.573,4,NA
"6781",44,21,1,1,0,1,1,1.339,6,NA
"6782",44,40,1,1,0,1,1,0.874,6,NA
"6783",44,42,1,1,0,1,1,0.354,6,NA
"6784",44,48,1,1,0,1,1,0.964,6,NA
"6785",44,85,1,1,0,1,0,2.534,4,NA
"6786",44,90,1,1,0,0,0,5.532,1,NA
"6787",44,6,1,1,0,1,1,1.664,6,NA
"6788",44,24,1,1,0,1,1,0.551,6,NA
"6789",44,79,1,1,0,1,0,0.867,3,NA
"6790",44,88,1,1,0,1,0,2.042,3,NA
"6791",44,74,1,1,0,1,0,0.934,5,NA
"6792",44,69,1,1,0,1,0,0.677,4,NA
"6793",44,80,1,1,0,0,0,1.296,3,NA
"6794",44,45,1,1,0,1,1,1.688,6,NA
"6795",44,78,1,1,0,0,0,1.554,1,NA
"6796",44,61,1,1,0,1,0,0.732,2,NA
"6797",44,75,1,1,0,0,0,1.142,5,NA
"6798",44,20,1,1,0,1,1,0.388,6,NA
"6799",44,44,1,1,0,1,1,0.626,6,NA
"6800",44,62,1,1,0,0,0,0.969,2,NA
"6801",44,2,1,1,0,1,1,0.87,6,NA
"6802",44,3,1,1,0,1,1,0.36,6,NA
"6803",44,68,1,1,0,1,0,1.68,1,NA
"6804",44,36,1,1,0,1,1,0.561,6,NA
"6805",44,35,1,1,0,1,1,0.325,6,NA
"6806",44,31,1,1,0,1,1,0.971,6,NA
"6807",44,86,1,1,0,1,0,2.031,3,NA
"6808",44,13,1,1,0,1,1,0.453,6,NA
"6809",44,16,1,1,0,1,1,0.396,6,NA
"6810",44,60,1,1,0,1,1,0.423,6,NA
"6811",44,67,1,1,0,0,0,1.213,2,NA
"6812",44,18,1,1,0,1,1,1.05,2,NA
"6813",44,72,1,1,0,0,0,0.779,4,NA
"6814",44,89,1,1,0,0,0,0.715,3,NA
"6815",44,81,1,1,0,1,0,0.493,4,NA
"6816",44,73,1,1,0,1,0,0.384,4,NA
"6817",44,63,1,1,0,1,0,0.949,3,NA
"6818",44,43,1,1,0,1,1,0.495,6,NA
"6819",44,65,1,1,0,0,0,0.487,2,NA
"6820",44,71,1,1,0,0,0,1.098,3,NA
"6821",44,76,1,1,0,0,0,2.16,4,NA
"6822",44,87,1,1,0,0,0,3.861,4,NA
"6823",44,77,1,1,0,1,0,0.323,5,NA
"6824",44,41,1,1,0,1,1,0.291,6,NA
"6825",44,1,1,1,0,1,1,0.263,6,NA
"6826",44,12,1,1,0,1,1,0.687,3,NA
"6827",44,53,1,1,0,1,1,1.074,6,NA
"6828",44,29,1,1,0,1,1,0.567,6,NA
"6829",44,70,1,1,0,1,0,0.707,3,NA
"6830",44,82,1,1,0,1,0,2.24,5,NA
"6831",44,51,1,1,0,1,1,0.249,6,NA
"6832",44,10,1,1,0,1,1,0.261,6,NA
"6833",44,66,1,1,0,0,0,0.506,4,NA
"6834",44,83,1,1,0,0,0,4.609,3,NA
"6835",44,57,1,1,0,1,1,0.339,6,NA
"6836",44,64,1,1,0,1,0,2.517,3,NA
"6837",44,54,1,1,0,1,1,0.267,6,NA
"6838",44,25,1,1,0,1,1,6.137,3,NA
"6839",44,84,1,1,0,0,0,0.755,3,NA
"6840",44,28,1,1,0,1,1,0.26,6,NA
"6841",47,28,1,1,1,1,1,7.277,6,NA
"6842",47,48,1,1,1,1,1,2.667,6,NA
"6843",47,20,1,1,1,1,1,3.183,6,NA
"6844",47,1,1,1,1,1,1,2.139,3,NA
"6845",47,47,1,1,1,0,0,3.674,1,NA
"6846",47,25,1,1,1,1,1,2.406,1,NA
"6847",47,31,1,1,1,1,1,1.025,3,NA
"6848",47,38,1,1,1,0,0,4.164,3,NA
"6849",47,44,1,1,1,1,1,5.604,2,NA
"6850",47,46,1,1,1,0,0,7.241,5,NA
"6851",47,43,1,1,1,1,1,1.352,1,NA
"6852",47,37,1,1,1,0,0,2.349,1,NA
"6853",47,17,1,1,1,0,0,1.689,6,NA
"6854",47,56,1,1,1,1,0,1.048,5,NA
"6855",47,54,1,1,1,1,1,1.017,2,NA
"6856",47,59,1,1,1,1,0,0.932,3,NA
"6857",47,49,1,1,1,0,0,1.657,1,NA
"6858",47,32,1,1,1,1,0,3.458,2,NA
"6859",47,4,1,1,1,1,0,1.006,4,NA
"6860",47,29,1,1,1,1,1,1.46,2,NA
"6861",47,26,1,1,1,0,0,6.383,3,NA
"6862",47,50,1,1,1,0,0,1.504,5,NA
"6863",47,13,1,1,1,1,1,2.633,6,NA
"6864",47,55,1,1,1,0,0,1.534,2,NA
"6865",47,8,1,1,1,0,0,1.88,1,NA
"6866",47,36,1,1,1,1,1,1.655,2,NA
"6867",47,45,1,1,1,1,1,4.109,4,NA
"6868",47,39,1,1,1,0,0,1.466,3,NA
"6869",47,42,1,1,1,0,1,1.384,5,NA
"6870",47,14,1,1,1,1,0,1.432,1,NA
"6871",47,5,1,1,1,0,0,3.538,4,NA
"6872",47,24,1,1,1,1,1,1.259,3,NA
"6873",47,40,1,1,1,1,1,1.376,3,NA
"6874",47,19,1,1,1,1,0,4.122,2,NA
"6875",47,35,1,1,1,1,1,24.577,4,NA
"6876",47,6,1,1,1,0,1,4.63,4,NA
"6877",47,15,1,1,1,1,0,1.565,4,NA
"6878",47,9,1,1,1,1,0,1.299,6,NA
"6879",47,23,1,1,1,0,0,8.586,6,NA
"6880",47,51,1,1,1,0,1,2.171,1,NA
"6881",47,53,1,1,1,0,1,3.628,2,NA
"6882",47,58,1,1,1,1,0,0.991,2,NA
"6883",47,60,1,1,1,1,1,1.6,2,NA
"6884",47,10,1,1,1,0,1,3.135,5,NA
"6885",47,27,1,1,1,0,0,2.055,6,NA
"6886",47,7,1,1,1,0,0,2.512,3,NA
"6887",47,3,1,1,1,0,1,1.594,1,NA
"6888",47,33,1,1,1,0,0,0.462,4,NA
"6889",47,16,1,1,1,0,1,2.506,1,NA
"6890",47,57,1,1,1,0,1,1.353,6,NA
"6891",47,12,1,1,1,1,1,2.876,5,NA
"6892",47,34,1,1,1,0,0,2.396,5,NA
"6893",47,18,1,1,1,0,1,1.543,6,NA
"6894",47,2,1,1,1,1,1,2.949,4,NA
"6895",47,30,1,1,1,1,0,6.828,5,NA
"6896",47,41,1,1,1,0,1,23.757,4,NA
"6897",47,22,1,1,1,0,0,1.13,5,NA
"6898",47,11,1,1,1,0,0,1.405,5,NA
"6899",47,21,1,1,1,1,1,5.65,5,NA
"6900",47,52,1,1,1,1,0,2.971,6,NA
"6901",49,96,1,1,1,0,1,1.769,2,NA
"6902",49,110,1,1,1,1,1,3.887,2,NA
"6903",49,77,1,1,1,1,0,1.569,3,NA
"6904",49,87,1,1,1,1,0,2.609,5,NA
"6905",49,65,1,1,1,0,0,4.07,3,NA
"6906",49,82,1,1,1,0,0,3.6,1,NA
"6907",49,107,1,1,1,1,1,2.422,6,NA
"6908",49,73,1,1,1,1,0,2.203,1,NA
"6909",49,103,1,1,1,1,1,1.866,6,NA
"6910",49,67,1,1,1,1,0,1.52,6,NA
"6911",49,101,1,1,1,0,1,3.699,2,NA
"6912",49,75,1,1,1,0,0,1.886,2,NA
"6913",49,108,1,1,1,1,1,2.088,2,NA
"6914",49,99,1,1,1,0,1,2.245,2,NA
"6915",49,114,1,1,1,0,1,1.666,4,NA
"6916",49,100,1,1,1,1,1,3.365,5,NA
"6917",49,81,1,1,1,1,0,3.932,1,NA
"6918",49,94,1,1,1,1,1,1.735,2,NA
"6919",49,88,1,1,1,0,0,1.896,2,NA
"6920",49,68,1,1,1,1,0,1.352,1,NA
"6921",49,91,1,1,1,0,1,2.536,1,NA
"6922",49,105,1,1,1,1,1,4.04,1,NA
"6923",49,62,1,1,1,0,0,3.606,2,NA
"6924",49,119,1,1,1,0,1,5.032,5,NA
"6925",49,111,1,1,1,0,1,1.796,4,NA
"6926",49,116,1,1,1,0,1,1.323,3,NA
"6927",49,64,1,1,1,1,0,3.114,1,NA
"6928",49,71,1,1,1,0,0,3.459,1,NA
"6929",49,84,1,1,1,1,0,1.874,2,NA
"6930",49,115,1,1,1,0,1,3.974,1,NA
"6931",49,78,1,1,1,1,0,1.436,2,NA
"6932",49,118,1,1,1,0,1,3.028,3,NA
"6933",49,112,1,1,1,1,1,1.53,4,NA
"6934",49,72,1,1,1,0,0,1.884,6,NA
"6935",49,63,1,1,1,0,0,1.589,4,NA
"6936",49,92,1,1,1,0,1,2.129,6,NA
"6937",49,102,1,1,1,0,1,2.261,2,NA
"6938",49,106,1,1,1,1,1,1.692,2,NA
"6939",49,98,1,1,1,1,1,5.541,3,NA
"6940",49,70,1,1,1,1,0,5.704,6,NA
"6941",49,69,1,1,1,0,0,4.489,2,NA
"6942",49,95,1,1,1,0,1,1.282,1,NA
"6943",49,90,1,1,1,0,0,4.877,1,NA
"6944",49,61,1,1,1,1,0,2.912,1,NA
"6945",49,76,1,1,1,1,0,1.152,2,NA
"6946",49,85,1,1,1,1,0,1.471,1,NA
"6947",49,74,1,1,1,0,0,2.36,1,NA
"6948",49,86,1,1,1,1,0,2.488,6,NA
"6949",49,120,1,1,1,1,1,1.347,6,NA
"6950",49,113,1,1,1,1,1,1.179,1,NA
"6951",49,83,1,1,1,0,0,2.335,5,NA
"6952",49,97,1,1,1,0,1,1.403,6,NA
"6953",49,89,1,1,1,0,0,1.408,2,NA
"6954",49,104,1,1,1,1,1,1.414,6,NA
"6955",49,66,1,1,1,0,0,4.874,1,NA
"6956",49,109,1,1,1,0,1,4.84,5,NA
"6957",49,93,1,1,1,0,1,1.689,6,NA
"6958",49,117,1,1,1,0,1,1.415,2,NA
"6959",49,80,1,1,1,1,0,4.378,4,NA
"6960",49,79,1,1,1,0,0,1.474,6,NA
"6961",50,114,1,1,0,1,1,2.21,5,NA
"6962",50,71,1,1,0,0,0,5.276,3,NA
"6963",50,89,1,1,0,1,0,1.943,4,NA
"6964",50,119,1,1,0,1,1,1.689,4,NA
"6965",50,76,1,1,0,0,0,1.537,2,NA
"6966",50,68,1,1,0,0,0,2.125,1,NA
"6967",50,99,1,1,0,0,1,5.698,3,NA
"6968",50,118,1,1,0,0,1,1.588,2,NA
"6969",50,115,1,1,0,1,1,3.864,4,NA
"6970",50,96,1,1,0,0,1,6.864,3,NA
"6971",50,113,1,1,0,0,1,2.006,2,NA
"6972",50,117,1,1,0,0,1,1.302,3,NA
"6973",50,105,1,1,0,0,1,1.105,2,NA
"6974",50,103,1,1,0,0,1,2.252,3,NA
"6975",50,116,1,1,0,0,1,6.719,3,NA
"6976",50,91,1,1,0,0,1,1.222,1,NA
"6977",50,65,1,1,0,0,0,1.319,3,NA
"6978",50,93,1,1,0,1,1,3.535,2,NA
"6979",50,82,1,1,0,0,0,2.17,2,NA
"6980",50,62,1,1,0,1,0,2.842,3,NA
"6981",50,106,1,1,0,0,1,1.277,2,NA
"6982",50,108,1,1,0,1,1,1.147,2,NA
"6983",50,70,1,1,0,0,0,5.388,2,NA
"6984",50,85,1,1,0,0,0,3.238,1,NA
"6985",50,81,1,1,0,1,0,3.348,2,NA
"6986",50,97,1,1,0,1,1,0.764,2,NA
"6987",50,104,1,1,0,1,1,3.337,2,NA
"6988",50,107,1,1,0,0,1,1.364,2,NA
"6989",50,66,1,1,0,0,0,4.186,4,NA
"6990",50,77,1,1,0,1,0,1.329,3,NA
"6991",50,109,1,1,0,1,1,1.448,3,NA
"6992",50,120,1,1,0,1,1,3.718,3,NA
"6993",50,83,1,1,0,0,0,1.262,2,NA
"6994",50,69,1,1,0,0,0,2.58,2,NA
"6995",50,100,1,1,0,1,1,0.757,3,NA
"6996",50,90,1,1,0,1,0,4.151,2,NA
"6997",50,78,1,1,0,0,0,1.601,5,NA
"6998",50,98,1,1,0,0,1,1.699,5,NA
"6999",50,63,1,1,0,0,0,1.466,3,NA
"7000",50,64,1,1,0,1,0,1.477,2,NA
"7001",50,94,1,1,0,0,1,0.314,3,NA
"7002",50,84,1,1,0,0,0,1.007,3,NA
"7003",50,95,1,1,0,0,1,0.89,3,NA
"7004",50,72,1,1,0,0,0,0.884,1,NA
"7005",50,102,1,1,0,0,1,1.937,6,NA
"7006",50,111,1,1,0,0,1,1.081,5,NA
"7007",50,92,1,1,0,0,1,2.719,3,NA
"7008",50,110,1,1,0,1,1,2.25,3,NA
"7009",50,75,1,1,0,1,0,1.393,3,NA
"7010",50,80,1,1,0,0,0,1.76,4,NA
"7011",50,86,1,1,0,0,0,2.154,4,NA
"7012",50,101,1,1,0,0,1,3.353,3,NA
"7013",50,87,1,1,0,1,0,2.472,3,NA
"7014",50,61,1,1,0,0,0,1.513,2,NA
"7015",50,112,1,1,0,0,1,1.597,3,NA
"7016",50,73,1,1,0,1,0,2.707,3,NA
"7017",50,67,1,1,0,0,0,1.891,3,NA
"7018",50,88,1,1,0,1,0,0.932,4,NA
"7019",50,74,1,1,0,0,0,1.284,2,NA
"7020",50,79,1,1,0,0,0,2.361,4,NA
"7021",51,117,1,1,1,1,1,1.345,6,NA
"7022",51,64,1,1,1,0,0,2.88,2,NA
"7023",51,106,1,1,1,1,1,0.922,5,NA
"7024",51,115,1,1,1,1,1,0.935,6,NA
"7025",51,89,1,1,1,1,0,1.182,3,NA
"7026",51,69,1,1,1,1,0,0.862,2,NA
"7027",51,110,1,1,1,1,1,1.233,6,NA
"7028",51,102,1,1,1,1,1,1.275,6,NA
"7029",51,67,1,1,1,1,0,4.972,2,NA
"7030",51,112,1,1,1,1,1,1.489,2,NA
"7031",51,78,1,1,1,0,0,1.022,3,NA
"7032",51,76,1,1,1,1,0,1.137,4,NA
"7033",51,63,1,1,1,1,0,2.351,1,NA
"7034",51,105,1,1,1,1,1,1.13,6,NA
"7035",51,116,1,1,1,1,1,2.394,6,NA
"7036",51,83,1,1,1,0,0,1.467,1,NA
"7037",51,87,1,1,1,1,0,1.155,3,NA
"7038",51,70,1,1,1,0,0,1.359,2,NA
"7039",51,74,1,1,1,1,0,2.411,2,NA
"7040",51,93,1,1,1,1,1,0.511,6,NA
"7041",51,94,1,1,1,1,1,0.398,6,NA
"7042",51,75,1,1,1,1,0,0.385,5,NA
"7043",51,91,1,1,1,1,1,1.564,5,NA
"7044",51,79,1,1,1,1,0,3.162,1,NA
"7045",51,108,1,1,1,1,1,1.066,5,NA
"7046",51,100,1,1,1,1,1,1.518,5,NA
"7047",51,111,1,1,1,1,1,1.063,6,NA
"7048",51,107,1,1,1,1,1,0.765,6,NA
"7049",51,96,1,1,1,1,1,1.435,4,NA
"7050",51,68,1,1,1,0,0,2.173,1,NA
"7051",51,85,1,1,1,0,0,1.109,1,NA
"7052",51,113,1,1,1,1,1,0.327,5,NA
"7053",51,66,1,1,1,0,0,2.89,2,NA
"7054",51,82,1,1,1,0,0,2.606,4,NA
"7055",51,119,1,1,1,1,1,1.025,6,NA
"7056",51,71,1,1,1,1,0,1.129,4,NA
"7057",51,84,1,1,1,1,0,0.703,3,NA
"7058",51,118,1,1,1,1,1,0.88,4,NA
"7059",51,90,1,1,1,0,0,1.653,2,NA
"7060",51,95,1,1,1,1,1,0.606,6,NA
"7061",51,61,1,1,1,1,0,0.917,2,NA
"7062",51,92,1,1,1,1,1,0.544,5,NA
"7063",51,97,1,1,1,1,1,1.043,3,NA
"7064",51,103,1,1,1,1,1,0.573,6,NA
"7065",51,73,1,1,1,1,0,1.162,1,NA
"7066",51,77,1,1,1,1,0,0.781,2,NA
"7067",51,65,1,1,1,1,0,0.467,5,NA
"7068",51,98,1,1,1,1,1,0.437,6,NA
"7069",51,120,1,1,1,1,1,1.493,3,NA
"7070",51,104,1,1,1,1,1,0.997,4,NA
"7071",51,101,1,1,1,1,1,0.375,4,NA
"7072",51,114,1,1,1,1,1,0.848,6,NA
"7073",51,80,1,1,1,1,0,0.725,6,NA
"7074",51,88,1,1,1,1,0,0.513,6,NA
"7075",51,81,1,1,1,0,0,1.417,1,NA
"7076",51,86,1,1,1,0,0,0.815,1,NA
"7077",51,72,1,1,1,0,0,1.458,1,NA
"7078",51,62,1,1,1,1,0,1.995,5,NA
"7079",51,109,1,1,1,1,1,1.408,6,NA
"7080",51,99,1,1,1,1,1,0.306,6,NA
"7081",52,62,1,1,0,1,0,8.083,1,NA
"7082",52,118,1,1,0,0,1,5.128,3,NA
"7083",52,75,1,1,0,1,0,3.537,5,NA
"7084",52,73,1,1,0,0,0,2.669,1,NA
"7085",52,71,1,1,0,1,0,1.685,4,NA
"7086",52,98,1,1,0,0,1,5.305,1,NA
"7087",52,108,1,1,0,0,1,6.462,2,NA
"7088",52,88,1,1,0,1,0,5.042,2,NA
"7089",52,82,1,1,0,0,0,4.86,1,NA
"7090",52,94,1,1,0,1,1,2.544,2,NA
"7091",52,115,1,1,0,1,1,2.893,2,NA
"7092",52,102,1,1,0,0,1,0.973,1,NA
"7093",52,106,1,1,0,0,1,2.304,3,NA
"7094",52,85,1,1,0,1,0,3.38,1,NA
"7095",52,79,1,1,0,1,0,2.605,2,NA
"7096",52,67,1,1,0,0,0,1.25,1,NA
"7097",52,120,1,1,0,1,1,4.782,2,NA
"7098",52,61,1,1,0,0,0,4.097,2,NA
"7099",52,110,1,1,0,1,1,2.056,2,NA
"7100",52,65,1,1,0,0,0,1.326,4,NA
"7101",52,105,1,1,0,1,1,1.669,2,NA
"7102",52,70,1,1,0,1,0,3.283,2,NA
"7103",52,116,1,1,0,1,1,7.087,1,NA
"7104",52,101,1,1,0,0,1,2.613,1,NA
"7105",52,93,1,1,0,0,1,1.164,6,NA
"7106",52,74,1,1,0,1,0,2.096,1,NA
"7107",52,66,1,1,0,0,0,15.248,1,NA
"7108",52,100,1,1,0,1,1,4.939,3,NA
"7109",52,63,1,1,0,0,0,5.747,4,NA
"7110",52,76,1,1,0,0,0,6.102,1,NA
"7111",52,111,1,1,0,1,1,5.609,2,NA
"7112",52,113,1,1,0,1,1,0.409,2,NA
"7113",52,97,1,1,0,0,1,1.072,6,NA
"7114",52,95,1,1,0,0,1,4.645,1,NA
"7115",52,80,1,1,0,0,0,4.479,1,NA
"7116",52,68,1,1,0,1,0,3.109,1,NA
"7117",52,109,1,1,0,0,1,8.01,6,NA
"7118",52,77,1,1,0,1,0,2.71,2,NA
"7119",52,89,1,1,0,0,0,1.441,2,NA
"7120",52,90,1,1,0,0,0,4.49,1,NA
"7121",52,78,1,1,0,0,0,3.989,1,NA
"7122",52,72,1,1,0,0,0,0.378,4,NA
"7123",52,87,1,1,0,1,0,8.965,4,NA
"7124",52,81,1,1,0,0,0,6.772,2,NA
"7125",52,117,1,1,0,0,1,0.628,5,NA
"7126",52,83,1,1,0,0,0,1.636,2,NA
"7127",52,64,1,1,0,1,0,11.767,2,NA
"7128",52,114,1,1,0,0,1,0.781,4,NA
"7129",52,107,1,1,0,0,1,5.968,6,NA
"7130",52,104,1,1,0,1,1,0.508,5,NA
"7131",52,86,1,1,0,0,0,3.818,2,NA
"7132",52,92,1,1,0,0,1,1.14,5,NA
"7133",52,69,1,1,0,1,0,1.689,4,NA
"7134",52,112,1,1,0,0,1,8.478,4,NA
"7135",52,119,1,1,0,0,1,2.573,3,NA
"7136",52,96,1,1,0,1,1,13.204,3,NA
"7137",52,99,1,1,0,0,1,0.467,5,NA
"7138",52,84,1,1,0,0,0,1.523,2,NA
"7139",52,103,1,1,0,0,1,2.456,2,NA
"7140",52,91,1,1,0,0,1,3.473,2,NA
"7141",53,109,1,1,1,0,1,4.713,4,NA
"7142",53,47,1,1,1,1,0,5.92,2,NA
"7143",53,92,1,1,1,1,1,4.733,4,NA
"7144",53,59,1,1,1,0,0,8.029,5,NA
"7145",53,118,1,1,1,1,1,2.383,3,NA
"7146",53,32,1,1,1,1,0,9.96,4,NA
"7147",53,104,1,1,1,0,1,5.067,2,NA
"7148",53,56,1,1,1,0,0,20.134,4,NA
"7149",53,119,1,1,1,0,1,0.531,6,NA
"7150",53,9,1,1,1,1,0,2.586,5,NA
"7151",53,30,1,1,1,0,0,6.39,4,NA
"7152",53,100,1,1,1,0,1,0.948,5,NA
"7153",53,38,1,1,1,1,0,3.298,4,NA
"7154",53,120,1,1,1,0,1,9.664,5,NA
"7155",53,97,1,1,1,1,1,0.494,4,NA
"7156",53,4,1,1,1,1,0,12.065,3,NA
"7157",53,52,1,1,1,0,0,3.252,5,NA
"7158",53,27,1,1,1,1,0,3.837,4,NA
"7159",53,111,1,1,1,1,1,2.986,2,NA
"7160",53,55,1,1,1,0,0,9.23,2,NA
"7161",53,95,1,1,1,1,1,1.018,2,NA
"7162",53,113,1,1,1,1,1,0.538,4,NA
"7163",53,107,1,1,1,0,1,11.372,4,NA
"7164",53,94,1,1,1,1,1,1.287,4,NA
"7165",53,19,1,1,1,1,0,5.531,3,NA
"7166",53,101,1,1,1,0,1,3.398,3,NA
"7167",53,116,1,1,1,0,1,9.354,4,NA
"7168",53,106,1,1,1,1,1,1.56,3,NA
"7169",53,108,1,1,1,0,1,0.624,5,NA
"7170",53,14,1,1,1,0,0,7.533,3,NA
"7171",53,17,1,1,1,1,0,3.233,3,NA
"7172",53,58,1,1,1,1,0,6.339,4,NA
"7173",53,91,1,1,1,1,1,1.526,4,NA
"7174",53,5,1,1,1,0,0,4.712,2,NA
"7175",53,22,1,1,1,1,0,1.55,4,NA
"7176",53,7,1,1,1,0,0,9.822,2,NA
"7177",53,46,1,1,1,1,0,2.147,3,NA
"7178",53,103,1,1,1,0,1,3.047,4,NA
"7179",53,96,1,1,1,1,1,0.377,4,NA
"7180",53,114,1,1,1,1,1,1.681,3,NA
"7181",53,34,1,1,1,1,0,11.965,3,NA
"7182",53,50,1,1,1,1,0,1.037,2,NA
"7183",53,105,1,1,1,0,1,2.838,3,NA
"7184",53,115,1,1,1,0,1,6.625,3,NA
"7185",53,49,1,1,1,1,0,4.966,1,NA
"7186",53,37,1,1,1,0,0,12.777,3,NA
"7187",53,102,1,1,1,1,1,1.572,2,NA
"7188",53,26,1,1,1,1,0,10.789,1,NA
"7189",53,99,1,1,1,0,1,1.396,4,NA
"7190",53,110,1,1,1,1,1,5.866,3,NA
"7191",53,33,1,1,1,0,0,1.21,4,NA
"7192",53,15,1,1,1,1,0,0.702,3,NA
"7193",53,8,1,1,1,0,0,3.396,2,NA
"7194",53,39,1,1,1,1,0,2.443,1,NA
"7195",53,11,1,1,1,0,0,3.755,6,NA
"7196",53,98,1,1,1,1,1,0.504,4,NA
"7197",53,93,1,1,1,1,1,1.681,4,NA
"7198",53,112,1,1,1,1,1,5.577,4,NA
"7199",53,23,1,1,1,1,0,0.517,2,NA
"7200",53,117,1,1,1,0,1,0.578,3,NA
"7201",54,115,1,1,0,1,1,1.314,5,NA
"7202",54,101,1,1,0,1,1,10.789,1,NA
"7203",54,52,1,1,0,0,0,13.788,2,NA
"7204",54,99,1,1,0,1,1,1.153,6,NA
"7205",54,109,1,1,0,1,1,4.449,3,NA
"7206",54,98,1,1,0,1,1,1.272,5,NA
"7207",54,15,1,1,0,1,0,10.161,1,NA
"7208",54,111,1,1,0,1,1,0.62,6,NA
"7209",54,27,1,1,0,0,0,1.17,4,NA
"7210",54,118,1,1,0,1,1,0.838,4,NA
"7211",54,32,1,1,0,0,0,1.723,1,NA
"7212",54,49,1,1,0,1,0,1.712,2,NA
"7213",54,11,1,1,0,1,0,0.824,6,NA
"7214",54,106,1,1,0,1,1,3.978,1,NA
"7215",54,8,1,1,0,0,0,1.993,1,NA
"7216",54,7,1,1,0,0,0,2.896,1,NA
"7217",54,119,1,1,0,1,1,0.863,6,NA
"7218",54,47,1,1,0,1,0,2.593,1,NA
"7219",54,22,1,1,0,1,0,1.929,2,NA
"7220",54,116,1,1,0,1,1,0.529,6,NA
"7221",54,4,1,1,0,1,0,0.642,3,NA
"7222",54,37,1,1,0,0,0,3.288,1,NA
"7223",54,97,1,1,0,1,1,1.397,2,NA
"7224",54,14,1,1,0,0,0,3.698,1,NA
"7225",54,96,1,1,0,0,1,3.772,2,NA
"7226",54,104,1,1,0,1,1,4.459,1,NA
"7227",54,103,1,1,0,1,1,1.215,5,NA
"7228",54,58,1,1,0,1,0,2.365,2,NA
"7229",54,92,1,1,0,1,1,0.527,5,NA
"7230",54,113,1,1,0,1,1,0.498,6,NA
"7231",54,9,1,1,0,1,0,1.064,5,NA
"7232",54,102,1,1,0,1,1,0.483,6,NA
"7233",54,33,1,1,0,1,0,7.013,1,NA
"7234",54,94,1,1,0,0,1,3.308,1,NA
"7235",54,55,1,1,0,1,0,0.53,4,NA
"7236",54,38,1,1,0,0,0,5.338,1,NA
"7237",54,5,1,1,0,0,0,2.018,1,NA
"7238",54,59,1,1,0,0,0,7.051,1,NA
"7239",54,56,1,1,0,1,0,3.581,1,NA
"7240",54,23,1,1,0,1,0,2.276,1,NA
"7241",54,107,1,1,0,1,1,1.855,3,NA
"7242",54,26,1,1,0,0,0,2.026,1,NA
"7243",54,110,1,1,0,1,1,0.426,6,NA
"7244",54,114,1,1,0,1,1,0.463,6,NA
"7245",54,95,1,1,0,1,1,0.966,6,NA
"7246",54,19,1,1,0,1,0,1.348,2,NA
"7247",54,117,1,1,0,1,1,0.555,6,NA
"7248",54,120,1,1,0,1,1,0.708,6,NA
"7249",54,39,1,1,0,1,0,8.916,1,NA
"7250",54,17,1,1,0,0,0,2.879,1,NA
"7251",54,50,1,1,0,1,0,3.302,1,NA
"7252",54,105,1,1,0,1,1,0.666,6,NA
"7253",54,93,1,1,0,1,1,0.998,2,NA
"7254",54,46,1,1,0,0,0,1.093,3,NA
"7255",54,112,1,1,0,1,1,0.781,6,NA
"7256",54,91,1,1,0,1,1,0.488,6,NA
"7257",54,34,1,1,0,1,0,4.186,1,NA
"7258",54,100,1,1,0,0,1,1.23,1,NA
"7259",54,108,1,1,0,1,1,0.681,6,NA
"7260",54,30,1,1,0,1,0,0.721,2,NA
"7261",55,8,1,1,1,1,0,3.011,4,NA
"7262",55,112,1,1,1,1,1,4.117,1,NA
"7263",55,27,1,1,1,0,0,2.275,1,NA
"7264",55,4,1,1,1,0,0,2.554,3,NA
"7265",55,33,1,1,1,1,0,1.974,2,NA
"7266",55,49,1,1,1,0,0,1.765,1,NA
"7267",55,46,1,1,1,0,0,2.463,3,NA
"7268",55,118,1,1,1,1,1,5.987,1,NA
"7269",55,58,1,1,1,0,0,2.202,6,NA
"7270",55,106,1,1,1,0,1,1.876,5,NA
"7271",55,50,1,1,1,0,0,2.53,5,NA
"7272",55,95,1,1,1,0,1,3.935,6,NA
"7273",55,92,1,1,1,0,1,1.454,6,NA
"7274",55,17,1,1,1,0,0,3.778,5,NA
"7275",55,94,1,1,1,0,1,1.809,2,NA
"7276",55,98,1,1,1,0,1,1.768,1,NA
"7277",55,103,1,1,1,0,1,2.485,2,NA
"7278",55,110,1,1,1,0,1,1.665,6,NA
"7279",55,119,1,1,1,1,1,5.544,1,NA
"7280",55,39,1,1,1,1,0,2.004,1,NA
"7281",55,55,1,1,1,0,0,12.27,5,NA
"7282",55,96,1,1,1,1,1,1.556,2,NA
"7283",55,37,1,1,1,0,0,5.665,6,NA
"7284",55,101,1,1,1,0,1,1.688,6,NA
"7285",55,47,1,1,1,0,0,1.421,2,NA
"7286",55,9,1,1,1,1,0,3.603,5,NA
"7287",55,22,1,1,1,1,0,1.752,1,NA
"7288",55,111,1,1,1,0,1,2.193,5,NA
"7289",55,14,1,1,1,0,0,2.303,1,NA
"7290",55,91,1,1,1,0,1,2.605,2,NA
"7291",55,11,1,1,1,1,0,7.575,1,NA
"7292",55,99,1,1,1,0,1,2.71,1,NA
"7293",55,109,1,1,1,0,1,1.708,6,NA
"7294",55,5,1,1,1,1,0,2.44,1,NA
"7295",55,100,1,1,1,1,1,1.529,6,NA
"7296",55,116,1,1,1,1,1,5.333,1,NA
"7297",55,102,1,1,1,0,1,1.965,4,NA
"7298",55,59,1,1,1,0,0,3.189,5,NA
"7299",55,97,1,1,1,0,1,1.644,6,NA
"7300",55,32,1,1,1,0,0,1.839,1,NA
"7301",55,108,1,1,1,0,1,1.47,2,NA
"7302",55,30,1,1,1,1,0,1.809,1,NA
"7303",55,15,1,1,1,0,0,3.297,1,NA
"7304",55,105,1,1,1,1,1,2.546,1,NA
"7305",55,120,1,1,1,0,1,2.958,1,NA
"7306",55,34,1,1,1,1,0,2.34,1,NA
"7307",55,114,1,1,1,0,1,2.2,3,NA
"7308",55,7,1,1,1,0,0,2.153,4,NA
"7309",55,113,1,1,1,1,1,1.495,1,NA
"7310",55,19,1,1,1,0,0,2.964,2,NA
"7311",55,117,1,1,1,0,1,3.71,1,NA
"7312",55,107,1,1,1,0,1,0.687,6,NA
"7313",55,38,1,1,1,0,0,4.397,5,NA
"7314",55,26,1,1,1,0,0,3.59,1,NA
"7315",55,104,1,1,1,1,1,1.267,6,NA
"7316",55,23,1,1,1,1,0,2.294,6,NA
"7317",55,56,1,1,1,1,0,1.401,4,NA
"7318",55,93,1,1,1,0,1,1.834,5,NA
"7319",55,52,1,1,1,1,0,4.372,2,NA
"7320",55,115,1,1,1,1,1,1.471,1,NA
"7321",56,106,1,1,0,1,1,2.523,3,NA
"7322",56,58,1,1,0,1,0,3.605,3,NA
"7323",56,32,1,1,0,0,0,2.587,4,NA
"7324",56,120,1,1,0,1,1,3.984,3,NA
"7325",56,56,1,1,0,0,0,0.759,5,NA
"7326",56,115,1,1,0,1,1,0.825,6,NA
"7327",56,26,1,1,0,0,0,0.683,5,NA
"7328",56,119,1,1,0,1,1,1.015,5,NA
"7329",56,7,1,1,0,0,0,2.957,3,NA
"7330",56,55,1,1,0,1,0,2.064,3,NA
"7331",56,98,1,1,0,1,1,0.444,6,NA
"7332",56,100,1,1,0,1,1,0.542,6,NA
"7333",56,99,1,1,0,0,1,1.295,4,NA
"7334",56,46,1,1,0,0,0,2.9,5,NA
"7335",56,112,1,1,0,1,1,0.547,5,NA
"7336",56,103,1,1,0,0,1,0.741,6,NA
"7337",56,105,1,1,0,1,1,0.708,6,NA
"7338",56,101,1,1,0,1,1,4.162,4,NA
"7339",56,9,1,1,0,1,0,3.117,4,NA
"7340",56,5,1,1,0,1,0,4.221,3,NA
"7341",56,95,1,1,0,1,1,0.488,6,NA
"7342",56,19,1,1,0,0,0,2.377,2,NA
"7343",56,23,1,1,0,1,0,2.748,4,NA
"7344",56,117,1,1,0,0,1,1.249,4,NA
"7345",56,118,1,1,0,1,1,0.843,5,NA
"7346",56,30,1,1,0,1,0,7.426,4,NA
"7347",56,92,1,1,0,1,1,1.982,4,NA
"7348",56,47,1,1,0,0,0,2.86,3,NA
"7349",56,97,1,1,0,1,1,0.453,5,NA
"7350",56,37,1,1,0,0,0,2.638,1,NA
"7351",56,8,1,1,0,0,0,3.043,2,NA
"7352",56,102,1,1,0,1,1,0.698,5,NA
"7353",56,22,1,1,0,1,0,3.011,4,NA
"7354",56,94,1,1,0,1,1,2.871,3,NA
"7355",56,113,1,1,0,1,1,0.457,5,NA
"7356",56,17,1,1,0,0,0,1.461,2,NA
"7357",56,110,1,1,0,1,1,0.648,6,NA
"7358",56,96,1,1,0,0,1,0.414,4,NA
"7359",56,104,1,1,0,1,1,1.122,4,NA
"7360",56,114,1,1,0,0,1,0.607,3,NA
"7361",56,34,1,1,0,0,0,4.564,3,NA
"7362",56,15,1,1,0,1,0,4.141,1,NA
"7363",56,50,1,1,0,0,0,2.873,4,NA
"7364",56,27,1,1,0,1,0,1.092,5,NA
"7365",56,38,1,1,0,1,0,2.831,3,NA
"7366",56,107,1,1,0,1,1,4.93,2,NA
"7367",56,11,1,1,0,0,0,0.96,5,NA
"7368",56,93,1,1,0,1,1,0.88,3,NA
"7369",56,14,1,1,0,0,0,0.742,4,NA
"7370",56,39,1,1,0,1,0,2.061,2,NA
"7371",56,111,1,1,0,0,1,5.261,3,NA
"7372",56,116,1,1,0,1,1,0.494,4,NA
"7373",56,109,1,1,0,0,1,6.871,3,NA
"7374",56,108,1,1,0,1,1,0.446,3,NA
"7375",56,59,1,1,0,1,0,8.353,4,NA
"7376",56,52,1,1,0,1,0,6.128,2,NA
"7377",56,49,1,1,0,0,0,0.578,4,NA
"7378",56,4,1,1,0,0,0,1.94,3,NA
"7379",56,91,1,1,0,0,1,2.516,1,NA
"7380",56,33,1,1,0,1,0,0.529,4,NA
"7381",57,119,1,1,1,0,1,0.209,3,NA
"7382",57,45,1,1,1,0,0,1.011,6,NA
"7383",57,111,1,1,1,1,1,0.855,3,NA
"7384",57,97,1,1,1,0,1,0.639,2,NA
"7385",57,41,1,1,1,0,0,0.791,3,NA
"7386",57,6,1,1,1,1,0,1.739,4,NA
"7387",57,29,1,1,1,0,0,1.79,2,NA
"7388",57,53,1,1,1,1,0,0.532,2,NA
"7389",57,95,1,1,1,1,1,0.691,3,NA
"7390",57,60,1,1,1,0,0,2.474,2,NA
"7391",57,91,1,1,1,1,1,0.894,3,NA
"7392",57,1,1,1,1,1,0,0.965,3,NA
"7393",57,31,1,1,1,1,0,1.932,3,NA
"7394",57,115,1,1,1,0,1,2.058,3,NA
"7395",57,102,1,1,1,1,1,0.674,3,NA
"7396",57,100,1,1,1,0,1,1.598,5,NA
"7397",57,57,1,1,1,1,0,2.94,5,NA
"7398",57,36,1,1,1,0,0,0.541,2,NA
"7399",57,12,1,1,1,1,0,0.824,6,NA
"7400",57,105,1,1,1,1,1,1.612,5,NA
"7401",57,44,1,1,1,0,0,1.357,6,NA
"7402",57,113,1,1,1,1,1,0.621,6,NA
"7403",57,24,1,1,1,1,0,1.255,1,NA
"7404",57,3,1,1,1,1,0,0.574,3,NA
"7405",57,28,1,1,1,1,0,0.432,4,NA
"7406",57,96,1,1,1,1,1,1.323,2,NA
"7407",57,51,1,1,1,1,0,0.598,1,NA
"7408",57,107,1,1,1,0,1,1.073,5,NA
"7409",57,103,1,1,1,1,1,0.722,5,NA
"7410",57,117,1,1,1,0,1,0.449,3,NA
"7411",57,42,1,1,1,0,0,0.373,3,NA
"7412",57,118,1,1,1,1,1,0.786,4,NA
"7413",57,16,1,1,1,1,0,0.478,3,NA
"7414",57,10,1,1,1,1,0,1.472,2,NA
"7415",57,92,1,1,1,0,1,1.186,6,NA
"7416",57,25,1,1,1,0,0,0.347,5,NA
"7417",57,40,1,1,1,1,0,0.631,5,NA
"7418",57,18,1,1,1,1,0,0.364,4,NA
"7419",57,2,1,1,1,0,0,0.407,3,NA
"7420",57,21,1,1,1,1,0,0.783,2,NA
"7421",57,112,1,1,1,0,1,2.905,2,NA
"7422",57,106,1,1,1,0,1,0.741,3,NA
"7423",57,101,1,1,1,0,1,1.932,3,NA
"7424",57,98,1,1,1,1,1,0.648,5,NA
"7425",57,104,1,1,1,1,1,0.377,5,NA
"7426",57,20,1,1,1,1,0,0.469,6,NA
"7427",57,114,1,1,1,0,1,1.792,2,NA
"7428",57,13,1,1,1,0,0,0.413,3,NA
"7429",57,43,1,1,1,0,0,0.48,1,NA
"7430",57,93,1,1,1,0,1,0.342,5,NA
"7431",57,48,1,1,1,1,0,0.861,3,NA
"7432",57,94,1,1,1,1,1,0.569,6,NA
"7433",57,108,1,1,1,1,1,0.641,4,NA
"7434",57,120,1,1,1,0,1,0.359,5,NA
"7435",57,99,1,1,1,1,1,0.347,4,NA
"7436",57,35,1,1,1,1,0,0.664,3,NA
"7437",57,54,1,1,1,1,0,0.379,5,NA
"7438",57,116,1,1,1,1,1,0.716,3,NA
"7439",57,109,1,1,1,0,1,0.939,5,NA
"7440",57,110,1,1,1,1,1,0.322,3,NA
"7441",58,101,1,1,0,1,1,2.663,4,NA
"7442",58,13,1,1,0,1,0,4.233,2,NA
"7443",58,110,1,1,0,1,1,6.994,1,NA
"7444",58,94,1,1,0,0,1,1.537,3,NA
"7445",58,120,1,1,0,1,1,6.649,2,NA
"7446",58,99,1,1,0,1,1,2.97,5,NA
"7447",58,60,1,1,0,0,0,5.643,3,NA
"7448",58,93,1,1,0,1,1,2.637,6,NA
"7449",58,16,1,1,0,1,0,6.948,3,NA
"7450",58,31,1,1,0,0,0,3.143,3,NA
"7451",58,96,1,1,0,1,1,3.127,2,NA
"7452",58,6,1,1,0,0,0,3.838,4,NA
"7453",58,92,1,1,0,1,1,1.468,5,NA
"7454",58,36,1,1,0,1,0,2.336,6,NA
"7455",58,112,1,1,0,1,1,7.182,4,NA
"7456",58,102,1,1,0,0,1,3.177,2,NA
"7457",58,118,1,1,0,1,1,1.458,5,NA
"7458",58,10,1,1,0,1,0,1.31,3,NA
"7459",58,25,1,1,0,0,0,3.8,4,NA
"7460",58,111,1,1,0,1,1,3.034,3,NA
"7461",58,54,1,1,0,1,0,0.857,4,NA
"7462",58,21,1,1,0,1,0,3.529,2,NA
"7463",58,116,1,1,0,1,1,1.868,2,NA
"7464",58,20,1,1,0,1,0,3.378,4,NA
"7465",58,24,1,1,0,1,0,6.199,1,NA
"7466",58,115,1,1,0,1,1,1.134,6,NA
"7467",58,18,1,1,0,1,0,1.631,6,NA
"7468",58,41,1,1,0,1,0,8.672,1,NA
"7469",58,104,1,1,0,0,1,3.102,4,NA
"7470",58,53,1,1,0,1,0,1.285,3,NA
"7471",58,12,1,1,0,1,0,0.601,6,NA
"7472",58,40,1,1,0,0,0,1.723,3,NA
"7473",58,44,1,1,0,1,0,3.379,2,NA
"7474",58,45,1,1,0,1,0,2.551,5,NA
"7475",58,43,1,1,0,0,0,2.05,6,NA
"7476",58,105,1,1,0,1,1,1.629,6,NA
"7477",58,29,1,1,0,1,0,2.289,2,NA
"7478",58,119,1,1,0,1,1,1.423,4,NA
"7479",58,114,1,1,0,1,1,1.501,2,NA
"7480",58,95,1,1,0,1,1,4.975,2,NA
"7481",58,51,1,1,0,0,0,2.676,2,NA
"7482",58,28,1,1,0,0,0,1.39,3,NA
"7483",58,113,1,1,0,0,1,4.418,1,NA
"7484",58,48,1,1,0,1,0,3.41,2,NA
"7485",58,1,1,1,0,0,0,0.399,2,NA
"7486",58,2,1,1,0,1,0,2.19,2,NA
"7487",58,57,1,1,0,0,0,0.212,4,NA
"7488",58,98,1,1,0,1,1,0.814,5,NA
"7489",58,42,1,1,0,1,0,1.33,4,NA
"7490",58,108,1,1,0,1,1,1.7,4,NA
"7491",58,35,1,1,0,0,0,7.404,4,NA
"7492",58,107,1,1,0,1,1,2.185,4,NA
"7493",58,97,1,1,0,0,1,1.679,3,NA
"7494",58,117,1,1,0,1,1,2.027,2,NA
"7495",58,106,1,1,0,1,1,1.418,3,NA
"7496",58,103,1,1,0,1,1,1.159,6,NA
"7497",58,109,1,1,0,0,1,1.206,5,NA
"7498",58,3,1,1,0,1,0,1.042,6,NA
"7499",58,91,1,1,0,1,1,0.011,3,NA
"7500",58,100,1,1,0,1,1,2.701,2,NA
"7501",59,97,1,1,1,0,1,2.923,1,NA
"7502",59,117,1,1,1,0,1,2.167,1,NA
"7503",59,106,1,1,1,0,1,2.616,1,NA
"7504",59,107,1,1,1,1,1,1.656,3,NA
"7505",59,95,1,1,1,0,1,2.814,1,NA
"7506",59,35,1,1,1,1,0,1.749,2,NA
"7507",59,3,1,1,1,1,0,2.83,1,NA
"7508",59,105,1,1,1,0,1,3.382,1,NA
"7509",59,25,1,1,1,0,0,3.972,2,NA
"7510",59,116,1,1,1,1,1,1.481,4,NA
"7511",59,43,1,1,1,0,0,2.404,1,NA
"7512",59,118,1,1,1,0,1,5.789,3,NA
"7513",59,36,1,1,1,0,0,1.604,1,NA
"7514",59,114,1,1,1,1,1,1.643,3,NA
"7515",59,93,1,1,1,0,1,4.493,5,NA
"7516",59,115,1,1,1,0,1,1.523,1,NA
"7517",59,24,1,1,1,1,0,3.258,1,NA
"7518",59,1,1,1,1,0,0,1.717,3,NA
"7519",59,112,1,1,1,1,1,1.706,3,NA
"7520",59,18,1,1,1,1,0,1.033,3,NA
"7521",59,48,1,1,1,0,0,1.214,3,NA
"7522",59,91,1,1,1,1,1,3.23,3,NA
"7523",59,96,1,1,1,1,1,2.88,1,NA
"7524",59,20,1,1,1,1,0,4.071,3,NA
"7525",59,12,1,1,1,0,0,1.899,6,NA
"7526",59,119,1,1,1,0,1,0.879,6,NA
"7527",59,108,1,1,1,1,1,2.022,3,NA
"7528",59,104,1,1,1,0,1,1.896,6,NA
"7529",59,54,1,1,1,1,0,1.101,4,NA
"7530",59,102,1,1,1,1,1,1.169,3,NA
"7531",59,16,1,1,1,0,0,1.684,1,NA
"7532",59,99,1,1,1,1,1,0.529,3,NA
"7533",59,41,1,1,1,1,0,1.143,1,NA
"7534",59,13,1,1,1,1,0,0.886,1,NA
"7535",59,110,1,1,1,1,1,2.696,6,NA
"7536",59,10,1,1,1,0,0,0.669,4,NA
"7537",59,29,1,1,1,0,0,2.579,1,NA
"7538",59,92,1,1,1,1,1,1.873,1,NA
"7539",59,57,1,1,1,0,0,1.541,1,NA
"7540",59,100,1,1,1,1,1,2.621,6,NA
"7541",59,44,1,1,1,0,0,2.83,6,NA
"7542",59,98,1,1,1,1,1,2.494,4,NA
"7543",59,103,1,1,1,0,1,4.523,1,NA
"7544",59,109,1,1,1,0,1,1.836,6,NA
"7545",59,28,1,1,1,1,0,1.068,4,NA
"7546",59,45,1,1,1,0,0,1.38,4,NA
"7547",59,101,1,1,1,0,1,1.436,5,NA
"7548",59,6,1,1,1,0,0,2.472,6,NA
"7549",59,51,1,1,1,0,0,2.571,2,NA
"7550",59,53,1,1,1,1,0,2.042,1,NA
"7551",59,2,1,1,1,1,0,1.907,1,NA
"7552",59,40,1,1,1,1,0,1.696,2,NA
"7553",59,21,1,1,1,0,0,1.568,1,NA
"7554",59,60,1,1,1,0,0,1.268,1,NA
"7555",59,113,1,1,1,1,1,3.355,1,NA
"7556",59,120,1,1,1,0,1,2.64,2,NA
"7557",59,111,1,1,1,1,1,2.222,2,NA
"7558",59,42,1,1,1,0,0,1.534,3,NA
"7559",59,94,1,1,1,1,1,1.131,4,NA
"7560",59,31,1,1,1,0,0,2.566,3,NA
"7561",60,10,1,1,0,0,0,1.362,5,NA
"7562",60,93,1,1,0,0,1,1.306,5,NA
"7563",60,103,1,1,0,1,1,3.554,6,NA
"7564",60,92,1,1,0,1,1,1.924,4,NA
"7565",60,13,1,1,0,0,0,12.424,2,NA
"7566",60,95,1,1,0,1,1,3.114,4,NA
"7567",60,24,1,1,0,1,0,3.988,1,NA
"7568",60,21,1,1,0,1,0,1.521,2,NA
"7569",60,29,1,1,0,0,0,1.402,2,NA
"7570",60,41,1,1,0,1,0,3.021,3,NA
"7571",60,20,1,1,0,0,0,1.863,4,NA
"7572",60,51,1,1,0,1,0,1.017,5,NA
"7573",60,40,1,1,0,0,0,6.373,2,NA
"7574",60,54,1,1,0,0,0,6.323,3,NA
"7575",60,3,1,1,0,1,0,8.255,6,NA
"7576",60,94,1,1,0,1,1,0.336,6,NA
"7577",60,35,1,1,0,1,0,0.57,5,NA
"7578",60,43,1,1,0,1,0,2.294,1,NA
"7579",60,6,1,1,0,0,0,1.42,5,NA
"7580",60,31,1,1,0,1,0,4.382,4,NA
"7581",60,108,1,1,0,1,1,0.347,5,NA
"7582",60,97,1,1,0,1,1,0.243,5,NA
"7583",60,107,1,1,0,0,1,9.639,6,NA
"7584",60,12,1,1,0,1,0,1.928,4,NA
"7585",60,28,1,1,0,1,0,3.494,5,NA
"7586",60,102,1,1,0,1,1,0.319,5,NA
"7587",60,112,1,1,0,1,1,0.4,6,NA
"7588",60,100,1,1,0,1,1,0.49,5,NA
"7589",60,18,1,1,0,0,0,1.659,3,NA
"7590",60,118,1,1,0,1,1,1.51,5,NA
"7591",60,60,1,1,0,0,0,2.036,4,NA
"7592",60,57,1,1,0,1,0,0.377,4,NA
"7593",60,91,1,1,0,1,1,1.78,3,NA
"7594",60,109,1,1,0,1,1,0.531,6,NA
"7595",60,44,1,1,0,0,0,3.925,1,NA
"7596",60,115,1,1,0,1,1,0.803,5,NA
"7597",60,25,1,1,0,1,0,0.857,1,NA
"7598",60,98,1,1,0,1,1,2.06,5,NA
"7599",60,104,1,1,0,1,1,0.382,6,NA
"7600",60,48,1,1,0,1,0,8.867,2,NA
"7601",60,53,1,1,0,1,0,1.652,3,NA
"7602",60,105,1,1,0,1,1,0.852,5,NA
"7603",60,42,1,1,0,1,0,0.512,4,NA
"7604",60,96,1,1,0,1,1,0.341,5,NA
"7605",60,116,1,1,0,1,1,0.402,6,NA
"7606",60,16,1,1,0,0,0,3.436,5,NA
"7607",60,2,1,1,0,0,0,1.076,1,NA
"7608",60,99,1,1,0,1,1,0.289,6,NA
"7609",60,111,1,1,0,1,1,0.317,6,NA
"7610",60,120,1,1,0,1,1,0.535,6,NA
"7611",60,36,1,1,0,0,0,0.765,1,NA
"7612",60,106,1,1,0,1,1,1.232,3,NA
"7613",60,117,1,1,0,1,1,1.149,1,NA
"7614",60,45,1,1,0,0,0,0.478,6,NA
"7615",60,1,1,1,0,0,0,1.188,6,NA
"7616",60,113,1,1,0,1,1,0.318,1,NA
"7617",60,119,1,1,0,1,1,0.573,4,NA
"7618",60,114,1,1,0,1,1,0.496,5,NA
"7619",60,110,1,1,0,1,1,0.266,6,NA
"7620",60,101,1,1,0,1,1,6.795,4,NA
"7621",61,74,1,1,1,0,1,10.518,2,NA
"7622",61,114,1,1,1,0,0,6.388,4,NA
"7623",61,77,1,1,1,1,1,5.69,2,NA
"7624",61,119,1,1,1,0,0,2.686,6,NA
"7625",61,110,1,1,1,0,0,10.77,2,NA
"7626",61,105,1,1,1,1,0,1.981,2,NA
"7627",61,117,1,1,1,0,0,1.741,3,NA
"7628",61,92,1,1,1,0,0,1.901,5,NA
"7629",61,109,1,1,1,0,0,2.218,2,NA
"7630",61,107,1,1,1,0,0,16.779,5,NA
"7631",61,69,1,1,1,0,1,2.842,4,NA
"7632",61,90,1,1,1,1,1,15.494,1,NA
"7633",61,82,1,1,1,0,1,1.354,3,NA
"7634",61,103,1,1,1,1,0,2.734,1,NA
"7635",61,73,1,1,1,1,1,2.656,3,NA
"7636",61,113,1,1,1,1,0,1.783,1,NA
"7637",61,95,1,1,1,0,0,2.811,1,NA
"7638",61,67,1,1,1,1,1,6.413,2,NA
"7639",61,94,1,1,1,1,0,3.148,2,NA
"7640",61,70,1,1,1,1,1,2.979,2,NA
"7641",61,83,1,1,1,1,1,2.168,6,NA
"7642",61,80,1,1,1,0,1,2.53,5,NA
"7643",61,65,1,1,1,0,1,1.289,4,NA
"7644",61,116,1,1,1,1,0,2.126,3,NA
"7645",61,84,1,1,1,1,1,11.047,1,NA
"7646",61,100,1,1,1,0,0,3.775,4,NA
"7647",61,85,1,1,1,1,1,1.824,2,NA
"7648",61,81,1,1,1,0,1,3.25,2,NA
"7649",61,88,1,1,1,1,1,2.336,2,NA
"7650",61,106,1,1,1,1,0,3.046,5,NA
"7651",61,118,1,1,1,1,0,2.797,2,NA
"7652",61,89,1,1,1,1,1,2.751,3,NA
"7653",61,97,1,1,1,1,0,2.559,3,NA
"7654",61,71,1,1,1,0,1,4.494,5,NA
"7655",61,120,1,1,1,1,0,5.624,2,NA
"7656",61,75,1,1,1,0,1,2.116,6,NA
"7657",61,98,1,1,1,1,0,1.72,2,NA
"7658",61,64,1,1,1,1,1,4.254,3,NA
"7659",61,101,1,1,1,1,0,3.316,1,NA
"7660",61,63,1,1,1,0,1,9.022,1,NA
"7661",61,76,1,1,1,1,1,3.807,1,NA
"7662",61,115,1,1,1,1,0,3.334,1,NA
"7663",61,78,1,1,1,1,1,4.081,1,NA
"7664",61,108,1,1,1,0,0,8.251,1,NA
"7665",61,96,1,1,1,0,0,4.301,2,NA
"7666",61,104,1,1,1,0,0,11.507,1,NA
"7667",61,111,1,1,1,0,0,2.789,2,NA
"7668",61,72,1,1,1,0,1,3.808,2,NA
"7669",61,102,1,1,1,0,0,1.095,3,NA
"7670",61,99,1,1,1,1,0,2.326,2,NA
"7671",61,93,1,1,1,0,0,8.896,3,NA
"7672",61,112,1,1,1,0,0,6.861,2,NA
"7673",61,66,1,1,1,0,1,0.836,5,NA
"7674",61,91,1,1,1,1,0,3.76,1,NA
"7675",61,61,1,1,1,1,1,3.601,1,NA
"7676",61,79,1,1,1,0,1,6.286,1,NA
"7677",61,87,1,1,1,0,1,1.576,2,NA
"7678",61,62,1,1,1,1,1,11.992,1,NA
"7679",61,86,1,1,1,0,1,0.895,4,NA
"7680",61,68,1,1,1,0,1,9.04,1,NA
"7681",62,90,1,1,0,1,1,3.719,3,NA
"7682",62,63,1,1,0,1,1,2.964,3,NA
"7683",62,74,1,1,0,1,1,1.346,5,NA
"7684",62,83,1,1,0,1,1,1.945,4,NA
"7685",62,109,1,1,0,0,0,6.607,2,NA
"7686",62,78,1,1,0,0,1,2.005,2,NA
"7687",62,84,1,1,0,1,1,1.233,3,NA
"7688",62,64,1,1,0,1,1,0.994,5,NA
"7689",62,66,1,1,0,1,1,0.438,6,NA
"7690",62,81,1,1,0,1,1,3.209,4,NA
"7691",62,106,1,1,0,0,0,1.772,2,NA
"7692",62,95,1,1,0,0,0,2.87,4,NA
"7693",62,111,1,1,0,1,0,1.25,2,NA
"7694",62,62,1,1,0,1,1,1.042,4,NA
"7695",62,100,1,1,0,0,0,0.62,5,NA
"7696",62,68,1,1,0,1,1,1.643,4,NA
"7697",62,70,1,1,0,0,1,2.262,3,NA
"7698",62,69,1,1,0,1,1,0.312,5,NA
"7699",62,99,1,1,0,1,0,0.579,4,NA
"7700",62,77,1,1,0,1,1,0.39,6,NA
"7701",62,103,1,1,0,0,0,1.918,3,NA
"7702",62,107,1,1,0,0,0,4.096,4,NA
"7703",62,115,1,1,0,0,0,0.599,4,NA
"7704",62,120,1,1,0,0,0,9.535,4,NA
"7705",62,72,1,1,0,1,1,1.125,3,NA
"7706",62,92,1,1,0,1,0,1.617,3,NA
"7707",62,116,1,1,0,1,0,1.143,4,NA
"7708",62,65,1,1,0,1,1,0.303,5,NA
"7709",62,117,1,1,0,0,0,2.505,3,NA
"7710",62,93,1,1,0,1,0,4.946,3,NA
"7711",62,73,1,1,0,1,1,0.589,6,NA
"7712",62,67,1,1,0,0,1,1.037,4,NA
"7713",62,97,1,1,0,1,0,1.235,5,NA
"7714",62,91,1,1,0,1,0,2.254,3,NA
"7715",62,85,1,1,0,1,1,1.272,2,NA
"7716",62,112,1,1,0,1,0,1.046,4,NA
"7717",62,79,1,1,0,1,1,0.467,3,NA
"7718",62,88,1,1,0,1,1,1.57,4,NA
"7719",62,96,1,1,0,0,0,0.837,3,NA
"7720",62,102,1,1,0,0,0,3.547,2,NA
"7721",62,98,1,1,0,1,0,0.845,2,NA
"7722",62,61,1,1,0,1,1,2.13,4,NA
"7723",62,119,1,1,0,0,0,6.164,2,NA
"7724",62,118,1,1,0,1,0,2.862,2,NA
"7725",62,101,1,1,0,0,0,3.195,5,NA
"7726",62,82,1,1,0,1,1,0.615,4,NA
"7727",62,113,1,1,0,0,0,2.201,2,NA
"7728",62,89,1,1,0,1,1,0.474,4,NA
"7729",62,76,1,1,0,1,1,2.56,5,NA
"7730",62,105,1,1,0,0,0,3.223,4,NA
"7731",62,104,1,1,0,0,0,2.495,2,NA
"7732",62,108,1,1,0,0,0,3.129,4,NA
"7733",62,75,1,1,0,1,1,0.109,6,NA
"7734",62,86,1,1,0,1,1,0.329,6,NA
"7735",62,71,1,1,0,1,1,0.339,6,NA
"7736",62,110,1,1,0,0,0,2.477,2,NA
"7737",62,114,1,1,0,1,0,0.907,4,NA
"7738",62,80,1,1,0,1,1,1.059,3,NA
"7739",62,87,1,1,0,1,1,0.795,6,NA
"7740",62,94,1,1,0,1,0,2.486,4,NA
"7741",64,119,1,1,0,1,0,1.693,5,NA
"7742",64,98,1,1,0,1,0,3.995,1,NA
"7743",64,81,1,1,0,1,1,2.481,2,NA
"7744",64,115,1,1,0,0,0,1.75,1,NA
"7745",64,66,1,1,0,0,1,2.854,6,NA
"7746",64,88,1,1,0,1,1,1.145,5,NA
"7747",64,85,1,1,0,1,1,5.406,1,NA
"7748",64,99,1,1,0,1,0,1.521,3,NA
"7749",64,101,1,1,0,0,0,4.212,2,NA
"7750",64,78,1,1,0,1,1,0.654,1,NA
"7751",64,73,1,1,0,1,1,1.177,1,NA
"7752",64,79,1,1,0,1,1,1.054,1,NA
"7753",64,90,1,1,0,1,1,3.711,1,NA
"7754",64,65,1,1,0,1,1,0.484,1,NA
"7755",64,71,1,1,0,1,1,0.507,4,NA
"7756",64,68,1,1,0,1,1,0.842,1,NA
"7757",64,102,1,1,0,0,0,1.449,3,NA
"7758",64,103,1,1,0,0,0,0.568,1,NA
"7759",64,72,1,1,0,1,1,0.013,1,NA
"7760",64,106,1,1,0,1,0,0.302,1,NA
"7761",64,83,1,1,0,1,1,0.469,3,NA
"7762",64,97,1,1,0,1,0,1.327,1,NA
"7763",64,67,1,1,0,0,1,0.943,1,NA
"7764",64,105,1,1,0,0,0,1.193,1,NA
"7765",64,96,1,1,0,0,0,2.906,2,NA
"7766",64,107,1,1,0,0,0,0.69,2,NA
"7767",64,84,1,1,0,0,1,4.273,1,NA
"7768",64,94,1,1,0,1,0,1.061,4,NA
"7769",64,92,1,1,0,1,0,0.551,3,NA
"7770",64,70,1,1,0,1,1,0.366,3,NA
"7771",64,69,1,1,0,1,1,0.271,4,NA
"7772",64,117,1,1,0,0,0,0.682,5,NA
"7773",64,75,1,1,0,1,1,0.698,2,NA
"7774",64,82,1,1,0,0,1,1.026,3,NA
"7775",64,109,1,1,0,1,0,2.005,1,NA
"7776",64,64,1,1,0,1,1,1.403,4,NA
"7777",64,76,1,1,0,1,1,0.634,4,NA
"7778",64,116,1,1,0,1,0,0.937,1,NA
"7779",64,91,1,1,0,1,0,0.6,2,NA
"7780",64,62,1,1,0,1,1,0.504,5,NA
"7781",64,104,1,1,0,1,0,0.825,4,NA
"7782",64,74,1,1,0,1,1,0.527,1,NA
"7783",64,77,1,1,0,1,1,0.464,3,NA
"7784",64,86,1,1,0,1,1,0.297,1,NA
"7785",64,118,1,1,0,0,0,2.058,1,NA
"7786",64,93,1,1,0,1,0,0.944,2,NA
"7787",64,111,1,1,0,1,0,5.046,1,NA
"7788",64,108,1,1,0,1,0,0.624,1,NA
"7789",64,61,1,1,0,1,1,0.597,1,NA
"7790",64,113,1,1,0,0,0,0.788,1,NA
"7791",64,114,1,1,0,1,0,1.2,2,NA
"7792",64,87,1,1,0,1,1,0.412,2,NA
"7793",64,63,1,1,0,1,1,0.335,2,NA
"7794",64,95,1,1,0,0,0,1.511,1,NA
"7795",64,100,1,1,0,0,0,0.961,2,NA
"7796",64,80,1,1,0,0,1,0.363,1,NA
"7797",64,120,1,1,0,0,0,1.611,1,NA
"7798",64,112,1,1,0,0,0,1.307,1,NA
"7799",64,89,1,1,0,1,1,3.547,2,NA
"7800",64,110,1,1,0,1,0,0.683,4,NA
"7801",66,17,1,1,0,0,0,1.439,4,NA
"7802",66,71,1,1,0,0,1,4.079,1,NA
"7803",66,69,1,1,0,1,1,1.89,4,NA
"7804",66,85,1,1,0,0,1,2.69,1,NA
"7805",66,50,1,1,0,1,0,1.466,1,NA
"7806",66,19,1,1,0,1,0,3.457,1,NA
"7807",66,82,1,1,0,1,1,2.677,1,NA
"7808",66,73,1,1,0,1,1,1.716,2,NA
"7809",66,80,1,1,0,0,1,1.254,5,NA
"7810",66,56,1,1,0,0,0,2.037,1,NA
"7811",66,72,1,1,0,0,1,0.644,1,NA
"7812",66,87,1,1,0,1,1,1.838,3,NA
"7813",66,46,1,1,0,0,0,1.703,1,NA
"7814",66,49,1,1,0,0,0,1.46,1,NA
"7815",66,74,1,1,0,0,1,0.738,5,NA
"7816",66,30,1,1,0,0,0,0.791,2,NA
"7817",66,89,1,1,0,1,1,0.82,3,NA
"7818",66,65,1,1,0,1,1,1.105,2,NA
"7819",66,63,1,1,0,0,1,2.643,4,NA
"7820",66,14,1,1,0,1,0,2.253,2,NA
"7821",66,70,1,1,0,1,1,1.215,1,NA
"7822",66,32,1,1,0,0,0,0.745,3,NA
"7823",66,76,1,1,0,1,1,0.923,2,NA
"7824",66,38,1,1,0,1,0,1.084,2,NA
"7825",66,39,1,1,0,1,0,3.414,1,NA
"7826",66,78,1,1,0,0,1,1.043,1,NA
"7827",66,90,1,1,0,1,1,0.921,3,NA
"7828",66,68,1,1,0,1,1,1.276,1,NA
"7829",66,52,1,1,0,0,0,3.616,6,NA
"7830",66,66,1,1,0,0,1,1.953,3,NA
"7831",66,77,1,1,0,1,1,3.779,3,NA
"7832",66,11,1,1,0,1,0,1.204,4,NA
"7833",66,37,1,1,0,0,0,2.891,3,NA
"7834",66,9,1,1,0,1,0,1.213,2,NA
"7835",66,5,1,1,0,0,0,1.448,6,NA
"7836",66,15,1,1,0,0,0,0.946,1,NA
"7837",66,8,1,1,0,0,0,1.155,1,NA
"7838",66,47,1,1,0,1,0,1.32,1,NA
"7839",66,33,1,1,0,1,0,1.718,1,NA
"7840",66,67,1,1,0,1,1,0.745,2,NA
"7841",66,83,1,1,0,1,1,0.997,6,NA
"7842",66,79,1,1,0,1,1,1.055,4,NA
"7843",66,75,1,1,0,0,1,1.28,4,NA
"7844",66,4,1,1,0,1,0,1.45,5,NA
"7845",66,26,1,1,0,0,0,1.021,1,NA
"7846",66,81,1,1,0,1,1,2.743,2,NA
"7847",66,23,1,1,0,0,0,3.241,2,NA
"7848",66,86,1,1,0,0,1,1.613,1,NA
"7849",66,7,1,1,0,1,0,1.351,6,NA
"7850",66,62,1,1,0,1,1,1.506,6,NA
"7851",66,55,1,1,0,1,0,2.563,3,NA
"7852",66,34,1,1,0,1,0,0.581,2,NA
"7853",66,27,1,1,0,1,0,0.476,3,NA
"7854",66,59,1,1,0,0,0,1.401,3,NA
"7855",66,64,1,1,0,1,1,1.036,2,NA
"7856",66,58,1,1,0,0,0,0.618,6,NA
"7857",66,88,1,1,0,0,1,0.875,4,NA
"7858",66,22,1,1,0,0,0,0.722,1,NA
"7859",66,84,1,1,0,1,1,0.438,2,NA
"7860",66,61,1,1,0,1,1,0.859,2,NA
"7861",67,39,1,1,1,1,0,23.529,2,NA
"7862",67,32,1,1,1,0,0,5.859,3,NA
"7863",67,17,1,1,1,1,0,30.743,3,NA
"7864",67,4,1,1,1,0,0,8.419,4,NA
"7865",67,87,1,1,1,1,1,14.009,4,NA
"7866",67,22,1,1,1,1,0,2.018,5,NA
"7867",67,79,1,1,1,0,1,32.797,5,NA
"7868",67,85,1,1,1,0,1,7.388,5,NA
"7869",67,86,1,1,1,1,1,18.852,4,NA
"7870",67,23,1,1,1,1,0,20.389,1,NA
"7871",67,66,1,1,1,0,1,5.351,5,NA
"7872",67,88,1,1,1,0,1,8.899,4,NA
"7873",67,34,1,1,1,0,0,16.812,3,NA
"7874",67,83,1,1,1,1,1,1.784,6,NA
"7875",67,47,1,1,1,1,0,21.386,2,NA
"7876",67,69,1,1,1,0,1,16.129,4,NA
"7877",67,76,1,1,1,1,1,1.133,5,NA
"7878",67,59,1,1,1,0,0,16.63,4,NA
"7879",67,19,1,1,1,1,0,28.338,2,NA
"7880",67,68,1,1,1,1,1,7.382,3,NA
"7881",67,8,1,1,1,0,0,40.067,2,NA
"7882",67,50,1,1,1,0,0,41.29,2,NA
"7883",67,30,1,1,1,1,0,14.741,5,NA
"7884",67,67,1,1,1,1,1,6.403,4,NA
"7885",67,74,1,1,1,0,1,38.84,4,NA
"7886",67,49,1,1,1,0,0,20.528,2,NA
"7887",67,55,1,1,1,0,0,2.651,3,NA
"7888",67,63,1,1,1,0,1,6.171,5,NA
"7889",67,62,1,1,1,1,1,2.294,4,NA
"7890",67,71,1,1,1,1,1,31.024,3,NA
"7891",67,90,1,1,1,1,1,8.549,1,NA
"7892",67,56,1,1,1,1,0,16.935,4,NA
"7893",67,72,1,1,1,0,1,6.136,5,NA
"7894",67,84,1,1,1,1,1,2.795,5,NA
"7895",67,78,1,1,1,0,1,11.844,1,NA
"7896",67,64,1,1,1,0,1,44.642,4,NA
"7897",67,15,1,1,1,0,0,26.73,3,NA
"7898",67,9,1,1,1,1,0,11.346,4,NA
"7899",67,89,1,1,1,1,1,18.778,3,NA
"7900",67,52,1,1,1,0,0,7.979,6,NA
"7901",67,5,1,1,1,0,0,8.158,2,NA
"7902",67,33,1,1,1,1,0,11.609,3,NA
"7903",67,77,1,1,1,1,1,4.402,4,NA
"7904",67,11,1,1,1,0,0,24.467,3,NA
"7905",67,80,1,1,1,0,1,8.354,4,NA
"7906",67,58,1,1,1,0,0,4.691,3,NA
"7907",67,61,1,1,1,0,1,7.157,1,NA
"7908",67,38,1,1,1,0,0,22.079,2,NA
"7909",67,26,1,1,1,0,0,16.812,2,NA
"7910",67,65,1,1,1,0,1,41.448,1,NA
"7911",67,81,1,1,1,0,1,8.619,5,NA
"7912",67,73,1,1,1,1,1,19.414,2,NA
"7913",67,27,1,1,1,1,0,20.315,2,NA
"7914",67,7,1,1,1,1,0,10.229,3,NA
"7915",67,37,1,1,1,0,0,8.093,4,NA
"7916",67,14,1,1,1,0,0,5.511,3,NA
"7917",67,75,1,1,1,0,1,36.694,5,NA
"7918",67,70,1,1,1,0,1,5.972,4,NA
"7919",67,46,1,1,1,0,0,15.117,3,NA
"7920",67,82,1,1,1,0,1,20.647,3,NA
"7921",68,86,1,1,0,1,1,1.58,3,NA
"7922",68,33,1,1,0,0,0,1.472,2,NA
"7923",68,7,1,1,0,1,0,1.12,3,NA
"7924",68,14,1,1,0,0,0,1.311,1,NA
"7925",68,78,1,1,0,1,1,1.295,2,NA
"7926",68,71,1,1,0,1,1,1.421,2,NA
"7927",68,77,1,1,0,0,1,2.217,3,NA
"7928",68,66,1,1,0,0,1,0.491,3,NA
"7929",68,38,1,1,0,1,0,2.721,2,NA
"7930",68,56,1,1,0,0,0,0.818,3,NA
"7931",68,75,1,1,0,0,1,3.401,3,NA
"7932",68,55,1,1,0,1,0,0.365,3,NA
"7933",68,58,1,1,0,1,0,2.037,3,NA
"7934",68,79,1,1,0,1,1,0.708,4,NA
"7935",68,39,1,1,0,0,0,1.041,3,NA
"7936",68,88,1,1,0,0,1,1.711,4,NA
"7937",68,90,1,1,0,1,1,2.341,3,NA
"7938",68,87,1,1,0,1,1,1.669,5,NA
"7939",68,9,1,1,0,1,0,0.495,3,NA
"7940",68,47,1,1,0,1,0,0.311,3,NA
"7941",68,30,1,1,0,1,0,0.353,3,NA
"7942",68,37,1,1,0,0,0,10.722,4,NA
"7943",68,5,1,1,0,0,0,1.378,1,NA
"7944",68,69,1,1,0,1,1,0.502,2,NA
"7945",68,70,1,1,0,0,1,0.553,4,NA
"7946",68,26,1,1,0,0,0,0.644,1,NA
"7947",68,62,1,1,0,1,1,0.914,3,NA
"7948",68,80,1,1,0,1,1,2.096,3,NA
"7949",68,19,1,1,0,1,0,0.178,3,NA
"7950",68,49,1,1,0,1,0,2.189,1,NA
"7951",68,89,1,1,0,0,1,1.294,1,NA
"7952",68,8,1,1,0,0,0,1.524,1,NA
"7953",68,82,1,1,0,0,1,1.469,1,NA
"7954",68,81,1,1,0,1,1,1.087,2,NA
"7955",68,65,1,1,0,0,1,1.604,4,NA
"7956",68,11,1,1,0,0,0,1.455,1,NA
"7957",68,68,1,1,0,1,1,1.441,2,NA
"7958",68,17,1,1,0,1,0,1.058,4,NA
"7959",68,22,1,1,0,1,0,0.449,1,NA
"7960",68,61,1,1,0,1,1,0.497,2,NA
"7961",68,27,1,1,0,1,0,1.326,3,NA
"7962",68,76,1,1,0,1,1,0.468,3,NA
"7963",68,64,1,1,0,1,1,0.914,2,NA
"7964",68,34,1,1,0,0,0,0.34,1,NA
"7965",68,59,1,1,0,1,0,0.36,6,NA
"7966",68,46,1,1,0,0,0,1.93,2,NA
"7967",68,73,1,1,0,0,1,1.321,1,NA
"7968",68,74,1,1,0,1,1,0.276,1,NA
"7969",68,15,1,1,0,1,0,0.401,3,NA
"7970",68,67,1,1,0,1,1,1.29,3,NA
"7971",68,23,1,1,0,0,0,0.654,2,NA
"7972",68,32,1,1,0,0,0,0.575,5,NA
"7973",68,83,1,1,0,1,1,0.7,2,NA
"7974",68,63,1,1,0,1,1,0.299,4,NA
"7975",68,52,1,1,0,0,0,1.62,4,NA
"7976",68,85,1,1,0,0,1,0.227,1,NA
"7977",68,84,1,1,0,1,1,0.528,1,NA
"7978",68,4,1,1,0,0,0,0.453,1,NA
"7979",68,72,1,1,0,0,1,0.486,1,NA
"7980",68,50,1,1,0,0,0,0.58,1,NA
"7981",69,89,1,1,1,0,1,4.03,2,NA
"7982",69,18,1,1,1,0,0,1.265,4,NA
"7983",69,44,1,1,1,0,0,4.833,3,NA
"7984",69,69,1,1,1,0,1,11.357,2,NA
"7985",69,67,1,1,1,1,1,3.656,5,NA
"7986",69,81,1,1,1,1,1,6.867,2,NA
"7987",69,12,1,1,1,1,0,3.108,3,NA
"7988",69,53,1,1,1,0,0,5.542,3,NA
"7989",69,72,1,1,1,0,1,1.689,2,NA
"7990",69,65,1,1,1,0,1,1.097,5,NA
"7991",69,79,1,1,1,0,1,5.603,5,NA
"7992",69,24,1,1,1,1,0,3.158,3,NA
"7993",69,90,1,1,1,1,1,1.987,3,NA
"7994",69,48,1,1,1,0,0,1.515,5,NA
"7995",69,35,1,1,1,1,0,1.545,5,NA
"7996",69,84,1,1,1,0,1,4.294,2,NA
"7997",69,82,1,1,1,1,1,2.92,4,NA
"7998",69,36,1,1,1,0,0,1.455,1,NA
"7999",69,74,1,1,1,0,1,11.31,1,NA
"8000",69,16,1,1,1,0,0,3.917,2,NA
"8001",69,86,1,1,1,1,1,1.371,3,NA
"8002",69,57,1,1,1,1,0,3.485,3,NA
"8003",69,13,1,1,1,1,0,0.928,4,NA
"8004",69,51,1,1,1,1,0,7.683,3,NA
"8005",69,85,1,1,1,0,1,1.471,4,NA
"8006",69,2,1,1,1,1,0,1.352,3,NA
"8007",69,88,1,1,1,0,1,1.507,2,NA
"8008",69,75,1,1,1,1,1,1.651,4,NA
"8009",69,78,1,1,1,0,1,3.401,2,NA
"8010",69,71,1,1,1,0,1,7.369,2,NA
"8011",69,87,1,1,1,1,1,1.111,5,NA
"8012",69,83,1,1,1,0,1,4.981,1,NA
"8013",69,21,1,1,1,1,0,1.71,3,NA
"8014",69,20,1,1,1,1,0,3.206,2,NA
"8015",69,54,1,1,1,1,0,1.266,3,NA
"8016",69,76,1,1,1,1,1,1.08,2,NA
"8017",69,29,1,1,1,0,0,1.48,2,NA
"8018",69,43,1,1,1,0,0,0.949,2,NA
"8019",69,3,1,1,1,0,0,2.924,2,NA
"8020",69,68,1,1,1,0,1,1.801,2,NA
"8021",69,41,1,1,1,1,0,1.182,3,NA
"8022",69,45,1,1,1,1,0,8.813,3,NA
"8023",69,61,1,1,1,1,1,1.218,3,NA
"8024",69,64,1,1,1,1,1,2.91,3,NA
"8025",69,63,1,1,1,0,1,3.344,3,NA
"8026",69,77,1,1,1,1,1,3.63,6,NA
"8027",69,40,1,1,1,0,0,1.997,2,NA
"8028",69,80,1,1,1,0,1,1.267,2,NA
"8029",69,28,1,1,1,1,0,3.46,3,NA
"8030",69,60,1,1,1,0,0,0.52,2,NA
"8031",69,10,1,1,1,0,0,2.019,3,NA
"8032",69,31,1,1,1,1,0,3.192,4,NA
"8033",69,1,1,1,1,1,0,1.542,3,NA
"8034",69,73,1,1,1,1,1,2.768,3,NA
"8035",69,66,1,1,1,1,1,3.166,5,NA
"8036",69,6,1,1,1,1,0,0.763,4,NA
"8037",69,25,1,1,1,0,0,1.962,2,NA
"8038",69,70,1,1,1,0,1,2.191,2,NA
"8039",69,62,1,1,1,1,1,1.289,3,NA
"8040",69,42,1,1,1,0,0,1.058,5,NA
"8041",70,45,1,1,0,0,0,2.531,6,NA
"8042",70,69,1,1,0,1,1,3.652,3,NA
"8043",70,16,1,1,0,1,0,1.551,3,NA
"8044",70,86,1,1,0,0,1,3.783,2,NA
"8045",70,84,1,1,0,1,1,0.787,3,NA
"8046",70,70,1,1,0,0,1,0.936,4,NA
"8047",70,88,1,1,0,1,1,1.472,2,NA
"8048",70,25,1,1,0,0,0,5.903,4,NA
"8049",70,21,1,1,0,0,0,8.648,3,NA
"8050",70,29,1,1,0,1,0,2.982,1,NA
"8051",70,67,1,1,0,0,1,2.411,2,NA
"8052",70,81,1,1,0,0,1,3.023,4,NA
"8053",70,71,1,1,0,1,1,1.465,2,NA
"8054",70,51,1,1,0,1,0,1.094,5,NA
"8055",70,77,1,1,0,0,1,1.933,5,NA
"8056",70,85,1,1,0,1,1,0.996,4,NA
"8057",70,79,1,1,0,1,1,2.49,3,NA
"8058",70,24,1,1,0,1,0,1.985,4,NA
"8059",70,48,1,1,0,1,0,0.526,5,NA
"8060",70,61,1,1,0,1,1,3.702,4,NA
"8061",70,73,1,1,0,0,1,3.727,2,NA
"8062",70,2,1,1,0,1,0,1.113,5,NA
"8063",70,62,1,1,0,1,1,0.516,4,NA
"8064",70,75,1,1,0,1,1,1.871,6,NA
"8065",70,78,1,1,0,0,1,1.279,1,NA
"8066",70,64,1,1,0,1,1,2.091,3,NA
"8067",70,54,1,1,0,0,0,0.488,5,NA
"8068",70,60,1,1,0,1,0,1.895,2,NA
"8069",70,13,1,1,0,0,0,1.757,2,NA
"8070",70,72,1,1,0,1,1,0.601,4,NA
"8071",70,36,1,1,0,0,0,1.204,5,NA
"8072",70,76,1,1,0,1,1,0.484,6,NA
"8073",70,1,1,1,0,0,0,1.887,5,NA
"8074",70,90,1,1,0,1,1,0.587,2,NA
"8075",70,28,1,1,0,1,0,0.605,5,NA
"8076",70,57,1,1,0,1,0,4.405,1,NA
"8077",70,10,1,1,0,0,0,0.629,6,NA
"8078",70,12,1,1,0,1,0,0.809,6,NA
"8079",70,43,1,1,0,0,0,1.006,2,NA
"8080",70,20,1,1,0,1,0,4.97,1,NA
"8081",70,87,1,1,0,1,1,6.821,1,NA
"8082",70,74,1,1,0,1,1,0.535,5,NA
"8083",70,63,1,1,0,0,1,0.418,1,NA
"8084",70,83,1,1,0,0,1,0.593,5,NA
"8085",70,44,1,1,0,1,0,0.424,1,NA
"8086",70,31,1,1,0,0,0,1.511,1,NA
"8087",70,40,1,1,0,1,0,0.991,1,NA
"8088",70,3,1,1,0,1,0,0.862,4,NA
"8089",70,66,1,1,0,0,1,1.261,3,NA
"8090",70,41,1,1,0,1,0,0.545,2,NA
"8091",70,65,1,1,0,0,1,0.848,3,NA
"8092",70,68,1,1,0,1,1,0.472,4,NA
"8093",70,6,1,1,0,1,0,0.739,5,NA
"8094",70,82,1,1,0,0,1,0.559,5,NA
"8095",70,80,1,1,0,0,1,1.093,3,NA
"8096",70,42,1,1,0,1,0,0.415,5,NA
"8097",70,18,1,1,0,0,0,1.116,2,NA
"8098",70,89,1,1,0,0,1,0.416,2,NA
"8099",70,35,1,1,0,1,0,0.418,4,NA
"8100",70,53,1,1,0,1,0,1.261,4,NA
"8101",71,29,1,1,1,0,0,1.588,6,NA
"8102",71,68,1,1,1,1,1,3.831,3,NA
"8103",71,79,1,1,1,1,1,5.656,5,NA
"8104",71,72,1,1,1,0,1,1.303,6,NA
"8105",71,24,1,1,1,0,0,6.566,4,NA
"8106",71,18,1,1,1,0,0,2.653,4,NA
"8107",71,31,1,1,1,1,0,3.369,3,NA
"8108",71,2,1,1,1,0,0,5.344,3,NA
"8109",71,53,1,1,1,1,0,2.269,4,NA
"8110",71,78,1,1,1,0,1,6.827,3,NA
"8111",71,40,1,1,1,1,0,1.338,5,NA
"8112",71,62,1,1,1,0,1,2.271,5,NA
"8113",71,1,1,1,1,0,0,7.982,4,NA
"8114",71,51,1,1,1,1,0,4.051,3,NA
"8115",71,75,1,1,1,0,1,2.571,5,NA
"8116",71,16,1,1,1,0,0,4.845,3,NA
"8117",71,80,1,1,1,0,1,2.889,4,NA
"8118",71,69,1,1,1,1,1,5.208,3,NA
"8119",71,86,1,1,1,0,1,5.31,4,NA
"8120",71,85,1,1,1,1,1,8.434,5,NA
"8121",71,63,1,1,1,1,1,1.698,5,NA
"8122",71,42,1,1,1,0,0,6.56,3,NA
"8123",71,41,1,1,1,0,0,5.056,3,NA
"8124",71,74,1,1,1,1,1,6.899,2,NA
"8125",71,82,1,1,1,0,1,3.078,5,NA
"8126",71,43,1,1,1,0,0,1.032,5,NA
"8127",71,44,1,1,1,1,0,7.52,3,NA
"8128",71,54,1,1,1,1,0,1.997,5,NA
"8129",71,6,1,1,1,0,0,6.514,5,NA
"8130",71,70,1,1,1,0,1,1.21,6,NA
"8131",71,57,1,1,1,1,0,10.286,3,NA
"8132",71,20,1,1,1,0,0,3.367,5,NA
"8133",71,13,1,1,1,1,0,0.753,4,NA
"8134",71,66,1,1,1,1,1,4.909,5,NA
"8135",71,90,1,1,1,0,1,1.367,6,NA
"8136",71,10,1,1,1,0,0,1.48,5,NA
"8137",71,64,1,1,1,1,1,6.854,3,NA
"8138",71,67,1,1,1,1,1,5.293,2,NA
"8139",71,71,1,1,1,1,1,1.945,4,NA
"8140",71,48,1,1,1,0,0,10.603,3,NA
"8141",71,73,1,1,1,1,1,3.795,1,NA
"8142",71,89,1,1,1,1,1,2.345,5,NA
"8143",71,21,1,1,1,0,0,13.596,4,NA
"8144",71,45,1,1,1,0,0,2.284,4,NA
"8145",71,88,1,1,1,0,1,2.643,5,NA
"8146",71,36,1,1,1,1,0,4.155,4,NA
"8147",71,77,1,1,1,0,1,7.507,5,NA
"8148",71,83,1,1,1,0,1,16.153,6,NA
"8149",71,81,1,1,1,1,1,2.198,2,NA
"8150",71,61,1,1,1,0,1,13.8,4,NA
"8151",71,76,1,1,1,0,1,2.5,5,NA
"8152",71,12,1,1,1,1,0,5.499,4,NA
"8153",71,87,1,1,1,1,1,2.852,6,NA
"8154",71,3,1,1,1,0,0,9.95,3,NA
"8155",71,65,1,1,1,0,1,1.353,4,NA
"8156",71,28,1,1,1,0,0,4.253,3,NA
"8157",71,84,1,1,1,1,1,2.999,2,NA
"8158",71,25,1,1,1,1,0,1.2,6,NA
"8159",71,35,1,1,1,1,0,7.123,4,NA
"8160",71,60,1,1,1,0,0,2.229,3,NA
"8161",72,77,1,1,0,1,1,1.351,6,NA
"8162",72,85,1,1,0,0,1,6.261,4,NA
"8163",72,51,1,1,0,0,0,3.696,2,NA
"8164",72,66,1,1,0,0,1,3.019,3,NA
"8165",72,16,1,1,0,0,0,7.749,1,NA
"8166",72,35,1,1,0,0,0,1.98,2,NA
"8167",72,43,1,1,0,0,0,2.108,4,NA
"8168",72,40,1,1,0,0,0,1.118,5,NA
"8169",72,83,1,1,0,1,1,2.613,4,NA
"8170",72,1,1,1,0,0,0,3.775,2,NA
"8171",72,65,1,1,0,0,1,2.063,3,NA
"8172",72,44,1,1,0,0,0,8.367,2,NA
"8173",72,81,1,1,0,1,1,1.47,4,NA
"8174",72,12,1,1,0,1,0,3.141,5,NA
"8175",72,63,1,1,0,1,1,1.171,2,NA
"8176",72,41,1,1,0,0,0,0.834,1,NA
"8177",72,71,1,1,0,1,1,1.995,1,NA
"8178",72,42,1,1,0,0,0,1.744,4,NA
"8179",72,21,1,1,0,0,0,1.771,6,NA
"8180",72,76,1,1,0,1,1,1.37,4,NA
"8181",72,31,1,1,0,0,0,3.287,2,NA
"8182",72,60,1,1,0,1,0,1.826,3,NA
"8183",72,90,1,1,0,1,1,3.241,1,NA
"8184",72,48,1,1,0,1,0,1.229,4,NA
"8185",72,69,1,1,0,0,1,11.091,5,NA
"8186",72,86,1,1,0,1,1,3.592,5,NA
"8187",72,20,1,1,0,0,0,2.046,2,NA
"8188",72,75,1,1,0,1,1,0.881,3,NA
"8189",72,53,1,1,0,0,0,1.214,1,NA
"8190",72,80,1,1,0,1,1,1.106,3,NA
"8191",72,28,1,1,0,1,0,4.349,1,NA
"8192",72,62,1,1,0,1,1,1.469,2,NA
"8193",72,18,1,1,0,1,0,0.912,4,NA
"8194",72,89,1,1,0,1,1,0.292,6,NA
"8195",72,64,1,1,0,1,1,1.843,5,NA
"8196",72,82,1,1,0,1,1,1.104,3,NA
"8197",72,67,1,1,0,0,1,10.097,2,NA
"8198",72,68,1,1,0,0,1,1.68,1,NA
"8199",72,29,1,1,0,0,0,1.937,1,NA
"8200",72,70,1,1,0,1,1,8.854,1,NA
"8201",72,25,1,1,0,0,0,1.606,1,NA
"8202",72,3,1,1,0,1,0,1.594,1,NA
"8203",72,54,1,1,0,0,0,1.372,1,NA
"8204",72,61,1,1,0,1,1,1.474,2,NA
"8205",72,72,1,1,0,0,1,3.542,2,NA
"8206",72,74,1,1,0,1,1,1.137,4,NA
"8207",72,87,1,1,0,1,1,1.518,5,NA
"8208",72,10,1,1,0,0,0,0.912,2,NA
"8209",72,79,1,1,0,1,1,2.093,3,NA
"8210",72,2,1,1,0,1,0,1.066,2,NA
"8211",72,13,1,1,0,0,0,0.385,2,NA
"8212",72,24,1,1,0,0,0,1.676,1,NA
"8213",72,36,1,1,0,0,0,1.886,1,NA
"8214",72,6,1,1,0,0,0,7.634,1,NA
"8215",72,73,1,1,0,1,1,1.572,4,NA
"8216",72,78,1,1,0,0,1,3.366,1,NA
"8217",72,88,1,1,0,0,1,1.184,3,NA
"8218",72,84,1,1,0,1,1,1.629,4,NA
"8219",72,45,1,1,0,1,0,2.065,2,NA
"8220",72,57,1,1,0,1,0,3.654,2,NA
"8221",73,93,1,1,1,0,0,5.109,2,NA
"8222",73,114,1,1,1,1,0,2.314,5,NA
"8223",73,55,1,1,1,1,1,2.719,6,NA
"8224",73,105,1,1,1,0,0,14.924,2,NA
"8225",73,97,1,1,1,0,0,4.089,3,NA
"8226",73,113,1,1,1,1,0,1.652,3,NA
"8227",73,46,1,1,1,1,1,1.283,6,NA
"8228",73,14,1,1,1,1,1,6.713,1,NA
"8229",73,22,1,1,1,1,1,5.227,2,NA
"8230",73,34,1,1,1,1,1,8.727,2,NA
"8231",73,7,1,1,1,1,1,0.836,2,NA
"8232",73,103,1,1,1,0,0,3.235,1,NA
"8233",73,98,1,1,1,0,0,7.15,1,NA
"8234",73,26,1,1,1,1,1,0.718,2,NA
"8235",73,59,1,1,1,1,1,0.809,2,NA
"8236",73,96,1,1,1,1,0,17.039,3,NA
"8237",73,33,1,1,1,1,1,1.181,6,NA
"8238",73,101,1,1,1,1,0,1.628,5,NA
"8239",73,108,1,1,1,0,0,5.114,1,NA
"8240",73,107,1,1,1,1,0,2.383,4,NA
"8241",73,30,1,1,1,1,1,1.125,2,NA
"8242",73,94,1,1,1,1,0,1.3,6,NA
"8243",73,19,1,1,1,1,1,1.32,2,NA
"8244",73,38,1,1,1,1,1,1.142,1,NA
"8245",73,106,1,1,1,0,0,5.178,2,NA
"8246",73,39,1,1,1,1,1,13.582,1,NA
"8247",73,92,1,1,1,0,0,2.062,5,NA
"8248",73,116,1,1,1,1,0,4.856,4,NA
"8249",73,118,1,1,1,1,0,5.165,1,NA
"8250",73,119,1,1,1,1,0,9.231,3,NA
"8251",73,56,1,1,1,1,1,9.368,4,NA
"8252",73,111,1,1,1,0,0,5.305,1,NA
"8253",73,27,1,1,1,1,1,1.99,2,NA
"8254",73,91,1,1,1,1,0,3.735,4,NA
"8255",73,9,1,1,1,1,1,3.199,5,NA
"8256",73,95,1,1,1,1,0,2.171,1,NA
"8257",73,50,1,1,1,1,1,1.199,2,NA
"8258",73,104,1,1,1,0,0,2.67,3,NA
"8259",73,4,1,1,1,1,1,2.314,2,NA
"8260",73,58,1,1,1,1,1,1.578,2,NA
"8261",73,49,1,1,1,0,1,2.31,1,NA
"8262",73,102,1,1,1,0,0,39.589,1,NA
"8263",73,115,1,1,1,1,0,2.948,2,NA
"8264",73,47,1,1,1,1,1,1.281,2,NA
"8265",73,52,1,1,1,1,1,1.383,2,NA
"8266",73,11,1,1,1,1,1,8.72,2,NA
"8267",73,99,1,1,1,1,0,1.922,4,NA
"8268",73,109,1,1,1,1,0,3.93,5,NA
"8269",73,120,1,1,1,1,0,1.848,2,NA
"8270",73,15,1,1,1,1,1,0.533,2,NA
"8271",73,100,1,1,1,0,0,3.679,4,NA
"8272",73,8,1,1,1,1,1,1.071,2,NA
"8273",73,37,1,1,1,1,1,0.718,6,NA
"8274",73,5,1,1,1,1,1,1.55,2,NA
"8275",73,112,1,1,1,1,0,45.455,4,NA
"8276",73,32,1,1,1,1,1,7.164,1,NA
"8277",73,17,1,1,1,1,1,1.633,2,NA
"8278",73,117,1,1,1,1,0,3.136,3,NA
"8279",73,23,1,1,1,1,1,7.672,2,NA
"8280",73,110,1,1,1,1,0,1.382,3,NA
"8281",74,99,1,1,0,1,0,4.52,1,NA
"8282",74,113,1,1,0,0,0,2.358,2,NA
"8283",74,7,1,1,0,1,1,2.694,1,NA
"8284",74,120,1,1,0,1,0,1.335,3,NA
"8285",74,97,1,1,0,0,0,1.402,6,NA
"8286",74,107,1,1,0,0,0,8.061,1,NA
"8287",74,101,1,1,0,0,0,2.22,1,NA
"8288",74,39,1,1,0,1,1,1.65,1,NA
"8289",74,98,1,1,0,0,0,1.414,2,NA
"8290",74,106,1,1,0,0,0,3.05,3,NA
"8291",74,30,1,1,0,0,1,1.446,1,NA
"8292",74,111,1,1,0,1,0,2.468,2,NA
"8293",74,15,1,1,0,0,1,2.088,1,NA
"8294",74,19,1,1,0,0,1,2.392,1,NA
"8295",74,91,1,1,0,1,0,1.512,1,NA
"8296",74,100,1,1,0,0,0,1.717,1,NA
"8297",74,50,1,1,0,0,1,1.346,1,NA
"8298",74,95,1,1,0,1,0,1.723,1,NA
"8299",74,22,1,1,0,0,1,1.197,2,NA
"8300",74,47,1,1,0,1,1,1.478,1,NA
"8301",74,32,1,1,0,1,1,1.426,1,NA
"8302",74,105,1,1,0,1,0,1.203,1,NA
"8303",74,104,1,1,0,1,0,1.629,3,NA
"8304",74,8,1,1,0,1,1,7.303,2,NA
"8305",74,11,1,1,0,1,1,1.185,1,NA
"8306",74,109,1,1,0,1,0,2.729,4,NA
"8307",74,38,1,1,0,1,1,0.94,1,NA
"8308",74,37,1,1,0,1,1,5.361,3,NA
"8309",74,110,1,1,0,0,0,1.51,1,NA
"8310",74,33,1,1,0,0,1,1.252,2,NA
"8311",74,9,1,1,0,1,1,1.214,2,NA
"8312",74,108,1,1,0,0,0,1.558,1,NA
"8313",74,117,1,1,0,0,0,1.212,1,NA
"8314",74,93,1,1,0,0,0,1.475,2,NA
"8315",74,118,1,1,0,0,0,2.958,3,NA
"8316",74,115,1,1,0,0,0,1.446,3,NA
"8317",74,5,1,1,0,1,1,2.006,2,NA
"8318",74,46,1,1,0,1,1,2.415,2,NA
"8319",74,23,1,1,0,1,1,5.615,2,NA
"8320",74,52,1,1,0,0,1,2.047,3,NA
"8321",74,119,1,1,0,0,0,1.535,2,NA
"8322",74,17,1,1,0,0,1,1.621,2,NA
"8323",74,116,1,1,0,1,0,1.195,2,NA
"8324",74,26,1,1,0,1,1,1.148,1,NA
"8325",74,96,1,1,0,0,0,1.521,2,NA
"8326",74,4,1,1,0,1,1,2.424,3,NA
"8327",74,56,1,1,0,1,1,1.227,2,NA
"8328",74,92,1,1,0,0,0,3.765,3,NA
"8329",74,34,1,1,0,0,1,1.415,1,NA
"8330",74,55,1,1,0,1,1,1.204,2,NA
"8331",74,94,1,1,0,1,0,1.264,4,NA
"8332",74,102,1,1,0,0,0,1.381,1,NA
"8333",74,27,1,1,0,1,1,1.162,1,NA
"8334",74,112,1,1,0,1,0,1.214,3,NA
"8335",74,103,1,1,0,1,0,1.445,3,NA
"8336",74,14,1,1,0,0,1,1.481,1,NA
"8337",74,59,1,1,0,0,1,1.17,3,NA
"8338",74,114,1,1,0,0,0,1.331,2,NA
"8339",74,49,1,1,0,1,1,1.178,2,NA
"8340",74,58,1,1,0,1,1,1.996,2,NA
"8341",75,15,1,1,1,1,1,2.593,5,NA
"8342",75,109,1,1,1,1,0,1.83,4,NA
"8343",75,97,1,1,1,1,0,1.138,5,NA
"8344",75,119,1,1,1,0,0,0.782,6,NA
"8345",75,47,1,1,1,1,1,1.649,6,NA
"8346",75,22,1,1,1,1,1,0.786,5,NA
"8347",75,117,1,1,1,0,0,1.12,6,NA
"8348",75,34,1,1,1,1,1,1.761,3,NA
"8349",75,8,1,1,1,1,1,1.366,5,NA
"8350",75,107,1,1,1,0,0,1.187,6,NA
"8351",75,94,1,1,1,1,0,1.767,3,NA
"8352",75,11,1,1,1,1,1,1.113,6,NA
"8353",75,103,1,1,1,1,0,1.143,5,NA
"8354",75,114,1,1,1,1,0,0.421,4,NA
"8355",75,19,1,1,1,1,1,0.356,5,NA
"8356",75,102,1,1,1,0,0,2.238,1,NA
"8357",75,52,1,1,1,1,1,0.357,5,NA
"8358",75,98,1,1,1,1,0,1.086,4,NA
"8359",75,26,1,1,1,0,1,0.58,5,NA
"8360",75,58,1,1,1,0,1,1.419,6,NA
"8361",75,99,1,1,1,1,0,2.199,4,NA
"8362",75,55,1,1,1,1,1,1.811,2,NA
"8363",75,23,1,1,1,0,1,3.621,3,NA
"8364",75,111,1,1,1,1,0,1.498,2,NA
"8365",75,5,1,1,1,1,1,0.863,2,NA
"8366",75,116,1,1,1,1,0,3.872,3,NA
"8367",75,39,1,1,1,1,1,1.682,3,NA
"8368",75,91,1,1,1,1,0,1.103,2,NA
"8369",75,95,1,1,1,0,0,0.999,2,NA
"8370",75,30,1,1,1,1,1,0.356,5,NA
"8371",75,9,1,1,1,1,1,0.396,5,NA
"8372",75,59,1,1,1,1,1,1.619,3,NA
"8373",75,105,1,1,1,1,0,1.08,2,NA
"8374",75,93,1,1,1,1,0,1.168,2,NA
"8375",75,27,1,1,1,0,1,0.43,5,NA
"8376",75,49,1,1,1,1,1,0.799,4,NA
"8377",75,17,1,1,1,1,1,0.307,6,NA
"8378",75,108,1,1,1,1,0,1.002,4,NA
"8379",75,104,1,1,1,1,0,0.928,6,NA
"8380",75,118,1,1,1,1,0,0.85,6,NA
"8381",75,33,1,1,1,1,1,0.118,2,NA
"8382",75,56,1,1,1,1,1,0.616,6,NA
"8383",75,37,1,1,1,1,1,0.365,5,NA
"8384",75,110,1,1,1,1,0,1.02,4,NA
"8385",75,4,1,1,1,1,1,0.729,6,NA
"8386",75,101,1,1,1,1,0,0.709,4,NA
"8387",75,106,1,1,1,0,0,1.522,2,NA
"8388",75,46,1,1,1,0,1,0.34,5,NA
"8389",75,50,1,1,1,0,1,0.315,4,NA
"8390",75,115,1,1,1,0,0,1.986,4,NA
"8391",75,100,1,1,1,1,0,2.819,2,NA
"8392",75,96,1,1,1,0,0,1.277,3,NA
"8393",75,14,1,1,1,0,1,0.458,3,NA
"8394",75,113,1,1,1,1,0,1.026,3,NA
"8395",75,7,1,1,1,1,1,0.383,2,NA
"8396",75,120,1,1,1,1,0,0.696,2,NA
"8397",75,32,1,1,1,0,1,0.811,3,NA
"8398",75,112,1,1,1,1,0,0.323,5,NA
"8399",75,92,1,1,1,1,0,2.001,5,NA
"8400",75,38,1,1,1,0,1,3.174,3,NA
"8401",76,102,1,1,0,0,0,7.223,5,NA
"8402",76,34,1,1,0,0,1,4.982,3,NA
"8403",76,37,1,1,0,1,1,3.81,5,NA
"8404",76,114,1,1,0,0,0,3.842,4,NA
"8405",76,46,1,1,0,0,1,1.717,4,NA
"8406",76,105,1,1,0,0,0,5.878,3,NA
"8407",76,117,1,1,0,0,0,7.599,3,NA
"8408",76,99,1,1,0,1,0,1.556,4,NA
"8409",76,7,1,1,0,1,1,5.093,1,NA
"8410",76,14,1,1,0,0,1,2.146,4,NA
"8411",76,115,1,1,0,1,0,4.485,1,NA
"8412",76,100,1,1,0,1,0,4.194,6,NA
"8413",76,9,1,1,0,1,1,2.213,3,NA
"8414",76,112,1,1,0,0,0,9.17,4,NA
"8415",76,23,1,1,0,0,1,7.122,3,NA
"8416",76,92,1,1,0,0,0,10.139,5,NA
"8417",76,22,1,1,0,1,1,6.491,1,NA
"8418",76,32,1,1,0,0,1,5.799,2,NA
"8419",76,91,1,1,0,0,0,7.169,1,NA
"8420",76,58,1,1,0,1,1,4.961,2,NA
"8421",76,109,1,1,0,0,0,17.078,2,NA
"8422",76,93,1,1,0,1,0,2.679,3,NA
"8423",76,55,1,1,0,1,1,5.5,3,NA
"8424",76,118,1,1,0,0,0,5.373,2,NA
"8425",76,56,1,1,0,1,1,3.562,2,NA
"8426",76,97,1,1,0,0,0,3.478,6,NA
"8427",76,17,1,1,0,0,1,3.048,5,NA
"8428",76,116,1,1,0,1,0,6.368,2,NA
"8429",76,96,1,1,0,0,0,6.425,4,NA
"8430",76,119,1,1,0,1,0,2.162,3,NA
"8431",76,113,1,1,0,1,0,2.877,1,NA
"8432",76,11,1,1,0,0,1,3.858,5,NA
"8433",76,104,1,1,0,1,0,4.73,2,NA
"8434",76,38,1,1,0,0,1,2.814,3,NA
"8435",76,15,1,1,0,1,1,3.699,1,NA
"8436",76,110,1,1,0,1,0,3.152,2,NA
"8437",76,94,1,1,0,1,0,1.908,6,NA
"8438",76,49,1,1,0,0,1,5.547,5,NA
"8439",76,111,1,1,0,0,0,3.883,2,NA
"8440",76,120,1,1,0,1,0,11.639,2,NA
"8441",76,30,1,1,0,1,1,1.141,3,NA
"8442",76,33,1,1,0,1,1,6.457,1,NA
"8443",76,103,1,1,0,1,0,3.907,2,NA
"8444",76,47,1,1,0,1,1,3.352,1,NA
"8445",76,4,1,1,0,1,1,3.741,3,NA
"8446",76,8,1,1,0,1,1,3.198,4,NA
"8447",76,106,1,1,0,1,0,3.278,6,NA
"8448",76,27,1,1,0,1,1,4.182,1,NA
"8449",76,19,1,1,0,1,1,2.027,1,NA
"8450",76,107,1,1,0,0,0,9.083,6,NA
"8451",76,26,1,1,0,1,1,0.654,1,NA
"8452",76,52,1,1,0,1,1,9.279,1,NA
"8453",76,59,1,1,0,0,1,6.114,3,NA
"8454",76,98,1,1,0,0,0,5.716,2,NA
"8455",76,5,1,1,0,1,1,8.022,5,NA
"8456",76,95,1,1,0,0,0,5.332,1,NA
"8457",76,39,1,1,0,1,1,2.881,1,NA
"8458",76,108,1,1,0,0,0,4.351,3,NA
"8459",76,101,1,1,0,0,0,2.18,6,NA
"8460",76,50,1,1,0,1,1,4.691,1,NA
"8461",78,8,1,1,0,1,1,6.025,1,NA
"8462",78,76,1,1,0,0,0,5.648,2,NA
"8463",78,47,1,1,0,1,1,1.993,6,NA
"8464",78,73,1,1,0,0,0,5.691,2,NA
"8465",78,32,1,1,0,1,1,1.722,5,NA
"8466",78,81,1,1,0,0,0,4.147,3,NA
"8467",78,52,1,1,0,0,1,7.17,6,NA
"8468",78,70,1,1,0,1,0,3.928,1,NA
"8469",78,15,1,1,0,1,1,3.698,4,NA
"8470",78,85,1,1,0,0,0,7.886,3,NA
"8471",78,87,1,1,0,1,0,1.913,4,NA
"8472",78,78,1,1,0,1,0,2.305,1,NA
"8473",78,67,1,1,0,1,0,3.554,3,NA
"8474",78,89,1,1,0,0,0,6.392,1,NA
"8475",78,22,1,1,0,1,1,1.535,6,NA
"8476",78,7,1,1,0,1,1,1.796,5,NA
"8477",78,59,1,1,0,0,1,6.011,4,NA
"8478",78,74,1,1,0,0,0,4.243,2,NA
"8479",78,65,1,1,0,0,0,1.674,5,NA
"8480",78,66,1,1,0,0,0,11.811,5,NA
"8481",78,34,1,1,0,1,1,1.544,3,NA
"8482",78,5,1,1,0,1,1,1.517,3,NA
"8483",78,63,1,1,0,1,0,3.657,1,NA
"8484",78,71,1,1,0,0,0,4.217,4,NA
"8485",78,11,1,1,0,0,1,6.241,2,NA
"8486",78,23,1,1,0,1,1,3.586,3,NA
"8487",78,55,1,1,0,1,1,1.053,5,NA
"8488",78,30,1,1,0,0,1,1.764,3,NA
"8489",78,61,1,1,0,0,0,5.792,3,NA
"8490",78,82,1,1,0,1,0,4.655,3,NA
"8491",78,38,1,1,0,1,1,6.634,4,NA
"8492",78,69,1,1,0,0,0,7.025,2,NA
"8493",78,79,1,1,0,1,0,6.65,3,NA
"8494",78,80,1,1,0,0,0,1.694,3,NA
"8495",78,77,1,1,0,1,0,3.209,4,NA
"8496",78,49,1,1,0,1,1,3.296,5,NA
"8497",78,72,1,1,0,0,0,1.954,4,NA
"8498",78,84,1,1,0,0,0,1.818,2,NA
"8499",78,9,1,1,0,1,1,2.631,3,NA
"8500",78,62,1,1,0,0,0,2.093,4,NA
"8501",78,68,1,1,0,1,0,3.001,3,NA
"8502",78,4,1,1,0,1,1,5.978,3,NA
"8503",78,39,1,1,0,1,1,1.807,1,NA
"8504",78,33,1,1,0,1,1,4.929,3,NA
"8505",78,56,1,1,0,1,1,3.597,5,NA
"8506",78,17,1,1,0,1,1,1.978,4,NA
"8507",78,90,1,1,0,1,0,2.044,4,NA
"8508",78,86,1,1,0,1,0,2.831,1,NA
"8509",78,75,1,1,0,1,0,1.568,3,NA
"8510",78,27,1,1,0,1,1,1.515,4,NA
"8511",78,19,1,1,0,1,1,0.977,3,NA
"8512",78,64,1,1,0,1,0,1.554,6,NA
"8513",78,88,1,1,0,1,0,5.494,4,NA
"8514",78,83,1,1,0,0,0,3.417,1,NA
"8515",78,50,1,1,0,1,1,2.316,2,NA
"8516",78,58,1,1,0,1,1,2.586,4,NA
"8517",78,26,1,1,0,0,1,3.082,6,NA
"8518",78,14,1,1,0,0,1,1.405,1,NA
"8519",78,46,1,1,0,0,1,4.051,4,NA
"8520",78,37,1,1,0,1,1,2.666,5,NA
"8521",79,68,1,1,1,1,0,2.922,6,NA
"8522",79,80,1,1,1,0,0,2.613,6,NA
"8523",79,52,1,1,1,1,1,1.862,5,NA
"8524",79,8,1,1,1,0,1,2.89,3,NA
"8525",79,46,1,1,1,1,1,3.773,5,NA
"8526",79,61,1,1,1,1,0,1.22,5,NA
"8527",79,11,1,1,1,1,1,3.215,5,NA
"8528",79,19,1,1,1,0,1,1.078,4,NA
"8529",79,33,1,1,1,1,1,0.652,5,NA
"8530",79,17,1,1,1,0,1,2.148,5,NA
"8531",79,55,1,1,1,1,1,0.948,4,NA
"8532",79,59,1,1,1,1,1,0.742,6,NA
"8533",79,9,1,1,1,0,1,2.568,4,NA
"8534",79,86,1,1,1,1,0,0.979,5,NA
"8535",79,74,1,1,1,1,0,2.527,6,NA
"8536",79,27,1,1,1,0,1,1.551,4,NA
"8537",79,62,1,1,1,1,0,0.91,5,NA
"8538",79,39,1,1,1,1,1,2.394,5,NA
"8539",79,65,1,1,1,0,0,2.27,3,NA
"8540",79,37,1,1,1,1,1,0.818,5,NA
"8541",79,81,1,1,1,1,0,2.419,5,NA
"8542",79,4,1,1,1,0,1,0.519,4,NA
"8543",79,34,1,1,1,0,1,1.067,5,NA
"8544",79,47,1,1,1,0,1,1.075,5,NA
"8545",79,71,1,1,1,0,0,3.349,5,NA
"8546",79,63,1,1,1,0,0,1.186,6,NA
"8547",79,87,1,1,1,1,0,1.184,5,NA
"8548",79,23,1,1,1,0,1,0.745,5,NA
"8549",79,90,1,1,1,1,0,1.138,6,NA
"8550",79,67,1,1,1,1,0,0.713,5,NA
"8551",79,88,1,1,1,1,0,0.464,6,NA
"8552",79,22,1,1,1,0,1,0.625,6,NA
"8553",79,50,1,1,1,0,1,0.477,6,NA
"8554",79,83,1,1,1,0,0,0.795,6,NA
"8555",79,89,1,1,1,1,0,0.53,6,NA
"8556",79,75,1,1,1,0,0,2.562,6,NA
"8557",79,26,1,1,1,1,1,1.163,4,NA
"8558",79,78,1,1,1,1,0,1.893,6,NA
"8559",79,66,1,1,1,1,0,0.994,3,NA
"8560",79,15,1,1,1,0,1,0.903,5,NA
"8561",79,84,1,1,1,1,0,0.61,5,NA
"8562",79,82,1,1,1,0,0,0.975,4,NA
"8563",79,69,1,1,1,1,0,0.418,5,NA
"8564",79,30,1,1,1,1,1,0.734,5,NA
"8565",79,72,1,1,1,0,0,3.792,5,NA
"8566",79,38,1,1,1,0,1,0.724,5,NA
"8567",79,73,1,1,1,1,0,1.134,5,NA
"8568",79,56,1,1,1,1,1,0.623,6,NA
"8569",79,32,1,1,1,1,1,0.569,5,NA
"8570",79,77,1,1,1,0,0,3.026,5,NA
"8571",79,76,1,1,1,1,0,0.577,5,NA
"8572",79,64,1,1,1,1,0,0.606,5,NA
"8573",79,85,1,1,1,0,0,1.212,6,NA
"8574",79,7,1,1,1,0,1,0.868,4,NA
"8575",79,49,1,1,1,1,1,2.235,5,NA
"8576",79,79,1,1,1,1,0,0.444,5,NA
"8577",79,70,1,1,1,1,0,1.381,5,NA
"8578",79,58,1,1,1,1,1,0.945,4,NA
"8579",79,5,1,1,1,1,1,0.62,5,NA
"8580",79,14,1,1,1,0,1,0.682,6,NA
"8581",80,39,1,1,0,1,1,4.123,3,NA
"8582",80,78,1,1,0,0,0,1.689,3,NA
"8583",80,73,1,1,0,0,0,1.266,2,NA
"8584",80,84,1,1,0,0,0,0.667,4,NA
"8585",80,67,1,1,0,0,0,5.141,3,NA
"8586",80,76,1,1,0,0,0,0.75,4,NA
"8587",80,88,1,1,0,0,0,4.32,3,NA
"8588",80,4,1,1,0,1,1,1.648,4,NA
"8589",80,37,1,1,0,1,1,0.682,5,NA
"8590",80,46,1,1,0,0,1,2.665,5,NA
"8591",80,11,1,1,0,1,1,0.684,2,NA
"8592",80,19,1,1,0,1,1,0.473,3,NA
"8593",80,26,1,1,0,1,1,1.071,3,NA
"8594",80,77,1,1,0,1,0,2.321,4,NA
"8595",80,70,1,1,0,1,0,0.922,3,NA
"8596",80,27,1,1,0,1,1,0.671,4,NA
"8597",80,80,1,1,0,1,0,0.132,4,NA
"8598",80,87,1,1,0,1,0,0.98,5,NA
"8599",80,79,1,1,0,1,0,0.903,3,NA
"8600",80,5,1,1,0,0,1,1.566,5,NA
"8601",80,55,1,1,0,1,1,0.987,4,NA
"8602",80,49,1,1,0,1,1,0.362,4,NA
"8603",80,34,1,1,0,1,1,0.804,4,NA
"8604",80,52,1,1,0,1,1,0.295,3,NA
"8605",80,82,1,1,0,0,0,2.29,3,NA
"8606",80,68,1,1,0,0,0,0.628,3,NA
"8607",80,47,1,1,0,1,1,0.343,4,NA
"8608",80,30,1,1,0,0,1,1.413,3,NA
"8609",80,62,1,1,0,0,0,0.968,4,NA
"8610",80,17,1,1,0,0,1,1.113,3,NA
"8611",80,15,1,1,0,1,1,0.365,4,NA
"8612",80,81,1,1,0,0,0,1.716,3,NA
"8613",80,89,1,1,0,0,0,1.494,3,NA
"8614",80,75,1,1,0,0,0,0.849,2,NA
"8615",80,90,1,1,0,0,0,0.615,4,NA
"8616",80,7,1,1,0,1,1,0.986,3,NA
"8617",80,65,1,1,0,0,0,0.819,4,NA
"8618",80,66,1,1,0,0,0,3.391,4,NA
"8619",80,23,1,1,0,0,1,1.787,5,NA
"8620",80,64,1,1,0,0,0,1.138,4,NA
"8621",80,86,1,1,0,0,0,2.678,3,NA
"8622",80,50,1,1,0,0,1,1.668,3,NA
"8623",80,14,1,1,0,0,1,1.624,4,NA
"8624",80,72,1,1,0,0,0,0.019,5,NA
"8625",80,83,1,1,0,1,0,1.227,3,NA
"8626",80,9,1,1,0,1,1,1.705,4,NA
"8627",80,38,1,1,0,0,1,0.97,4,NA
"8628",80,32,1,1,0,1,1,2.217,2,NA
"8629",80,85,1,1,0,0,0,1.107,3,NA
"8630",80,63,1,1,0,1,0,0.474,2,NA
"8631",80,33,1,1,0,1,1,0.655,4,NA
"8632",80,56,1,1,0,1,1,0.388,3,NA
"8633",80,69,1,1,0,0,0,1.365,3,NA
"8634",80,71,1,1,0,1,0,1.587,4,NA
"8635",80,22,1,1,0,1,1,0.599,5,NA
"8636",80,74,1,1,0,0,0,2.174,3,NA
"8637",80,61,1,1,0,0,0,1.06,4,NA
"8638",80,8,1,1,0,1,1,0.504,3,NA
"8639",80,59,1,1,0,0,1,0.95,3,NA
"8640",80,58,1,1,0,0,1,1.251,4,NA
"8641",81,1,1,1,1,1,0,3.067,3,NA
"8642",81,29,1,1,1,1,0,1.29,5,NA
"8643",81,31,1,1,1,1,0,10.064,2,NA
"8644",81,57,1,1,1,0,0,2.718,6,NA
"8645",81,39,1,1,1,0,1,12.088,1,NA
"8646",81,35,1,1,1,1,0,3.052,4,NA
"8647",81,48,1,1,1,1,0,4.638,3,NA
"8648",81,14,1,1,1,0,1,3.271,3,NA
"8649",81,53,1,1,1,1,0,5.066,3,NA
"8650",81,58,1,1,1,1,1,2.477,5,NA
"8651",81,42,1,1,1,0,0,9.147,5,NA
"8652",81,2,1,1,1,1,0,3.829,4,NA
"8653",81,6,1,1,1,0,0,1.021,4,NA
"8654",81,4,1,1,1,1,1,1.733,4,NA
"8655",81,37,1,1,1,1,1,3.884,4,NA
"8656",81,27,1,1,1,1,1,4.858,2,NA
"8657",81,52,1,1,1,0,1,2.683,5,NA
"8658",81,41,1,1,1,0,0,3.956,1,NA
"8659",81,59,1,1,1,0,1,3.958,4,NA
"8660",81,19,1,1,1,1,1,4.253,1,NA
"8661",81,11,1,1,1,0,1,4.024,4,NA
"8662",81,17,1,1,1,1,1,1.868,3,NA
"8663",81,54,1,1,1,1,0,1.65,2,NA
"8664",81,9,1,1,1,1,1,1.97,5,NA
"8665",81,44,1,1,1,0,0,5.101,5,NA
"8666",81,51,1,1,1,1,0,1.336,6,NA
"8667",81,8,1,1,1,0,1,2.801,2,NA
"8668",81,36,1,1,1,0,0,6.965,2,NA
"8669",81,47,1,1,1,1,1,2.95,3,NA
"8670",81,20,1,1,1,1,0,2.206,4,NA
"8671",81,38,1,1,1,0,1,2.742,4,NA
"8672",81,55,1,1,1,1,1,0.691,3,NA
"8673",81,22,1,1,1,1,1,1.547,4,NA
"8674",81,49,1,1,1,0,1,1.372,3,NA
"8675",81,3,1,1,1,0,0,3.925,3,NA
"8676",81,21,1,1,1,1,0,0.707,4,NA
"8677",81,45,1,1,1,0,0,1.058,4,NA
"8678",81,43,1,1,1,1,0,4.67,3,NA
"8679",81,23,1,1,1,0,1,1.192,6,NA
"8680",81,7,1,1,1,1,1,2.089,3,NA
"8681",81,25,1,1,1,0,0,1.437,2,NA
"8682",81,13,1,1,1,1,0,1.644,3,NA
"8683",81,15,1,1,1,1,1,1.398,5,NA
"8684",81,34,1,1,1,0,1,2.043,2,NA
"8685",81,60,1,1,1,0,0,1.168,3,NA
"8686",81,33,1,1,1,0,1,0.711,2,NA
"8687",81,46,1,1,1,1,1,1.67,5,NA
"8688",81,50,1,1,1,1,1,2.688,2,NA
"8689",81,18,1,1,1,0,0,0.912,4,NA
"8690",81,26,1,1,1,0,1,0.911,4,NA
"8691",81,30,1,1,1,1,1,2.77,3,NA
"8692",81,40,1,1,1,0,0,3.215,2,NA
"8693",81,16,1,1,1,0,0,6.737,4,NA
"8694",81,12,1,1,1,1,0,1.243,6,NA
"8695",81,56,1,1,1,0,1,2.075,5,NA
"8696",81,10,1,1,1,1,0,2.934,3,NA
"8697",81,24,1,1,1,0,0,1.22,3,NA
"8698",81,28,1,1,1,1,0,1.23,4,NA
"8699",81,32,1,1,1,0,1,1.296,3,NA
"8700",81,5,1,1,1,1,1,2.139,1,NA
"8701",82,21,1,1,0,1,0,1.022,2,NA
"8702",82,18,1,1,0,0,0,1.941,1,NA
"8703",82,41,1,1,0,1,0,2.122,1,NA
"8704",82,60,1,1,0,1,0,0.971,1,NA
"8705",82,26,1,1,0,1,1,1.715,5,NA
"8706",82,11,1,1,0,1,1,1.713,6,NA
"8707",82,34,1,1,0,1,1,3.145,5,NA
"8708",82,48,1,1,0,1,0,1.391,1,NA
"8709",82,44,1,1,0,1,0,7.03,1,NA
"8710",82,37,1,1,0,1,1,2.298,6,NA
"8711",82,29,1,1,0,0,0,1.066,1,NA
"8712",82,3,1,1,0,0,0,0.611,1,NA
"8713",82,39,1,1,0,1,1,1.124,5,NA
"8714",82,5,1,1,0,1,1,1.553,3,NA
"8715",82,10,1,1,0,1,0,1.334,4,NA
"8716",82,25,1,1,0,1,0,1.678,1,NA
"8717",82,9,1,1,0,1,1,1.009,6,NA
"8718",82,7,1,1,0,1,1,0.53,1,NA
"8719",82,30,1,1,0,1,1,0.979,1,NA
"8720",82,12,1,1,0,1,0,1.196,2,NA
"8721",82,53,1,1,0,0,0,1.197,1,NA
"8722",82,15,1,1,0,1,1,0.439,4,NA
"8723",82,56,1,1,0,1,1,0.393,2,NA
"8724",82,1,1,1,0,1,0,0.928,4,NA
"8725",82,57,1,1,0,1,0,6.489,1,NA
"8726",82,24,1,1,0,1,0,2.335,1,NA
"8727",82,38,1,1,0,1,1,0.456,5,NA
"8728",82,20,1,1,0,1,0,1.857,1,NA
"8729",82,43,1,1,0,0,0,2.799,1,NA
"8730",82,31,1,1,0,0,0,1.882,1,NA
"8731",82,14,1,1,0,1,1,1.192,6,NA
"8732",82,35,1,1,0,1,0,1.715,1,NA
"8733",82,32,1,1,0,0,1,0.592,1,NA
"8734",82,13,1,1,0,1,0,1.166,1,NA
"8735",82,50,1,1,0,1,1,1.521,6,NA
"8736",82,2,1,1,0,1,0,1.98,4,NA
"8737",82,23,1,1,0,1,1,0.359,6,NA
"8738",82,54,1,1,0,1,0,2.988,2,NA
"8739",82,36,1,1,0,0,0,0.526,1,NA
"8740",82,16,1,1,0,1,0,3.054,1,NA
"8741",82,46,1,1,0,1,1,1.686,6,NA
"8742",82,42,1,1,0,0,0,1.943,1,NA
"8743",82,4,1,1,0,1,1,0.445,6,NA
"8744",82,27,1,1,0,1,1,0.482,6,NA
"8745",82,19,1,1,0,1,1,0.412,5,NA
"8746",82,17,1,1,0,1,1,0.364,5,NA
"8747",82,52,1,1,0,1,1,0.324,4,NA
"8748",82,55,1,1,0,1,1,0.419,5,NA
"8749",82,49,1,1,0,1,1,0.797,5,NA
"8750",82,6,1,1,0,0,0,1.823,1,NA
"8751",82,40,1,1,0,0,0,1.869,3,NA
"8752",82,47,1,1,0,1,1,0.707,2,NA
"8753",82,8,1,1,0,1,1,0.297,6,NA
"8754",82,33,1,1,0,1,1,0.758,5,NA
"8755",82,59,1,1,0,1,1,0.405,6,NA
"8756",82,28,1,1,0,1,0,0.352,1,NA
"8757",82,45,1,1,0,1,0,1.108,5,NA
"8758",82,51,1,1,0,1,0,1.513,1,NA
"8759",82,58,1,1,0,1,1,0.379,5,NA
"8760",82,22,1,1,0,1,1,0.452,3,NA
"8761",83,26,1,1,1,1,1,1.624,6,NA
"8762",83,18,1,1,1,0,0,2.024,1,NA
"8763",83,35,1,1,1,1,0,2.682,3,NA
"8764",83,12,1,1,1,1,0,1.553,5,NA
"8765",83,32,1,1,1,1,1,0.848,6,NA
"8766",83,42,1,1,1,1,0,2.707,3,NA
"8767",83,27,1,1,1,1,1,0.897,6,NA
"8768",83,4,1,1,1,1,1,0.558,6,NA
"8769",83,13,1,1,1,0,0,3.187,2,NA
"8770",83,3,1,1,1,1,0,1.358,4,NA
"8771",83,7,1,1,1,1,1,0.726,6,NA
"8772",83,16,1,1,1,0,0,2.347,1,NA
"8773",83,57,1,1,1,1,0,1.596,3,NA
"8774",83,56,1,1,1,1,1,0.519,6,NA
"8775",83,30,1,1,1,1,1,1.408,5,NA
"8776",83,48,1,1,1,0,0,0.754,3,NA
"8777",83,17,1,1,1,1,1,0.535,6,NA
"8778",83,55,1,1,1,1,1,0.721,6,NA
"8779",83,46,1,1,1,1,1,0.828,6,NA
"8780",83,44,1,1,1,1,0,2.23,1,NA
"8781",83,40,1,1,1,0,0,1.822,1,NA
"8782",83,59,1,1,1,1,1,1.441,6,NA
"8783",83,8,1,1,1,1,1,1.382,6,NA
"8784",83,11,1,1,1,1,1,0.848,6,NA
"8785",83,53,1,1,1,1,0,1.413,3,NA
"8786",83,1,1,1,1,0,0,1.203,1,NA
"8787",83,23,1,1,1,1,1,1.446,6,NA
"8788",83,31,1,1,1,0,0,4.015,2,NA
"8789",83,19,1,1,1,1,1,0.602,6,NA
"8790",83,47,1,1,1,1,1,1.842,6,NA
"8791",83,58,1,1,1,1,1,1.687,6,NA
"8792",83,6,1,1,1,0,0,0.883,4,NA
"8793",83,14,1,1,1,1,1,0.528,6,NA
"8794",83,5,1,1,1,1,1,0.969,6,NA
"8795",83,52,1,1,1,1,1,0.94,6,NA
"8796",83,22,1,1,1,1,1,0.686,6,NA
"8797",83,25,1,1,1,0,0,1.661,1,NA
"8798",83,50,1,1,1,1,1,0.481,6,NA
"8799",83,10,1,1,1,0,0,3.093,3,NA
"8800",83,2,1,1,1,0,0,1.54,1,NA
"8801",83,24,1,1,1,0,0,2.171,1,NA
"8802",83,28,1,1,1,1,0,2.373,5,NA
"8803",83,34,1,1,1,1,1,1.036,6,NA
"8804",83,41,1,1,1,0,0,1.072,2,NA
"8805",83,20,1,1,1,0,0,1.476,1,NA
"8806",83,36,1,1,1,0,0,0.946,1,NA
"8807",83,51,1,1,1,1,0,1.702,3,NA
"8808",83,38,1,1,1,1,1,1.27,5,NA
"8809",83,29,1,1,1,1,0,2.385,1,NA
"8810",83,37,1,1,1,1,1,0.671,6,NA
"8811",83,60,1,1,1,0,0,1.119,2,NA
"8812",83,21,1,1,1,1,0,1.426,4,NA
"8813",83,9,1,1,1,1,1,1.737,6,NA
"8814",83,33,1,1,1,1,1,0.688,6,NA
"8815",83,45,1,1,1,1,0,1.496,2,NA
"8816",83,54,1,1,1,1,0,1.543,1,NA
"8817",83,15,1,1,1,1,1,0.359,6,NA
"8818",83,39,1,1,1,1,1,2.398,6,NA
"8819",83,43,1,1,1,0,0,0.641,5,NA
"8820",83,49,1,1,1,1,1,2.287,4,NA
"8821",84,55,1,1,0,0,1,4.657,2,NA
"8822",84,21,1,1,0,1,0,1.495,5,NA
"8823",84,22,1,1,0,1,1,1.516,3,NA
"8824",84,56,1,1,0,0,1,2.603,2,NA
"8825",84,34,1,1,0,1,1,1.576,2,NA
"8826",84,40,1,1,0,0,0,1.675,3,NA
"8827",84,28,1,1,0,1,0,1.628,4,NA
"8828",84,5,1,1,0,1,1,2.186,1,NA
"8829",84,50,1,1,0,1,1,1.549,2,NA
"8830",84,53,1,1,0,1,0,1.232,3,NA
"8831",84,36,1,1,0,1,0,1.67,1,NA
"8832",84,47,1,1,0,1,1,1.589,2,NA
"8833",84,23,1,1,0,0,1,1.558,5,NA
"8834",84,30,1,1,0,1,1,1.841,4,NA
"8835",84,59,1,1,0,0,1,1.847,2,NA
"8836",84,42,1,1,0,1,0,1.516,3,NA
"8837",84,20,1,1,0,1,0,3.089,3,NA
"8838",84,3,1,1,0,1,0,1.167,3,NA
"8839",84,13,1,1,0,0,0,2.128,2,NA
"8840",84,14,1,1,0,0,1,1.434,2,NA
"8841",84,27,1,1,0,1,1,1.566,4,NA
"8842",84,60,1,1,0,0,0,2.109,2,NA
"8843",84,11,1,1,0,0,1,0.438,5,NA
"8844",84,46,1,1,0,1,1,2.459,4,NA
"8845",84,52,1,1,0,1,1,1.18,4,NA
"8846",84,43,1,1,0,0,0,1.609,1,NA
"8847",84,49,1,1,0,1,1,1.376,4,NA
"8848",84,4,1,1,0,1,1,0.996,5,NA
"8849",84,51,1,1,0,1,0,1.137,1,NA
"8850",84,33,1,1,0,1,1,2.596,2,NA
"8851",84,32,1,1,0,0,1,5.614,3,NA
"8852",84,16,1,1,0,1,0,1.684,3,NA
"8853",84,17,1,1,0,1,1,2.514,2,NA
"8854",84,7,1,1,0,0,1,2.735,1,NA
"8855",84,29,1,1,0,1,0,1.865,3,NA
"8856",84,44,1,1,0,1,0,1.376,3,NA
"8857",84,45,1,1,0,0,0,1.045,6,NA
"8858",84,10,1,1,0,1,0,0.985,3,NA
"8859",84,54,1,1,0,1,0,1.052,4,NA
"8860",84,18,1,1,0,1,0,1.292,5,NA
"8861",84,57,1,1,0,0,0,1.457,3,NA
"8862",84,39,1,1,0,0,1,3.476,3,NA
"8863",84,58,1,1,0,0,1,1.374,3,NA
"8864",84,41,1,1,0,0,0,1.376,5,NA
"8865",84,37,1,1,0,1,1,1.393,1,NA
"8866",84,9,1,1,0,0,1,2.392,5,NA
"8867",84,1,1,1,0,0,0,4.122,5,NA
"8868",84,15,1,1,0,1,1,1.077,2,NA
"8869",84,31,1,1,0,0,0,1.892,4,NA
"8870",84,35,1,1,0,1,0,1.996,4,NA
"8871",84,48,1,1,0,0,0,1.775,3,NA
"8872",84,8,1,1,0,1,1,1.439,4,NA
"8873",84,19,1,1,0,1,1,1.349,3,NA
"8874",84,38,1,1,0,1,1,2.186,3,NA
"8875",84,6,1,1,0,0,0,1.786,4,NA
"8876",84,26,1,1,0,1,1,0.88,2,NA
"8877",84,12,1,1,0,1,0,0.982,4,NA
"8878",84,25,1,1,0,1,0,1.433,1,NA
"8879",84,2,1,1,0,1,0,1.662,1,NA
"8880",84,24,1,1,0,0,0,1.129,1,NA
"8881",85,105,1,1,1,0,0,8.595,1,NA
"8882",85,41,1,1,1,1,1,4.58,3,NA
"8883",85,103,1,1,1,1,0,5.238,4,NA
"8884",85,108,1,1,1,0,0,3.322,2,NA
"8885",85,44,1,1,1,1,1,1.401,3,NA
"8886",85,119,1,1,1,0,0,2.746,2,NA
"8887",85,6,1,1,1,0,1,2.601,6,NA
"8888",85,93,1,1,1,1,0,3.763,2,NA
"8889",85,111,1,1,1,1,0,9.002,2,NA
"8890",85,51,1,1,1,1,1,2.871,3,NA
"8891",85,109,1,1,1,0,0,4.215,3,NA
"8892",85,3,1,1,1,1,1,2.844,2,NA
"8893",85,35,1,1,1,1,1,1.032,2,NA
"8894",85,96,1,1,1,0,0,2.211,4,NA
"8895",85,102,1,1,1,0,0,2.31,3,NA
"8896",85,107,1,1,1,0,0,2.684,3,NA
"8897",85,10,1,1,1,1,1,1.197,3,NA
"8898",85,42,1,1,1,0,1,5.871,2,NA
"8899",85,114,1,1,1,1,0,1.553,2,NA
"8900",85,106,1,1,1,1,0,1.924,3,NA
"8901",85,120,1,1,1,1,0,2.02,2,NA
"8902",85,2,1,1,1,1,1,1.162,3,NA
"8903",85,43,1,1,1,1,1,5.199,1,NA
"8904",85,117,1,1,1,0,0,3.935,2,NA
"8905",85,40,1,1,1,1,1,1.271,1,NA
"8906",85,92,1,1,1,1,0,1.747,2,NA
"8907",85,113,1,1,1,1,0,1.092,2,NA
"8908",85,104,1,1,1,0,0,5.707,1,NA
"8909",85,53,1,1,1,1,1,1.378,2,NA
"8910",85,48,1,1,1,1,1,1.529,2,NA
"8911",85,13,1,1,1,1,1,2.538,2,NA
"8912",85,18,1,1,1,1,1,1.859,1,NA
"8913",85,54,1,1,1,0,1,13.692,2,NA
"8914",85,20,1,1,1,1,1,11.28,1,NA
"8915",85,94,1,1,1,0,0,1.37,2,NA
"8916",85,112,1,1,1,1,0,6.143,2,NA
"8917",85,57,1,1,1,0,1,4.843,2,NA
"8918",85,100,1,1,1,0,0,2.821,4,NA
"8919",85,36,1,1,1,1,1,1.282,1,NA
"8920",85,91,1,1,1,0,0,3.226,2,NA
"8921",85,31,1,1,1,1,1,2.028,1,NA
"8922",85,60,1,1,1,1,1,1.476,1,NA
"8923",85,116,1,1,1,1,0,4.185,1,NA
"8924",85,110,1,1,1,0,0,3.71,2,NA
"8925",85,21,1,1,1,0,1,2.049,3,NA
"8926",85,28,1,1,1,1,1,1.489,4,NA
"8927",85,101,1,1,1,0,0,6.685,2,NA
"8928",85,118,1,1,1,1,0,6.729,2,NA
"8929",85,95,1,1,1,0,0,4.256,2,NA
"8930",85,45,1,1,1,1,1,1.468,5,NA
"8931",85,97,1,1,1,0,0,2.604,2,NA
"8932",85,25,1,1,1,1,1,3.141,2,NA
"8933",85,24,1,1,1,1,1,1.376,1,NA
"8934",85,98,1,1,1,1,0,1.558,2,NA
"8935",85,29,1,1,1,1,1,2.301,1,NA
"8936",85,99,1,1,1,0,0,4.606,2,NA
"8937",85,12,1,1,1,1,1,3.019,3,NA
"8938",85,1,1,1,1,0,1,6.088,3,NA
"8939",85,115,1,1,1,1,0,4.763,1,NA
"8940",85,16,1,1,1,1,1,2.946,1,NA
"8941",86,103,1,1,0,1,0,0.89,6,NA
"8942",86,97,1,1,0,0,0,5.982,2,NA
"8943",86,3,1,1,0,1,1,0.706,6,NA
"8944",86,95,1,1,0,1,0,2.013,2,NA
"8945",86,96,1,1,0,0,0,3.527,3,NA
"8946",86,13,1,1,0,1,1,1.126,4,NA
"8947",86,51,1,1,0,1,1,1.819,5,NA
"8948",86,117,1,1,0,0,0,2.152,3,NA
"8949",86,16,1,1,0,1,1,0.646,5,NA
"8950",86,53,1,1,0,1,1,0.806,4,NA
"8951",86,105,1,1,0,1,0,3.273,4,NA
"8952",86,114,1,1,0,0,0,1.592,4,NA
"8953",86,116,1,1,0,0,0,1.579,4,NA
"8954",86,115,1,1,0,1,0,3.079,3,NA
"8955",86,106,1,1,0,0,0,1.653,4,NA
"8956",86,41,1,1,0,1,1,2.589,5,NA
"8957",86,12,1,1,0,1,1,1.146,6,NA
"8958",86,21,1,1,0,1,1,1.55,5,NA
"8959",86,104,1,1,0,0,0,1.996,6,NA
"8960",86,119,1,1,0,0,0,4.053,5,NA
"8961",86,42,1,1,0,0,1,1.51,4,NA
"8962",86,24,1,1,0,1,1,1.04,4,NA
"8963",86,101,1,1,0,1,0,1.371,5,NA
"8964",86,43,1,1,0,1,1,0.502,6,NA
"8965",86,44,1,1,0,1,1,0.609,4,NA
"8966",86,93,1,1,0,0,0,3.262,4,NA
"8967",86,111,1,1,0,0,0,1.501,6,NA
"8968",86,94,1,1,0,1,0,1.053,5,NA
"8969",86,29,1,1,0,1,1,0.942,5,NA
"8970",86,54,1,1,0,1,1,1.471,6,NA
"8971",86,109,1,1,0,1,0,4.579,2,NA
"8972",86,6,1,1,0,0,1,0.751,4,NA
"8973",86,110,1,1,0,1,0,1.919,4,NA
"8974",86,2,1,1,0,1,1,0.646,5,NA
"8975",86,91,1,1,0,0,0,1.896,2,NA
"8976",86,25,1,1,0,1,1,0.832,5,NA
"8977",86,107,1,1,0,0,0,2.103,2,NA
"8978",86,100,1,1,0,1,0,1.546,4,NA
"8979",86,40,1,1,0,1,1,2.181,4,NA
"8980",86,45,1,1,0,0,1,1.935,6,NA
"8981",86,60,1,1,0,1,1,4.434,4,NA
"8982",86,102,1,1,0,0,0,1.729,6,NA
"8983",86,36,1,1,0,1,1,0.463,4,NA
"8984",86,1,1,1,0,0,1,1.007,6,NA
"8985",86,48,1,1,0,1,1,1.003,5,NA
"8986",86,113,1,1,0,1,0,2.733,2,NA
"8987",86,112,1,1,0,0,0,3.263,3,NA
"8988",86,57,1,1,0,1,1,0.634,5,NA
"8989",86,92,1,1,0,1,0,2.987,2,NA
"8990",86,108,1,1,0,1,0,3.076,3,NA
"8991",86,35,1,1,0,1,1,0.743,5,NA
"8992",86,20,1,1,0,1,1,1.162,5,NA
"8993",86,28,1,1,0,1,1,0.537,6,NA
"8994",86,18,1,1,0,0,1,1.307,3,NA
"8995",86,10,1,1,0,0,1,0.555,3,NA
"8996",86,120,1,1,0,0,0,6.5,2,NA
"8997",86,98,1,1,0,1,0,0.712,4,NA
"8998",86,31,1,1,0,1,1,0.951,3,NA
"8999",86,118,1,1,0,0,0,2.485,4,NA
"9000",86,99,1,1,0,1,0,2.276,3,NA
